candidate,phrase,type,post_count,example_1,example_2,example_3
Trump,#trump,hashtag,936,"Trump’s Effort to Kill Off #MeToo—And the Women Who Help Him
#Trump","Election 2024: Presidential results
Former President Donald Trump will defeat Vice President Kamala Harris in a historic political comeback, recapturing the White House following an election loss in 2020, CNN projects.
#Trump#EleicoesEUA#Trump#SuperStarHongjoongDay
https://anonymous","Dus June Kii Raat 2024 Hindi Season 2
#Casa #Jean #trump#Estados #Biden#RoçaAFazenda#Cuba#Putin#MAGA#Musk
streamnscreen.blogspot.com"
Harris,#kamalaharris,hashtag,297,"“Kamala, you didn’t just run—you thundered. You made racism flinch, sexism stammer, and the sky crack open for the next. Even without the win, you rose, showed us how to carve a path with nothing but grit and grace. The climb is ours now, and we will not stop.”©️MustafaSantiagoAli #Poem #KamalaHarris","I miss #KamalaHarris and #TimWalz 

Their jokes, the joy, the ""mind your own damm business"" comments. 

Just realized I miss it. 

#Resistance 
#FBR",Heroine of the day: #KamalaHarris
Trump,#fucktrump,hashtag,208,#FuckTrump #MAGA #MAGAts #MAGACultMorons,#FuckTrump #MAGA #MAGAts #MAGACultMorons,"I only wish that tRumpublicans and the Conservative Christians would believe in this philosophy. 
#transgenderrights #fucktrump #fuckproject2025"
Trump,#donaldtrump,hashtag,187,"Who will become the next US President? The one who “worked” there when it was actually closed or the one who worked there to pay for her student loan?

https://anonymous

#Obama #KamalaHarris #DonaldTrump #McDonalds","THAT'S RIGHT!!! WE WANT 'NOTHING' TO DO WITH THEM! THEY'RE THE ENEMY AS FAR AS I'M CONCERNED!!

Charles Barkley agrees it’s ‘crazy’ Kamala voters want nothing to do with Trump voters #DonaldTrump #KamalaHarris #Bluestates #Basketball #Presidentialelection
https://anonymous","KAMALA HARRIS 2024!!!! 
🇺🇲 ❤️

Kamala Harris counters Trump's message that the president should have a say in Fed decisions #DonaldTrump #KamalaHarris #Interestrates #Presidentialelection
https://anonymous"
Harris,#harriswalz2024,hashtag,165,"Not much of a meme poster but this one hits the mark. 

#HarrisWalz2024","https://anonymous

#HarrisWalz2024 
#DemocracyMatters",#WeBackKamalaHarris🇺🇲🌊💙🇵🇷  #HarrisWalz2024 🇺🇲🌊💙🇵🇷🇺🇦🇯🇴🤲🏿🌿 #EbonyAmericaVoteBlue2024🌊💙🌊💙 #WomansRightToChoose💪🏾💅🏾#TaylorSwiftForKamalaWalz2024 🐈💅🏾💪🏾
Harris,#kamala,hashtag,132,We needed to have #msm #celebration of #JoeBiden #Kamala instead of climbing up Trumps butt parroting him constantly. You will never see them do this with #DoofusDrumpf.,#Trump2024 #project25 #DOGE #Kamalawalz #Kamala #TamponTimmy #swifties4kamala #Gaysforpalestine #AOC #JDVance #JDVance2028 #DNC #Trans,#Trump2024 #project25 #DOGE #Kamalawalz #Kamala #TamponTimmy #swifties4kamala #Gaysforpalestine #AOC #JDVance #JDVance2028 #DNC #Trans
Harris,#harris,hashtag,86,"Wait, was Kamala going to have sex offenders and traffickers in her cabinet? Was she going to tariff goods to the point that companies would slash thousands of jobs and raise prices before she took office? 

She's supposed to be ""just as bad,"" right?

#Kamala #Harris #USA #Trump #RIPtoMyWallet #sad","CNN’s Kaitlin Collins: “With this speech and her earlier call conceding the race, #Harris is affording #Trump what he did not afford to the incoming Biden-Harris administration: a commitment to a peaceful transition of power and acknowledgment of a legitimate victory.”",""" #Kamala #Harris Goes BOSS: Calls #Trump THE F WORD!"" 

https://anonymous #harriswalz #kamalaharris #harriswalz2024 #voteblue #vote"
Trump,#nevertrump,hashtag,70,"Happy Friday friends 👋

If you want to meet more more #NeverTrump friends drop a 💙
I random boost my followers when I see they participate following people to make this process work.

I will post a schedule later for our combined parties tonight so check back! 🎉

#Trumpless #signalBoost
Repost","Happy Thursday friends 👋
If you want to meet more #NeverTrump friends drop a 💙

I random boost for participating.
Have an awesome day!

#NoDemUnder1k
#BlueStormBoosts
#TrueBlueResisters
#Trumpless",I don’t care if I’m wrong about everything forever it’s #nevertrump
Trump,#trump2024,hashtag,65,#Trump2024 #project25 #DOGE #Kamalawalz #Kamala #TamponTimmy #swifties4kamala #Gaysforpalestine #AOC #JDVance #JDVance2028 #DNC #Trans,#Trump2024 #project25 #DOGE #Kamalawalz #Kamala #TamponTimmy #swifties4kamala #Gaysforpalestine #AOC #JDVance #JDVance2028 #DNC #Trans,"📡⚡️ Trending on X:

Statement from Doug Emhoff about Kamala Harris. 

#MAGA #MAHA #Trump2024"
Harris,#harriswalz,hashtag,56,#HarrisWalz,There is only one sensible choice in this election and it is a vote to save democracy. I have already voted for #HarrisWalz and blue down ballot.,"#Kamala's CRUSHING It! What To Expect Across The Country Tonight

https://anonymous #harriswalz2024 #vote #electionday #election2024 #voteblue #harriswalz #trump"
Harris,#harris2024,hashtag,52,#Harris2024,"#Kamala #KamalaHarris #Harris-Walz #Harris2024 #Election2024 

I am woman, hear me roar.","#SNL #Harris2024 #Kamala #KamalaHarris #Election2024 

OMG OMG OMG"
Harris,#kamalaharris2024,hashtag,47,"We Will Not Go Back!
#KamalaHarris2024
@anonymous	@anonymous
@anonymous	@anonymous
@anonymous @anonymous	@anonymous
@anonymous	@anonymous
@anonymous","#KamalaHarris2024 
#VoteBlue2024ProtectWomensRights 
#VoteBlueDownTheBallot","We Will NOT Go Back!
#KamalaHarris2024
@anonymous	@anonymous
@anonymous	@anonymous
@anonymous	@anonymous
@anonymous	@anonymous
@anonymous"
Trump,#resisttrump,hashtag,39,"Just the way any strongman around the world likes it, state run media has now come to America 👇

#ResistTrump",#Resistance #ResistTrump #AntiFA,#Resistance #ResistTrump #AntiFA
Harris,#kamala2024,hashtag,32,"The voters deserve to see the split screen that exists in this race, on a debate stage, so I'm ready LET'S GO 
- #KamalaHarris
Wahhhhh - #DonaldTrump

Your Video: https://anonymous #kamala2024 #kamalaharris2024 #harris2024","This is art. The kinda rapid response, no holds-barred, messaging & mockery I've wanted/called for from Dem presidential campaigns forever. F'ING OUTSTANDING
#kamalaharris #kamala2024","Madam President 💙💙💙💙

#kamalaharris #yeswekam #kamalaharris2024 #hope #kamala47
#kamala2024 #madampresident #wearenotgoingback #timwalz #harriswalz2024 #election2024 #democratsdeliver #democracyontheballot #votebluenomatterwho #yourvotematters #democrats #vote2024"
Trump,#traitortrump,hashtag,29,#TraitorTrump,#TraitorTrump,#TraitorTrump
Trump,#trumpisunfit,hashtag,26,"If you are voting for Donald Trump don’t tell me you support the women in your life.

You do not. 

#VoteHarrisWalz #TrumpIsUnfit

https://anonymous","We need a laugh-then we get to work! 😂

#VoteHarrisWalz #TrumpIsUnfit","I don’t hate Donald Trump because he’s a Republican. 

I hate Donald Trump because he’s a lying, racist, xenophobic, homophobic, transphobic, misogynistic, narcissistic steaming pile of sh*t! 

#VoteHarrisWalz2024 #TrumpIsUnfit"
Trump,#trumpcheated,hashtag,23,"Someone did a “make it a quote” with my response to Joe Biden inviting Donald Trump to the White House, so that’s kind of handy #TrumpCheated","SAY IT WITH US 

#TrumpCheated","#TrumpCheated

Get this...
In PA, Harris got 70%+ of the EARLY Latino vote...
but the election day vote shows her getting half that.
This thing reeks like a rotten fish in the hot sun."
Trump,#dumptrump,hashtag,22,#Resist #DumpTrump #FAFO,#FAFO #AdamMockler #DumpTrump #,#Resist #DumpTrump #FAFO
Harris,#harris-walz,hashtag,21,"#Kamala #KamalaHarris #Harris-Walz #Harris2024 #Election2024 

I am woman, hear me roar.",#Kamala #KamalaHarris #Harris-Walz #Harris2024 #Election2024 #Law #Crime #Immunity #Trump,#Polling #Kamala #KamalaHarris #Harris-Walz #Harris2024 #Election2024
Trump,#trumpisunfitforoffice,hashtag,21,"I'm 63 years old, and will never forgive Trump & Republicans from taking this country from the ""greatest generation"" to the ""shameless generation.""
#ProudBlue Thanks Trump #TrumpIsUnfitForOffice #TheTurdReich #DoNotObeyInAdvance #ResistTrump",#TrumpIsUnfitForOffice,#TrumpIsUnfitForOffice
Trump,#trumpsucks,hashtag,20,"This right here…
#trumpsucks",MORE TRUE TODAY THAN EVER! #TRUMPSUCKS,MORE TRUE TODAY THAN EVER! #TRUMPSUCKS
Trump,#trumpappointments,hashtag,16,"You ENDORSED the ""Trump Train"" @anonymous
What did you think would happen, you fascist-supporting MFers, except CHAOS?
Rupert Murdoch's ""buyer's remorse"" is too late.
There's much worse to come than @anonymous

#TrumpAppointments #RFKJr

https://anonymous","The Remake of Entourage is ass!

#ChrisWright #TrumpAdministration
#TrumpAppointments #TrumpGoverment #DOGE #Dogecoin #ElonMusk #VivekRamaswamy #PeteHegseth #KarolineLeavitt #MattGaetz #Trump #Entourage","The worst McDonald's Commercial, ever! 
#ChrisWright
#TrumpAppointments #TrumpGoverment #DOGE #Dogecoin #ElonMusk #Elonia #VivekRamaswamy #PeteHegseth #KarolineLeavitt #MattGaetz #Trump"
Harris,#bidenharris2024,hashtag,15,"Thats right, MAGA fvckas! #BidenHarris2024 🇺🇸","Thank God President Biden is in charge of the nuclear launch codes. 
The other guy would try to sell them!
#BidenHarris2024","HelloHello Bluesky!
#VoteBlueToSaveDemocracy 
#BidenHarris2024
#GOPHasGotToGo"
Harris,#voteharriswalz2024,hashtag,13,Happy Birthday VP Kamala Harris! #VoteHarrisWalz2024,"I don’t hate Donald Trump because he’s a Republican. 

I hate Donald Trump because he’s a lying, racist, xenophobic, homophobic, transphobic, misogynistic, narcissistic steaming pile of sh*t! 

#VoteHarrisWalz2024 #TrumpIsUnfit",#VoteHarrisWalz2024💙🌊🇺🇲🇵🇷 like your LIVES depend on it!!!!!! End MAGA NOW..
Trump,#trumpcabinet,hashtag,13,You're hired! My #TrumpCabinet cartoon for @anonymous https://anonymous,You're hired! My #TrumpCabinet cartoon for @anonymous https://anonymous,"“Trump’s Cabinet picks spark major controversy: Tulsi Gabbard for DNI criticized for ties to adversaries, and Matt Gaetz as AG raises serious concerns over his legal history. Are these choices putting national security and justice at risk? #TrumpCabinet #NationalSecurity”"
Trump,#trumphitler,hashtag,13,#TrumpHitler,"Housing Market disaster 

Due to fear of Trump sabotage of democracy?

https://anonymous

#MangoWanker #Mobster #Traitor #Trumphitler #Musk #GOPtraitors #Trump #Putin #Vance #Epstein #Fascists #MAGA #Giuliani #Hitler #Murdoch #Project2025 #Greed #Reagan began the #CRIMINAL #GOP","Thom Hartmann - 
Possible swing state VOTE hack by MAGA

https://anonymous

#MangoWanker #Mobster #Traitor #Trumphitler #Musk #GOPtraitors #Trump #Putin #Vance #Epstein #Fascists #MAGA #Giuliani #Hitler #Murdoch #Project2025 #Greed #Reagan began the #CRIMINAL #GOP #TrumpGuilty #Rapistt #Fraud"
Trump,#saynototrumpsagenda,hashtag,12,Please contact your local representatives and let them know you want them to vote no on H.R.9495 to stop Trump from attacking dissenting organizations. #LetsGo #TogetherWeCanMakeADifference #Let’sDoThis #SayNoToTrumpsAgenda,Please contact your local representatives and let them know you want them to vote no on H.R.9495 to stop Trump from attacking dissenting organizations. #LetsGo #TogetherWeCanMakeADifference #Let’sDoThis #SayNoToTrumpsAgenda,Please contact your local representatives and let them know you want them to vote no on H.R.9495 to stop Trump from attacking dissenting organizations. #LetsGo #TogetherWeCanMakeADifference #Let’sDoThis #SayNoToTrumpsAgenda
Trump,#trumpcult,hashtag,12,"Itsacult 😵‍💫

#donaldtrump #itsacult #trumpsupporters #magacult #magats #trumpcult #trumpsamerica #republicans","It's the little things really that bring a smile to my face

😅😅😅😅

#donaldtrump #hilarious #trumprally #fafo #trumpsupporters #deplorables #magacult #trumpcult #karma",#Trump #TrumpCult #MAGA #MAGARepublicans #MAGACult #kakistocracy #TrumpVance #TrumpCabinet #Project2025 #DeathOfDemocracy #TrumpIsOutOnBail #TrumpIsACriminal #TrumpIsATraitor #TrumpIsUnfit
Trump,#trumpisnotmypresident,hashtag,12,"Good for her 👏🏼
#taxtherich #womensupportingwomen #trumpisnotmypresident",Well well well. #Trumpisnotmypresident #republicansaretheproblem #voteblue,Anyone can get a job there. Anyone #trumpisnotmypresident #voteblue #kamala
Harris,#bidenharris,hashtag,11,"I refuse to engage in any Biden-bashing & what he should & should not have done
#BidenHarris beat inflation, brought down gas prices, created millions of jobs, spurred strong growth, boosted retirement savings & revived American manufacturing & much more!
https://anonymous","Joe Biden is the greatest President of my lifetime. He saved us. 

PS Kamala Harris was the greatest candidate this country ever put forward.

#BidenHarris","Harris appears with Biden for first time since conceding election

yespunjab.com?p=59450

#VeteransDay #KamalaHarris #JoeBiden #ArlingtonNationalCemetery #USA #Harris #Biden #USElection2024  #USVeterans  #BidenHarris"
Harris,#votekamala,hashtag,11,"from claimingourvoices

Why should we vote for Kamala as Muslims? Kamala Harris stands for justice, equality, and the freedom to practice our faith. She fights against Islamophobia and supports our rights. Let’s make our voices heard. 

#MuslimsForKamala #VoteKamala #MNForKamala",This very good girl wants you to vote! #VoteKamala,"Liz Cheney
@anonymous 👏👏 #USA #Americans #Women

This is how dictators destroy free nations. They threaten those who speak against them with death. We cannot entrust our country and our freedom to a petty, vindictive, cruel, unstable man who wants to be a tyrant. #Womenwillnotbesilenced #VoteKamala"
Trump,#endtrumpera,hashtag,11,"#TrumpIsUNFIT  #EndtRumpEra  
Opinion: I'm voting for Kamala Harris. Trump will harm people I care about
Setting aside policy and qualifications and even personalities, ignoring entirely what I think Harris will do as president, I choose her for what she won't do
https://anonymous"," #TrumpIsUNFIT  #EndtRumpEra  #TurnThePage  #HarrisWalz2024  #DefendDemocracy #defeatproject2025 #VoteBlueAllTheWay   #DefendAMERICA 
Millions of Republicans Will Vote for Kamala Harris 
https://anonymous"," 2019 Ad Showing Kamala Harris as the 'Anti-Trump' Goes Viral 
#EndtRumpEra  #TurnThePage  #HarrisWalz2024  #DefendDemocracy #defeatproject2025 #VoteBlueAllTheWay  
https://anonymous"
Trump,#trumpadministration,hashtag,11,"Pete Hegseth, Trump’s Defense Secretary pick, accused of blocking a woman in a hotel room, taking her phone, and assaulting her despite repeated cries of “no.” A police report reveals chilling details. Is this leadership or liability? #PeteHegseth #TrumpAdministration","Donald Trump nominates former Rep. Pete Hoekstra as U.S. Ambassador to Canada. Known for his controversial comments on Islam and human rights, Hoekstra’s past raises questions about how he’ll represent U.S. values abroad. #PeteHoekstra #TrumpAdministration",Establishment MELTS DOWN over Tulsi Nomination! #TheJimmyDoreShow #DueDissidence #TulsiGabbard #TrumpAdministration
Trump,#trumpism,hashtag,11,#Election2024 #Politics #GOP #Republicans #Trump #MAGA #Democracy #Trumpism,#hate #maga #trumpism,#hate #maga #trumpism
Trump,#trumpslittlejohnson,hashtag,11,#TrumpsLittleJohnson,"Be a real shame if #TrumpsLittleJohnson started trending, wouldn't it?","Be a real shame if #TrumpsLittleJohnson started trending, wouldn't it?"
Trump,#trumptariffs,hashtag,11,"Not yet president and he’s saber rattling a trade war with our three biggest trading partners. Oh, and the caravans are back. 
#Trumptariffs","Not yet president and he’s saber rattling a trade war with our three biggest trading partners. Oh, and the caravans are back. 
#Trumptariffs",Next year let’s put these stickers all over the place. #TrumpTariffs
Trump,#trumptrain,hashtag,11,"Thoughts❓
#USElection2024 #USPresidentialElection2024 #POTUS #USAElection2024 #KamalaHarris #trump #maga #donaldtrump #usa #republican #conservative #america #biden #politics #makeamericagreatagain #trumptrain #memes #election #gop #joebiden #republicans #freedom #trumpmemes","Q: Fair or Forlorn❓
#USElection2024 #USPresidentialElection2024 #POTUS #USAElection2024 #KamalaHarris #trump #maga #donaldtrump #usa #republican #conservative #america #biden #politics #makeamericagreatagain #trumptrain #memes #election #gop #joebiden #republicans #freedom #trumpmemes","I think 🤔 the POPE ✝️ might disagree❓🤣
#USElection2024 #USPresidentialElection2024 #POTUS #USAElection2024 #KamalaHarris #trump #maga #donaldtrump #usa #republican #conservative #america #biden #politics #makeamericagreatagain #trumptrain #election #gop #joebiden #republicans #freedom #trumpmemes"
Trump,#trumpfascist,hashtag,10,"We'll soon see exactly how ruthless Trump and his cult is.  Perfect description of him and his beliefs.
#iblockmaga #democrat #trumpfascist","And yet, #Republicans on #LongIsland and upstate want to halt new #migrants 

https://anonymous #Trump #TrumpFascist #migration","#Evangelical ambassador this situation just got worse 

https://anonymous #mikehuckabee #IsraelHamaswar #israel #IsraelWarCrimes #palestinians #Trump #TrumpFascist"
Trump,#trumpforprison,hashtag,10,"To all the Trump-haters, whatever party you are, Republican, Democrat, or otherwise, THIS IMAGE POST IS DEDICATED TO YOU…
(I actually needed Twitter 
to quick-find these hash–
tags, by the way)
#NeverTrump #trumpisbadforus #TrumpisaNationalDisgrace #TrumpIsAnExistentialThreat #trumpforprison","Biden bashing gets a swift blockity block block 🚫. 

#trumpforprison","Biden bashing gets a swift blockity block block 🚫. 

#trumpforprison"
Trump,#trumpless,hashtag,10,"Happy Friday friends 👋

If you want to meet more more #NeverTrump friends drop a 💙
I random boost my followers when I see they participate following people to make this process work.

I will post a schedule later for our combined parties tonight so check back! 🎉

#Trumpless #signalBoost
Repost","Happy Thursday friends 👋
If you want to meet more #NeverTrump friends drop a 💙

I random boost for participating.
Have an awesome day!

#NoDemUnder1k
#BlueStormBoosts
#TrueBlueResisters
#Trumpless","Happy Wednesday friends 👋

If you are looking for more #NeverTrump friends, drop a 💙

I random boost my followers that participate.

Stay #Trumpless
#NoDemUnder5k
#BlueStormBoosts"
Trump,#trumpwon,hashtag,10,"#TrumpWon

If you’re looking for a no B.S. #Substack, I’ll be posting weekly about politics, sports, music, beer, whiskey & travel.

It damn sure won’t be a safe space for liberals, Leftists, Democrats or other weirdos.

Enjoy… #TrumpWon 🇺🇸💪

https://anonymous",#Maga #TrumpWon #awake #ncswic,#ncswic #wwg1wga #maga #Trumpwon
Harris,#kamala2028,hashtag,9,this woman should be our next president. i’m so ashamed and disgusted with our country💔💔💔 #kamala2028 #kamala #gay #fyp #bluecrew #nodemunder1k,this woman should be our next president. i’m so ashamed and disgusted with our country💔💔💔 #kamala2028 #kamala #gay #fyp #bluecrew #nodemunder1k,this woman should be our next president. i’m so ashamed and disgusted with our country💔💔💔 #kamala2028 #kamala #gay #fyp #bluecrew #nodemunder1k
Harris,#harris_walz2024,hashtag,8,"Yep, I’m with her (and Tim)!
#USDemocracy
#VoteBlue
#Harris_Walz2024","Ladies, you know what to do!
#Harris_Walz2024
#USDemocracy
#yourReligionisnotmyHealthcare","Your religion is not my healthcare!  Elect Kamala Nov 5th!#MindYourOwnDamnBusiness
#VoteBlue
#USDemocracy
#Harris_Walz2024"
Trump,#fuktrump,hashtag,8,Word. #fukMAGA #fukTRUMP,Woot Woot... GO JOE !!!!! #FUKtRUMP,"#blueunderground #resist #fucktrump #fuktrump
#deportmusk #fuckgop #resistance #democracy"
Trump,#ps1trumpism,hashtag,8,"Gaetz really, REALLY, doesn't want that ethics report to be published -

https://anonymous

#PS1trumpism","That was the Senate that was -

https://anonymous

Is that the Senate that will be?

#PS1trumpism","Trump was just kidding when he claimed he didn't know who was Project 2025 or what they were up to.

https://anonymous

#PS1trumpism"
Trump,#trumpsamerica,hashtag,8,"Itsacult 😵‍💫

#donaldtrump #itsacult #trumpsupporters #magacult #magats #trumpcult #trumpsamerica #republicans","The real trump wall

#donaldtrump #fraud #maga #trumpsamerica #enemyofthepeople #conman #grifter #unfit #fucktrump #worstpresidentever","https://anonymous

#TrumpsAmerica #Disgraceful"
Harris,#voteharriswalz,hashtag,7,"Happy Saturday! 🤣

#VoteHarrisWalz","If you are voting for Donald Trump don’t tell me you support the women in your life.

You do not. 

#VoteHarrisWalz #TrumpIsUnfit

https://anonymous","We need a laugh-then we get to work! 😂

#VoteHarrisWalz #TrumpIsUnfit"
Trump,#fuckdonaldtrump,hashtag,7,"#FuckDonaldTrump
#FuckTheGOP","#FuckDonaldTrump
#FuckTheGOP",We love you Joe!! #JoeBidenIsMyPresident #FuckDonaldTrump
Trump,#trumpgoverment,hashtag,7,"The Remake of Entourage is ass!

#ChrisWright #TrumpAdministration
#TrumpAppointments #TrumpGoverment #DOGE #Dogecoin #ElonMusk #VivekRamaswamy #PeteHegseth #KarolineLeavitt #MattGaetz #Trump #Entourage","The worst McDonald's Commercial, ever! 
#ChrisWright
#TrumpAppointments #TrumpGoverment #DOGE #Dogecoin #ElonMusk #Elonia #VivekRamaswamy #PeteHegseth #KarolineLeavitt #MattGaetz #Trump","And so it begins...

#TrumpAppointments #TrumpGoverment #DOGE #Dogecoin #ElonMusk #Elonia #VivekRamaswamy #PeteHegseth 
#MattGaetz"
Trump,#trumpgrabinet,hashtag,7,#TrumpGrabinet,#TrumpGrabinet,#TrumpGrabinet
Trump,#trumpisnotanoption,hashtag,7,"We must save our nation from MAGA!
#TrumpIsNotAnOption
 🍊💩🤡

@anonymous 	@anonymous
@anonymous	@anonymous
@anonymous	@anonymous
@anonymous	@anonymous","Vote him out so he can be convicted in ALL four trials!
#TrumpIsNotAnOption
@anonymous @anonymous @anonymous @anonymous @anonymous @anonymous @anonymous @anonymous @anonymous","Vote him out in November so he can be convicted in ALL four trials afterwards! 

#TrumpIsNotAnOption
 
@anonymous @anonymous
@anonymous @anonymous @anonymous @anonymous @anonymous @anonymous"
Trump,#trumpsupporters,hashtag,7,"Itsacult 😵‍💫

#donaldtrump #itsacult #trumpsupporters #magacult #magats #trumpcult #trumpsamerica #republicans","A resounding endorsement from his supporters 

#donaldtrump #taliban #putinspuppet #project2025 #russiancollusion #misogyny #magats #fascism #nazi #hitler #domesticterrorism #trumpsupporters #dictator #russianasset #republicans #convictedfelon #americantaliban #traitor #treason","It's the little things really that bring a smile to my face

😅😅😅😅

#donaldtrump #hilarious #trumprally #fafo #trumpsupporters #deplorables #magacult #trumpcult #karma"
Harris,#kamaladefendsdemocracy,hashtag,6,"#KamalaDefendsDemocracy 

Only one candidate has vowed to pass the John Lewis Voting Rights Advancement Act.  

Kamala Harris believes in freedom and democracy.  

Trump wants to kill it.  

Vote for Kamala.  She walks the walk.",Action Alert: Help Us Defend Kamala Harris From Online Attacks Right Now #KamalaDefendsDemocracy,Who else already voted for Kamala Harris? Or plans to? #KamalaDefendsDemocracy
Trump,#trumpcrimefamily,hashtag,6,"A member of the #TrumpCrimeFamily is now threatening Americans openly. 
That shouldn't be tolerated.
#Resist.","A member of the #TrumpCrimeFamily is now threatening Americans openly. 
That shouldn't be tolerated.
#Resist.","A member of the #TrumpCrimeFamily is now threatening Americans openly. 
That shouldn't be tolerated.
#Resist."
Trump,#trumpvance,hashtag,6,#Trump #TrumpCult #MAGA #MAGARepublicans #MAGACult #kakistocracy #TrumpVance #TrumpCabinet #Project2025 #DeathOfDemocracy #TrumpIsOutOnBail #TrumpIsACriminal #TrumpIsATraitor #TrumpIsUnfit,"MAGA: When the shit hits the fan and you & yours get spattered, remember that you chose The Fourth Reich over America because they hate who you hate.

#Trump #TrumpVance #TrumpCult #MAGACult #MAGARepublicans #USA #America #FakeChristians #misogynists #educationmatters #mentalhealthmatters",#Trump #TrumpVance #TrumpCult #MAGACult #MAGARepublicans #USA #America #FakeChristians #misogynists #educationmatters #mentalhealthmatters
Harris,#kamalaharris4president,hashtag,5,Just some of the reasons #KamalaHarris4President is going to win this thing!! 👇👇,"Why attacking #DonakdTrump ’s character has proven so ineffective - We will soon know whether his luck has finally run out. But what is already clear is that while he might have the veneer of moral character, he has precious little of the virtue https://anonymous via @anonymous #KamalaHarris4President","#NeverTrump
#KamalaHarris4President"
Harris,#teamkamala,hashtag,5,Staffers cheering for VP Kamala Harris as she arrives at White House after a hard fought campaign. #107Days #TeamKamala,Staffers cheering for VP Kamala Harris as she arrives at White House after a hard fought campaign. #107Days #TeamKamala,Staffers cheering for VP Kamala Harris as she arrives at White House after a hard fought campaign. #107Days #TeamKamala
Trump,#antitrump,hashtag,5,"I though at least one nominee wouldn’t be an accused sexual predator  https://anonymous

#ProudBlue #DemsUnited #antitrump #dumptrump #democrat #democrats #trumpsucks #resist #blacklivesmatter #gopsucks #trumpisajoke #republicanssuck #antigop","I though at least one nominee wouldn’t be an accused sexual predator  https://anonymous

#ProudBlue #DemsUnited #antitrump #dumptrump #democrat #democrats #trumpsucks #resist #blacklivesmatter #gopsucks #trumpisajoke #republicanssuck #antigop",#ProudBlue #DemsUnited #lgbtq #equaljusticeforall #decency #antitrump #dumptrump #democrat #democrats #trumpsucks #resist #blacklivesmatter #gopsucks #trumpisajoke #republicanssuck #antigop
Trump,#drozisatrumpcuck,hashtag,5,🙄 #DrOzIsATrumpCuck,🙄 #DrOzIsATrumpCuck,🙄 #DrOzIsATrumpCuck
Trump,#eloniatrump,hashtag,5,"@anonymous 
It’s important for First Lady #EloniaTrump to have a variety of outfits",#EloniaTrump,#EloniaTrump
Trump,#trumpdictatorship,hashtag,5,"Many of us search for the answers only AFTER we've fallen into a crisis. Therefore, I'm going to leave these links pinned to my profile for as long as our #FirstAmendment rights remain in place under the new #TrumpDictatorship. 
Still #NotMyPresident.

donnakassin.medium.com",📌 #Resistance #TrumpDictatorship #GoodTroubleMaker,📌 #Resistance #TrumpDictatorship #GoodTroubleMaker
Trump,#trumpfail,hashtag,5,"The dumpster fire has already begun.

#Phoenix2028
#TrumpFail

https://anonymous","“Trump’s idea of ‘education reform’? Appointing Linda McMahon, whose experience includes WWE drama and covering up scandals, to run the Dept of Education. Wrestling with the future of our kids shouldn’t be this literal. #EducationNotEntertainment #TrumpFail #Unqualified  #ProtectOurKids  #StopTrump”",This cabinet is a total #TrumpFail. REPOST 🔂 if you agree🆗
Trump,#trumpisacriminal,hashtag,5,"Rolling Stone magazine has it right.

#TrumpIsACriminal",How is it that he has and continues to get away with everything?! #Trumpisacriminal,"from Tarquin @anonymous 

Touché mutha fuckers! 

#TrumpIsACriminal #TrumpIsNotFitToBePresident #TrumpIsAnInsurrectionist #TrumpForPrison2024 
original image: Sandi Bachom"
Trump,#trumpisajoke,hashtag,5,"I though at least one nominee wouldn’t be an accused sexual predator  https://anonymous

#ProudBlue #DemsUnited #antitrump #dumptrump #democrat #democrats #trumpsucks #resist #blacklivesmatter #gopsucks #trumpisajoke #republicanssuck #antigop","I though at least one nominee wouldn’t be an accused sexual predator  https://anonymous

#ProudBlue #DemsUnited #antitrump #dumptrump #democrat #democrats #trumpsucks #resist #blacklivesmatter #gopsucks #trumpisajoke #republicanssuck #antigop",#ProudBlue #DemsUnited #lgbtq #equaljusticeforall #decency #antitrump #dumptrump #democrat #democrats #trumpsucks #resist #blacklivesmatter #gopsucks #trumpisajoke #republicanssuck #antigop
Trump,#trumpisarussianasset,hashtag,5,#trumpisarussianasset,He will destroy America this is a guarantee! #TrumpIsARussianAsset,#RussiaIsATerroristState #TrumpIsARussianAsset
Trump,#trumpisatraitor,hashtag,5,"It’s already happening!

#TrumpIsATraitor #TrumpIsAmericasHitler #VoteBlueToStopACriminalDictator","This is one of my besties spotlighting the craziness of Trump’s nomination to lead the DoD. 🤦‍♀️🤦‍♀️🤦‍♀️🤦‍♀️

You can’t make this shit up. 

@anonymous 

#GOPCorruption #TrumpIsATraitor",#Trump #TrumpCult #MAGA #MAGARepublicans #MAGACult #kakistocracy #TrumpVance #TrumpCabinet #Project2025 #DeathOfDemocracy #TrumpIsOutOnBail #TrumpIsACriminal #TrumpIsATraitor #TrumpIsUnfit
Trump,#trumpmemes,hashtag,5,"Thoughts❓
#USElection2024 #USPresidentialElection2024 #POTUS #USAElection2024 #KamalaHarris #trump #maga #donaldtrump #usa #republican #conservative #america #biden #politics #makeamericagreatagain #trumptrain #memes #election #gop #joebiden #republicans #freedom #trumpmemes","Q: Fair or Forlorn❓
#USElection2024 #USPresidentialElection2024 #POTUS #USAElection2024 #KamalaHarris #trump #maga #donaldtrump #usa #republican #conservative #america #biden #politics #makeamericagreatagain #trumptrain #memes #election #gop #joebiden #republicans #freedom #trumpmemes","I think 🤔 the POPE ✝️ might disagree❓🤣
#USElection2024 #USPresidentialElection2024 #POTUS #USAElection2024 #KamalaHarris #trump #maga #donaldtrump #usa #republican #conservative #america #biden #politics #makeamericagreatagain #trumptrain #election #gop #joebiden #republicans #freedom #trumpmemes"
Trump,#trumprally,hashtag,5,"It's the little things really that bring a smile to my face

😅😅😅😅

#donaldtrump #hilarious #trumprally #fafo #trumpsupporters #deplorables #magacult #trumpcult #karma",GOOD WORK INDEED @anonymous #TrumpRally 😁👍,I HATE DONALD TRUMP MAGA Republicans  #TrumpRally
Trump,#vetsagainsttrump,hashtag,5,#NeverForget #VetsAgainstTrump #TrumpHatesTheMilitary,#NeverForget #VetsAgainstTrump #TrumpHatesTheMilitary,#NeverForget #VetsAgainstTrump #TrumpHatesTheMilitary
Harris,#kamala47,hashtag,4,"Madam President 💙💙💙💙

#kamalaharris #yeswekam #kamalaharris2024 #hope #kamala47
#kamala2024 #madampresident #wearenotgoingback #timwalz #harriswalz2024 #election2024 #democratsdeliver #democracyontheballot #votebluenomatterwho #yourvotematters #democrats #vote2024","Every great movement starts with a single step. Let's take that step together towards a brighter future with @anonymous We got this!
#Kamala47","I just Voted for Kamala Harris as our next U.S. President and Tim Walz our next Vice President!!! 
And Angela Alsobrooks as our next U.S. #Maryland #MDsen Senator and April Delaney for House #MD06!!!

#YesSheCan #Kamala2024 #Kamala47 #Harriswalz2024 #VOTE #2024Elections"
Harris,#kamalaharris2028,hashtag,4,"Our California girl, Kamala Harris is planning to run for California governor in 2026 and or for POTUS in 2028.

Either way I’m all in!

#KamalaHarris2028","🥲 This was so wholesome! 

Listening to that crowd screaming & cheering, you'd think the freakin BEATLES had just appeared on the show!

She is SO coming back in 2028! 
#KamalaHarris2028
https://anonymous",#KamalaHarris2028
Harris,#kamalaharris4president2024,hashtag,4,IWillVote.com #KamalaHarris4President2024,#KamalaHarris4President2024 will WIN this thing! #TrumpIsAGlobalLaughingStock,#KamalaHarris4President2024 #WeirdTrump #Republicans
Harris,#kamalaharrisforpresident,hashtag,4,"There is no way around it, to properly deal with a strongman, it takes a strong woman!

#KamalaHarrisForPresident!!
https://anonymous",#KamalaHarrisForPresident,"OMG Kamala is talking in GA about the bipartisan border bill that Schlump tanked, and what a self-centered hypocrite he is. It's EXACTLY what I've been wanting her to say.

Thank you, Kamala!

#KamalaForPresident
#HarrisForPresident
#KamalaHarrisForPresident"
Harris,#voteearlyforkamala,hashtag,4,"In her words!
#USDemocracy
#VoteEarlyForKamala","#VoteEarlyForKamala and dispose of the fat, rotten pumpkin trying to get back into the WH!",Who else is voting for Kamala Harris? #VoteEarlyForKamala
Harris,#voteharris,hashtag,4,#VoteHarris women are going to reject the Republican party whether the Republican party wants to be rejected or not!,Never bow down to the hateful ignorance of MAGA. #VoteHarris/Walz,"Let's get that vote out *TODAY* my dear 💙Democrat friends!

#VoteBlue #HarrisWalzBringHope #BlueWave #KamalaDefendsDemocracy #VoteKamala #KamalaHarris #VoteHarris #HarrisWaltz 

🌊💙🌀"
Harris,#whitedudesforharris,hashtag,4,Pete Buttigieg now on #whitedudesforharris and we're at over $2M!,"#whitedudesforharris has raised over $2M for VP Harris as ""The Dude"" himself, Jeff Bridges comes on to support her candidacy!","When #whitedudesforharris was trending on twitter, we just knew with all our hearts that she was the greatest candidate in US history.  I hope they select her again for us in 2028!"
Trump,#hatestrump,hashtag,4,"Even my dog #Lucy 
#HatesTrump","Even my dog #Lucy 
#HatesTrump","Even my dog #Lucy 
#HatesTrump"
Trump,#mcdonalds,hashtag,4,"Who will become the next US President? The one who “worked” there when it was actually closed or the one who worked there to pay for her student loan?

https://anonymous

#Obama #KamalaHarris #DonaldTrump #McDonalds",#McDonalds,#McDonalds
Trump,#stoptrump,hashtag,4,"“Trump’s idea of ‘education reform’? Appointing Linda McMahon, whose experience includes WWE drama and covering up scandals, to run the Dept of Education. Wrestling with the future of our kids shouldn’t be this literal. #EducationNotEntertainment #TrumpFail #Unqualified  #ProtectOurKids  #StopTrump”","This should terrify anyone who knows history, and who understands how fascist movements grow. Republican members of Congress describing their devotion to Donald Trump is one of the most un-American things I have ever seen.
#stoptrump #fascism #backlash #democracy",#StopTrump #StopMAGA #SaveAmerica Recommit To The Fight https://anonymous
Trump,#trumpadmin,hashtag,4,"What a shitshow #TrumpAdmin will be. I had hope that he cared for his Lagacy, but it is obvious he just wants to be known as person who brought shit to the government, and it ended up all over him!","Caroline Kennedy slams RFK Jr.‘s ‘dangerous’ vaccine views as he faces confirmation as Trump’s HHS Secretary pick. She says the Kennedy family stands with public health, not his fringe beliefs. Will the Senate agree? #RFKJr #Vaccines #TrumpAdmin","Elon Musk is assembling a team for DOGE: Trump’s cost-cutting taskforce. High IQ, zero pay, endless hours—are you in? #ElonMusk #TrumpAdmin #GovernmentReform"
Trump,#trumpclownshow,hashtag,4,#TrumpClownShow #MattGaetz,"Trump is going full troll with his cabinet picks. 

I await with bated breath the mainstream media's pearl-clutching on this — as if it were somehow unexpected. 

#TrumpClownShow",#TrumpClownShow #MattGaetz
Trump,#trumpfails,hashtag,4,"“Trump’s mass deportation plan: a humanitarian crisis waiting to happen, a hit to the economy, and a logistical nightmare. America deserves solutions, not chaos. #NoToDeportations #ImmigrationRights #TrumpFails”",REPOST 🔂if you remember when. #TrumpFails,REPOST 🔂if you agree. #TrumpFails
Trump,#trumphatesthemilitary,hashtag,4,#NeverForget #VetsAgainstTrump #TrumpHatesTheMilitary,#NeverForget #VetsAgainstTrump #TrumpHatesTheMilitary,#NeverForget #VetsAgainstTrump #TrumpHatesTheMilitary
Trump,#trumpisadangertoamerica,hashtag,4,"Smh...
Welcome to America. 

America was warned by #KamalaHarris...

- Harris would have had a to-do list to benefit America.
- CONVICTED FELON #donaldtrump will have an enemy's list that he will use to seek retribution.
##TrumpIsADangertoAmerica","I didn't vote for him.
America is fu(ked.
#TrumpisaNationalDisgrace
#TrumpIsADangertoAmerica 
https://anonymous","Under CONVICTED FELON #donaldtrump, mass deportation of immigrations is coming.You have to wonder who will work the farms and how high food prices will go...
I didn't vote for that. 
#TrumpIsADangertoAmerica"
Trump,#trumpisalaughingstock,hashtag,4,"Please remind folks that trump & the Republican are LYING about Afghanistan!
#RESIST  #trumpIsALaughingStock","Please remind folks that trump & the Republican are LYING about Afghanistan!
#RESIST  #trumpIsALaughingStock","Please remind folks that trump & the Republican are LYING about Afghanistan!
#RESIST  #trumpIsALaughingStock"
Trump,#trumpisanazi,hashtag,4, #TrumpIsANazi 🟠💀🟠 #immigrants,"#TrumpisaNazi

These are the people that have poisoned the blood of America.","#TrumpisaNazi. If you voted for him, you are a #MagaNazi."
Trump,#trumpisgoingdown,hashtag,4,"Fredon Moniteau👏 #USA
@anonymous 

Fooled by Trump once, shame on him.
Fooled by Trump twice, shame on you.
Fooled by #Trump three times, you are an idiot.
 #TrumpIsGoingDown #TrumpIsUnfitForOffice #VoteBlue #VoteKamala","If you attacked Kamala Harris for the way she laughs but you’re voting for the guy pretending to perform a sex act on his microphone live on stage, congratulations, you are an idiot, an asshole, and you’re in an extremely stupid cult. #TrumpIsGoingDown","If you attacked Kamala Harris for the way she laughs but you’re voting for the guy pretending to perform a sex act on his microphone live on stage, congratulations, you are an idiot, an asshole, and you’re in an extremely stupid cult. #TrumpIsGoingDown"
Trump,#trumpismusksbitch,hashtag,4,#TrumpIsMusksBitch,#TrumpIsMusksBitch,#TrumpIsMusksBitch
Trump,#trumpisnotfittobepresident,hashtag,4,"It's sickening that Joe & Mika went in person to kiss Trump's ass.  Is there no one who will stand up to him?
#ProudBlue #BlueCrew #RejectTrump #ResistTrump #TrumpIsNotFitToBePresident","from Tarquin @anonymous 

Touché mutha fuckers! 

#TrumpIsACriminal #TrumpIsNotFitToBePresident #TrumpIsAnInsurrectionist #TrumpForPrison2024 
original image: Sandi Bachom","Only in America would you give the White House to a man who bragged about walking in on teenage girls naked in a dressing room.
I always knew about his lack of morals, but finding out about yours was an eye-opener. 
#TrumpIsNotFitToBePresident"
Trump,#trumpisnotnormal,hashtag,4,"Do not normalize him. Do not normalize Donald Trump.

If you believed he’s a threat to democracy, he still is. If you believed he’s lawless, he still is.

Stop.

Tune in to The Social Contract with Joe Walsh weekdays at 8 AM PT/11 AM ET. 
#HeIsNotNormal #DonaldTrump #TrumpIsNotNormal #SaveDemocracy","Do not normalize him. Do not normalize Donald Trump.

If you believed he’s a threat to democracy, he still is. If you believed he’s lawless, he still is.

Stop.

Tune in to The Social Contract with Joe Walsh weekdays at 8 AM PT/11 AM ET. 
#HeIsNotNormal #DonaldTrump #TrumpIsNotNormal #SaveDemocracy","Do not normalize him. Do not normalize Donald Trump.

If you believed he’s a threat to democracy, he still is. If you believed he’s lawless, he still is.

Stop.

Tune in to The Social Contract with Joe Walsh weekdays at 8 AM PT/11 AM ET. 
#HeIsNotNormal #DonaldTrump #TrumpIsNotNormal #SaveDemocracy"
Trump,#trumpregime,hashtag,4,#Trump #TrumpRegime,#Trump #TrumpRegime,"Trump's nominee to lead the Department of Health and Human Services: 

“You cannot trust medical advice from medical professionals.”
#TrumpRegime #RFKJr #AWormAteHisBrain #WeAreSoFocked"
Trump,#trumpscabinet,hashtag,4,"⛔️Warning, Kevin McCarthy said it not me

#Trump picks Rep. #MattGaetz to serve as #attorneygeneral but listen how #KevinMcCarthy says Gaetz led charge to remove him to end a congressional ethics investigation “because he he slept with a 17-year-old.” He said it not me
#trumpscabinet #trumpsamerica","#trumpsCabinet
Per the brilliance of @anonymous","⛔️Warning, Kevin McCarthy said it not me

#Trump picks Rep. #MattGaetz to serve as #attorneygeneral but listen how #KevinMcCarthy says Gaetz led charge to remove him to end a congressional ethics investigation “because he he slept with a 17-year-old.” He said it not me
#trumpscabinet #trumpsamerica"
Trump,#trumpsgrabinet,hashtag,4,#TrumpsGrabinet,#TrumpsGrabinet,#TrumpsGrabinet
Trump,#trumpsociopath,hashtag,4,#MarkHamill #trumpSociopath,#MarkHamill #trumpSociopath,#MarkHamill #trumpSociopath
Trump,#trumpsproject2025,hashtag,4,#TrumpsProject2025 It’s no lie,"Once again… Trump makes another Project 2025 hire. Despite his lies during the campaign, it was always #TrumpsProject2025",#TrumpsProject2025 It’s no lie
Trump,#trumpvoters,hashtag,4,"#TrumpVoters ""Pi$$tified"" me !",Thanks #TrumpVoters NOT!,"#TrumpVoters ""Pi$$tified"" me !"
Harris,#drunkkamala,hashtag,3,"The DEI hire talking to herself about ""power and purpose""...

She looks burdened by what has been bourboned 🥃🥃🥃

🤣🤣🤣
#KamalaHarris #drunkkamala #Libsofbluesky
 #Triggered❤️ #democrats #libtards #DEImustDIE","The DEI hire talking to herself about ""power and purpose""...

She looks burdened by what has been bourboned 🥃🥃🥃

🤣🤣🤣
#KamalaHarris #drunkkamala #Libsofbluesky
 #Triggered❤️ #democrats #libtards #DEImustDIE","The DEI hire talking to herself about ""power and purpose""...

She looks burdened by what has been bourboned 🥃🥃🥃

🤣🤣🤣
#KamalaHarris #drunkkamala #Libsofbluesky
 #Triggered❤️ #democrats #libtards #DEImustDIE"
Harris,#harrisforpresident,hashtag,3,"In this video, mayors from College Park, East Point & Jonesboro share their experiences as #Blackwomeninpower with #WABE’s Southside Reporter #DorMiyaVance as they reflect on Harris’s historic run for office. #Politics #Georgia #Vote #HarrisForPresident 
https://anonymous","Poets for Harris!
#HarrisForPresident
poetsforharris.com","OMG Kamala is talking in GA about the bipartisan border bill that Schlump tanked, and what a self-centered hypocrite he is. It's EXACTLY what I've been wanting her to say.

Thank you, Kamala!

#KamalaForPresident
#HarrisForPresident
#KamalaHarrisForPresident"
Harris,#harriswaltz,hashtag,3,Vote #HarrisWaltz!,"Let's get that vote out *TODAY* my dear 💙Democrat friends!

#VoteBlue #HarrisWalzBringHope #BlueWave #KamalaDefendsDemocracy #VoteKamala #KamalaHarris #VoteHarris #HarrisWaltz 

🌊💙🌀","ABC News: Full Speech from Kamala Harris at the Ellipse in Washington, DC 

#Boost #VoteBlue #HarrisWalzBringHope #KamalaDefendsDemocracy #VoteKamala #KamalaHarris #VoteHarris #HarrisWaltz 

🌊💙🌀"
Harris,#harriswalz24,hashtag,3,#HarrisWalz24,"#VoteBlue 💙
#HarrisWalz24
#HARRIS24
💙👑","#VoteBlue 💙
#HarrisWalz24
#HARRIS24
💙👑"
Harris,#harriswalzbringhope,hashtag,3,"Let's get that vote out *TODAY* my dear 💙Democrat friends!

#VoteBlue #HarrisWalzBringHope #BlueWave #KamalaDefendsDemocracy #VoteKamala #KamalaHarris #VoteHarris #HarrisWaltz 

🌊💙🌀","ABC News: Full Speech from Kamala Harris at the Ellipse in Washington, DC 

#Boost #VoteBlue #HarrisWalzBringHope #KamalaDefendsDemocracy #VoteKamala #KamalaHarris #VoteHarris #HarrisWaltz 

🌊💙🌀","Wishing everyone their best possible Friday ☀️🥰 

#VoteBlue #HarrisWalzBringHope 🌊💙 

@anonymous"
Harris,#holocaustharris,hashtag,3,How Kamala Blew Through $1 Billion Is INSANE! #TheJimmyDoreShow #DueDissidence #KamalaHarris #KillerKamala #HolocaustHarris #Election2024,Harris Campaign DEEP IN DEBT After MILLIONS WASTED on Celebrity Events #DueDissidence #KamalaHarris #HolocaustHarris #Election2024,"#MarcoRubio, who #Trump wants as #SecretaryOfState, says he will NOT call for a ceasefire in #Gaza.

Good job to those who voted against #KamalaHarris
 and called her #HolocaustHarris.

Joke's on them."
Harris,#kamala4president2024,hashtag,3,Good morning! Love this one. #Kamala4President2024,Good morning! Love this one. #Kamala4President2024,"63 year old straight white male, US Army veteran and former Republican.  I voted for Kamala and Tim. 

#Harris_Walz2024 
#VoteBlue2024ProtectWomensRights 
#Kamala4President2024"
Harris,#kamalaharris4potus2024,hashtag,3,#KamalaHarris4POTUS2024 IS FROM THE MIDDLE CLASS!! SHE GETS IT!!,So excited to be rallying the other day in my neighborhood for the Prosecutor and the Coach! @anonymous @anonymous #KamalaHarris4POTUS2024!!! #HarrisWalz2024 #VoteBlueToSaveYourFreedomAndTheUSA,"Kamala ""You guys are at the wrong rally, no, I think you meant to go to the smaller one down the street"".

#KamalaForever #KamalaHarris4POTUS2024 
#KamalaHarris #WeAreNotGoingBack"
Harris,#kamalawalz,hashtag,3,#Trump2024 #project25 #DOGE #Kamalawalz #Kamala #TamponTimmy #swifties4kamala #Gaysforpalestine #AOC #JDVance #JDVance2028 #DNC #Trans,#Trump2024 #project25 #DOGE #Kamalawalz #Kamala #TamponTimmy #swifties4kamala #Gaysforpalestine #AOC #JDVance #JDVance2028 #DNC #Trans,"#KamalaHarris💙 #USA #America #KamalaWalz
@anonymous
Vice President Kamala Harris | Remarks👀

➡️hear https://anonymous"
Harris,#stilllovekamala,hashtag,3,I made it over here. I will have to take some time to post I am a little shell shocked over the tRump win. #StillLoveKamala,I made it over here. I will have to take some time to post I am a little shell shocked over the tRump win. #StillLoveKamala,I made it over here. I will have to take some time to post I am a little shell shocked over the tRump win. #StillLoveKamala
Harris,#voteharriswalzforhealing,hashtag,3,"I think the country needs a woman as President to help us heal. 

We need Kamala to be Mamala for America. 

#VoteHarrisWalzForHealing 
🇺🇸💙🌊","I think the country needs a woman as President to help us heal. 

We need Kamala to be Mamala for America. 

#VoteHarrisWalzForHealing 
🇺🇸💙🌊","I think the country needs a woman as President to help us heal. 

We need Kamala to be Mamala for America. 

#VoteHarrisWalzForHealing 
🇺🇸💙🌊"
Harris,#votekamalaharris2024,hashtag,3,"Unlike JD Vance and the Trump administration we know a President Harris administration would protect LGBTQ rights! 

#VoteKamalaHarris2024

https://anonymous",Vote for common sense.. #VoteKamalaHarris2024,"Happy Friday! 💙😃

#VoteKamalaHarris2024
@anonymous 
@anonymous 
@anonymous 
@anonymous 
@anonymous 
@anonymous 
@anonymous 
@anonymous 
@anonymous 

https://anonymous"
Harris,#yimbysforharris,hashtag,3,#YIMBYsforHarris livestream is happening right now! Join us here! yimbysforharris.com,"Kamala Harris has a common sense plan to make rent and home ownership more affordable for all Americans, including  by streamlining review & permitting on the state and local level to make it easier to fix our housing shortage.

#YIMBYsForHarris #HarrisWalz2024","Kamala Harris has a common sense plan to make rent and home ownership more affordable for all Americans, including  by streamlining review & permitting on the state and local level to make it easier to fix our housing shortage.

#YIMBYsForHarris #HarrisWalz2024"
Trump,#blacksfortrump,hashtag,3,#BlacksForTrump= #SlugsForSalt,#BlacksForTrump= #SlugsForSalt,"The Unbearable Whiteness of Being a Trumper

#BlacksForTrump"
Trump,#byrondonalds,hashtag,3,"How pathetic that the obedient black MAGA who carries water for white supremacist Trump said “not surprised” at him being snub from the cult leader’s nearly-all white administration! #ByronDonalds #KeithBoykins 
https://anonymous","So far, there has not been a single non white person appointed to #trump cabinet nor his circle of senior advisors

And literally NO ONE is surprised

I can't imagine that even #byrondonalds will have a senior post after shilling for #trump all summer","🤣😂 People are saying that #ByronDonalds didn’t get a top spot in the #Trump administration because of his criminal history with drugs and bank fraud. It’s not about race, though—#RFK Jr and #MattGaetz have records too, and they’re both white guys. I get it."
Trump,#donald,hashtag,3,"#Donald #Trump claimed no ties to Project 2025, yet his cabinet picks are straight from its playbook. His deceit is clear—he's assembling a team to push a dangerous, far-right agenda. We must stay vigilant and oppose this extremist blueprint.","jFFS #Donald, we know better than to set the bar high, but can you at least nominate people who have not been investigated for sexual assault and pedophilia? #Deplorables","#Donald #Trump claimed no ties to Project 2025, yet his cabinet picks are straight from its playbook. His deceit is clear—he's assembling a team to push a dangerous, far-right agenda. We must stay vigilant and oppose this extremist blueprint."
Trump,#donalddump,hashtag,3,"Kamala Harris making a speech on her economic policy and hasn't mentioned windmills or dead birds once

#DonaldDump","Whoever came up with #DonaldDump is a genius

It's so simple and so effective",To any woman that still supports #donaldDump after he took women’s rights backwards & endangered the lives of our young women I say #FCKU 🖕🏼 Only the pregnant woman herself can know whether she is physically & emotionally prepared to bear a child.”
Trump,#donaldtrumpjr,hashtag,3,#CartoonSatire #DeportationGate #DonaldTrumpJr #MAGANazi,"The son of US President-elect Donald Trump, Donald Trump Jr., called people who allowed the use of long-range missiles against Russia ""imbeciles"". #us #usa #news #minimarketonlineltd #minimarket #America #trump #donaldtrump #DonaldTrumpJr   #Ukraina #UkraineWar #russia",#CartoonSatire #DeportationGate #DonaldTrumpJr #MAGANazi
Trump,#donoldtrump,hashtag,3,#DonOldTrump is definitely losing it!,#DonOldTrump is past his prime.. & #WeAreNotGoingBack !!!,#DonOldTrump is past his prime.. & #WeAreNotGoingBack !!!
Trump,#dumpthetrump,hashtag,3,"NEVER AGAIN!! Sign your name to a petition to Demand Kamala open an investigation. IF WE CAN STOP THIS - WE NEED TO TRY!! Don't lay down!! Speak out for Democracy. 100,000 Voices Sign the petition. unitedwestand.vote  Join those who never want this kind of violence again!! #dumpthetrump #recount24",We need to stand up and start SPEAKING OUT!! This is all hands on Deck!! If you voted for Kamala and would rather see her be President!! We need to MAKE OUR VOICES HEARD!! If Donald won - Prove it!! unitedwestand.vote  Recounts Hurt noone. #theresistance #dumpthetrump,We need to stand up and start SPEAKING OUT!! This is all hands on Deck!! If you voted for Kamala and would rather see her be President!! We need to MAKE OUR VOICES HEARD!! If Donald won - Prove it!! unitedwestand.vote  Recounts Hurt noone. #theresistance #dumpthetrump
Trump,#dumptrumpday,hashtag,3,"Today's the day!!

#DumpTrumpDay 

#VoteBlue #KamalaHarris 🌊💙","Today's the day!!

#DumpTrumpDay 

#VoteBlue #KamalaHarris 🌊💙","Today's the day!!

#DumpTrumpDay 

#VoteBlue #KamalaHarris 🌊💙"
Trump,#griftertrump,hashtag,3,"Something I don't understand... Why has no one told us why the gays didn't vote for #KamalaHarris? I found this article suspiciously #RussianDisinformation sounding. There was no discontent between #Biden and #Harris except as a talking point by #GrifterTrump.

https://anonymous",I just turned #SethMeyers off and unsubscribed. He continues to subject me to seeing and hearing #GrifterTrump the rapist nightly. But my sanity comes first. Hopefully he'll come up with some new jokes without subjecting his audience to seeing that orange abuser. We're tired of it!,"If #GrifterTrump doesn't go to jail, everyone in jail should be released and nobody else should be locked up. Crumble the jail industry if we must because there cannot be a system that jails the baby rats and let's the big rat go free from accountability."
Trump,#losertrump,hashtag,3,This Explains a LOT!!!!!!  #LoserTrump,"Please Retweet. We are REALLY SEEKING fighting resister followers. We ALWAYS follow back. Where are you??  NO Women seeking men! NO GAMBIA, NO Bitcoin, NO MAGTS 
#LoserTrump #ChuckandJim",Until the end of time We will never know why THIS was not the END of him!!! The American people are not those I grew up with any more!! #LoserTrump #LiarTrump #ChuckandJim
Trump,#resisttrumpism,hashtag,3,"So very thankful for medical marijuana!
#Anxiety #Depression #ResistTrumpism","So very thankful for medical marijuana!
#Anxiety #Depression #ResistTrumpism","So very thankful for medical marijuana!
#Anxiety #Depression #ResistTrumpism"
Trump,#trump2024vance,hashtag,3,"POLL: Americans give Harris an advantage over Trump on honesty and discipline

75% of those polled say Harris is honest, only 25% say that applies to Trump

https://anonymous

#COpolitics #Trump2024Vance #HarrisWalz2024","POLL: Americans give Harris an advantage over Trump on honesty and discipline

75% of those polled say Harris is honest, only 25% say that applies to Trump

https://anonymous

#COpolitics #Trump2024Vance #HarrisWalz2024","Maga fucked up. Royal fuck up! #deportations ? Food, construction? #tariffs ? Construction, housing, manufacturing? Funny as fuck #trump #Trump2024Vance"
Trump,#trumpguilty,hashtag,3,"Thom Hartmann - 
Possible swing state VOTE hack by MAGA

https://anonymous

#MangoWanker #Mobster #Traitor #Trumphitler #Musk #GOPtraitors #Trump #Putin #Vance #Epstein #Fascists #MAGA #Giuliani #Hitler #Murdoch #Project2025 #Greed #Reagan began the #CRIMINAL #GOP #TrumpGuilty #Rapistt #Fraud","Worth watching from about 8 mins in

https://anonymous

#MangoWanker #Mobster #Traitor #Trumphitler #Musk #GOPtraitors #Trump #Putin #Vance #Epstein #Fascists #MAGA #Giuliani #Hitler #Murdoch #Project2025 #Greed #Reagan began the #CRIMINAL #GOP #TrumpGuilty #Rapistt #Fraud 34 counts",This is a good thing. We need more good things. #trumpguilty
Trump,#trumpisacoward,hashtag,3, #TrumpIsACoward #NEVERvoteRepublican USA DESERVES BETTER....ONLY VOTE BLUE.,#TrumpIsACoward is now trending,"Trump is a coward. Pass it on. Won’t debate 

#TrumpIsACoward"
Trump,#trumpisanationaldisgrace,hashtag,3,"To all the Trump-haters, whatever party you are, Republican, Democrat, or otherwise, THIS IMAGE POST IS DEDICATED TO YOU…
(I actually needed Twitter 
to quick-find these hash–
tags, by the way)
#NeverTrump #trumpisbadforus #TrumpisaNationalDisgrace #TrumpIsAnExistentialThreat #trumpforprison","I didn't vote for him.
America is fu(ked.
#TrumpisaNationalDisgrace
#TrumpIsADangertoAmerica 
https://anonymous","To all the Trump-haters, whatever party you are, Republican, Democrat, or otherwise, THIS IMAGE POST IS DEDICATED TO YOU…
(I actually needed Twitter 
to quick-find these hash–
tags, by the way)
#NeverTrump #trumpisbadforus #TrumpisaNationalDisgrace #TrumpIsAnExistentialThreat #trumpforprison"
Trump,#trumpisatraitorandcriminal,hashtag,3,"This is exciting and hopeful and all the feels we need!! 

👏👏👏👏👏👏👏👏👏👏

#Recount2024
#HarrisWalz2024
#KamalaHarris2024
#PresidentialElection
#PresidentialElection2024
#TrumpIsATraitorAndCriminal","The arrogance is disgusting and disturbing 🤢

#Giuliani 
#RudyGiuliani
#TrumpIsATraitorAndCriminal","I'm going to put aside some time later today to watch this! 👍 

#Film
#Politics
#FilmSky
#PoliticsSky
#TrumpSupporter
#TrumpIsATraitorAndCriminal"
Trump,#trumpisderanged,hashtag,3,"I don’t respect Trump. 
It bothers me because I don’t usually see myself as better than others.
But I not only don’t respect him, I’m afraid of him. 
It’s like giving the car keys to a 95 year old grandpa with all the grandkids in the car. 
It’s irresponsible and dangerous. 
#TrumpIsDeranged","I don’t respect Trump. 
It bothers me because I don’t usually see myself as better than others.
But I not only don’t respect him, I’m afraid of him. 
It’s like giving the car keys to a 95 year old grandpa with all the grandkids in the car. 
It’s irresponsible and dangerous. 
#TrumpIsDeranged","I don’t respect Trump. 
It bothers me because I don’t usually see myself as better than others.
But I not only don’t respect him, I’m afraid of him. 
It’s like giving the car keys to a 95 year old grandpa with all the grandkids in the car. 
It’s irresponsible and dangerous. 
#TrumpIsDeranged"
Trump,#trumpisunwell,hashtag,3,#Abortion #WomensRights #HumanRights #DangerousDonald #DonaldArlingtonTrump #GOPWeirdos #TrumpWillLose2024 #TrumpIsUnwell #Project2025 #KevinRoberts #HeritageFoundation #NoRepublicansEverAgain #FuckFascists #VoteBlue #USPol #DonaldTrump,#Abortion #WomensRights #HumanRights #DangerousDonald #DonaldArlingtonTrump #GOPWeirdos #TrumpWillLose2024 #TrumpIsUnwell #Project2025 #KevinRoberts #HeritageFoundation #NoRepublicansEverAgain #FuckFascists #VoteBlue #USPol #DonaldTrump,"Let’s just call it what it is. A vote for trump to be president is really just a vote for j d vance to be president. 

#TrumpIsUnwell"
Trump,#trumpkakistocracy,hashtag,3,"For anyone who thought tRUmp would staff his cabinet with normal people, I have a very nice bridge to sell you. It's disgusting who he's nominating. Congratulations MAGAts, hope you're happy. #tRUmpKakistocracy.","Now #Trump is just TAUNTING the Senate — Statutory rapist & interstate sex trafficker under House ethics investigation MATT GOETZ as Attorney General?! ATTORNEY GENERAL??!!

#TrumpKakistocracy #Trump is not serious about being president.",#TrumpKakistocracy
Trump,#trumpproject2025,hashtag,3,"#TrumpPROJECT2025 Trump will #JIMCROW America!!! Look up their plan to DESTROY Our Country!!! Folks these (Racist Facist Bigots) are not BS!! #VoteBlue🌊🇺🇲 on Every Ballet, Vote #HarrisWalz2024🇺🇲🌊💙🇵🇷 NOW!!!!!!#WeBackHarrisWalz🇺🇲🌊💙🇵🇷🇺🇦🇯🇴🤲🏿🌿","#TrumpPROJECT2025 Trump will #JIMCROW America!!! Look up their plan to ""DESTROY Our Country""!!! Folks these ( #Racist #Facist #Bigots) are not BS!! 🇺🇲🌊💙🇵🇷🇺🇦🇯🇴🤲🏿🌿","Hope the #Freepalestine movement is happy with their decision not to support Harris. There will be peace in Israel and #fromtherivertothesea 
will become a reality....just hope the Palestinians can swim #TrumpProject2025 #Project2025 #SaveDemocracy #NeverTrump #SCOTUSIsCorrupt #Voterizer"
Trump,#trumpspicks,hashtag,3,"Tulsi Gabbard director of National Intelligence. Are you freaking kidding me??!!! 
#trumpspicks","Has anyone else noticed that Tulsi Gabbard now has Cruella Deville hair?
#trumpspicks","Has anyone else noticed that Tulsi Gabbard now has Cruella Deville hair?
#trumpspicks"
Trump,#trumpstolenuclearsecrets,hashtag,3,This guy gets 15 years (deserved) and Trump gets to be president. #TrumpStoleNuclearSecrets,This guy gets 15 years (deserved) and Trump gets to be president. #TrumpStoleNuclearSecrets,This guy gets 15 years (deserved) and Trump gets to be president. #TrumpStoleNuclearSecrets
Trump,#trumpuniversity,hashtag,3,"Oralè Resisters
See what $25000 
Trump buy nowadays 
#TrumpUniversity 
Corruption at the highest levels of our government continues to be purchased nominees! 
#TrumpYardSale #ShitlersList","Oralè Resisters
See what $25000 
Trump buy nowadays 
#TrumpUniversity 
Corruption at the highest levels of our government continues to be purchased nominees! 
#TrumpYardSale #ShitlersList","Oralè Resisters
See what $25000 
Trump buy nowadays 
#TrumpUniversity 
Corruption at the highest levels of our government continues to be purchased nominees! 
#TrumpYardSale #ShitlersList"
Trump,#trumpwilllose2024,hashtag,3,#HarrisWalz #MichaelBloomberg #KamalaBringsUsJoy #NeverAgainTrump #VoteBlue #TrumpWillLose2024 #NoRepublicansEverAgain #USPol,#Abortion #WomensRights #HumanRights #DangerousDonald #DonaldArlingtonTrump #GOPWeirdos #TrumpWillLose2024 #TrumpIsUnwell #Project2025 #KevinRoberts #HeritageFoundation #NoRepublicansEverAgain #FuckFascists #VoteBlue #USPol #DonaldTrump,#Abortion #WomensRights #HumanRights #DangerousDonald #DonaldArlingtonTrump #GOPWeirdos #TrumpWillLose2024 #TrumpIsUnwell #Project2025 #KevinRoberts #HeritageFoundation #NoRepublicansEverAgain #FuckFascists #VoteBlue #USPol #DonaldTrump
Trump,#trumpyardsale,hashtag,3,"Oralè Resisters
See what $25000 
Trump buy nowadays 
#TrumpUniversity 
Corruption at the highest levels of our government continues to be purchased nominees! 
#TrumpYardSale #ShitlersList","Oralè Resisters
See what $25000 
Trump buy nowadays 
#TrumpUniversity 
Corruption at the highest levels of our government continues to be purchased nominees! 
#TrumpYardSale #ShitlersList","Oralè Resisters
See what $25000 
Trump buy nowadays 
#TrumpUniversity 
Corruption at the highest levels of our government continues to be purchased nominees! 
#TrumpYardSale #ShitlersList"
Trump,#veteransagainsttrump,hashtag,3,"Veterans AGAINST Trump!
#VeteransAgainstTrump","Veterans AGAINST Trump!
#VeteransAgainstTrump","I JUST HAPPEN to be a
""Retired Career Military Veteran""
TOO!
#VeteransAgainstTrump"
Trump,#vicepresidenttrump,hashtag,3,"Can we please start calling Trump 'Vice President' (elect) ? 
Since Musk is the one pulling the strings? 
And boy will he get mad if he sees it. 

#VicePresidentTrump","Hey I don't think Trump would be upset at all if we started calling him Vice President Trump, right?

#VicePresidentTrump","Hey I don't think Trump would be upset at all if we started calling him Vice President Trump, right?

#VicePresidentTrump"
Trump,#weirdtrump,hashtag,3,#KamalaHarris4President2024 #WeirdTrump #Republicans,#KamalaHarris  to make unexpected campaign stop in #Texas in the clearest sign yet that she is making  #abortion and #ReproductiveRights a central part of her closing pitch to  voters https://anonymous via @anonymous #DonaldTrump #OldTrump #WeirdTrump #Republicans,#KamalaHarris4President2024 #WeirdTrump #Republicans
BOTH,#nevertrumpneverharris,hashtag,2,"#NeverTrumpNeverHarris 

#DropTheDuopoly #Vote3rdParty 

I will #VoteGreen 💚 #SteinWare2024 JillStein2024.com","#NeverTrumpNeverHarris 

#DropTheDuopoly #Vote3rdParty 

I will #VoteGreen 💚 #SteinWare2024 JillStein2024.com",
BOTH,#trumpharrisdebate,hashtag,2,"On air in around 15 minutes w @anonymous to analyze hands-down victory for #KamalaHarris in #TrumpHarrisDebate 

*#Trump exceeds even my expectation for rambling, incoherence, and lies

*Harris exceeds even my expectations for solid, composed performance

https://anonymous","EA on International Outlets: #KamalaHarris Wins, #DonaldTrump Loses It, #TaylorSwift Endorses, and Immigrants Really Don’t Eat Your Pets

https://anonymous

#TrumpHarrisDebate #USElection2024",
Harris,#abandonharris,hashtag,2,"Please don’t try to pitch me on your candidate if they actively support the genocide of the Palestinian people. This is an easy one, folks. 

#kamalaharris #abandonharris #harris #palestine #ceasefire #freepalestine

abandonbiden24.com","Kamala Harris believes that Joe Biden did everything right and that Black Men think with their dicks...
#AbandonHarris #AbandonKamala",
Harris,#dontblamemeivotedforkamala,hashtag,2,"My answer to these headlines?  
The Trump Effect #FAFO #BuyersRemorse #DontBlameMeIVotedForKamala","My answer to these headlines?  
The Trump Effect #FAFO #BuyersRemorse #DontBlameMeIVotedForKamala",
Harris,#harris2028,hashtag,2,"I have started to talk to people about 2028 and Harris again! I am fully behind her as a future candidate. If Trump came tin three times, well he’ll do can she!  She has the recognition. We have her story, we’ll see how Trump destroys this country and again a Democrat will fix it! #Harris2028","I have started to talk to people about 2028 and Harris again! I am fully behind her as a future candidate. If Trump came tin three times, well he’ll do can she!  She has the recognition. We have her story, we’ll see how Trump destroys this country and again a Democrat will fix it! #Harris2028",
Harris,#harris24,hashtag,2,"#VoteBlue 💙
#HarrisWalz24
#HARRIS24
💙👑","#VoteBlue 💙
#HarrisWalz24
#HARRIS24
💙👑",
Harris,#harrisforpotus,hashtag,2,#HarrisForPOTUS #Harris2024,#HarrisForPOTUS #Harris2024,
Harris,#harrisforthepeople,hashtag,2,"Ain't gonna put up with Elon Musk and his Trumpist fascist bullshit anymore!

#HarrisForThePeople #USElelctions #TrumpForPrison

https://anonymous","Vote #HarrisForThePeople! Say no to greedy oligarchs and rapists!

https://anonymous",
Harris,#harrisonford,hashtag,2,"Harrison Ford Endorses Kamala Harris

https://anonymous

#HarrisonFord #KamalaHarris #endorsement #election #politics #USpol","
AMERICA  MUST  NOT  VOTE  FOR  A  WANNABE  DICTATOR 

#HarrisonFord #Trump #StarWars   #Fascism #MAGA #Harris",
Harris,#harrisyardsigns,hashtag,2,"Anyone else leaving their Harris/Walz yard signs up? When democracy hits the fan in a couple of months, I want people around here to know we didn't vote for that asshole or his agenda. 
#Kamala #Harrisyardsigns #NotMyPresident","Anyone else leaving their Harris/Walz yard signs up? When democracy hits the fan in a couple of months, I want people around here to know we didn't vote for that asshole or his agenda. 
#Kamala #Harrisyardsigns #NotMyPresident",
Harris,#jesuiskamala,hashtag,2,"Yep. Me, too.

#JeSuisKamala","Yep. Me, too.

#JeSuisKamala",
Harris,#kamalaismypresident,hashtag,2,#KamalaIsMyPresident 🇺🇸,#KamalaIsMyPresident 🇺🇸,
Harris,#kamalakrash,hashtag,2,Worst #KamalaKrash ever,This #KamalaKrash is confusing,
Harris,#kamalaloser,hashtag,2,"Pedocrats plan to elect new party leader days after Trump takes office. The left is decaying and disappearing. Face it, leftists!. https://anonymous  #BlueHell #Pedocrats #TrumpWinner #KamalaLoser #PedocratParty #TrenDeAragua","Pedocrats plan to elect new party leader days after Trump takes office. The left is decaying and disappearing. Face it, leftists!. https://anonymous  #BlueHell #Pedocrats #TrumpWinner #KamalaLoser #PedocratParty #TrenDeAragua",
Harris,#kamalawalz2024,hashtag,2,"It's Democracy over Dictatorship, if this Bigot & Racist, gets elected, this country with be like #northkorea/russia..Don't be a Fool. #KamalaWalz2024🇺🇲💙🌊🇵🇷","Signed, sealed, and will be dropped off at a dropbox tomorrow. #KamalaWalz2024",
Harris,#kammalaharris4president,hashtag,2,"#NeverTrump
#KammalaHarris4President","#NeverTrump
#KammalaHarris4President",
Harris,#presidentkamalaharris,hashtag,2,#PresidentKamalaHarris,VP Kamala Harris will not be disrespected by hecklers! #IamSpeaking #PresidentKamalaHarris https://anonymous,
Harris,#swifties4kamala,hashtag,2,#Trump2024 #project25 #DOGE #Kamalawalz #Kamala #TamponTimmy #swifties4kamala #Gaysforpalestine #AOC #JDVance #JDVance2028 #DNC #Trans,#Trump2024 #project25 #DOGE #Kamalawalz #Kamala #TamponTimmy #swifties4kamala #Gaysforpalestine #AOC #JDVance #JDVance2028 #DNC #Trans,
Harris,#thankyoukamala,hashtag,2,VP Kamala Harris received a warm welcome from hundreds of staffers upon arriving at the White House for the first time since Election Day. Just as she deserves! 🫡 👏🏾 👏🏾 #ThankYouKamala,VP Kamala Harris received a warm welcome from hundreds of staffers upon arriving at the White House for the first time since Election Day. Just as she deserves! 🫡 👏🏾 👏🏾 #ThankYouKamala,
Harris,#votekamala2024,hashtag,2,"Good Morning Blue Friends ☀️💙

I’m with Kamala all the way!! 

Are you ? 

#VoteKamala2024 

🌊🌊🌊🌊🌊🌊🌊🌊🌊","#VoteKamala2024 🗳🌊🇺🇸
Then (2016)...",
Harris,#votekamalaharris,hashtag,2,"Spread this far and wide!
Same day voter registration states: 
#VoteKamalaHarris","Spread this far and wide!
Same day voter registration states: 
#VoteKamalaHarris",
Harris,#vpkamalaharris,hashtag,2,"Big sister #VPKamalaHarris 
Great-Aunt #KamalaHarris
Down time with the kiddos.","
SO tired of people mispronouncing Kamala's name (clearly intentional by some).

Love this merch!

( 📷: @anonymous on TikTok https://anonymous )

#KamalaHarris
#VPKamalaHarris
#KamalaHarrisforPresident",
Trump,#arresttrump,hashtag,2,#WhereIsDarkBrandon with his #AbsoluteImmunity? The #SCOTUSMadeYouKing! #ArrestTrump #DeportMusk #DeportThiel! #EndPutin,"From now on I will refer to Trump as Dongo. 

#ArrestTrump",
Trump,#convictedfelontrump,hashtag,2,I thought maybe someone would like to see this. #ConvictedFelontRUMP,"""trump is fascist to the core"" - Michelle Obama
Turn up the volume and pay on loop!

#ConvictedFelonTrump
#NeverMyPresident
#NaziMusk
#BoycottTesla",
Trump,#dangerousdonald,hashtag,2,#Abortion #WomensRights #HumanRights #DangerousDonald #DonaldArlingtonTrump #GOPWeirdos #TrumpWillLose2024 #TrumpIsUnwell #Project2025 #KevinRoberts #HeritageFoundation #NoRepublicansEverAgain #FuckFascists #VoteBlue #USPol #DonaldTrump,#Abortion #WomensRights #HumanRights #DangerousDonald #DonaldArlingtonTrump #GOPWeirdos #TrumpWillLose2024 #TrumpIsUnwell #Project2025 #KevinRoberts #HeritageFoundation #NoRepublicansEverAgain #FuckFascists #VoteBlue #USPol #DonaldTrump,
Trump,#declassifytrump,hashtag,2,#Swifties Taylor did a lot of good when she endorsed Kamala and Tim with her kitty 🐱 Tell her to write her congress people to support them and let them know WE THE PEOPLE support them too! We ALL need to tell them to stand up and #DeclassifyTrump Thank you 💙🌊,"I'm back on 2 things before January:  Biden should resign to let Harris be the first woman to ascend to office.  What a gift to America, to have a female president, before we lose democracy. And he should declassify the Trump/Putin files.

#DeclassifyTrump 
#ResignAndLetHarrisBe47",
Trump,#defeattrump,hashtag,2,Kamala closing argument speech tonight. Let's elect Harris next Tuesday.  #HarrisWalz2024 #YesWeKam #Harris47 #DefeatTrump,"I've said it once and I'll say it again, if it wasn't about Gender then why else was @anonymous able to do what @anonymous and @anonymous COULDN'T? #DefeatTrump 🤔 I'll wait!",
Trump,#donaldarlingtontrump,hashtag,2,#Abortion #WomensRights #HumanRights #DangerousDonald #DonaldArlingtonTrump #GOPWeirdos #TrumpWillLose2024 #TrumpIsUnwell #Project2025 #KevinRoberts #HeritageFoundation #NoRepublicansEverAgain #FuckFascists #VoteBlue #USPol #DonaldTrump,#Abortion #WomensRights #HumanRights #DangerousDonald #DonaldArlingtonTrump #GOPWeirdos #TrumpWillLose2024 #TrumpIsUnwell #Project2025 #KevinRoberts #HeritageFoundation #NoRepublicansEverAgain #FuckFascists #VoteBlue #USPol #DonaldTrump,
Trump,#donaldjtrump,hashtag,2,"Trump plan will create billion dollar 💲 bill!

#DonaldTrump #TomHoman #MassDeportation #USA #America #Migrants #IllegalImmigrants #Migration #AsylumSeekers #Mexico #Border #Trump #POTUS #maga #donaldjtrump #republican #politics #makeamericagreatagain #trumptrain","Seems 🤔 God decided the Democrats should lose⁉️

#DonaldTrump #TomHoman #MassDeportation #USA #America #Migrants #IllegalImmigrants #Migration #AsylumSeekers #Mexico #Border #Trump #POTUS #maga #donaldjtrump #republican #politics #makeamericagreatagain #trumptrain",
Trump,#donaldtrumptreason,hashtag,2,#DonaldTrumpTreason,#DonaldTrumpTreason,
Trump,#fightagainsttrumpcabinet,hashtag,2,#FightAgainstTrumpCabinet,#FightAgainstTrumpCabinet,
Trump,#fucktrumpsupporters,hashtag,2,"Admittedly, I’ve fallen way off course from my attempt at civil discourse.
I blame the brainless cowards at MSNBC and the inbred garbage morons who voted for trump.

But I am working on it.
#FuckCivilDiscourse
#FuckTrumpSupporters
#FuckMSNBC (except Lawrence who didn’t push Biden out)","Admittedly, I’ve fallen way off course from my attempt at civil discourse.
I blame the brainless cowards at MSNBC and the inbred garbage morons who voted for trump.

But I am working on it.
#FuckCivilDiscourse
#FuckTrumpSupporters
#FuckMSNBC (except Lawrence who didn’t push Biden out)",
Trump,#ihatedonaldtrump,hashtag,2,#IHateDonaldTrump,#IHateDonaldTrump,
Trump,#melaniatrump,hashtag,2,"Melania Trump boycotts tea invitation from Jill Biden while husbands meet
yespunjab.com?p=60344

#MelaniaTrump #JillBiden #WhiteHouseMeeting #DonaldTrump #JoeBiden #FirstLadies #WhiteHouse","Melania Trump boycotts tea invitation from Jill Biden while husbands meet
yespunjab.com?p=60344

#MelaniaTrump #JillBiden #WhiteHouseMeeting #DonaldTrump #JoeBiden #FirstLadies #WhiteHouse",
Trump,#nevertrumper,hashtag,2,"If you are a #NeverTrumper
My friends and I want to follow you!

Drop a 💙

Stay #Trumpless

#SignalBoost
#NoDemUnder1k","OKAY... Looking for my people... I will gladly follow back!
#Resist #NeverTrumper #VoteBlue",
Trump,#noondonaldtrumpsagenda,hashtag,2,"https://anonymous
ATTENTION Democrats in the Senate!!! #LetsGo #NowIsNotTheTimeToDragYourFeet #DemocratsInTheSenateDoSomethingNow #NoOnDonaldTrumpsAgenda #NoI’mDonaldTrumpsCabinet","https://anonymous
ATTENTION Democrats in the Senate!!! #LetsGo #NowIsNotTheTimeToDragYourFeet #DemocratsInTheSenateDoSomethingNow #NoOnDonaldTrumpsAgenda #NoI’mDonaldTrumpsCabinet",
Trump,#oldtrump,hashtag,2,#KamalaHarris  to make unexpected campaign stop in #Texas in the clearest sign yet that she is making  #abortion and #ReproductiveRights a central part of her closing pitch to  voters https://anonymous via @anonymous #DonaldTrump #OldTrump #WeirdTrump #Republicans,"Positive news for #KamalaHarris as poll finds her viewed more favorably than Trump, including among the independent voters that could decide the seven swing states, whilst #DonaldTrump is losing his edge on economy https://anonymous #Republicans #OldTrump",
Trump,#putinownstrump,hashtag,2,#PutinOwnsTrump,"Bingo

#Trump #PutinOwnsTrump",
Trump,#thetrumpeffect,hashtag,2,"#TheTrumpEffect.  A whopping 86% of Republican Americans - a world record - are Optimistic about #MAGA America, while a pitiful 49% of Loser democrats - another record - are pessimistic. Great Optimism is central to Greatness; pessimism to Biden/Harris' abject defeat. #TrumpTillJan2029","
#TheTrumpEffect",
Trump,#trump2024till2029,hashtag,2,"America's GREATEST African-American Economist after Thomas Sowell, Ph.D., rightly warns US about the dangers created by the democrat Biden/Harris regime.  #Trump2024Till2029","America's GREATEST African-American Economist after Thomas Sowell, Ph.D., rightly warns US about the dangers created by the democrat Biden/Harris regime.  #Trump2024Till2029",
Trump,#trump2025,hashtag,2,you are going to like shitting your pants on the regular-#Trump2025,you are going to like shitting your pants on the regular-#Trump2025,
Trump,#trump4prison,hashtag,2,Never thought I'd say this but I really miss real republicans. This MAGA shit is getting critical. #MAGA #Trump #Republicans #Democrats #politics #Kamala #Harris #Trump4Prison,Never thought I'd say this but I really miss real republicans. This MAGA shit is getting critical. #MAGA #Trump #Republicans #Democrats #politics #Kamala #Harris #Trump4Prison,
Trump,#trumpadministrationsowhite,hashtag,2,#TrumpAdministrationSoWhite,#TrumpAdministrationSoWhite,
Trump,#trumpaliban,hashtag,2,"Is Trump a fascist ?

Here’s what ChatGPT decided after a bit of discussion in May 2023.

#Fascist #Trump #Democracy #DemocracyInDanger #Trumpaliban","Is Trump a fascist ?

Here’s what ChatGPT decided after a bit of discussion in May 2023.

#Fascist #Trump #Democracy #DemocracyInDanger #Trumpaliban",
Trump,#trumpclowncabinet,hashtag,2,"One down.... 

#TrumpClownCabinet","One down.... 

#TrumpClownCabinet",
Trump,#trumpclownregime,hashtag,2,#TrumpClownRegime,#TrumpClownRegime,
Trump,#trumpdance,hashtag,2,Oh no! Did Travis do the #TrumpDance in a game? #TaylorSwift would not be happy.,So now the #TrumpDance is a thing?,
Trump,#trumpdecline,hashtag,2,#TrumpDecline,#TrumpDecline,
Trump,#trumpdoesntgiveashitanoutyou,hashtag,2,"Listen to Gavin Newsome callout Trump and his distain for his own supporters. Hey MAGA, don’t start crying when you figure out you voted for the wrong guy. He’s going to fuck over everyone because #TrumpDoesntGiveAShitAnoutYou","Listen to Gavin Newsome callout Trump and his distain for his own supporters. Hey MAGA, don’t start crying when you figure out you voted for the wrong guy. He’s going to fuck over everyone because #TrumpDoesntGiveAShitAnoutYou",
Trump,#trumpdrseuss,hashtag,2,"I do not want you up my skirt
I do not want you down my shirt
I do not want you near my rump
I do not want you Donald Trump! 
#TrumpDrSeuss

10:55 PM · Oct 13, 2016","I do not want you up my skirt
I do not want you down my shirt
I do not want you near my rump
I do not want you Donald Trump! 
#TrumpDrSeuss

10:55 PM · Oct 13, 2016",
Trump,#trumpeconomy,hashtag,2,"The Great #Trumppression is upon us.

#TrumpEconomy","From my pal @anonymous who hasn't quite made the big switch yet. 

#TrumpEconomy",
Trump,#trumpelonmuskow2029,hashtag,2,"#TrumpElonMuskow2029 & all is MAGA well fuckers! 
via @anonymous","#TrumpElonMuskow2029 & all is MAGA well fuckers! 
via @anonymous",
Trump,#trumpers,hashtag,2,I See Stupid People #trumpers,I See Stupid People #trumpers,
Trump,#trumpfatigue,hashtag,2,"Americans, including me, have #TrumpFatigue . He spews the same ""incoherent babble"" at each rally. No more babble about a #wall he didn't build, his health care plan or infrastructure bill; all DOA. My fantasy is to never hear his voice or the name Trump again. End Trump Fatigue, vote for Kamala!","Americans, including me, have #TrumpFatigue . He spews the same ""incoherent babble"" at each rally. No more babble about a #wall he didn't build, his health care plan or infrastructure bill; all DOA. My fantasy is to never hear his voice or the name Trump again. End Trump Fatigue, vote for Kamala!",
Trump,#trumpfelon,hashtag,2,#trump #trumpfelon #trumpforprison,#trump #trumpfelon #trumpforprison,
Trump,#trumpflation,hashtag,2,"Time to rebuild my greenhouse, I guess. #Trumpflation","I have seen enough

#TrumpFlation is going to be a thing

The orange a**hat hasn't taken office yet and retailers are already bracing for it

Massive deportations will also have a major effect in the cost of food

Congratulations America, way to go against your own interests!",
Trump,#trumpgarbage,hashtag,2,🔵⭐️🔵 #TrumpGarbage #TrumpSupporterGarbage, 🔴💀🔴 #TrumpGarbage 🗑️,
Trump,#trumpgriftersgottogrift,hashtag,2,#DonTheCon #TrumpIsUnfitForOffice #TrumpGriftersGotToGrift,#DonTheCon #TrumpIsUnfitForOffice #TrumpGriftersGotToGrift,
Trump,#trumphiding,hashtag,2,What's wrong with Trump? Where is he hiding? #TrumpHiding,What's wrong with Trump? Where is he hiding? #TrumpHiding,
Trump,#trumpisaclown,hashtag,2,#TrumpIsAClown,#TrumpIsAClown,
Trump,#trumpisacon,hashtag,2,#trumpisacon,#trumpisacon,
Trump,#trumpisafascist,hashtag,2,#trumpisafascist #ripamerica,#trumpisafascist #ripamerica,
Trump,#trumpisafascisttothecore,hashtag,2,BRAVO @anonymous FOR SPEAKING OUT!!! #TrumpIsAFascistToTheCore,BRAVO @anonymous FOR SPEAKING OUT!!! #TrumpIsAFascistToTheCore,
Trump,#trumpisafelon,hashtag,2,"Whether or not Trump ever spends a day in prison HE IS A FELON. 

He takes that label to his grave. He is an indicted criminal felon. 

#TrumpIsAFelon",#sanewashing #sanewashingfascism #fascism #pdfiles #trump #trumpisafelon,
Trump,#trumpisagloballaughingstock,hashtag,2,#KamalaHarris4President2024 will WIN this thing! #TrumpIsAGlobalLaughingStock,"We don't do Dictators in the USA!
#elonmusk #trump #gop #project2025 #killtony #russvought #TrumpIsAGlobalLaughingStock #NeverTrump #maga #republicans #america #democracy #putin #russia #robertreich #harrysissons #krassenstein #thirdreich #USconstitution #nfl #nba #mlb #nascar",
Trump,#trumpisanazibafoon,hashtag,2,"Never thought I would agree with RFK Jr on anything but..... 👇Better late than never CNN. 
#RFKJrGetsIt
#TrumpIsANaziBafoon","Never thought I would agree with RFK Jr on anything but..... 👇Better late than never CNN. 
#RFKJrGetsIt
#TrumpIsANaziBafoon",
Trump,#trumpisanexistentialthreat,hashtag,2,"To all the Trump-haters, whatever party you are, Republican, Democrat, or otherwise, THIS IMAGE POST IS DEDICATED TO YOU…
(I actually needed Twitter 
to quick-find these hash–
tags, by the way)
#NeverTrump #trumpisbadforus #TrumpisaNationalDisgrace #TrumpIsAnExistentialThreat #trumpforprison","To all the Trump-haters, whatever party you are, Republican, Democrat, or otherwise, THIS IMAGE POST IS DEDICATED TO YOU…
(I actually needed Twitter 
to quick-find these hash–
tags, by the way)
#NeverTrump #trumpisbadforus #TrumpisaNationalDisgrace #TrumpIsAnExistentialThreat #trumpforprison",
Trump,#trumpisaracist,hashtag,2,#Trump #TrumpIsARacist,"Trump's biggest campaign obstacle: 
He can't stop being Donald Trump https://anonymous via #TrumpIsARacist",
Trump,#trumpisbadforus,hashtag,2,"To all the Trump-haters, whatever party you are, Republican, Democrat, or otherwise, THIS IMAGE POST IS DEDICATED TO YOU…
(I actually needed Twitter 
to quick-find these hash–
tags, by the way)
#NeverTrump #trumpisbadforus #TrumpisaNationalDisgrace #TrumpIsAnExistentialThreat #trumpforprison","To all the Trump-haters, whatever party you are, Republican, Democrat, or otherwise, THIS IMAGE POST IS DEDICATED TO YOU…
(I actually needed Twitter 
to quick-find these hash–
tags, by the way)
#NeverTrump #trumpisbadforus #TrumpisaNationalDisgrace #TrumpIsAnExistentialThreat #trumpforprison",
Trump,#trumpisbrokeaf,hashtag,2,"Drop a  💙 and repost if you agree, Eileen Cannon is inexperienced and compromised and must be removed from the Trump case IMMEDIATELY! #TrumpIsBrokeAF","Donald Trump is embarrassed and furious everyone is saying he is broke, Let's get the word out, shall we? PASS IT ON! 
#TrumpIsBrokeAF",
Trump,#trumpisdangerous,hashtag,2,"Something tells me when the horrendous gravity of what Trump is doing to our citizens hits them…

Mango Mussolini will be ‘Bunker Boy’ all the time!

#TrumpIsDangerous","No one— & I mean NO One should be surprised by who sleazy, felon, rapist, bigot, traitor Donnie the mobster is selecting to fill his Cabinet (more like a junk drawer).

He wants them to reflect his ‘morals’.

#TrumpIsDangerous",
Trump,#trumpisoutonbail,hashtag,2,#Trump #TrumpCult #MAGA #MAGARepublicans #MAGACult #kakistocracy #TrumpVance #TrumpCabinet #Project2025 #DeathOfDemocracy #TrumpIsOutOnBail #TrumpIsACriminal #TrumpIsATraitor #TrumpIsUnfit,#Trump #TrumpCult #MAGA #MAGARepublicans #MAGACult #kakistocracy #TrumpVance #TrumpCabinet #Project2025 #DeathOfDemocracy #TrumpIsOutOnBail #TrumpIsACriminal #TrumpIsATraitor #TrumpIsUnfit,
Trump,#trumpisweird,hashtag,2,@anonymous so glad to hear the list from Margaret Talev of fascists lining up to be Trump’s toadies. #TrumpIsWeird,"#TrumpIsNotFitToBePresident 

Only the #MegaMAGAWeirdWorld #MMWW are still beholden to his weirdly ways

#TrumpIsWeird",
Trump,#trumpland,hashtag,2,I expect the Trump presidency will give us many days like this. 👇 #USPolitics #TrumpLand,Make America Grate Again. 😔 #USPolitics #TrumpLand,
Trump,#trumplies,hashtag,2,#TrumpLies #TrumpRacism #TrumpScams #TrumpHate #TrumpCrimeFamily #TrumpIgnorance #MAGAMorons,"I still cannot believe that any sane woman would vote for this prick.

#voteblue #savedemocracy #trumplies #womenrule",
Trump,#trumplovesputin,hashtag,2,"#trump&putin #trumplovesputin #traitortrump Well this says it all. Know Trump over 35 yrs personally, always thought he was a closet case. All over Europe, why are we not doing this here?","#trump&putin #trumplovesputin #traitortrump Well this says it all. Know Trump over 35 yrs personally, always thought he was a closet case. All over Europe, why are we not doing this here?",
Trump,#trumpminions,hashtag,2,#Trumpminions,#Trumpminions,
Trump,#trumpmugshot,hashtag,2,Next time on 'World's Dumbest Criminals' ... #TrumpMugShot,"JOKE
#TrumpMugShot #TrumpsGothamGoons
https://anonymous",
Trump,#trumpnominees,hashtag,2,#trump #trumpcabinet #trumpadministration #trumpappointments #trumpnominees #maga #magamovement #politics #democracy #autocracy #oligarchy #presidency #executivebranch #congress #senate #senateconfirmations #whitehouse,#trump #trumpcabinet #trumpadministration #trumpappointments #trumpnominees #maga #magamovement #politics #democracy #autocracy #oligarchy #presidency #executivebranch #congress #senate #senateconfirmations #whitehouse,
Trump,#trumpsamerica2025,hashtag,2,"#TrumpsAmerica2025

who couldve guessed it was a racist misogynistic hate movement? 👋","#TrumpsAmerica2025

who couldve guessed it was a racist misogynistic hate movement? 👋",
Trump,#trumpsky,hashtag,2,Good MAGA Morning to all those in #TrumpSky m.media-https://anonymous,Good MAGA Morning to all those in #TrumpSky m.media-https://anonymous,
Trump,#trumpsminion,hashtag,2,"Welcome Swifties! Congrats on abandoning #trumpsMinion

https://anonymous","Welcome Swifties! Congrats on abandoning #trumpsMinion

https://anonymous",
Trump,#trumpstillsmells,hashtag,2,#trumpstillsmells,#trumpstillsmells,
Trump,#trumpsucksbigdicks,hashtag,2,#TrumpSucksBigDicks,#TrumpSucksBigDicks,
Trump,#trumptax,hashtag,2,Today I learned… that the dumbest Senator ever is smarter than Donald Trump. #tariffs #TrumpTariffs #TrumpTax,Today I learned… that the dumbest Senator ever is smarter than Donald Trump. #tariffs #TrumpTariffs #TrumpTax,
Trump,#trumpteam,hashtag,2,"Marco Rubio for State, Huckabee as Ambassador to Israel, and Stefanik at the U.N.? Trump’s next administration looks set to give Netanyahu unprecedented support. #TrumpTeam #Israel","Marco Rubio for State, Huckabee as Ambassador to Israel, and Stefanik at the U.N.? Trump’s next administration looks set to give Netanyahu unprecedented support. #TrumpTeam #Israel",
Trump,#trumptransition,hashtag,2,"How long will it be before Trump fires Little Marco (measured in Scaramuccis, of course)? ⏰️ #TrumpTransition","#TrumpTransition—
The Guardian: “shocking and awful”
Me: “much more awful than shocking”
https://anonymous",
Trump,#trumpunfitforoffice,hashtag,2,#trumpunfitforoffice,#trumpunfitforoffice,
Trump,#trumpwillkillusall,hashtag,2,"🚨🚨 #HillaryWarnedUs 🚨🚨

🤬 #tRUmpWillKillUsALL💀 (If we don’t #RESIST ✊🏻✊🏾)

✨ #ImWithHer✨ STILL! ✊🏻

👏🏻💜 #HillaryClinton 🙋🏼‍♀️🇺🇸","🚨🚨 #HillaryWarnedUs 🚨🚨

🤬 #tRUmpWillKillUsALL💀 (If we don’t #RESIST ✊🏻✊🏾)

✨ #ImWithHer✨ STILL! ✊🏻

👏🏻💜 #HillaryClinton 🙋🏼‍♀️🇺🇸",
Trump,#trumpwinner,hashtag,2,"Pedocrats plan to elect new party leader days after Trump takes office. The left is decaying and disappearing. Face it, leftists!. https://anonymous  #BlueHell #Pedocrats #TrumpWinner #KamalaLoser #PedocratParty #TrenDeAragua","Pedocrats plan to elect new party leader days after Trump takes office. The left is decaying and disappearing. Face it, leftists!. https://anonymous  #BlueHell #Pedocrats #TrumpWinner #KamalaLoser #PedocratParty #TrenDeAragua",
Trump,#vptrump,hashtag,2,"#VPtrump

Make it famous, please RT.","#VPtrump

Make it famous, please RT.",
Trump,#wedontwanttrump,hashtag,2,"Hillary warned us!

#resistwithintent #nevertrump
#wedontwanttrump","Hillary warned us!

#resistwithintent #nevertrump
#wedontwanttrump",
Harris,#abandonkamala,hashtag,1,"Kamala Harris believes that Joe Biden did everything right and that Black Men think with their dicks...
#AbandonHarris #AbandonKamala",,
Harris,#actkamalaact,hashtag,1,Can we get a hashtag going here? #ActKamalaAct,,
Harris,#bidenresignharrisascend,hashtag,1,"We should get this trending just to be ornery.  🤣
#BidenResignHarrisAscend",,
Harris,#catladies4kamala,hashtag,1,"Found this cleverly designed t-shirt online last evening & posted it on Mastodon, where it’s been such a hit (understandably!) I thought I’d post it here, too…
#vote #Kamala #harris2024 #catladies4kamala 
https://anonymous",,
Harris,#catladiesforkamala,hashtag,1,"#CatLadiesForKamala has caravan door knocking abilities to swing states.  

catladiesforkamala.com",,
Harris,#electharriswalz,hashtag,1,"BTW, childless cat lady done voted. 

(Ok, more of a corgi lady, but still. Same vibe. 😏)

#ElectHarrisWalz #VoteBlueDownBallot",,
Harris,#haleyvotersforharris,hashtag,1, #HaleyVotersForHarris 🔵⭐️🔵,,
Harris,#happybirthdaykamalaharris,hashtag,1,#HappyBirthdayKamalaHarris. 🥳🎉,,
Harris,#harris-,hashtag,1,When will #Harris break from the failed foreign policies of the #Harris-#Biden admin,,
Harris,#harris-walz2024,hashtag,1,"#HARRIS-WALZ2024

WE'RE GOING BACK TO THE FUTURE!",,
Harris,#harris47,hashtag,1,Kamala closing argument speech tonight. Let's elect Harris next Tuesday.  #HarrisWalz2024 #YesWeKam #Harris47 #DefeatTrump,,
Harris,#harris4america,hashtag,1,#Fresh #IAmWithHarris #Harris4America A womans place is in the WH,,
Harris,#harrisforpresident2024,hashtag,1,"#KamalaHarris as Jedi Master! 

The force, without a doubt, is with her! 

#HarrisForPresident2024

https://anonymous",,
Harris,#harrisisamazing,hashtag,1,"Just sayin'

#FBR #HarrisWalz2024 #resist #TrumpPedoFiles #TruthWarriors #resistance #FunnyGod #TraitorTrump #BidenRocks #HarrisIsAmazing #WalzIsWonderful @anonymous @anonymous @anonymous #AOC #StrongerTogether #Jan6 @anonymous @anonymous @anonymous @anonymous",,
Harris,#harriskelly2024,hashtag,1,"#HarrisKelly2024

Make it happen.",,
Harris,#harrison,hashtag,1,"#Harrison and Kaeding excited to be part of new cabinet

Ryan KiedrowskiLocal Journalism Initiative ReporterThe World-SpectatorPremier Scott Moe appointed a... https://anonymous",,
Harris,#harriswaltz2024,hashtag,1,#HarrisWaltz2024 #Election2024 #Voteblue #Politics,,
Harris,#harriswalzfordemocracy,hashtag,1,"#HarrisWalzforDemocracy 
#VoteBlue",,
Harris,#harriswalzforthewin,hashtag,1,"#KamalaHarris is showing up to HER rallies… and bringing some big name celebrity support with her!! 

#HarrisWalz2024 #HarrisWalzForTheWin!!
https://anonymous",,
Harris,#hereforharris,hashtag,1,"Ok, #HereforHarris",,
Harris,#hyenaharris,hashtag,1,"Looks like this CHEETO has EXPIRED!

Time to take out the GARBAGE!

HA HA HA HA HA HA!!!

(Please FULL VIEW)

#Furry #Kamala #Hyena #Harris #Fursona #Yeen #Art #FurryArt #Vote #Election #HarrisWalz2024 #Kamalayeen #Yeenmala #HyenaHarris #VoteBlue",,
Harris,#iamwithharris,hashtag,1,#Fresh #IAmWithHarris #Harris4America A womans place is in the WH,,
Harris,#isupportkamalaharris,hashtag,1,"I will continue to support KAMALA HARRIS and the Democrats!  Fight is not over. The next 4 years, please keep hope alive. Keep fighting for freedom!
#ISupportKamalaHarris",,
Harris,#kamala-nimarata,hashtag,1,"#Kamala-Nimarata, it’s_happening.gif",,
Harris,#kamala4president,hashtag,1,"""I just voted!!! Don’t tell us what to do with our coochies!! #Kamala4President,"" she wrote",,
Harris,#kamalabringsusjoy,hashtag,1,#HarrisWalz #MichaelBloomberg #KamalaBringsUsJoy #NeverAgainTrump #VoteBlue #TrumpWillLose2024 #NoRepublicansEverAgain #USPol,,
Harris,#kamalachameleon,hashtag,1,"#KamalaHarris2024 has the same right-wing Republican agenda as #HillaryClinton in 2016 & the only real hope for #Democrats is that more people despise #DonaldTrump than #KamalaChameleon; will her support for #ApartheidIsrael's #GazaGenocide play a role...?

https://anonymous",,
Harris,#kamaladeliversjoytous,hashtag,1,"This! OMG! When we fight,  we win. Let's go!
#KamalaDeliversJoyToUS",,
Harris,#kamalafightsforfreedom,hashtag,1,Let me hear you! Who else is absolutely without a doubt voting for Kamala Harris? #KamalaFightsForFreedom,,
Harris,#kamalaforever,hashtag,1,"Kamala ""You guys are at the wrong rally, no, I think you meant to go to the smaller one down the street"".

#KamalaForever #KamalaHarris4POTUS2024 
#KamalaHarris #WeAreNotGoingBack",,
Harris,#kamalaforpresident,hashtag,1,"OMG Kamala is talking in GA about the bipartisan border bill that Schlump tanked, and what a self-centered hypocrite he is. It's EXACTLY what I've been wanting her to say.

Thank you, Kamala!

#KamalaForPresident
#HarrisForPresident
#KamalaHarrisForPresident",,
Harris,#kamalaforpresident2024,hashtag,1,"Kamala Harris is the perfect person to be the next President of the United States! She is a highly qualified, experienced, empathetic, great oratory skills, strong woman. She’s one of the most qualified Presidential candidates we’ve ever had. 

#KamalaForPresident2024",,
Harris,#kamalaharrisforpotus,hashtag,1,"#KamalaHarrisforpotus 

#voteblue 

https://anonymous",,
Harris,#kamalaharrisforpresident2024,hashtag,1,"PACKED Arena ERUPTS For Kamala Harris in Atlanta https://anonymous via @anonymous 🇺🇸

😊😊😊😊😊😊😊😊😊😊😊😊😊😊

#KamalaHarris2024 🇺🇸

#KamalaHarrisForPresident2024 🇺🇸",,
Harris,#kamalaharristimwalz,hashtag,1,"#Vote
#KamalaHarrisTimWalz
„I’ve been studying this group for over four years. I watched them conceive, organize, plan and execute the #BigLie and J6. This isn’t a conspiracy theory, it’s an open #collaboration between people who agree on just one thing:",,
Harris,#kamalahq,hashtag,1,"#BREAKING:
#KamalaHarris Continues To BEAT #DonaldTrump In Recent Polls 50% to 42% 8-points 🆙 #HarrisWalz #KamalaHQ 🇺🇸🌊

@anonymous
@anonymous
@anonymous
@anonymous 
@anonymous
@anonymous
@anonymous",,
Harris,#kamalaorbust,hashtag,1,"If MVP Harris ain’t on that ticket in 2028, then the Republicans can keep this mf. #kamalaorbust",,
Harris,#kamalas,hashtag,1,"@anonymous
🇬🇧 💪🏽🇺🇸
#KamalaHarris vowed to “keep fighting” in her first speech after her 2024 presidential election loss to Donald #Trump. The vice president’s voice appeared to cra…

https://anonymous

( Bernies  #OurRevolution meets #Kamalas coalition the future of ✊🏾 Do you get it! 😉)",,
Harris,#kamalaspajamalas,hashtag,1,"As of last night, tRump was only ahead by 1.6%. Kamala only had 107 days to try to get her message out, and I think she did a damn great job!  Yet the Dems are already eating each other alive, pointing fingers while blaming our VP.  49% is not a mandate. THERE IS NO MANDATE.
#khive
#kamalaspajamalas",,
Harris,#kamalasutra,hashtag,1,I like to think of Harris Policies as the #Kamalasutra,,
Harris,#kamalatime,hashtag,1,Let’s GO! #KamalaTime 👏🏾🔪,,
Harris,#kamalaweloveyou,hashtag,1,"DAMN IT! Tears again. She was supposed to be ours 💔🤍💙
#KamalaWeLoveYou",,
Harris,#kamalawinswithjoy,hashtag,1,"Kamala Harris surges in polls and ""enthusiasm is off the charts."" Americans are embracing the family-friendly vision and freedom-embracing policies of the #HarrisWalz ticket. https://anonymous #KamalaWinsWithJoy",,
Harris,#kamalayeen,hashtag,1,"Looks like this CHEETO has EXPIRED!

Time to take out the GARBAGE!

HA HA HA HA HA HA!!!

(Please FULL VIEW)

#Furry #Kamala #Hyena #Harris #Fursona #Yeen #Art #FurryArt #Vote #Election #HarrisWalz2024 #Kamalayeen #Yeenmala #HyenaHarris #VoteBlue",,
Harris,#killerkamala,hashtag,1,How Kamala Blew Through $1 Billion Is INSANE! #TheJimmyDoreShow #DueDissidence #KamalaHarris #KillerKamala #HolocaustHarris #Election2024,,
Harris,#lotusesforkamala,hashtag,1,"Defiantly Happy #FlowerFriday!

#LotusesForKamala #MomentsOfBeauty",,
Harris,#mnforkamala,hashtag,1,"from claimingourvoices

Why should we vote for Kamala as Muslims? Kamala Harris stands for justice, equality, and the freedom to practice our faith. She fights against Islamophobia and supports our rights. Let’s make our voices heard. 

#MuslimsForKamala #VoteKamala #MNForKamala",,
Harris,#muslimsforkamala,hashtag,1,"from claimingourvoices

Why should we vote for Kamala as Muslims? Kamala Harris stands for justice, equality, and the freedom to practice our faith. She fights against Islamophobia and supports our rights. Let’s make our voices heard. 

#MuslimsForKamala #VoteKamala #MNForKamala",,
Harris,#presidentharris2024,hashtag,1,Are we too believe this lifelong Prosecutor and the Immune President dark Brandon would turn their backs on an election with more red flags then any one event in history? ITS NOT OVER. 68 days to fix this. #PresidentHarris2024,,
Harris,#republicansforharris,hashtag,1,#RepublicansForHarris 🔵⭐️🔵,,
Harris,#resignandletharrisbe47,hashtag,1,"I'm back on 2 things before January:  Biden should resign to let Harris be the first woman to ascend to office.  What a gift to America, to have a female president, before we lose democracy. And he should declassify the Trump/Putin files.

#DeclassifyTrump 
#ResignAndLetHarrisBe47",,
Harris,#swiftiesforharris,hashtag,1,Its now official Taylor Swift has endorsed Kamala Harris for president #swiftiesforharris engage!,,
Harris,#taylorswiftforkamalawalz2024,hashtag,1,#WeBackKamalaHarris🇺🇲🌊💙🇵🇷  #HarrisWalz2024 🇺🇲🌊💙🇵🇷🇺🇦🇯🇴🤲🏿🌿 #EbonyAmericaVoteBlue2024🌊💙🌊💙 #WomansRightToChoose💪🏾💅🏾#TaylorSwiftForKamalaWalz2024 🐈💅🏾💪🏾,,
Harris,#trainwreckkamala,hashtag,1,"#TrainwreckKamala hits #1 on X trending, as Kamala underperformed with her Bret Baier interview and her campaign struggles to receive support.",,
Harris,#voteforkamala,hashtag,1,Best sign so far! #voteforkamala #nevertrump,,
Harris,#voteforkamalaharris,hashtag,1,This was a solid interview between Kamala Harris and Shannon Sharpe. https://anonymous #blackmalevoters #voteforkamalaharris,,
Harris,#voteforkamalaharris2024,hashtag,1,"#VoteForKamalaHarris2024
💙🇺🇸🌊💙🇺🇸🌊",,
Harris,#voteforkamalatoday,hashtag,1,"#VoteKamala 
💙💙💙🇺🇸🇺🇸🇺🇸🌊🌊🌊🌊🌊 #VoteForKamalaToday",,
Harris,#votefreedomvoteharris,hashtag,1,"I want regulations over companies.
I don't want regulations over my body, my mind, my identity, my ethnicity, my love life, my sex life (consenting adults), my writing, my clothing choices, etc... 
#VoteFreedomVoteHarris",,
Harris,#voteharristosaveamerica,hashtag,1,"To women of the US,

The Republicans literally fucking hate you. 

#VoteHarrisToSaveAmerica",,
Harris,#votekamala4president2024,hashtag,1,#Cher speaks out! #VoteKamala4President2024… https://anonymous,,
Harris,#walzharris2024,hashtag,1,"Let's do this, #WalzHarris2024  🇺🇸 🇺🇸

https://anonymous",,
Harris,#webackharriswalz,hashtag,1,"#TrumpPROJECT2025 Trump will #JIMCROW America!!! Look up their plan to DESTROY Our Country!!! Folks these (Racist Facist Bigots) are not BS!! #VoteBlue🌊🇺🇲 on Every Ballet, Vote #HarrisWalz2024🇺🇲🌊💙🇵🇷 NOW!!!!!!#WeBackHarrisWalz🇺🇲🌊💙🇵🇷🇺🇦🇯🇴🤲🏿🌿",,
Harris,#webackkamalaharris,hashtag,1,#WeBackKamalaHarris🇺🇲🌊💙🇵🇷  #HarrisWalz2024 🇺🇲🌊💙🇵🇷🇺🇦🇯🇴🤲🏿🌿 #EbonyAmericaVoteBlue2024🌊💙🌊💙 #WomansRightToChoose💪🏾💅🏾#TaylorSwiftForKamalaWalz2024 🐈💅🏾💪🏾,,
Trump,#abolishtrump,hashtag,1,"Actively looking for Sussex Squad 📣

Just a triracial woman living in the times of second coming of women! 🙌

#Kamala2024 
#PrincessMeghan
#RacismIsBad
#AbolishTheMonarchy
#AbolishTrump",,
Trump,#babytrump,hashtag,1,"#meme
#FunnyMeme 
#BabyTrump",,
Trump,#bidentrumpdebates,hashtag,1,#BidenTrumpDebates #SharksVElectrocution #TrumpIsBonkers,,
Trump,#blockdonaldtrumpappointees,hashtag,1,"#BlockDonaldTrumpAppointees FOE: Take Action | Block Donald Trump’s extremist appointees! >>
https://anonymous",,
Trump,#clowntrump,hashtag,1,Fuck you Trump! #FuckTrump #ClownTrump,,
Trump,#criminaltrump,hashtag,1,"Hey, if Sen Mitch McConnell is the guardrail to stop #CriminalTrump, I’ll take him!",,
Trump,#dictatortrump,hashtag,1,"It's official! Donald James tRump is Above the Law. Now, with the federal courts on his side. And, with SCOTUS giving him immunity. The most dangerous man in America CAN DO ANYTHING HE WANTS. He admires dictators because of their Total power over their citizens. #fucktrump #dictatortrump 😡",,
Trump,#disqualifieddonald,hashtag,1,"Donald trump disqualified himself from running for office after breaking Article 3 of the 14th Amendment. 
ANYONE who is ignoring that, deserves trump as a president. #disqualifieddonald",,
Trump,#dogsagainsttrump,hashtag,1,"My dog growls when I say fascist. 

#democratdogs #dogsagainsttrump
#resist #bluecrew",,
Trump,#dolaldtrump,hashtag,1,"Commemorate President Trump’s historic comeback with this hardcover collector’s book.
#newsunitedstates #usanews #dolaldtrump",,
Trump,#donakdtrump,hashtag,1,"Why attacking #DonakdTrump ’s character has proven so ineffective - We will soon know whether his luck has finally run out. But what is already clear is that while he might have the veneer of moral character, he has precious little of the virtue https://anonymous via @anonymous #KamalaHarris4President",,
Trump,#donaldputin,hashtag,1,"Joe Scarborough and Mika Brzezinski should be absolutely SHAMED of themselves!

They call Trump a threat to democracy, then go to Florida and kiss his ass out of fear #DonaldPutin will imprison them if it gets that far. 

DAMN!",,
Trump,#donaldtrumpisanazi,hashtag,1,"Donald Trump and his cronies are indeed Nazis 

#DonaldTrumpIsANazi 

https://anonymous",,
Trump,#donaldtrumpsucks,hashtag,1,"I miss when Presidents and future Attorney Generals didn't have mugshots.

America can do so much better.
#MattGatez #DonaldTrumpSucks",,
Trump,#donaldtrumpsuperstar,hashtag,1,"#DonaldTrumpSuperStar

Donald Trump is the most charming person in world media...

""I an LOVING IT"" - McDonald's OWNS the word ""Love"" in Heats and Minds, with no protest from the Clergy.",,
Trump,#donoldtrumpevilneverdies,hashtag,1,#DonOldTrumpEvilNeverDies,,
Trump,#donoldtrumpisdone,hashtag,1,"I see the Elon Musk, Trump
Cluster fuck has broken the Twitter platform……#DonOLDTrumpIsDone",,
Trump,#donoldtrumpnotfit2bepotus,hashtag,1,#DonOldTrumpNotFit2BePotus,,
Trump,#donoldtrumptoiletpotus,hashtag,1,#DonOldTrumpToiletPotus,,
Trump,#draftdodgertrump,hashtag,1,#trumpIsFascistToTheCore #DraftDodgerTrump,,
Trump,#ducktrump,hashtag,1,"These people demanding Kevin Rudd be dismissed need to find a single thing he has said that is incorrect. Trump is the village idiot and a thin-skinned baby. Jeez, his former staff have described him as such, including Rubio

#DuckTrump 

https://anonymous",,
Trump,#dumbtrump,hashtag,1,"I used a public restroom the other day and it never occurred to me to inspect anyone else while I was in there, because I am not a raving lunatic…
#iblockmaga #notmypresident #dumptrump #dumbtrump",,
Trump,#fascisttrump,hashtag,1,#FascistTrump ☮️💙🌊✊🐕‍🦺,,
Trump,#fecal_feces_excrement_aka_pos_convected34x_felon_trump,hashtag,1,"What's funny about Trump's speeches, no one understands them at all, especially, #fecal_feces_excrement_aka_POS_CONVECTED34X_FELON_TRUMP! Because, the very next day, someone will ask him personally, what did he mean, and out of his mouth, he says I never said that. #IAmPoliticsGirl #RepAOC",,
Trump,#felontrump,hashtag,1,#FelonTrump #ConvictedFelons #McDonald’s🤣,,
Trump,#fighttrump,hashtag,1,#FightTRUMP,,
Trump,#fighttrumpism,hashtag,1,"Real Americans will not give in.

If wannabe dictator Rapist Trump, the Fascist Republican Party, and Brain Damaged MAGA want to take away our Democracy, they'll have to pry it out of our cold, dead, hands.

Resist!

#FightTyranny
#FightTrumpism
#FightTyranny
#FightTrumpism",,
Trump,#ftrump,hashtag,1,Well this about sums it up! The next 4 years are about to be the worst of my life….#FTrump #blue4Life,,
Trump,#hatetrump,hashtag,1,#HateTrump In my entire life he’s the only people I ever hated was him and his minions. ☮️💙🌊✊🐕‍🦺,,
Trump,#hitlertrump,hashtag,1,"#Hitlertrump  is a #Racist, #RussianAsset #Facist, #Bigot, #Pedophile, #Rapist & #Traitor to America!!  #VoteHarrisWalz2024🇺🇲💙🌊🇵🇷🇯🇴🇺🇦🌿🤲🏿

https://anonymous",,
Trump,#humptydumptytrumpy,hashtag,1,"#DonTheCon #CreepyDon
#DonnieDementia #DonnieDeLulu #HumptyDumptyTrumpy
#MAGA #MAGA2024 #MAGAts #Tariffs #Economy",,
Trump,#iftrumpwasabook,hashtag,1,"#IfTrumpWasABook
Mopey Dick",,
Trump,#impeachtrumpnow,hashtag,1,Trump's behavior is worthy of a 25th amendment impeachment! #impeachtrumpnow,,
Trump,#inmatetrump,hashtag,1,"Dear Donald Trump: You may be skirting by justice at the moment, but if I were you I wouldn't stop production of those Trump branded soap-on-a-ropes.

#JusticeMatters #TeamJustice #InmateTrump",,
Trump,#kindomoftrump,hashtag,1,He will never be in Government after January... He should move to Mexico now! He will be the first to die when the #KindomofTrump is officially immune...,,
Trump,#latinosfortrump,hashtag,1,"#LatinosForTrump 
If you're a Latino and you voted for Trump, I hope he DEPORTS YOU AND EVERYONE IN YOUR FAMILY.  And you can take your ""Latinos for Trump"" signs with you.",,
Trump,#liartrump,hashtag,1,Until the end of time We will never know why THIS was not the END of him!!! The American people are not those I grew up with any more!! #LoserTrump #LiarTrump #ChuckandJim,,
Trump,#livetrumpless,hashtag,1,#LiveTrumpLess,,
Trump,#loserdonald,hashtag,1,#LoserDonald,,
Trump,#lovetrumpshate,hashtag,1,"😱 🇺🇸
#LoveTrumpsHate #Resist #TransEquality #BLM #Equality #NotMyPresident",,
Trump,#magafilthscumtrumpamerica,hashtag,1,"THIS #Project2025💩 #magaFilthSCUMtrumpAmerica🇺🇸, this is #JIMCROW3.O, #Wmen/#Wwomen & #LatinoM HAVE ELECTED #HITLER👹 AS #PRESIDENT.",,
Trump,#mcdonald,hashtag,1,#FelonTrump #ConvictedFelons #McDonald’s🤣,,
Trump,#melaniahatestrump,hashtag,1,#MelaniaHatesTrump,,
Trump,#millionshatetrumpkeepfighting,hashtag,1,#MillionsHateTrumpKeepFIGHTING,,
Trump,#moscowdonaldtrump,hashtag,1,Lindsey Graham Touts Lara Trump to Ron DeFascist as Marco Rubio Replacement for Senate. What kompromat does #MoscowDonaldTrump have on him?,,
Trump,#nazitrump,hashtag,1,"Is trump a fascist? Yeah or hell to the fucking yeah?  

#BoycottWaPo 
#NaziMusk 
#BoycottTesla 
#NaziTrump",,
Trump,#neveragaintrump,hashtag,1,#HarrisWalz #MichaelBloomberg #KamalaBringsUsJoy #NeverAgainTrump #VoteBlue #TrumpWillLose2024 #NoRepublicansEverAgain #USPol,,
Trump,#neverposttrumpface,hashtag,1,"I pledge to you to never boost a post with an image of Trump.

Hashtag time!

#NeverPostTrumpFace

I'm not very good at this. Someone? Anyone...?",,
Trump,#nevertrump2024,hashtag,1,"MAGATS DON'T STOP!
SO WE MUST BLOCK!

#resistwithintent
#nevertrump #nevertrump2024",,
Trump,#nevertrumpers,hashtag,1,"Dear Donald Trump: I'm not sure if you are aware of this statistic, but 4 out of every 5 people you choose for your cabinet will be called #NeverTrumpers in less than a year. 

I know you don't like facts, but.... yeah.",,
Trump,#nototrump,hashtag,1,"https://anonymous
 please call your representative by clicking here and tell them you want them to VOTE NO on H.R. 9495
Because this is how Trump plans on becoming a dictator removing everyone’s power onto himself! #NoToTrumpsAgenda #NoToTrump #NoOnHR9495",,
Trump,#nototrumpsagenda,hashtag,1,"https://anonymous
 please call your representative by clicking here and tell them you want them to VOTE NO on H.R. 9495
Because this is how Trump plans on becoming a dictator removing everyone’s power onto himself! #NoToTrumpsAgenda #NoToTrump #NoOnHR9495",,
Trump,#notrumplandslide,hashtag,1,https://anonymous “Trump had one of the smallest margins of victory in the popular vote since 1888.” #NoTrumpLandslide,,
Trump,#opposedonaldtrump,hashtag,1,"#OpposeDonaldTrump SIGN THE LETTER | Will you sign our letter to oppose Donald Trump? | AMERIPAC
https://anonymous",,
Trump,#pambondiistrumpsnextpuppet,hashtag,1,"Up next to bat for Trump's AJ position is...
#TrumpsFirstPickTookHisBallAndWentHome
#PamBondiIsTrumpsNextPuppet",,
Trump,#pedophiletrumps,hashtag,1,"#Pedophiletrumps cabinet, 2 #Rapist/#Pedophiles, 1 #Lunatic & all Non-Other by the way. If a #Dem did this, what's the OUT RAGE??",,
Trump,#praisingtrump,hashtag,1,"Donald #Trump finally did something I approve of:
Trump rode in a #garbage truck.
Being Trump, he rode in the wrong part of the garbage truck,
but he came closer than ever to doing the right thing.
#trump = #trash. #politics #PraisingTrump",,
Trump,#putinmurdochtrumpmusk,hashtag,1,#PutinMurdochTrumpMusk //\\ #ElonMusk #FWakeEducation //\\,,
Trump,#putinowntrump,hashtag,1,"Trump, the doofus— but dangerous wannabe dictator. 

#PutinOwnTrump
#TrumpsProject2025",,
Trump,#puttrumpbehindbars,hashtag,1,It scares me to say this... what on earth will Trump do this week? #PutTrumpBehindBars #SendTrumptoMexico #SendTrumptoRussia,,
Trump,#rapisttrump,hashtag,1,#RapistTrump,,
Trump,#rejecttrump,hashtag,1,"It's sickening that Joe & Mika went in person to kiss Trump's ass.  Is there no one who will stand up to him?
#ProudBlue #BlueCrew #RejectTrump #ResistTrump #TrumpIsNotFitToBePresident",,
Trump,#republicansagainsttrump,hashtag,1,A one-time Trump voter turns her back on the former president. @anonymous talks to a #Wisconsin participant in #RepublicansAgainstTrump ads. https://anonymous,,
Trump,#republicanvotersagainsttrump,hashtag,1, #NeverTrump #RepublicanVotersAgainstTrump 🔵⭐️🔵,,
Trump,#saynototrump,hashtag,1,"https://anonymous
This is Donald Trump‘s way of trying to become a dictator! hopefully the Senate ain’t having any of it! Thankfully, they’re not gonna let him turn our country into a dictatorship. We are a free country! And we plan on staying that way! #Freedom #SayNoToTrump",,
Trump,#sendtrumptomexico,hashtag,1,It scares me to say this... what on earth will Trump do this week? #PutTrumpBehindBars #SendTrumptoMexico #SendTrumptoRussia,,
Trump,#sendtrumptorussia,hashtag,1,It scares me to say this... what on earth will Trump do this week? #PutTrumpBehindBars #SendTrumptoMexico #SendTrumptoRussia,,
Trump,#sleepytrump,hashtag,1,#sleepytrump,,
Trump,#stoptrumpfascistregime,hashtag,1,Does anyone in Congress or the DOJ find this weird? Again billionaires can do whatever they want in America #StopTrumpFascistRegime,,
Trump,#survivingtrump,hashtag,1,After T-Rump won my mama said she bought me a book. I woke up Yesterday morning to this on my WFH desk 😂😂😂😂 #BlackSky #SurvivingTrump,,
Trump,#trumpadjuducatedrapist,hashtag,1,#TrumpAdjuducatedRapist #TrumpIsUnfitForOffice,,
Trump,#trumpafi,hashtag,1,#Trumpafi,,
Trump,#trumpageddon,hashtag,1,"I think it's kinda funny that this was my last post on the Other Place before Leon locked me out me for a week. 

#Trumpageddon",,
Trump,#trumpatrocity,hashtag,1,"What next #TrumpAtrocity will there be in the Clown Car Cabinet -- Mark Robinson as Head of Health and Human Services?

#Trumpfuckery is real",,
Trump,#trumpbump,hashtag,1,#Trump #MSNBC #Republicans #TrumpBump #GOP #MAGA #Democrats #News https://anonymous,,
Trump,#trumpcabinetoftraitors,hashtag,1,"I made this today. 
But I think I’ve vastly underestimated the level of evil of the #TrumpCabinetOfTraitors",,
Trump,#trumpcampaign,hashtag,1,Trump ads complain about Kamal supposedly releasing a rapist. But at least she is not A RAPIST LIKE TRUMP !!!  #trump. #trumpcampaign.,,
Trump,#trumpcare,hashtag,1,"So taking a broad look at trump ""concepts of a plan on Healthcare"" the picture becomes clearer 

Deregulate food manufacturers, so raw milk hits shelves, Open up lible laws so they can sue experts speaking out, shield brands from being held liable, and cut health coverage so people die

#trumpcare",,
Trump,#trumpchoked,hashtag,1,"If I were to be charitable and decipher the absolute gibberish that was tRvmp’s answer on #childcare, I might say that he thinks his imposed new tariffs will somehow miraculously pay for child care! 

He’s got it ass backwards! 

#TrumpWordSalad #TrumpChoked

https://anonymous",,
Trump,#trumpcorruption,hashtag,1,"This is what a wannabe dictator looks like: hiding nominees, blocking transparency, and treating ethics like an inconvenience. Trump isn’t leading—he’s looting. #DictatorInTheMaking #TrumpCorruption #NoAccountability",,
Trump,#trumpcrimes,hashtag,1,"Hillary Clinton Breaks Silence on Trump's Indictments

https://anonymous #HillaryClinton #DonaldTrump #TrumpIndictment #Trump #Indictment #TrumpCrimes #TrumpSupporters #Politics #Justice",,
Trump,#trumpderangementsyndrome,hashtag,1,"The ones of him 'praying' are hilarious 😂 

#donaldtrump #narcissist #grifter #fraud #unfit #traitor #maga #trumpderangementsyndrome",,
Trump,#trumpeffect,hashtag,1,"#TrumpEffect 

https://anonymous",,
Trump,#trumpenablers,hashtag,1,"Here is the best “Joke” of 2024.
#TrumpGotAwayWithIt #TrumpEnablers #MerrickGarland",,
Trump,#trumpenomics,hashtag,1,#Trumpenomics,,
Trump,#trumpet,hashtag,1,"#music
#trumpet

https://anonymous",,
Trump,#trumpfades,hashtag,1, https://anonymous #TrumpFades,,
Trump,#trumpfailed,hashtag,1,"Here is the 1st promise broken, let the list begin here. #TrumpFailed",,
Trump,#trumpfarts,hashtag,1,Which poor unsuspecting person will be on the receiving end next time? 💨 🤢 #Trumpfarts 💩,,
Trump,#trumpfiresale,hashtag,1,"I already have a bid in on the gold toilet, so hands off.
#TrumpFireSale",,
Trump,#trumpforprison2024,hashtag,1,"from Tarquin @anonymous 

Touché mutha fuckers! 

#TrumpIsACriminal #TrumpIsNotFitToBePresident #TrumpIsAnInsurrectionist #TrumpForPrison2024 
original image: Sandi Bachom",,
Trump,#trumpfreakskow,hashtag,1,🖤🤡 #TrumpFreakSkow 🤡🖤,,
Trump,#trumpfuckery,hashtag,1,"What next #TrumpAtrocity will there be in the Clown Car Cabinet -- Mark Robinson as Head of Health and Human Services?

#Trumpfuckery is real",,
Trump,#trumpgotawaywithit,hashtag,1,"Here is the best “Joke” of 2024.
#TrumpGotAwayWithIt #TrumpEnablers #MerrickGarland",,
Trump,#trumpguitars,hashtag,1,"This is NOT a Perfectly Good Guitar!
Smashing some Guitars are justified!
With Yuge Apologies to John Hiatt!!
#TrumpGuitars Jesus... The Grift.
Listen:
https://anonymous",,
Trump,#trumphate,hashtag,1,#TrumpLies #TrumpRacism #TrumpScams #TrumpHate #TrumpCrimeFamily #TrumpIgnorance #MAGAMorons,,
Trump,#trumpian,hashtag,1,"What a #Trumpian #metaphor for our times: people looking out for #1, 'cause who's gonna stop me? #congestionpricing #Climate #climatechange #Trump #TrumpFascist",,
Trump,#trumpignorance,hashtag,1,#TrumpLies #TrumpRacism #TrumpScams #TrumpHate #TrumpCrimeFamily #TrumpIgnorance #MAGAMorons,,
Trump,#trumpindictment,hashtag,1,"Hillary Clinton Breaks Silence on Trump's Indictments

https://anonymous #HillaryClinton #DonaldTrump #TrumpIndictment #Trump #Indictment #TrumpCrimes #TrumpSupporters #Politics #Justice",,
Trump,#trumpindictmentwatch,hashtag,1,It’s always good to start the week  with #TrumpIndictmentWatch,,
Trump,#trumpisaconvictedfelon,hashtag,1,"#TrumpIsAConvictedFelon
#TrumpIsUnfitForPresident
#TrumpIsWorstPresidentEver",,
Trump,#trumpisaconvictedfelonforlife,hashtag,1,#TrumpIsAConvictedFelonForLife #TrumpIsASinner #TrumpShouldBeInJail,,
Trump,#trumpisacriminalandtraitor,hashtag,1,"I want to take solace in this message from a retired Army MSG. I also love popcorn 🍿 
#hope #kamala #biden
#doj #trumpisacriminalandtraitor",,
Trump,#trumpisacunt,hashtag,1,"Morning all. Hopefully, today is the day the Orange shitgibbon is consigned to the bin for good #TrumpIsACunt",,
Trump,#trumpisafuckingidiot,hashtag,1,"From Threads; this is great! 😂

#TrumpIsAFuckingIdiot
https://anonymous",,
Trump,#trumpisafuckingmoron,hashtag,1,"Well, I've watched a fair amount of Trump at the Chicago economic forum, and seriously, this guy...
What an absolute fucking imbecile.
He is truly the most ignorant, misinformed, comically idiotic person to ever run for president.
#TrumpIsAFuckingMoron
#TrumpIsUnfitForOffice",,
Trump,#trumpisamericashitler,hashtag,1,"It’s already happening!

#TrumpIsATraitor #TrumpIsAmericasHitler #VoteBlueToStopACriminalDictator",,
Trump,#trumpisaninsurrectionist,hashtag,1,"from Tarquin @anonymous 

Touché mutha fuckers! 

#TrumpIsACriminal #TrumpIsNotFitToBePresident #TrumpIsAnInsurrectionist #TrumpForPrison2024 
original image: Sandi Bachom",,
Trump,#trumpisapedo,hashtag,1,Accurate #TrumpisAPedo #wtf,,
Trump,#trumpisapig,hashtag,1,I took this photo of Trump and Melania yesterday.  #trumpisapig,,
Trump,#trumpisapos,hashtag,1,#TrumpIsAPOS,,
Trump,#trumpisaracsit,hashtag,1,"Alwhite, Alwhite, Alwhite...🙄

#TrumpIsARacsit",,
Trump,#trumpisarapist,hashtag,1,This is a masterpiece #Trumpisarapist,,
Trump,#trumpisasinner,hashtag,1,#TrumpIsAConvictedFelonForLife #TrumpIsASinner #TrumpShouldBeInJail,,
Trump,#trumpisathreat,hashtag,1,This is America #Trumpisathreat,,
Trump,#trumpisbonkers,hashtag,1,#BidenTrumpDebates #SharksVElectrocution #TrumpIsBonkers,,
Trump,#trumpisdangerouslyunhinged,hashtag,1,#TrumpIsUnfitForOffice #TrumpIsDangerouslyUnhinged,,
Trump,#trumpisdone,hashtag,1,"#TrumpIsDone

What a loser",,
Trump,#trumpisfascisttothecore,hashtag,1,#trumpIsFascistToTheCore #DraftDodgerTrump,,
Trump,#trumpisfauxunion,hashtag,1,"Not Donald Trump holding a “pro-union” rally at a non-union factory with non-union attendees paid to hold union signs.

Trump scamming as usual!
#TrumpIsFauxUnion",,
Trump,#trumpisguiltyaf,hashtag,1,"#BringBackConsequences 
#TrumpIsGuiltyAF",,
Trump,#trumpishitler,hashtag,1,"#trumpisHitler 

That’s the post!",,
Trump,#trumpisking,hashtag,1,"I’ve said this before, but I think it’s more true now than ever:

I think some DEMOCRATIC congressperson should draft some legislation, that he or she plans to vote AGAINST, but makes Republicans have to face a clear line on Trump’s authoritarianism 

#TrumpIsKing legislation",,
Trump,#trumpismentallyill,hashtag,1,No one has ever been more unfit to be president of the United States than Donald Trump. #TrumpIsUnfitForOffice #TrumpIsUnfitForANYOffice #TrumpisMentallyill,,
Trump,#trumpismisspreading,hashtag,1,"For my American followers.

The Opposition Leader in Canada 🇨🇦 is a Temu copy of Trump. 

He collects a government paycheque

He lives in government housing ( a mansion )

He draws his support from the Alt-Right and Christian Extremists

He refuses or can't get #TopClearance 🙄

#TrumpismIsSpreading",,
Trump,#trumpismygod,hashtag,1,"MAGA: Trump loves America!’

 Then why does he hire foreign workers, stash classified documents in his golf club, and dodge taxes harder than a drunk driver at a checkpoint? Tell me you’re in a cult without telling me you’re in a cult. 🙃🍊 #TrumpIsMyGod #ButHeCantSpellGod",,
Trump,#trumpisnotfit,hashtag,1,"#Trumpisnotfit #Election 

Let's not forget this little ""truth"" ism...🙏🇺🇸💙",,
Trump,#trumpisnotwell,hashtag,1,"#EndtRumpEra #TrumpIsUNFIT #trumpisnotwell
#DefendDemocracy #defeatproject2025
#HarrisWalz2024 🏆 #VoteBlueAllTheWay
#Trump2024 is it already over 🤔 🗳️ 🇺🇸

Trump HIT with BOMBSHELL ALLEGATIONS at WORST MOMENT!

https://anonymous",,
Trump,#trumpisputinspuppet,hashtag,1,#TrumpIsPutinsPuppet,,
Trump,#trumpistoostupid,hashtag,1,"I've been watching Trump's rallies, and just oh my fucking God what a tedious, ignorant, malevolent, mewling, whining, vulgar, oafish buffoon that fuck is.
Someone with a 4th grade vocabulary AND logorrhea is just fucking exhausting.
#TrumpIsTooStupid 
#TrumpIsUnfitForOffice",,
Trump,#trumpistrash,hashtag,1,"seriously? you call Puerto Rico a floating isle of garbage while you worship the most horrible, trashiest person alive? 

#puertorico #trumpistrash #racist #rally",,
Trump,#trumpisunfitforanyoffice,hashtag,1,No one has ever been more unfit to be president of the United States than Donald Trump. #TrumpIsUnfitForOffice #TrumpIsUnfitForANYOffice #TrumpisMentallyill,,
Trump,#trumpisunfitforpresident,hashtag,1,"#TrumpIsAConvictedFelon
#TrumpIsUnfitForPresident
#TrumpIsWorstPresidentEver",,
Trump,#trumpisworstpresidentever,hashtag,1,"#TrumpIsAConvictedFelon
#TrumpIsUnfitForPresident
#TrumpIsWorstPresidentEver",,
Trump,#trumpkills,hashtag,1,#TrumpKills,,
Trump,#trumpkins,hashtag,1,Kamala Derangement Syndrome is real! #Trumpkins 🙄,,
Trump,#trumplethinskin,hashtag,1,"In celebration of The Autocrat's upcoming inauguration and given #Trumplethinskin 's vanity & dislike of poor images of him, on that day I think we ought to bombard social media (on all fronts) with our favorite ugly pictures of him. 

What say you?
 
(Not my favorite but will do for illustration.)",,
Trump,#trumpmicrophone,hashtag,1,"https://anonymous

Stay classy, GOP #TrumpMicrophone",,
Trump,#trumpnazi,hashtag,1,#TrumpNazi 🟠💀🟠,,
Trump,#trumpnightmare,hashtag,1,"Now what to do? 

#TrumpNightmare",,
Trump,#trumpnominee,hashtag,1,"Linda McMahon, former WWE executive, is Trump’s pick for Secretary of Education. From body slams to school policies—will her billions and history of controversies in the wrestling world shape U.S. education reform? #TrumpNominee #LindaMcMahon #Education",,
Trump,#trumpnycrally,hashtag,1,"👇🇺🇸""Backlash after comedian at Trump rally calls Puerto Rico 'island of garbage'"" #TrumpNYCRally",,
Trump,#trumpocalypse,hashtag,1,"Anybody want to go on a 4 year cruise to avoid the #Trumpocalypse 
#SkipForward

www.the-https://anonymous",,
Trump,#trumpocolypse,hashtag,1,"In these final days of our democracy, I'm trying to find moments of joy.

#Trumpocolypse",,
Trump,#trumponomics,hashtag,1,"Many were tempted by Mr. Trump’s braying populism. Now this has become Mr. Trump’s problem to solve — although the medicine he prescribed during his campaign will do little to address root causes and may even make things worse.
https://anonymous
#Trumponomics #Trump",,
Trump,#trumppedofiles,hashtag,1,"Just sayin'

#FBR #HarrisWalz2024 #resist #TrumpPedoFiles #TruthWarriors #resistance #FunnyGod #TraitorTrump #BidenRocks #HarrisIsAmazing #WalzIsWonderful @anonymous @anonymous @anonymous #AOC #StrongerTogether #Jan6 @anonymous @anonymous @anonymous @anonymous",,
Trump,#trumppisstillacreepylittleweirdo,hashtag,1,"#TrumppIsStillACreepyLittleWeirdo
 Pass it on.",,
Trump,#trumppoetry,hashtag,1,"Donald's enduring love for Donald is beyond dispute, 
but his choice of Matt Gaetz is like that fruit -
Bananas 
#TrumpPoetry",,
Trump,#trumppresidency,hashtag,1,"Imagine if #inflation and a #recession2025 does not occur during #TrumpPresidency? Imagine how terrible a popular Trump will be as he is ramming down the most inhumane agenda down our throats in a way nobody in American history has done?

He will try a third term, I guarantee it.",,
Trump,#trumppression,hashtag,1,"The Great #Trumppression is upon us.

#TrumpEconomy",,
Trump,#trumpracism,hashtag,1,#TrumpLies #TrumpRacism #TrumpScams #TrumpHate #TrumpCrimeFamily #TrumpIgnorance #MAGAMorons,,
Trump,#trumpresisters,hashtag,1,"#trumpresisters

https://anonymous",,
Trump,#trumprussia,hashtag,1,"Yes, #DonaldTrump Is A Threat to #Ireland’s Security

(co-published w Irish Examiner)

#Economy #TrumpRussia #Ukraine #NATO

https://anonymous",,
Trump,#trumps,hashtag,1,#Trumps 10 fav foods ! Make America healthy again!,,
Trump,#trumpsbigfukkyoutoamerica,hashtag,1,#TrumpsBigFUKKYOUtoAmerica,,
Trump,#trumpsbitch,hashtag,1,"Always and forever, he will be trump’s fastest talking ass licker!
#TrumpsBitch",,
Trump,#trumpscab,hashtag,1,#TrumpScab #Resist,,
Trump,#trumpscams,hashtag,1,#TrumpLies #TrumpRacism #TrumpScams #TrumpHate #TrumpCrimeFamily #TrumpIgnorance #MAGAMorons,,
Trump,#trumpsclowncabinet,hashtag,1,Every time he announces another cabinet pick. #trumpsclowncabinet,,
Trump,#trumpsdei,hashtag,1,#TrumpsDEI:,,
Trump,#trumpsfirstpicktookhisballandwenthome,hashtag,1,"Up next to bat for Trump's AJ position is...
#TrumpsFirstPickTookHisBallAndWentHome
#PamBondiIsTrumpsNextPuppet",,
Trump,#trumpsgothamgoons,hashtag,1,"JOKE
#TrumpMugShot #TrumpsGothamGoons
https://anonymous",,
Trump,#trumpshouldbeinjail,hashtag,1,#TrumpIsAConvictedFelonForLife #TrumpIsASinner #TrumpShouldBeInJail,,
Trump,#trumpstarriffs,hashtag,1,"We're importers. We already have plans in place to go around #TrumpsTarriffs More jobs for Mexico, less for America. See how that works, #MAGA",,
Trump,#trumpsupporter,hashtag,1,"I'm going to put aside some time later today to watch this! 👍 

#Film
#Politics
#FilmSky
#PoliticsSky
#TrumpSupporter
#TrumpIsATraitorAndCriminal",,
Trump,#trumpsupportergarbage,hashtag,1,🔵⭐️🔵 #TrumpGarbage #TrumpSupporterGarbage,,
Trump,#trumpsux,hashtag,1,#trumpsux #catsofbluesky #cats,,
Trump,#trumptariff,hashtag,1,Another massive #TrumpTariff L: steak is now GONE in Texas,,
Trump,#trumptarrifs,hashtag,1,"I don't want to hear any complaining from all the MAGA idiots that voted for the convicted felon. #TrumpTarrifs 

https://anonymous",,
Trump,#trumptaxscam,hashtag,1,This is how Trump will not tax overtime #TrumpTaxScam,,
Trump,#trumptheuser,hashtag,1,👇🇺🇸 #TrumpTheUser,,
Trump,#trumptilljan2029,hashtag,1,"#TheTrumpEffect.  A whopping 86% of Republican Americans - a world record - are Optimistic about #MAGA America, while a pitiful 49% of Loser democrats - another record - are pessimistic. Great Optimism is central to Greatness; pessimism to Biden/Harris' abject defeat. #TrumpTillJan2029",,
Trump,#trumptoons,hashtag,1,#trumptoons #thanksgiving #triggered #magatears #notinvited,,
Trump,#trumptower,hashtag,1,#TrumpTower,,
Trump,#trumptrashfamily,hashtag,1,#TrumpTrashFamily,,
Trump,#trumptreason,hashtag,1,🔥🇺🇸🔥 #TrumpTreason,,
Trump,#trumptrial,hashtag,1,"""Oh Donald, it’s always tough watching your kids perform, isn’t it?""

#TrumpTrial #DonaldTrump #Trump",,
Trump,#trumptrials,hashtag,1,Guess who isn't on trial in New York for conspiracy/election interference? Hillary was right about everything! #StillWithHer #TrumpTrials,,
Trump,#trumptrolling,hashtag,1,"Call me old school, but I like it when people act and speak like adults. Is that radical? Is that impossible in 2024? #TrumpTrolling #chaosatrecess #14Forever #CatchMeIfYouCan",,
Trump,#trumptruth,hashtag,1,#TrumpTruth,,
Trump,#trumpublican,hashtag,1,"Nancy Mace is a tRumpublican Capitalist! Making money off of a marginalized group. Her shirts say ""Come and take it."" My reply ""Give them Nothing. But take from them, Everything!""
#fucknancymace #transgender #transgenderrights #trumpublican",,
Trump,#trumpvance2024,hashtag,1,"Donald Trump holds a rally in California, a state he's almost certain to lose

'Your children are in danger. You can’t go to school with these people, these people are from a different planet'

https://anonymous 

#Immigration #TrumpVance2024",,
Trump,#trumpverdict,hashtag,1,Trump guilty on all 34 counts! #trumpverdict,,
Trump,#trumpwilldestroythiscountry,hashtag,1,"#trumpwilldestroythiscountry
https://anonymous",,
Trump,#trumpwillfukkus,hashtag,1,#TrumpWillFukkUS,,
Trump,#trumpwillneverbemypresident,hashtag,1,Every Trump headline includes “sexual assault”. If you voted for this garbage you have no morals or decency. Disgusting😡#TrumpWillNEVERBeMyPresident,,
Trump,#trumpwillsaveamerica,hashtag,1,"Get on the car, don’t be a loser!

#MAGA #Trump2024 #TrumpWillSaveAmerica",,
Trump,#trumpwon2024,hashtag,1,Doctors Performing Trans Experiments On Kids Should Prepare To Be Sued In Texas And Elsewhere. It's for the CHILDREN!  #TrumpWON2024  https://anonymous,,
Trump,#trumpwordsalad,hashtag,1,"If I were to be charitable and decipher the absolute gibberish that was tRvmp’s answer on #childcare, I might say that he thinks his imposed new tariffs will somehow miraculously pay for child care! 

He’s got it ass backwards! 

#TrumpWordSalad #TrumpChoked

https://anonymous",,
Trump,#trumpworld,hashtag,1,"My best hope is #trumpWorld is so incompetent they botch the Police & Nat'l Guard takeover, and Nat'l Guard reject federalization. That's the red line but one trequire constant vigilance

#dictatorship",,
Trump,#whatafuckingclowntrumpis,hashtag,1,"I'm now expecting there will be write-in votes for Donald McRonald.
#WhatAFuckingClownTrumpIs",,
Trump,#womenfortrump,hashtag,1,Planned Parenthood should deny all medical care for all women who voted for Donald Trump. #WomenForTrump #WomensRights,,
Trump,#yourtrumpvotehasconsequencesfortheworld,hashtag,1,#YourTrumpVoteHasConsequencesForTheWorld,,
