example,post,target,requested_tokens,available_control_tokens,removed_tokens,shortfall_tokens,exact_match,seed
0,0,Trump,1,1,1,0,True,1
0,1,Trump,1,37,1,0,True,1
0,2,Trump,2,29,2,0,True,1
0,3,Trump,1,8,1,0,True,1
0,4,Trump,2,21,2,0,True,1
0,5,Trump,1,17,1,0,True,1
0,6,Trump,4,53,4,0,True,1
0,7,Trump,0,13,0,0,True,1
1,0,Trump,0,10,0,0,True,1
1,1,Trump,0,8,0,0,True,1
1,2,Trump,1,8,1,0,True,1
1,3,Trump,2,18,2,0,True,1
1,4,Trump,0,10,0,0,True,1
1,5,Trump,1,31,1,0,True,1
1,6,Trump,0,2,0,0,True,1
1,7,Trump,0,16,0,0,True,1
1,8,Trump,0,16,0,0,True,1
2,0,Trump,2,28,2,0,True,1
2,1,Trump,2,30,2,0,True,1
2,2,Trump,2,46,2,0,True,1
2,3,Trump,1,30,1,0,True,1
2,4,Trump,2,51,2,0,True,1
2,5,Trump,0,3,0,0,True,1
2,6,Trump,0,6,0,0,True,1
3,0,Trump,2,34,2,0,True,1
3,1,Trump,1,12,1,0,True,1
3,2,Trump,1,42,1,0,True,1
3,3,Trump,1,6,1,0,True,1
3,4,Trump,1,10,1,0,True,1
3,5,Trump,0,4,0,0,True,1
3,6,Trump,0,22,0,0,True,1
3,7,Trump,0,7,0,0,True,1
3,8,Trump,1,8,1,0,True,1
4,0,Trump,1,4,1,0,True,1
4,1,Trump,0,46,0,0,True,1
4,2,Trump,1,21,1,0,True,1
4,3,Trump,0,10,0,0,True,1
4,4,Trump,2,24,2,0,True,1
4,5,Trump,1,14,1,0,True,1
4,6,Trump,2,13,2,0,True,1
4,7,Trump,1,5,1,0,True,1
5,0,Trump,1,9,1,0,True,1
5,1,Trump,2,16,2,0,True,1
5,2,Trump,1,4,1,0,True,1
5,3,Trump,2,1,1,1,False,1
5,4,Trump,1,14,1,0,True,1
5,5,Trump,1,8,1,0,True,1
6,0,Trump,2,4,2,0,True,1
6,1,Trump,1,10,1,0,True,1
6,2,Trump,3,18,3,0,True,1
6,3,Trump,2,15,2,0,True,1
6,4,Trump,2,16,2,0,True,1
6,5,Trump,2,11,2,0,True,1
6,6,Trump,2,22,2,0,True,1
6,7,Trump,1,19,1,0,True,1
6,8,Trump,2,31,2,0,True,1
7,0,Trump,2,11,2,0,True,1
7,1,Trump,1,17,1,0,True,1
7,2,Trump,1,20,1,0,True,1
7,3,Trump,2,11,2,0,True,1
7,4,Trump,1,5,1,0,True,1
7,5,Trump,0,4,0,0,True,1
7,6,Trump,1,4,1,0,True,1
7,7,Trump,0,2,0,0,True,1
8,0,Trump,1,10,1,0,True,1
8,1,Trump,1,2,1,0,True,1
8,2,Trump,1,6,1,0,True,1
8,3,Trump,0,10,0,0,True,1
8,4,Trump,1,4,1,0,True,1
8,5,Trump,1,9,1,0,True,1
8,6,Trump,1,8,1,0,True,1
8,7,Trump,1,17,1,0,True,1
9,0,Trump,1,8,1,0,True,1
9,1,Trump,1,20,1,0,True,1
9,2,Trump,0,1,0,0,True,1
9,3,Trump,1,7,1,0,True,1
9,4,Trump,1,23,1,0,True,1
9,5,Trump,1,6,1,0,True,1
9,6,Trump,2,26,2,0,True,1
9,7,Trump,0,14,0,0,True,1
10,0,Trump,1,8,1,0,True,1
10,1,Trump,1,0,0,1,False,1
10,2,Trump,1,8,1,0,True,1
10,3,Trump,1,13,1,0,True,1
10,4,Trump,1,13,1,0,True,1
10,5,Trump,1,3,1,0,True,1
10,6,Trump,1,7,1,0,True,1
11,0,Trump,1,32,1,0,True,1
11,1,Trump,0,4,0,0,True,1
11,2,Trump,2,58,2,0,True,1
11,3,Trump,1,8,1,0,True,1
11,4,Trump,0,7,0,0,True,1
11,5,Trump,1,4,1,0,True,1
11,6,Trump,1,20,1,0,True,1
12,0,Trump,1,32,1,0,True,1
12,1,Trump,1,26,1,0,True,1
12,2,Trump,2,6,2,0,True,1
12,3,Trump,1,6,1,0,True,1
12,4,Trump,0,13,0,0,True,1
12,5,Trump,1,12,1,0,True,1
12,6,Trump,0,28,0,0,True,1
12,7,Trump,0,7,0,0,True,1
13,0,Trump,1,32,1,0,True,1
13,1,Trump,1,1,1,0,True,1
13,2,Trump,1,30,1,0,True,1
13,3,Trump,0,4,0,0,True,1
13,4,Trump,0,4,0,0,True,1
13,5,Trump,1,7,1,0,True,1
13,6,Trump,2,6,2,0,True,1
13,7,Trump,0,8,0,0,True,1
14,0,Trump,1,58,1,0,True,1
14,1,Trump,1,12,1,0,True,1
14,2,Trump,1,15,1,0,True,1
14,3,Trump,2,44,2,0,True,1
14,4,Trump,2,52,2,0,True,1
14,5,Trump,2,50,2,0,True,1
14,6,Trump,2,9,2,0,True,1
15,0,Trump,0,3,0,0,True,1
15,1,Trump,0,15,0,0,True,1
15,2,Trump,0,9,0,0,True,1
15,3,Trump,1,7,1,0,True,1
15,4,Trump,0,2,0,0,True,1
15,5,Trump,1,17,1,0,True,1
15,6,Trump,0,4,0,0,True,1
15,7,Trump,2,15,2,0,True,1
16,0,Trump,1,32,1,0,True,1
16,1,Trump,1,7,1,0,True,1
16,2,Trump,1,0,0,1,False,1
16,3,Trump,2,6,2,0,True,1
16,4,Trump,2,17,2,0,True,1
16,5,Trump,2,1,1,1,False,1
16,6,Trump,1,17,1,0,True,1
16,7,Trump,2,15,2,0,True,1
17,0,Trump,2,4,2,0,True,1
17,1,Trump,2,13,2,0,True,1
17,2,Trump,2,6,2,0,True,1
17,3,Trump,1,7,1,0,True,1
17,4,Trump,1,2,1,0,True,1
17,5,Trump,0,0,0,0,True,1
17,6,Trump,0,0,0,0,True,1
18,0,Trump,1,16,1,0,True,1
18,1,Trump,1,11,1,0,True,1
18,2,Trump,1,8,1,0,True,1
18,3,Trump,4,34,4,0,True,1
18,4,Trump,2,20,2,0,True,1
18,5,Trump,14,23,14,0,True,1
19,0,Trump,0,5,0,0,True,1
19,1,Trump,1,1,1,0,True,1
19,2,Trump,0,5,0,0,True,1
19,3,Trump,1,6,1,0,True,1
19,4,Trump,0,5,0,0,True,1
19,5,Trump,1,17,1,0,True,1
19,6,Trump,1,6,1,0,True,1
19,7,Trump,2,7,2,0,True,1
20,0,Trump,0,25,0,0,True,1
20,1,Trump,1,54,1,0,True,1
20,2,Trump,1,16,1,0,True,1
20,3,Trump,0,43,0,0,True,1
20,4,Trump,1,21,1,0,True,1
20,5,Trump,1,56,1,0,True,1
20,6,Trump,1,13,1,0,True,1
20,7,Trump,2,20,2,0,True,1
21,0,Trump,1,4,1,0,True,1
21,1,Trump,0,28,0,0,True,1
21,2,Trump,3,12,3,0,True,1
21,3,Trump,1,2,1,0,True,1
21,4,Trump,1,23,1,0,True,1
21,5,Trump,1,8,1,0,True,1
21,6,Trump,1,18,1,0,True,1
22,0,Trump,3,50,3,0,True,1
22,1,Trump,1,9,1,0,True,1
22,2,Trump,1,11,1,0,True,1
22,3,Trump,1,13,1,0,True,1
22,4,Trump,2,11,2,0,True,1
22,5,Trump,1,30,1,0,True,1
22,6,Trump,0,3,0,0,True,1
22,7,Trump,0,12,0,0,True,1
23,0,Trump,0,21,0,0,True,1
23,1,Trump,2,13,2,0,True,1
23,2,Trump,0,21,0,0,True,1
23,3,Trump,0,25,0,0,True,1
23,4,Trump,1,0,0,1,False,1
23,5,Trump,1,7,1,0,True,1
23,6,Trump,1,20,1,0,True,1
24,0,Trump,1,8,1,0,True,1
24,1,Trump,1,9,1,0,True,1
24,2,Trump,1,8,1,0,True,1
24,3,Trump,2,23,2,0,True,1
24,4,Trump,3,29,3,0,True,1
24,5,Trump,1,11,1,0,True,1
25,0,Trump,0,13,0,0,True,1
25,1,Trump,1,5,1,0,True,1
25,2,Trump,1,10,1,0,True,1
25,3,Trump,1,4,1,0,True,1
25,4,Trump,1,17,1,0,True,1
25,5,Trump,1,6,1,0,True,1
25,6,Trump,1,26,1,0,True,1
25,7,Trump,0,3,0,0,True,1
26,0,Trump,0,9,0,0,True,1
26,1,Trump,2,17,2,0,True,1
26,2,Trump,2,7,2,0,True,1
26,3,Trump,2,5,2,0,True,1
26,4,Trump,1,16,1,0,True,1
26,5,Trump,0,9,0,0,True,1
26,6,Trump,1,8,1,0,True,1
27,0,Trump,1,31,1,0,True,1
27,1,Trump,1,9,1,0,True,1
27,2,Trump,1,18,1,0,True,1
27,3,Trump,0,15,0,0,True,1
27,4,Trump,1,5,1,0,True,1
27,5,Trump,1,36,1,0,True,1
27,6,Trump,4,24,4,0,True,1
28,0,Trump,0,25,0,0,True,1
28,1,Trump,1,1,1,0,True,1
28,2,Trump,1,4,1,0,True,1
28,3,Trump,1,2,1,0,True,1
28,4,Trump,1,9,1,0,True,1
28,5,Trump,0,6,0,0,True,1
28,6,Trump,1,15,1,0,True,1
29,0,Trump,2,14,2,0,True,1
29,1,Trump,1,1,1,0,True,1
29,2,Trump,1,6,1,0,True,1
29,3,Trump,2,3,2,0,True,1
29,4,Trump,1,16,1,0,True,1
29,5,Trump,1,20,1,0,True,1
30,0,Trump,0,9,0,0,True,1
30,1,Trump,1,31,1,0,True,1
30,2,Trump,1,2,1,0,True,1
30,3,Trump,1,6,1,0,True,1
30,4,Trump,1,9,1,0,True,1
30,5,Trump,0,0,0,0,True,1
30,6,Trump,1,6,1,0,True,1
31,0,Trump,1,0,0,1,False,1
31,1,Trump,1,0,0,1,False,1
31,2,Trump,1,8,1,0,True,1
31,3,Trump,1,13,1,0,True,1
31,4,Trump,2,11,2,0,True,1
31,5,Trump,2,14,2,0,True,1
31,6,Trump,1,5,1,0,True,1
31,7,Trump,2,17,2,0,True,1
32,0,Trump,1,14,1,0,True,1
32,1,Trump,1,19,1,0,True,1
32,2,Trump,0,17,0,0,True,1
32,3,Trump,0,4,0,0,True,1
32,4,Trump,2,11,2,0,True,1
32,5,Trump,1,9,1,0,True,1
32,6,Trump,2,50,2,0,True,1
33,0,Trump,3,19,3,0,True,1
33,1,Trump,2,20,2,0,True,1
33,2,Trump,1,17,1,0,True,1
33,3,Trump,1,6,1,0,True,1
33,4,Trump,0,12,0,0,True,1
33,5,Trump,2,23,2,0,True,1
34,0,Trump,0,25,0,0,True,1
34,1,Trump,0,15,0,0,True,1
34,2,Trump,1,7,1,0,True,1
34,3,Trump,0,10,0,0,True,1
34,4,Trump,1,6,1,0,True,1
34,5,Trump,0,1,0,0,True,1
34,6,Trump,0,11,0,0,True,1
34,7,Trump,0,9,0,0,True,1
34,8,Trump,0,17,0,0,True,1
35,0,Trump,1,2,1,0,True,1
35,1,Trump,0,8,0,0,True,1
35,2,Trump,2,46,2,0,True,1
35,3,Trump,1,12,1,0,True,1
35,4,Trump,1,8,1,0,True,1
35,5,Trump,2,2,2,0,True,1
35,6,Trump,3,18,3,0,True,1
35,7,Trump,0,0,0,0,True,1
36,0,Trump,2,48,2,0,True,1
36,1,Trump,3,30,3,0,True,1
36,2,Trump,2,42,2,0,True,1
36,3,Trump,2,32,2,0,True,1
36,4,Trump,0,35,0,0,True,1
36,5,Trump,0,54,0,0,True,1
36,6,Trump,0,13,0,0,True,1
36,7,Trump,0,15,0,0,True,1
37,0,Trump,2,26,2,0,True,1
37,1,Trump,1,24,1,0,True,1
37,2,Trump,0,7,0,0,True,1
37,3,Trump,1,21,1,0,True,1
37,4,Trump,0,19,0,0,True,1
37,5,Trump,2,41,2,0,True,1
38,0,Trump,1,0,0,1,False,1
38,1,Trump,1,6,1,0,True,1
38,2,Trump,1,2,1,0,True,1
38,3,Trump,1,6,1,0,True,1
38,4,Trump,1,7,1,0,True,1
38,5,Trump,1,5,1,0,True,1
39,0,Trump,2,47,2,0,True,1
39,1,Trump,0,23,0,0,True,1
39,2,Trump,4,16,4,0,True,1
39,3,Trump,1,11,1,0,True,1
39,4,Trump,0,11,0,0,True,1
39,5,Trump,0,10,0,0,True,1
39,6,Trump,0,1,0,0,True,1
39,7,Trump,2,35,2,0,True,1
40,0,Trump,1,10,1,0,True,1
40,1,Trump,1,4,1,0,True,1
40,2,Trump,1,3,1,0,True,1
40,3,Trump,1,9,1,0,True,1
40,4,Trump,2,11,2,0,True,1
40,5,Trump,0,3,0,0,True,1
40,6,Trump,2,13,2,0,True,1
40,7,Trump,0,16,0,0,True,1
41,0,Trump,0,7,0,0,True,1
41,1,Trump,1,32,1,0,True,1
41,2,Trump,0,18,0,0,True,1
41,3,Trump,1,2,1,0,True,1
41,4,Trump,1,2,1,0,True,1
41,5,Trump,0,10,0,0,True,1
41,6,Trump,3,19,3,0,True,1
41,7,Trump,0,3,0,0,True,1
42,0,Trump,0,31,0,0,True,1
42,1,Trump,1,0,0,1,False,1
42,2,Trump,1,17,1,0,True,1
42,3,Trump,0,1,0,0,True,1
42,4,Trump,1,11,1,0,True,1
42,5,Trump,1,38,1,0,True,1
43,0,Trump,1,13,1,0,True,1
43,1,Trump,1,14,1,0,True,1
43,2,Trump,1,6,1,0,True,1
43,3,Trump,1,4,1,0,True,1
43,4,Trump,1,50,1,0,True,1
43,5,Trump,1,8,1,0,True,1
43,6,Trump,2,12,2,0,True,1
43,7,Trump,2,21,2,0,True,1
44,0,Trump,0,9,0,0,True,1
44,1,Trump,0,10,0,0,True,1
44,2,Trump,0,5,0,0,True,1
44,3,Trump,2,22,2,0,True,1
44,4,Trump,0,5,0,0,True,1
44,5,Trump,1,20,1,0,True,1
45,0,Trump,1,15,1,0,True,1
45,1,Trump,0,15,0,0,True,1
45,2,Trump,1,9,1,0,True,1
45,3,Trump,1,6,1,0,True,1
45,4,Trump,0,13,0,0,True,1
45,5,Trump,1,33,1,0,True,1
46,0,Trump,4,16,4,0,True,1
46,1,Trump,2,14,2,0,True,1
46,2,Trump,1,30,1,0,True,1
46,3,Trump,0,8,0,0,True,1
46,4,Trump,1,36,1,0,True,1
46,5,Trump,1,9,1,0,True,1
46,6,Trump,0,15,0,0,True,1
46,7,Trump,1,21,1,0,True,1
46,8,Trump,1,47,1,0,True,1
47,0,Trump,2,7,2,0,True,1
47,1,Trump,0,5,0,0,True,1
47,2,Trump,0,2,0,0,True,1
47,3,Trump,1,37,1,0,True,1
47,4,Trump,2,13,2,0,True,1
47,5,Trump,1,6,1,0,True,1
47,6,Trump,0,27,0,0,True,1
47,7,Trump,2,12,2,0,True,1
47,8,Trump,1,22,1,0,True,1
48,0,Trump,1,20,1,0,True,1
48,1,Trump,1,4,1,0,True,1
48,2,Trump,1,47,1,0,True,1
48,3,Trump,0,27,0,0,True,1
48,4,Trump,0,8,0,0,True,1
48,5,Trump,1,22,1,0,True,1
48,6,Trump,2,55,2,0,True,1
49,0,Trump,1,24,1,0,True,1
49,1,Trump,1,0,0,1,False,1
49,2,Trump,1,7,1,0,True,1
49,3,Trump,1,0,0,1,False,1
49,4,Trump,1,6,1,0,True,1
49,5,Trump,0,9,0,0,True,1
49,6,Trump,1,30,1,0,True,1
50,0,Trump,6,34,6,0,True,1
50,1,Trump,4,2,2,2,False,1
50,2,Trump,7,3,3,4,False,1
50,3,Trump,2,1,1,1,False,1
50,4,Trump,1,0,0,1,False,1
50,5,Trump,4,2,2,2,False,1
51,0,Trump,1,0,0,1,False,1
51,1,Trump,1,4,1,0,True,1
51,2,Trump,1,4,1,0,True,1
51,3,Trump,1,16,1,0,True,1
51,4,Trump,1,6,1,0,True,1
51,5,Trump,2,11,2,0,True,1
52,0,Trump,1,1,1,0,True,1
52,1,Trump,0,7,0,0,True,1
52,2,Trump,0,32,0,0,True,1
52,3,Trump,0,22,0,0,True,1
52,4,Trump,1,26,1,0,True,1
52,5,Trump,1,19,1,0,True,1
52,6,Trump,0,12,0,0,True,1
53,0,Trump,1,3,1,0,True,1
53,1,Trump,1,22,1,0,True,1
53,2,Trump,1,45,1,0,True,1
53,3,Trump,1,6,1,0,True,1
53,4,Trump,1,19,1,0,True,1
53,5,Trump,0,6,0,0,True,1
53,6,Trump,0,2,0,0,True,1
53,7,Trump,1,17,1,0,True,1
54,0,Trump,1,19,1,0,True,1
54,1,Trump,2,58,2,0,True,1
54,2,Trump,2,21,2,0,True,1
54,3,Trump,1,5,1,0,True,1
54,4,Trump,1,7,1,0,True,1
54,5,Trump,3,42,3,0,True,1
54,6,Trump,1,31,1,0,True,1
54,7,Trump,1,5,1,0,True,1
54,8,Trump,0,15,0,0,True,1
55,0,Trump,0,16,0,0,True,1
55,1,Trump,0,3,0,0,True,1
55,2,Trump,3,35,3,0,True,1
55,3,Trump,2,11,2,0,True,1
55,4,Trump,0,6,0,0,True,1
55,5,Trump,2,50,2,0,True,1
55,6,Trump,0,2,0,0,True,1
55,7,Trump,0,3,0,0,True,1
55,8,Trump,0,6,0,0,True,1
56,0,Trump,1,25,1,0,True,1
56,1,Trump,1,36,1,0,True,1
56,2,Trump,1,13,1,0,True,1
56,3,Trump,1,42,1,0,True,1
56,4,Trump,1,3,1,0,True,1
56,5,Trump,0,2,0,0,True,1
56,6,Trump,0,37,0,0,True,1
56,7,Trump,1,8,1,0,True,1
57,0,Trump,1,8,1,0,True,1
57,1,Trump,3,11,3,0,True,1
57,2,Trump,0,2,0,0,True,1
57,3,Trump,2,11,2,0,True,1
57,4,Trump,0,9,0,0,True,1
57,5,Trump,1,10,1,0,True,1
57,6,Trump,0,19,0,0,True,1
57,7,Trump,0,6,0,0,True,1
58,0,Trump,0,12,0,0,True,1
58,1,Trump,0,4,0,0,True,1
58,2,Trump,1,6,1,0,True,1
58,3,Trump,1,38,1,0,True,1
58,4,Trump,1,17,1,0,True,1
58,5,Trump,1,14,1,0,True,1
58,6,Trump,0,15,0,0,True,1
59,0,Trump,2,23,2,0,True,1
59,1,Trump,1,17,1,0,True,1
59,2,Trump,1,1,1,0,True,1
59,3,Trump,1,40,1,0,True,1
59,4,Trump,1,24,1,0,True,1
60,0,Trump,1,4,1,0,True,1
60,1,Trump,1,12,1,0,True,1
60,2,Trump,0,22,0,0,True,1
60,3,Trump,0,4,0,0,True,1
60,4,Trump,1,13,1,0,True,1
60,5,Trump,2,11,2,0,True,1
60,6,Trump,0,10,0,0,True,1
61,0,Trump,2,6,2,0,True,1
61,1,Trump,1,11,1,0,True,1
61,2,Trump,0,6,0,0,True,1
61,3,Trump,1,21,1,0,True,1
61,4,Trump,2,52,2,0,True,1
61,5,Trump,0,7,0,0,True,1
61,6,Trump,1,45,1,0,True,1
61,7,Trump,0,3,0,0,True,1
62,0,Trump,2,15,2,0,True,1
62,1,Trump,2,34,2,0,True,1
62,2,Trump,1,5,1,0,True,1
62,3,Trump,1,4,1,0,True,1
62,4,Trump,2,26,2,0,True,1
62,5,Trump,2,23,2,0,True,1
62,6,Trump,1,3,1,0,True,1
62,7,Trump,1,5,1,0,True,1
62,8,Trump,2,0,0,2,False,1
63,0,Trump,1,4,1,0,True,1
63,1,Trump,1,6,1,0,True,1
63,2,Trump,2,11,2,0,True,1
63,3,Trump,1,9,1,0,True,1
63,4,Trump,1,15,1,0,True,1
63,5,Trump,1,7,1,0,True,1
63,6,Trump,2,7,2,0,True,1
63,7,Trump,2,16,2,0,True,1
63,8,Trump,1,4,1,0,True,1
63,9,Trump,1,12,1,0,True,1
64,0,Trump,1,0,0,1,False,1
64,1,Trump,1,16,1,0,True,1
64,2,Trump,0,3,0,0,True,1
64,3,Trump,1,4,1,0,True,1
64,4,Trump,1,40,1,0,True,1
64,5,Trump,1,9,1,0,True,1
64,6,Trump,2,5,2,0,True,1
65,0,Trump,1,6,1,0,True,1
65,1,Trump,1,14,1,0,True,1
65,2,Trump,1,13,1,0,True,1
65,3,Trump,1,22,1,0,True,1
65,4,Trump,1,1,1,0,True,1
65,5,Trump,1,13,1,0,True,1
65,6,Trump,1,3,1,0,True,1
66,0,Trump,0,46,0,0,True,1
66,1,Trump,0,12,0,0,True,1
66,2,Trump,2,6,2,0,True,1
66,3,Trump,0,13,0,0,True,1
66,4,Trump,1,48,1,0,True,1
66,5,Trump,1,14,1,0,True,1
66,6,Trump,0,15,0,0,True,1
66,7,Trump,0,29,0,0,True,1
67,0,Trump,1,46,1,0,True,1
67,1,Trump,2,11,2,0,True,1
67,2,Trump,1,13,1,0,True,1
67,3,Trump,1,14,1,0,True,1
67,4,Trump,1,21,1,0,True,1
67,5,Trump,0,30,0,0,True,1
67,6,Trump,0,20,0,0,True,1
68,0,Trump,1,3,1,0,True,1
68,1,Trump,0,5,0,0,True,1
68,2,Trump,1,17,1,0,True,1
68,3,Trump,2,10,2,0,True,1
68,4,Trump,1,44,1,0,True,1
68,5,Trump,1,8,1,0,True,1
68,6,Trump,2,11,2,0,True,1
68,7,Trump,2,11,2,0,True,1
69,0,Trump,1,0,0,1,False,1
69,1,Trump,0,5,0,0,True,1
69,2,Trump,1,57,1,0,True,1
69,3,Trump,1,4,1,0,True,1
69,4,Trump,1,3,1,0,True,1
69,5,Trump,1,3,1,0,True,1
69,6,Trump,0,4,0,0,True,1
70,0,Trump,0,21,0,0,True,1
70,1,Trump,3,48,3,0,True,1
70,2,Trump,1,50,1,0,True,1
70,3,Trump,0,14,0,0,True,1
70,4,Trump,1,24,1,0,True,1
70,5,Trump,0,21,0,0,True,1
70,6,Trump,2,38,2,0,True,1
70,7,Trump,3,48,3,0,True,1
70,8,Trump,1,36,1,0,True,1
71,0,Trump,0,4,0,0,True,1
71,1,Trump,0,22,0,0,True,1
71,2,Trump,0,13,0,0,True,1
71,3,Trump,0,11,0,0,True,1
71,4,Trump,2,5,2,0,True,1
71,5,Trump,1,12,1,0,True,1
71,6,Trump,1,13,1,0,True,1
71,7,Trump,1,8,1,0,True,1
72,0,Trump,2,64,2,0,True,1
72,1,Trump,1,5,1,0,True,1
72,2,Trump,1,8,1,0,True,1
72,3,Trump,1,22,1,0,True,1
72,4,Trump,1,3,1,0,True,1
72,5,Trump,0,1,0,0,True,1
72,6,Trump,0,2,0,0,True,1
72,7,Trump,0,0,0,0,True,1
73,0,Trump,1,8,1,0,True,1
73,1,Trump,0,5,0,0,True,1
73,2,Trump,1,8,1,0,True,1
73,3,Trump,1,21,1,0,True,1
73,4,Trump,2,42,2,0,True,1
73,5,Trump,1,17,1,0,True,1
73,6,Trump,1,16,1,0,True,1
74,0,Trump,0,4,0,0,True,1
74,1,Trump,0,4,0,0,True,1
74,2,Trump,1,6,1,0,True,1
74,3,Trump,1,0,0,1,False,1
74,4,Trump,1,3,1,0,True,1
74,5,Trump,0,9,0,0,True,1
74,6,Trump,1,10,1,0,True,1
74,7,Trump,0,5,0,0,True,1
75,0,Trump,1,15,1,0,True,1
75,1,Trump,1,11,1,0,True,1
75,2,Trump,1,12,1,0,True,1
75,3,Trump,0,35,0,0,True,1
75,4,Trump,0,8,0,0,True,1
75,5,Trump,1,46,1,0,True,1
75,6,Trump,1,26,1,0,True,1
76,0,Trump,1,17,1,0,True,1
76,1,Trump,1,22,1,0,True,1
76,2,Trump,0,26,0,0,True,1
76,3,Trump,1,6,1,0,True,1
76,4,Trump,0,4,0,0,True,1
76,5,Trump,4,7,4,0,True,1
76,6,Trump,1,18,1,0,True,1
76,7,Trump,0,9,0,0,True,1
76,8,Trump,0,0,0,0,True,1
77,0,Trump,2,11,2,0,True,1
77,1,Trump,1,24,1,0,True,1
77,2,Trump,1,3,1,0,True,1
77,3,Trump,0,6,0,0,True,1
77,4,Trump,1,6,1,0,True,1
77,5,Trump,1,22,1,0,True,1
77,6,Trump,1,14,1,0,True,1
77,7,Trump,0,11,0,0,True,1
78,0,Trump,2,30,2,0,True,1
78,1,Trump,1,8,1,0,True,1
78,2,Trump,2,6,2,0,True,1
78,3,Trump,0,12,0,0,True,1
78,4,Trump,2,46,2,0,True,1
78,5,Trump,1,43,1,0,True,1
79,0,Trump,1,22,1,0,True,1
79,1,Trump,1,15,1,0,True,1
79,2,Trump,0,29,0,0,True,1
79,3,Trump,0,3,0,0,True,1
79,4,Trump,1,12,1,0,True,1
79,5,Trump,0,8,0,0,True,1
79,6,Trump,0,16,0,0,True,1
80,0,Trump,1,6,1,0,True,1
80,1,Trump,1,8,1,0,True,1
80,2,Trump,0,2,0,0,True,1
80,3,Trump,2,11,2,0,True,1
80,4,Trump,0,7,0,0,True,1
80,5,Trump,1,3,1,0,True,1
80,6,Trump,1,13,1,0,True,1
81,0,Trump,0,38,0,0,True,1
81,1,Trump,1,16,1,0,True,1
81,2,Trump,4,47,4,0,True,1
81,3,Trump,2,16,2,0,True,1
81,4,Trump,0,10,0,0,True,1
81,5,Trump,3,17,3,0,True,1
81,6,Trump,1,35,1,0,True,1
81,7,Trump,0,18,0,0,True,1
82,0,Trump,0,8,0,0,True,1
82,1,Trump,1,8,1,0,True,1
82,2,Trump,0,1,0,0,True,1
82,3,Trump,2,54,2,0,True,1
82,4,Trump,1,12,1,0,True,1
82,5,Trump,1,17,1,0,True,1
82,6,Trump,1,10,1,0,True,1
82,7,Trump,0,7,0,0,True,1
83,0,Trump,1,45,1,0,True,1
83,1,Trump,2,19,2,0,True,1
83,2,Trump,1,27,1,0,True,1
83,3,Trump,1,16,1,0,True,1
83,4,Trump,1,14,1,0,True,1
83,5,Trump,0,48,0,0,True,1
83,6,Trump,0,10,0,0,True,1
84,0,Trump,0,4,0,0,True,1
84,1,Trump,0,46,0,0,True,1
84,2,Trump,1,1,1,0,True,1
84,3,Trump,0,5,0,0,True,1
84,4,Trump,2,13,2,0,True,1
84,5,Trump,1,17,1,0,True,1
84,6,Trump,1,9,1,0,True,1
84,7,Trump,1,9,1,0,True,1
84,8,Trump,0,28,0,0,True,1
85,0,Trump,1,7,1,0,True,1
85,1,Trump,1,14,1,0,True,1
85,2,Trump,1,23,1,0,True,1
85,3,Trump,1,4,1,0,True,1
85,4,Trump,1,12,1,0,True,1
85,5,Trump,1,20,1,0,True,1
85,6,Trump,1,13,1,0,True,1
85,7,Trump,1,43,1,0,True,1
86,0,Trump,1,15,1,0,True,1
86,1,Trump,0,4,0,0,True,1
86,2,Trump,1,17,1,0,True,1
86,3,Trump,2,11,2,0,True,1
86,4,Trump,2,5,2,0,True,1
86,5,Trump,0,3,0,0,True,1
86,6,Trump,1,18,1,0,True,1
87,0,Trump,1,13,1,0,True,1
87,1,Trump,1,4,1,0,True,1
87,2,Trump,2,11,2,0,True,1
87,3,Trump,2,35,2,0,True,1
87,4,Trump,1,43,1,0,True,1
87,5,Trump,1,43,1,0,True,1
88,0,Trump,0,23,0,0,True,1
88,1,Trump,0,34,0,0,True,1
88,2,Trump,3,24,3,0,True,1
88,3,Trump,2,13,2,0,True,1
88,4,Trump,1,49,1,0,True,1
88,5,Trump,1,21,1,0,True,1
88,6,Trump,2,41,2,0,True,1
89,0,Trump,1,54,1,0,True,1
89,1,Trump,1,23,1,0,True,1
89,2,Trump,1,31,1,0,True,1
89,3,Trump,1,7,1,0,True,1
89,4,Trump,1,5,1,0,True,1
89,5,Trump,1,22,1,0,True,1
89,6,Trump,1,6,1,0,True,1
90,0,Trump,2,26,2,0,True,1
90,1,Trump,2,9,2,0,True,1
90,2,Trump,2,12,2,0,True,1
90,3,Trump,1,22,1,0,True,1
90,4,Trump,1,16,1,0,True,1
90,5,Trump,0,19,0,0,True,1
90,6,Trump,1,13,1,0,True,1
90,7,Trump,1,14,1,0,True,1
90,8,Trump,1,15,1,0,True,1
91,0,Trump,0,6,0,0,True,1
91,1,Trump,0,16,0,0,True,1
91,2,Trump,2,23,2,0,True,1
91,3,Trump,2,20,2,0,True,1
91,4,Trump,1,6,1,0,True,1
91,5,Trump,2,11,2,0,True,1
91,6,Trump,0,6,0,0,True,1
92,0,Trump,0,4,0,0,True,1
92,1,Trump,2,16,2,0,True,1
92,2,Trump,1,5,1,0,True,1
92,3,Trump,1,7,1,0,True,1
92,4,Trump,1,26,1,0,True,1
92,5,Trump,1,26,1,0,True,1
92,6,Trump,0,37,0,0,True,1
93,0,Trump,1,50,1,0,True,1
93,1,Trump,1,0,0,1,False,1
93,2,Trump,1,24,1,0,True,1
93,3,Trump,1,16,1,0,True,1
93,4,Trump,1,34,1,0,True,1
93,5,Trump,2,50,2,0,True,1
94,0,Trump,0,54,0,0,True,1
94,1,Trump,1,13,1,0,True,1
94,2,Trump,1,1,1,0,True,1
94,3,Trump,1,1,1,0,True,1
94,4,Trump,1,15,1,0,True,1
94,5,Trump,0,4,0,0,True,1
94,6,Trump,1,31,1,0,True,1
95,0,Trump,0,10,0,0,True,1
95,1,Trump,2,29,2,0,True,1
95,2,Trump,0,1,0,0,True,1
95,3,Trump,1,44,1,0,True,1
95,4,Trump,1,2,1,0,True,1
95,5,Trump,0,3,0,0,True,1
95,6,Trump,0,11,0,0,True,1
95,7,Trump,0,11,0,0,True,1
95,8,Trump,0,3,0,0,True,1
96,0,Trump,1,5,1,0,True,1
96,1,Trump,1,5,1,0,True,1
96,2,Trump,0,5,0,0,True,1
96,3,Trump,1,4,1,0,True,1
96,4,Trump,1,4,1,0,True,1
96,5,Trump,1,11,1,0,True,1
97,0,Trump,1,30,1,0,True,1
97,1,Trump,1,7,1,0,True,1
97,2,Trump,1,17,1,0,True,1
97,3,Trump,0,3,0,0,True,1
97,4,Trump,1,31,1,0,True,1
97,5,Trump,1,36,1,0,True,1
97,6,Trump,0,4,0,0,True,1
97,7,Trump,2,11,2,0,True,1
98,0,Trump,1,4,1,0,True,1
98,1,Trump,1,9,1,0,True,1
98,2,Trump,1,7,1,0,True,1
98,3,Trump,1,17,1,0,True,1
98,4,Trump,1,6,1,0,True,1
98,5,Trump,2,31,2,0,True,1
98,6,Trump,2,11,2,0,True,1
99,0,Trump,0,6,0,0,True,1
99,1,Trump,1,16,1,0,True,1
99,2,Trump,0,14,0,0,True,1
99,3,Trump,2,8,2,0,True,1
99,4,Trump,1,15,1,0,True,1
99,5,Trump,2,19,2,0,True,1
99,6,Trump,0,5,0,0,True,1
99,7,Trump,1,11,1,0,True,1
99,8,Trump,1,18,1,0,True,1
100,0,Trump,1,19,1,0,True,1
100,1,Trump,1,35,1,0,True,1
100,2,Trump,0,36,0,0,True,1
100,3,Trump,0,18,0,0,True,1
100,4,Trump,1,14,1,0,True,1
100,5,Trump,0,3,0,0,True,1
100,6,Trump,1,30,1,0,True,1
100,7,Trump,0,9,0,0,True,1
100,8,Trump,0,4,0,0,True,1
101,0,Trump,2,28,2,0,True,1
101,1,Trump,2,11,2,0,True,1
101,2,Trump,1,50,1,0,True,1
101,3,Trump,1,54,1,0,True,1
101,4,Trump,4,16,4,0,True,1
101,5,Trump,2,50,2,0,True,1
101,6,Trump,0,4,0,0,True,1
102,0,Trump,1,27,1,0,True,1
102,1,Trump,2,20,2,0,True,1
102,2,Trump,0,15,0,0,True,1
102,3,Trump,2,28,2,0,True,1
102,4,Trump,1,26,1,0,True,1
102,5,Trump,0,14,0,0,True,1
102,6,Trump,2,11,2,0,True,1
102,7,Trump,1,9,1,0,True,1
103,0,Trump,1,12,1,0,True,1
103,1,Trump,1,13,1,0,True,1
103,2,Trump,1,6,1,0,True,1
103,3,Trump,1,9,1,0,True,1
103,4,Trump,1,28,1,0,True,1
103,5,Trump,2,28,2,0,True,1
104,0,Trump,1,17,1,0,True,1
104,1,Trump,1,20,1,0,True,1
104,2,Trump,1,27,1,0,True,1
104,3,Trump,0,2,0,0,True,1
104,4,Trump,1,1,1,0,True,1
104,5,Trump,0,0,0,0,True,1
105,0,Trump,1,20,1,0,True,1
105,1,Trump,2,11,2,0,True,1
105,2,Trump,1,4,1,0,True,1
105,3,Trump,2,1,1,1,False,1
105,4,Trump,1,15,1,0,True,1
105,5,Trump,1,31,1,0,True,1
105,6,Trump,2,4,2,0,True,1
106,0,Trump,1,8,1,0,True,1
106,1,Trump,1,10,1,0,True,1
106,2,Trump,0,13,0,0,True,1
106,3,Trump,2,7,2,0,True,1
106,4,Trump,1,12,1,0,True,1
106,5,Trump,2,7,2,0,True,1
106,6,Trump,1,9,1,0,True,1
106,7,Trump,2,4,2,0,True,1
106,8,Trump,1,14,1,0,True,1
107,0,Trump,1,18,1,0,True,1
107,1,Trump,1,6,1,0,True,1
107,2,Trump,2,11,2,0,True,1
107,3,Trump,2,5,2,0,True,1
107,4,Trump,1,19,1,0,True,1
107,5,Trump,1,8,1,0,True,1
107,6,Trump,1,17,1,0,True,1
108,0,Trump,2,9,2,0,True,1
108,1,Trump,2,9,2,0,True,1
108,2,Trump,3,9,3,0,True,1
108,3,Trump,3,12,3,0,True,1
108,4,Trump,5,6,5,0,True,1
108,5,Trump,5,9,5,0,True,1
108,6,Trump,1,10,1,0,True,1
109,0,Trump,2,25,2,0,True,1
109,1,Trump,3,41,3,0,True,1
109,2,Trump,1,26,1,0,True,1
109,3,Trump,2,12,2,0,True,1
109,4,Trump,3,40,3,0,True,1
109,5,Trump,0,8,0,0,True,1
109,6,Trump,0,20,0,0,True,1
109,7,Trump,2,16,2,0,True,1
109,8,Trump,0,6,0,0,True,1
109,9,Trump,0,10,0,0,True,1
110,0,Trump,1,35,1,0,True,1
110,1,Trump,1,28,1,0,True,1
110,2,Trump,3,43,3,0,True,1
110,3,Trump,1,4,1,0,True,1
110,4,Trump,0,11,0,0,True,1
110,5,Trump,0,27,0,0,True,1
110,6,Trump,1,19,1,0,True,1
110,7,Trump,0,23,0,0,True,1
111,0,Trump,2,15,2,0,True,1
111,1,Trump,1,13,1,0,True,1
111,2,Trump,1,18,1,0,True,1
111,3,Trump,1,32,1,0,True,1
111,4,Trump,2,8,2,0,True,1
111,5,Trump,3,5,3,0,True,1
111,6,Trump,0,1,0,0,True,1
111,7,Trump,0,3,0,0,True,1
112,0,Trump,1,12,1,0,True,1
112,1,Trump,1,7,1,0,True,1
112,2,Trump,1,51,1,0,True,1
112,3,Trump,0,9,0,0,True,1
112,4,Trump,0,50,0,0,True,1
112,5,Trump,0,14,0,0,True,1
112,6,Trump,1,21,1,0,True,1
112,7,Trump,1,19,1,0,True,1
113,0,Trump,1,21,1,0,True,1
113,1,Trump,1,38,1,0,True,1
113,2,Trump,1,8,1,0,True,1
113,3,Trump,1,17,1,0,True,1
113,4,Trump,0,5,0,0,True,1
113,5,Trump,1,13,1,0,True,1
113,6,Trump,1,18,1,0,True,1
113,7,Trump,1,50,1,0,True,1
114,0,Trump,0,17,0,0,True,1
114,1,Trump,0,7,0,0,True,1
114,2,Trump,2,12,2,0,True,1
114,3,Trump,2,34,2,0,True,1
114,4,Trump,1,15,1,0,True,1
114,5,Trump,0,4,0,0,True,1
114,6,Trump,1,11,1,0,True,1
115,0,Trump,0,17,0,0,True,1
115,1,Trump,0,13,0,0,True,1
115,2,Trump,0,9,0,0,True,1
115,3,Trump,0,22,0,0,True,1
115,4,Trump,0,32,0,0,True,1
115,5,Trump,0,46,0,0,True,1
115,6,Trump,1,12,1,0,True,1
116,0,Trump,1,54,1,0,True,1
116,1,Trump,1,49,1,0,True,1
116,2,Trump,1,9,1,0,True,1
116,3,Trump,1,27,1,0,True,1
116,4,Trump,1,35,1,0,True,1
116,5,Trump,1,12,1,0,True,1
116,6,Trump,1,8,1,0,True,1
117,0,Trump,1,44,1,0,True,1
117,1,Trump,1,49,1,0,True,1
117,2,Trump,0,4,0,0,True,1
117,3,Trump,1,5,1,0,True,1
117,4,Trump,2,40,2,0,True,1
117,5,Trump,0,0,0,0,True,1
117,6,Trump,1,21,1,0,True,1
117,7,Trump,1,53,1,0,True,1
117,8,Trump,1,48,1,0,True,1
117,9,Trump,1,8,1,0,True,1
118,0,Trump,0,4,0,0,True,1
118,1,Trump,3,38,3,0,True,1
118,2,Trump,2,3,2,0,True,1
118,3,Trump,1,5,1,0,True,1
118,4,Trump,0,6,0,0,True,1
118,5,Trump,1,5,1,0,True,1
118,6,Trump,1,19,1,0,True,1
118,7,Trump,0,18,0,0,True,1
119,0,Trump,1,14,1,0,True,1
119,1,Trump,1,12,1,0,True,1
119,2,Trump,1,35,1,0,True,1
119,3,Trump,1,36,1,0,True,1
119,4,Trump,1,40,1,0,True,1
119,5,Trump,0,4,0,0,True,1
119,6,Trump,1,23,1,0,True,1
119,7,Trump,1,13,1,0,True,1
120,0,Trump,3,16,3,0,True,1
120,1,Trump,3,10,3,0,True,1
120,2,Trump,4,7,4,0,True,1
120,3,Trump,4,14,4,0,True,1
120,4,Trump,3,21,3,0,True,1
120,5,Trump,3,16,3,0,True,1
120,6,Trump,4,14,4,0,True,1
120,7,Trump,0,13,0,0,True,1
121,0,Trump,1,4,1,0,True,1
121,1,Trump,0,3,0,0,True,1
121,2,Trump,2,11,2,0,True,1
121,3,Trump,0,9,0,0,True,1
121,4,Trump,1,9,1,0,True,1
121,5,Trump,0,6,0,0,True,1
121,6,Trump,1,20,1,0,True,1
121,7,Trump,0,17,0,0,True,1
121,8,Trump,1,0,0,1,False,1
122,0,Trump,1,7,1,0,True,1
122,1,Trump,1,54,1,0,True,1
122,2,Trump,2,19,2,0,True,1
122,3,Trump,3,13,3,0,True,1
122,4,Trump,2,30,2,0,True,1
122,5,Trump,2,22,2,0,True,1
123,0,Trump,0,19,0,0,True,1
123,1,Trump,0,25,0,0,True,1
123,2,Trump,1,45,1,0,True,1
123,3,Trump,1,53,1,0,True,1
123,4,Trump,0,48,0,0,True,1
123,5,Trump,0,33,0,0,True,1
123,6,Trump,0,5,0,0,True,1
124,0,Trump,1,9,1,0,True,1
124,1,Trump,1,13,1,0,True,1
124,2,Trump,2,27,2,0,True,1
124,3,Trump,0,4,0,0,True,1
124,4,Trump,1,24,1,0,True,1
124,5,Trump,3,29,3,0,True,1
124,6,Trump,1,9,1,0,True,1
124,7,Trump,2,11,2,0,True,1
125,0,Trump,1,6,1,0,True,1
125,1,Trump,2,6,2,0,True,1
125,2,Trump,2,6,2,0,True,1
125,3,Trump,2,6,2,0,True,1
125,4,Trump,0,5,0,0,True,1
125,5,Trump,2,4,2,0,True,1
125,6,Trump,2,2,2,0,True,1
126,0,Trump,3,27,3,0,True,1
126,1,Trump,2,17,2,0,True,1
126,2,Trump,3,17,3,0,True,1
126,3,Trump,2,8,2,0,True,1
126,4,Trump,3,16,3,0,True,1
126,5,Trump,1,6,1,0,True,1
126,6,Trump,2,10,2,0,True,1
127,0,Trump,0,17,0,0,True,1
127,1,Trump,1,20,1,0,True,1
127,2,Trump,1,15,1,0,True,1
127,3,Trump,1,17,1,0,True,1
127,4,Trump,1,14,1,0,True,1
127,5,Trump,1,13,1,0,True,1
127,6,Trump,0,15,0,0,True,1
127,7,Trump,0,2,0,0,True,1
128,0,Trump,0,10,0,0,True,1
128,1,Trump,2,18,2,0,True,1
128,2,Trump,1,33,1,0,True,1
128,3,Trump,1,17,1,0,True,1
128,4,Trump,0,19,0,0,True,1
128,5,Trump,2,8,2,0,True,1
128,6,Trump,1,28,1,0,True,1
129,0,Trump,0,10,0,0,True,1
129,1,Trump,2,11,2,0,True,1
129,2,Trump,1,12,1,0,True,1
129,3,Trump,0,41,0,0,True,1
129,4,Trump,0,13,0,0,True,1
129,5,Trump,1,12,1,0,True,1
129,6,Trump,2,20,2,0,True,1
130,0,Trump,1,20,1,0,True,1
130,1,Trump,1,21,1,0,True,1
130,2,Trump,1,8,1,0,True,1
130,3,Trump,1,3,1,0,True,1
130,4,Trump,1,3,1,0,True,1
130,5,Trump,1,23,1,0,True,1
130,6,Trump,0,2,0,0,True,1
131,0,Trump,1,17,1,0,True,1
131,1,Trump,2,6,2,0,True,1
131,2,Trump,1,5,1,0,True,1
131,3,Trump,2,41,2,0,True,1
131,4,Trump,0,9,0,0,True,1
131,5,Trump,0,22,0,0,True,1
131,6,Trump,1,29,1,0,True,1
132,0,Trump,2,12,2,0,True,1
132,1,Trump,2,18,2,0,True,1
132,2,Trump,1,61,1,0,True,1
132,3,Trump,2,13,2,0,True,1
132,4,Trump,1,48,1,0,True,1
132,5,Trump,1,5,1,0,True,1
132,6,Trump,1,10,1,0,True,1
133,0,Trump,0,2,0,0,True,1
133,1,Trump,2,24,2,0,True,1
133,2,Trump,0,2,0,0,True,1
133,3,Trump,0,3,0,0,True,1
133,4,Trump,1,25,1,0,True,1
133,5,Trump,0,10,0,0,True,1
134,0,Trump,1,15,1,0,True,1
134,1,Trump,1,16,1,0,True,1
134,2,Trump,1,28,1,0,True,1
134,3,Trump,2,16,2,0,True,1
134,4,Trump,2,10,2,0,True,1
134,5,Trump,1,8,1,0,True,1
134,6,Trump,1,6,1,0,True,1
134,7,Trump,0,0,0,0,True,1
135,0,Trump,1,30,1,0,True,1
135,1,Trump,0,12,0,0,True,1
135,2,Trump,1,13,1,0,True,1
135,3,Trump,1,6,1,0,True,1
135,4,Trump,1,13,1,0,True,1
135,5,Trump,1,8,1,0,True,1
135,6,Trump,1,2,1,0,True,1
135,7,Trump,0,4,0,0,True,1
136,0,Trump,0,3,0,0,True,1
136,1,Trump,0,10,0,0,True,1
136,2,Trump,0,10,0,0,True,1
136,3,Trump,0,11,0,0,True,1
136,4,Trump,0,47,0,0,True,1
136,5,Trump,0,32,0,0,True,1
136,6,Trump,0,2,0,0,True,1
136,7,Trump,1,16,1,0,True,1
136,8,Trump,1,34,1,0,True,1
137,0,Trump,0,8,0,0,True,1
137,1,Trump,1,14,1,0,True,1
137,2,Trump,2,16,2,0,True,1
137,3,Trump,0,8,0,0,True,1
137,4,Trump,1,22,1,0,True,1
137,5,Trump,1,8,1,0,True,1
137,6,Trump,4,48,4,0,True,1
138,0,Trump,4,24,4,0,True,1
138,1,Trump,1,11,1,0,True,1
138,2,Trump,2,16,2,0,True,1
138,3,Trump,1,21,1,0,True,1
138,4,Trump,2,6,2,0,True,1
138,5,Trump,2,6,2,0,True,1
139,0,Trump,0,3,0,0,True,1
139,1,Trump,0,5,0,0,True,1
139,2,Trump,2,6,2,0,True,1
139,3,Trump,0,4,0,0,True,1
139,4,Trump,2,7,2,0,True,1
139,5,Trump,2,2,2,0,True,1
139,6,Trump,0,9,0,0,True,1
139,7,Trump,1,4,1,0,True,1
139,8,Trump,1,25,1,0,True,1
139,9,Trump,2,8,2,0,True,1
140,0,Trump,1,9,1,0,True,1
140,1,Trump,0,3,0,0,True,1
140,2,Trump,0,5,0,0,True,1
140,3,Trump,0,17,0,0,True,1
140,4,Trump,2,15,2,0,True,1
140,5,Trump,1,8,1,0,True,1
140,6,Trump,2,9,2,0,True,1
141,0,Trump,2,11,2,0,True,1
141,1,Trump,2,10,2,0,True,1
141,2,Trump,1,20,1,0,True,1
141,3,Trump,1,6,1,0,True,1
141,4,Trump,0,15,0,0,True,1
141,5,Trump,0,18,0,0,True,1
141,6,Trump,0,7,0,0,True,1
142,0,Trump,1,38,1,0,True,1
142,1,Trump,1,23,1,0,True,1
142,2,Trump,1,3,1,0,True,1
142,3,Trump,5,40,5,0,True,1
142,4,Trump,1,41,1,0,True,1
142,5,Trump,1,9,1,0,True,1
142,6,Trump,2,50,2,0,True,1
142,7,Trump,0,10,0,0,True,1
142,8,Trump,1,12,1,0,True,1
143,0,Trump,0,20,0,0,True,1
143,1,Trump,1,14,1,0,True,1
143,2,Trump,1,21,1,0,True,1
143,3,Trump,1,18,1,0,True,1
143,4,Trump,0,10,0,0,True,1
143,5,Trump,0,19,0,0,True,1
144,0,Trump,3,43,3,0,True,1
144,1,Trump,0,4,0,0,True,1
144,2,Trump,2,19,2,0,True,1
144,3,Trump,1,6,1,0,True,1
144,4,Trump,0,18,0,0,True,1
144,5,Trump,1,7,1,0,True,1
144,6,Trump,1,53,1,0,True,1
145,0,Trump,1,36,1,0,True,1
145,1,Trump,0,12,0,0,True,1
145,2,Trump,0,2,0,0,True,1
145,3,Trump,1,5,1,0,True,1
145,4,Trump,1,10,1,0,True,1
145,5,Trump,1,5,1,0,True,1
145,6,Trump,2,4,2,0,True,1
145,7,Trump,1,5,1,0,True,1
146,0,Trump,1,2,1,0,True,1
146,1,Trump,1,8,1,0,True,1
146,2,Trump,1,29,1,0,True,1
146,3,Trump,1,5,1,0,True,1
146,4,Trump,1,1,1,0,True,1
146,5,Trump,2,3,2,0,True,1
146,6,Trump,2,8,2,0,True,1
147,0,Trump,0,18,0,0,True,1
147,1,Trump,2,28,2,0,True,1
147,2,Trump,0,6,0,0,True,1
147,3,Trump,0,5,0,0,True,1
147,4,Trump,2,5,2,0,True,1
147,5,Trump,2,4,2,0,True,1
147,6,Trump,2,14,2,0,True,1
148,0,Trump,4,16,4,0,True,1
148,1,Trump,2,8,2,0,True,1
148,2,Trump,0,2,0,0,True,1
148,3,Trump,2,10,2,0,True,1
148,4,Trump,1,6,1,0,True,1
149,0,Trump,1,57,1,0,True,1
149,1,Trump,1,12,1,0,True,1
149,2,Trump,2,20,2,0,True,1
149,3,Trump,1,14,1,0,True,1
149,4,Trump,2,37,2,0,True,1
149,5,Trump,0,5,0,0,True,1
149,6,Trump,1,6,1,0,True,1
150,0,Trump,3,9,3,0,True,1
150,1,Trump,0,6,0,0,True,1
150,2,Trump,0,13,0,0,True,1
150,3,Trump,1,14,1,0,True,1
150,4,Trump,1,1,1,0,True,1
150,5,Trump,0,4,0,0,True,1
151,0,Trump,1,20,1,0,True,1
151,1,Trump,1,6,1,0,True,1
151,2,Trump,0,14,0,0,True,1
151,3,Trump,0,7,0,0,True,1
151,4,Trump,2,28,2,0,True,1
151,5,Trump,1,10,1,0,True,1
151,6,Trump,0,4,0,0,True,1
152,0,Trump,1,12,1,0,True,1
152,1,Trump,1,18,1,0,True,1
152,2,Trump,1,8,1,0,True,1
152,3,Trump,1,2,1,0,True,1
152,4,Trump,1,23,1,0,True,1
152,5,Trump,0,12,0,0,True,1
153,0,Trump,2,5,2,0,True,1
153,1,Trump,3,38,3,0,True,1
153,2,Trump,1,17,1,0,True,1
153,3,Trump,0,13,0,0,True,1
153,4,Trump,2,11,2,0,True,1
153,5,Trump,1,6,1,0,True,1
153,6,Trump,1,13,1,0,True,1
153,7,Trump,3,6,3,0,True,1
154,0,Trump,1,26,1,0,True,1
154,1,Trump,0,32,0,0,True,1
154,2,Trump,0,28,0,0,True,1
154,3,Trump,1,55,1,0,True,1
154,4,Trump,0,20,0,0,True,1
154,5,Trump,2,34,2,0,True,1
154,6,Trump,1,41,1,0,True,1
155,0,Trump,2,29,2,0,True,1
155,1,Trump,0,17,0,0,True,1
155,2,Trump,1,35,1,0,True,1
155,3,Trump,3,24,3,0,True,1
155,4,Trump,2,32,2,0,True,1
155,5,Trump,1,23,1,0,True,1
155,6,Trump,0,40,0,0,True,1
156,0,Trump,1,23,1,0,True,1
156,1,Trump,2,30,2,0,True,1
156,2,Trump,1,19,1,0,True,1
156,3,Trump,1,11,1,0,True,1
156,4,Trump,1,39,1,0,True,1
156,5,Trump,1,9,1,0,True,1
157,0,Trump,1,1,1,0,True,1
157,1,Trump,1,2,1,0,True,1
157,2,Trump,0,4,0,0,True,1
157,3,Trump,1,4,1,0,True,1
157,4,Trump,2,9,2,0,True,1
157,5,Trump,0,28,0,0,True,1
158,0,Trump,0,0,0,0,True,1
158,1,Trump,1,45,1,0,True,1
158,2,Trump,1,28,1,0,True,1
158,3,Trump,3,28,3,0,True,1
158,4,Trump,0,1,0,0,True,1
158,5,Trump,2,9,2,0,True,1
158,6,Trump,1,22,1,0,True,1
158,7,Trump,1,37,1,0,True,1
158,8,Trump,1,31,1,0,True,1
159,0,Trump,1,10,1,0,True,1
159,1,Trump,0,13,0,0,True,1
159,2,Trump,1,7,1,0,True,1
159,3,Trump,2,9,2,0,True,1
159,4,Trump,1,29,1,0,True,1
159,5,Trump,1,15,1,0,True,1
159,6,Trump,2,9,2,0,True,1
159,7,Trump,1,8,1,0,True,1
160,0,Trump,0,1,0,0,True,1
160,1,Trump,0,12,0,0,True,1
160,2,Trump,1,27,1,0,True,1
160,3,Trump,1,9,1,0,True,1
160,4,Trump,0,12,0,0,True,1
160,5,Trump,0,10,0,0,True,1
160,6,Trump,2,38,2,0,True,1
160,7,Trump,0,2,0,0,True,1
160,8,Trump,1,31,1,0,True,1
161,0,Trump,1,12,1,0,True,1
161,1,Trump,1,27,1,0,True,1
161,2,Trump,3,22,3,0,True,1
161,3,Trump,1,10,1,0,True,1
161,4,Trump,1,12,1,0,True,1
161,5,Trump,2,10,2,0,True,1
161,6,Trump,1,12,1,0,True,1
162,0,Trump,0,19,0,0,True,1
162,1,Trump,1,16,1,0,True,1
162,2,Trump,1,12,1,0,True,1
162,3,Trump,1,3,1,0,True,1
162,4,Trump,0,4,0,0,True,1
162,5,Trump,2,12,2,0,True,1
162,6,Trump,0,3,0,0,True,1
162,7,Trump,1,6,1,0,True,1
163,0,Trump,2,4,2,0,True,1
163,1,Trump,0,8,0,0,True,1
163,2,Trump,2,58,2,0,True,1
163,3,Trump,0,7,0,0,True,1
163,4,Trump,1,8,1,0,True,1
163,5,Trump,2,16,2,0,True,1
163,6,Trump,1,9,1,0,True,1
163,7,Trump,1,6,1,0,True,1
164,0,Trump,1,12,1,0,True,1
164,1,Trump,1,9,1,0,True,1
164,2,Trump,1,30,1,0,True,1
164,3,Trump,2,3,2,0,True,1
164,4,Trump,1,24,1,0,True,1
164,5,Trump,2,23,2,0,True,1
165,0,Trump,0,17,0,0,True,1
165,1,Trump,0,3,0,0,True,1
165,2,Trump,0,35,0,0,True,1
165,3,Trump,0,4,0,0,True,1
165,4,Trump,0,4,0,0,True,1
165,5,Trump,0,42,0,0,True,1
165,6,Trump,0,8,0,0,True,1
165,7,Trump,2,26,2,0,True,1
166,0,Trump,0,5,0,0,True,1
166,1,Trump,1,22,1,0,True,1
166,2,Trump,0,4,0,0,True,1
166,3,Trump,1,27,1,0,True,1
166,4,Trump,0,12,0,0,True,1
166,5,Trump,1,21,1,0,True,1
166,6,Trump,1,29,1,0,True,1
166,7,Trump,2,25,2,0,True,1
167,0,Trump,2,34,2,0,True,1
167,1,Trump,0,3,0,0,True,1
167,2,Trump,0,9,0,0,True,1
167,3,Trump,0,15,0,0,True,1
167,4,Trump,1,18,1,0,True,1
167,5,Trump,1,6,1,0,True,1
167,6,Trump,2,11,2,0,True,1
168,0,Trump,0,16,0,0,True,1
168,1,Trump,0,5,0,0,True,1
168,2,Trump,0,0,0,0,True,1
168,3,Trump,1,37,1,0,True,1
168,4,Trump,0,3,0,0,True,1
168,5,Trump,0,16,0,0,True,1
168,6,Trump,2,38,2,0,True,1
168,7,Trump,1,37,1,0,True,1
169,0,Trump,1,7,1,0,True,1
169,1,Trump,1,14,1,0,True,1
169,2,Trump,2,8,2,0,True,1
169,3,Trump,2,6,2,0,True,1
169,4,Trump,2,28,2,0,True,1
169,5,Trump,2,14,2,0,True,1
169,6,Trump,1,11,1,0,True,1
169,7,Trump,1,19,1,0,True,1
170,0,Trump,0,6,0,0,True,1
170,1,Trump,0,50,0,0,True,1
170,2,Trump,0,4,0,0,True,1
170,3,Trump,0,0,0,0,True,1
170,4,Trump,0,17,0,0,True,1
170,5,Trump,2,52,2,0,True,1
170,6,Trump,0,20,0,0,True,1
170,7,Trump,0,35,0,0,True,1
171,0,Trump,2,29,2,0,True,1
171,1,Trump,0,17,0,0,True,1
171,2,Trump,0,29,0,0,True,1
171,3,Trump,1,31,1,0,True,1
171,4,Trump,0,16,0,0,True,1
171,5,Trump,0,4,0,0,True,1
171,6,Trump,0,2,0,0,True,1
171,7,Trump,2,21,2,0,True,1
172,0,Trump,1,8,1,0,True,1
172,1,Trump,0,8,0,0,True,1
172,2,Trump,0,11,0,0,True,1
172,3,Trump,1,25,1,0,True,1
172,4,Trump,0,16,0,0,True,1
172,5,Trump,1,20,1,0,True,1
172,6,Trump,1,14,1,0,True,1
172,7,Trump,0,13,0,0,True,1
173,0,Trump,2,9,2,0,True,1
173,1,Trump,1,24,1,0,True,1
173,2,Trump,0,4,0,0,True,1
173,3,Trump,2,16,2,0,True,1
173,4,Trump,0,23,0,0,True,1
173,5,Trump,2,11,2,0,True,1
173,6,Trump,0,0,0,0,True,1
173,7,Trump,0,0,0,0,True,1
174,0,Trump,1,16,1,0,True,1
174,1,Trump,2,26,2,0,True,1
174,2,Trump,0,8,0,0,True,1
174,3,Trump,1,12,1,0,True,1
174,4,Trump,2,30,2,0,True,1
174,5,Trump,1,7,1,0,True,1
174,6,Trump,2,32,2,0,True,1
174,7,Trump,2,13,2,0,True,1
175,0,Trump,0,18,0,0,True,1
175,1,Trump,1,37,1,0,True,1
175,2,Trump,0,2,0,0,True,1
175,3,Trump,1,32,1,0,True,1
175,4,Trump,1,19,1,0,True,1
175,5,Trump,0,21,0,0,True,1
175,6,Trump,0,0,0,0,True,1
176,0,Trump,1,7,1,0,True,1
176,1,Trump,2,11,2,0,True,1
176,2,Trump,1,15,1,0,True,1
176,3,Trump,1,6,1,0,True,1
176,4,Trump,2,5,2,0,True,1
176,5,Trump,1,44,1,0,True,1
177,0,Trump,2,12,2,0,True,1
177,1,Trump,1,10,1,0,True,1
177,2,Trump,1,8,1,0,True,1
177,3,Trump,1,11,1,0,True,1
177,4,Trump,1,4,1,0,True,1
177,5,Trump,0,8,0,0,True,1
177,6,Trump,1,29,1,0,True,1
178,0,Trump,0,5,0,0,True,1
178,1,Trump,2,48,2,0,True,1
178,2,Trump,3,48,3,0,True,1
178,3,Trump,1,29,1,0,True,1
178,4,Trump,2,9,2,0,True,1
178,5,Trump,1,55,1,0,True,1
179,0,Trump,0,23,0,0,True,1
179,1,Trump,0,9,0,0,True,1
179,2,Trump,1,38,1,0,True,1
179,3,Trump,1,34,1,0,True,1
179,4,Trump,1,26,1,0,True,1
179,5,Trump,2,42,2,0,True,1
179,6,Trump,1,31,1,0,True,1
179,7,Trump,1,27,1,0,True,1
180,0,Trump,0,13,0,0,True,1
180,1,Trump,0,11,0,0,True,1
180,2,Trump,0,20,0,0,True,1
180,3,Trump,0,16,0,0,True,1
180,4,Trump,0,20,0,0,True,1
180,5,Trump,0,16,0,0,True,1
180,6,Trump,0,13,0,0,True,1
181,0,Trump,1,22,1,0,True,1
181,1,Trump,1,12,1,0,True,1
181,2,Trump,1,15,1,0,True,1
181,3,Trump,0,18,0,0,True,1
181,4,Trump,0,2,0,0,True,1
181,5,Trump,1,25,1,0,True,1
181,6,Trump,1,14,1,0,True,1
181,7,Trump,1,8,1,0,True,1
181,8,Trump,1,17,1,0,True,1
182,0,Trump,0,9,0,0,True,1
182,1,Trump,0,13,0,0,True,1
182,2,Trump,1,41,1,0,True,1
182,3,Trump,0,8,0,0,True,1
182,4,Trump,1,17,1,0,True,1
182,5,Trump,0,12,0,0,True,1
182,6,Trump,1,44,1,0,True,1
183,0,Trump,0,9,0,0,True,1
183,1,Trump,2,26,2,0,True,1
183,2,Trump,1,15,1,0,True,1
183,3,Trump,1,11,1,0,True,1
183,4,Trump,0,0,0,0,True,1
183,5,Trump,1,10,1,0,True,1
183,6,Trump,0,43,0,0,True,1
184,0,Trump,1,4,1,0,True,1
184,1,Trump,0,26,0,0,True,1
184,2,Trump,1,2,1,0,True,1
184,3,Trump,2,7,2,0,True,1
184,4,Trump,1,4,1,0,True,1
184,5,Trump,1,2,1,0,True,1
184,6,Trump,1,21,1,0,True,1
184,7,Trump,1,11,1,0,True,1
184,8,Trump,1,9,1,0,True,1
185,0,Trump,0,11,0,0,True,1
185,1,Trump,1,20,1,0,True,1
185,2,Trump,1,9,1,0,True,1
185,3,Trump,1,10,1,0,True,1
185,4,Trump,0,7,0,0,True,1
185,5,Trump,2,27,2,0,True,1
185,6,Trump,0,5,0,0,True,1
186,0,Trump,0,21,0,0,True,1
186,1,Trump,0,10,0,0,True,1
186,2,Trump,2,35,2,0,True,1
186,3,Trump,1,49,1,0,True,1
186,4,Trump,0,15,0,0,True,1
186,5,Trump,4,44,4,0,True,1
186,6,Trump,0,4,0,0,True,1
186,7,Trump,0,10,0,0,True,1
187,0,Trump,0,14,0,0,True,1
187,1,Trump,0,3,0,0,True,1
187,2,Trump,0,14,0,0,True,1
187,3,Trump,0,14,0,0,True,1
187,4,Trump,0,15,0,0,True,1
187,5,Trump,0,18,0,0,True,1
187,6,Trump,1,8,1,0,True,1
187,7,Trump,0,12,0,0,True,1
188,0,Trump,0,3,0,0,True,1
188,1,Trump,0,12,0,0,True,1
188,2,Trump,10,42,10,0,True,1
188,3,Trump,0,15,0,0,True,1
188,4,Trump,2,6,2,0,True,1
188,5,Trump,1,45,1,0,True,1
188,6,Trump,1,10,1,0,True,1
188,7,Trump,1,14,1,0,True,1
189,0,Trump,0,25,0,0,True,1
189,1,Trump,1,26,1,0,True,1
189,2,Trump,1,6,1,0,True,1
189,3,Trump,1,9,1,0,True,1
189,4,Trump,1,33,1,0,True,1
189,5,Trump,0,8,0,0,True,1
189,6,Trump,1,11,1,0,True,1
190,0,Trump,0,51,0,0,True,1
190,1,Trump,1,32,1,0,True,1
190,2,Trump,1,51,1,0,True,1
190,3,Trump,1,22,1,0,True,1
190,4,Trump,0,14,0,0,True,1
190,5,Trump,0,38,0,0,True,1
190,6,Trump,1,43,1,0,True,1
191,0,Trump,2,28,2,0,True,1
191,1,Trump,4,11,4,0,True,1
191,2,Trump,2,16,2,0,True,1
191,3,Trump,1,27,1,0,True,1
191,4,Trump,1,40,1,0,True,1
191,5,Trump,2,1,1,1,False,1
192,0,Trump,1,21,1,0,True,1
192,1,Trump,1,32,1,0,True,1
192,2,Trump,1,9,1,0,True,1
192,3,Trump,1,4,1,0,True,1
192,4,Trump,1,11,1,0,True,1
192,5,Trump,1,15,1,0,True,1
192,6,Trump,1,18,1,0,True,1
193,0,Trump,1,46,1,0,True,1
193,1,Trump,0,12,0,0,True,1
193,2,Trump,1,17,1,0,True,1
193,3,Trump,0,24,0,0,True,1
193,4,Trump,1,38,1,0,True,1
193,5,Trump,1,51,1,0,True,1
193,6,Trump,0,7,0,0,True,1
194,0,Trump,1,15,1,0,True,1
194,1,Trump,0,16,0,0,True,1
194,2,Trump,0,12,0,0,True,1
194,3,Trump,1,41,1,0,True,1
194,4,Trump,0,14,0,0,True,1
194,5,Trump,0,17,0,0,True,1
194,6,Trump,1,16,1,0,True,1
194,7,Trump,0,17,0,0,True,1
194,8,Trump,0,5,0,0,True,1
195,0,Trump,1,9,1,0,True,1
195,1,Trump,1,22,1,0,True,1
195,2,Trump,0,3,0,0,True,1
195,3,Trump,1,26,1,0,True,1
195,4,Trump,1,13,1,0,True,1
195,5,Trump,0,17,0,0,True,1
195,6,Trump,1,10,1,0,True,1
195,7,Trump,0,12,0,0,True,1
196,0,Trump,1,31,1,0,True,1
196,1,Trump,1,41,1,0,True,1
196,2,Trump,1,49,1,0,True,1
196,3,Trump,1,51,1,0,True,1
196,4,Trump,1,19,1,0,True,1
196,5,Trump,0,11,0,0,True,1
197,0,Trump,1,21,1,0,True,1
197,1,Trump,1,18,1,0,True,1
197,2,Trump,1,19,1,0,True,1
197,3,Trump,1,9,1,0,True,1
197,4,Trump,1,41,1,0,True,1
197,5,Trump,2,13,2,0,True,1
197,6,Trump,1,8,1,0,True,1
197,7,Trump,1,11,1,0,True,1
197,8,Trump,1,25,1,0,True,1
198,0,Trump,1,30,1,0,True,1
198,1,Trump,0,0,0,0,True,1
198,2,Trump,0,48,0,0,True,1
198,3,Trump,2,26,2,0,True,1
198,4,Trump,1,25,1,0,True,1
198,5,Trump,1,54,1,0,True,1
198,6,Trump,1,26,1,0,True,1
199,0,Trump,2,16,2,0,True,1
199,1,Trump,1,7,1,0,True,1
199,2,Trump,0,4,0,0,True,1
199,3,Trump,0,6,0,0,True,1
199,4,Trump,0,1,0,0,True,1
199,5,Trump,1,30,1,0,True,1
199,6,Trump,0,3,0,0,True,1
199,7,Trump,1,10,1,0,True,1
199,8,Trump,1,15,1,0,True,1
200,0,Trump,0,3,0,0,True,1
200,1,Trump,0,29,0,0,True,1
200,2,Trump,0,5,0,0,True,1
200,3,Trump,0,25,0,0,True,1
200,4,Trump,0,6,0,0,True,1
200,5,Trump,0,21,0,0,True,1
200,6,Trump,0,11,0,0,True,1
200,7,Trump,1,24,1,0,True,1
201,0,Trump,0,28,0,0,True,1
201,1,Trump,1,8,1,0,True,1
201,2,Trump,1,16,1,0,True,1
201,3,Trump,0,24,0,0,True,1
201,4,Trump,2,36,2,0,True,1
201,5,Trump,0,2,0,0,True,1
201,6,Trump,0,7,0,0,True,1
201,7,Trump,1,33,1,0,True,1
202,0,Trump,4,54,4,0,True,1
202,1,Trump,1,61,1,0,True,1
202,2,Trump,1,50,1,0,True,1
202,3,Trump,1,33,1,0,True,1
202,4,Trump,2,34,2,0,True,1
202,5,Trump,2,48,2,0,True,1
203,0,Trump,1,41,1,0,True,1
203,1,Trump,2,15,2,0,True,1
203,2,Trump,0,10,0,0,True,1
203,3,Trump,0,6,0,0,True,1
203,4,Trump,0,19,0,0,True,1
203,5,Trump,0,7,0,0,True,1
203,6,Trump,0,2,0,0,True,1
203,7,Trump,0,35,0,0,True,1
203,8,Trump,0,17,0,0,True,1
204,0,Trump,0,23,0,0,True,1
204,1,Trump,1,38,1,0,True,1
205,0,Trump,2,51,2,0,True,1
205,1,Trump,1,7,1,0,True,1
205,2,Trump,1,33,1,0,True,1
205,3,Trump,2,11,2,0,True,1
205,4,Trump,0,3,0,0,True,1
205,5,Trump,1,17,1,0,True,1
205,6,Trump,0,3,0,0,True,1
205,7,Trump,0,0,0,0,True,1
206,0,Trump,1,27,1,0,True,1
206,1,Trump,2,33,2,0,True,1
206,2,Trump,1,17,1,0,True,1
206,3,Trump,0,18,0,0,True,1
206,4,Trump,1,17,1,0,True,1
206,5,Trump,1,29,1,0,True,1
206,6,Trump,1,3,1,0,True,1
206,7,Trump,1,9,1,0,True,1
207,0,Trump,0,1,0,0,True,1
207,1,Trump,0,19,0,0,True,1
207,2,Trump,1,20,1,0,True,1
207,3,Trump,0,8,0,0,True,1
207,4,Trump,2,34,2,0,True,1
207,5,Trump,0,18,0,0,True,1
208,0,Trump,2,19,2,0,True,1
208,1,Trump,1,6,1,0,True,1
208,2,Trump,1,3,1,0,True,1
208,3,Trump,1,11,1,0,True,1
208,4,Trump,0,5,0,0,True,1
208,5,Trump,0,42,0,0,True,1
208,6,Trump,4,16,4,0,True,1
208,7,Trump,0,6,0,0,True,1
208,8,Trump,0,14,0,0,True,1
209,0,Trump,0,5,0,0,True,1
209,1,Trump,0,4,0,0,True,1
209,2,Trump,1,8,1,0,True,1
209,3,Trump,1,58,1,0,True,1
209,4,Trump,1,54,1,0,True,1
209,5,Trump,2,19,2,0,True,1
209,6,Trump,1,10,1,0,True,1
210,0,Trump,0,2,0,0,True,1
210,1,Trump,1,11,1,0,True,1
210,2,Trump,3,38,3,0,True,1
210,3,Trump,2,24,2,0,True,1
210,4,Trump,1,38,1,0,True,1
210,5,Trump,0,24,0,0,True,1
210,6,Trump,2,41,2,0,True,1
210,7,Trump,1,35,1,0,True,1
211,0,Trump,1,4,1,0,True,1
211,1,Trump,0,3,0,0,True,1
211,2,Trump,1,6,1,0,True,1
211,3,Trump,1,8,1,0,True,1
211,4,Trump,2,50,2,0,True,1
211,5,Trump,1,13,1,0,True,1
212,0,Trump,0,22,0,0,True,1
212,1,Trump,0,3,0,0,True,1
212,2,Trump,0,4,0,0,True,1
212,3,Trump,1,36,1,0,True,1
212,4,Trump,1,4,1,0,True,1
212,5,Trump,0,2,0,0,True,1
213,0,Trump,1,35,1,0,True,1
213,1,Trump,1,26,1,0,True,1
213,2,Trump,1,34,1,0,True,1
213,3,Trump,1,19,1,0,True,1
213,4,Trump,1,22,1,0,True,1
213,5,Trump,2,22,2,0,True,1
213,6,Trump,1,31,1,0,True,1
214,0,Trump,1,19,1,0,True,1
214,1,Trump,2,22,2,0,True,1
214,2,Trump,0,3,0,0,True,1
214,3,Trump,1,12,1,0,True,1
214,4,Trump,0,5,0,0,True,1
214,5,Trump,1,16,1,0,True,1
214,6,Trump,1,6,1,0,True,1
215,0,Trump,2,37,2,0,True,1
215,1,Trump,2,38,2,0,True,1
215,2,Trump,2,46,2,0,True,1
215,3,Trump,2,44,2,0,True,1
215,4,Trump,2,47,2,0,True,1
215,5,Trump,2,41,2,0,True,1
215,6,Trump,2,38,2,0,True,1
216,0,Trump,2,18,2,0,True,1
216,1,Trump,2,39,2,0,True,1
216,2,Trump,2,29,2,0,True,1
216,3,Trump,1,20,1,0,True,1
216,4,Trump,0,28,0,0,True,1
216,5,Trump,1,30,1,0,True,1
216,6,Trump,1,11,1,0,True,1
217,0,Trump,1,41,1,0,True,1
217,1,Trump,1,11,1,0,True,1
217,2,Trump,1,29,1,0,True,1
217,3,Trump,2,28,2,0,True,1
217,4,Trump,2,23,2,0,True,1
217,5,Trump,1,13,1,0,True,1
218,0,Trump,0,19,0,0,True,1
218,1,Trump,0,40,0,0,True,1
218,2,Trump,0,2,0,0,True,1
218,3,Trump,0,61,0,0,True,1
218,4,Trump,0,55,0,0,True,1
218,5,Trump,2,52,2,0,True,1
218,6,Trump,0,57,0,0,True,1
218,7,Trump,0,3,0,0,True,1
219,0,Trump,0,7,0,0,True,1
219,1,Trump,0,9,0,0,True,1
219,2,Trump,0,8,0,0,True,1
219,3,Trump,0,48,0,0,True,1
219,4,Trump,1,24,1,0,True,1
219,5,Trump,1,8,1,0,True,1
219,6,Trump,1,11,1,0,True,1
219,7,Trump,1,12,1,0,True,1
220,0,Trump,2,43,2,0,True,1
220,1,Trump,0,1,0,0,True,1
220,2,Trump,1,0,0,1,False,1
220,3,Trump,0,3,0,0,True,1
220,4,Trump,0,2,0,0,True,1
220,5,Trump,2,6,2,0,True,1
220,6,Trump,0,3,0,0,True,1
221,0,Trump,1,20,1,0,True,1
221,1,Trump,0,12,0,0,True,1
221,2,Trump,1,12,1,0,True,1
221,3,Trump,2,30,2,0,True,1
221,4,Trump,1,11,1,0,True,1
221,5,Trump,1,19,1,0,True,1
221,6,Trump,2,39,2,0,True,1
222,0,Trump,1,13,1,0,True,1
222,1,Trump,2,17,2,0,True,1
222,2,Trump,1,8,1,0,True,1
222,3,Trump,1,13,1,0,True,1
222,4,Trump,1,13,1,0,True,1
222,5,Trump,0,28,0,0,True,1
223,0,Trump,0,9,0,0,True,1
223,1,Trump,2,30,2,0,True,1
223,2,Trump,0,54,0,0,True,1
223,3,Trump,0,6,0,0,True,1
223,4,Trump,1,44,1,0,True,1
223,5,Trump,1,12,1,0,True,1
223,6,Trump,0,20,0,0,True,1
223,7,Trump,0,39,0,0,True,1
224,0,Trump,0,4,0,0,True,1
224,1,Trump,1,11,1,0,True,1
224,2,Trump,1,16,1,0,True,1
224,3,Trump,1,37,1,0,True,1
224,4,Trump,1,15,1,0,True,1
224,5,Trump,0,8,0,0,True,1
225,0,Trump,0,13,0,0,True,1
225,1,Trump,0,8,0,0,True,1
225,2,Trump,2,54,2,0,True,1
225,3,Trump,0,55,0,0,True,1
225,4,Trump,0,28,0,0,True,1
225,5,Trump,1,28,1,0,True,1
225,6,Trump,1,8,1,0,True,1
226,0,Trump,0,5,0,0,True,1
226,1,Trump,1,17,1,0,True,1
226,2,Trump,0,15,0,0,True,1
226,3,Trump,1,6,1,0,True,1
226,4,Trump,1,29,1,0,True,1
226,5,Trump,2,7,2,0,True,1
226,6,Trump,1,12,1,0,True,1
227,0,Trump,1,4,1,0,True,1
227,1,Trump,1,17,1,0,True,1
227,2,Trump,1,13,1,0,True,1
227,3,Trump,2,5,2,0,True,1
227,4,Trump,1,10,1,0,True,1
227,5,Trump,1,13,1,0,True,1
227,6,Trump,1,1,1,0,True,1
227,7,Trump,0,4,0,0,True,1
228,0,Trump,0,3,0,0,True,1
228,1,Trump,2,56,2,0,True,1
228,2,Trump,0,9,0,0,True,1
228,3,Trump,0,4,0,0,True,1
228,4,Trump,0,8,0,0,True,1
228,5,Trump,1,12,1,0,True,1
228,6,Trump,0,47,0,0,True,1
228,7,Trump,1,22,1,0,True,1
229,0,Trump,1,4,1,0,True,1
229,1,Trump,1,15,1,0,True,1
229,2,Trump,0,11,0,0,True,1
229,3,Trump,1,17,1,0,True,1
229,4,Trump,0,39,0,0,True,1
229,5,Trump,1,13,1,0,True,1
229,6,Trump,2,20,2,0,True,1
229,7,Trump,1,26,1,0,True,1
229,8,Trump,1,22,1,0,True,1
229,9,Trump,0,24,0,0,True,1
230,0,Trump,0,25,0,0,True,1
230,1,Trump,0,19,0,0,True,1
230,2,Trump,0,19,0,0,True,1
230,3,Trump,0,8,0,0,True,1
230,4,Trump,0,45,0,0,True,1
230,5,Trump,0,20,0,0,True,1
230,6,Trump,0,11,0,0,True,1
231,0,Trump,2,37,2,0,True,1
231,1,Trump,1,4,1,0,True,1
231,2,Trump,1,9,1,0,True,1
231,3,Trump,1,44,1,0,True,1
231,4,Trump,1,15,1,0,True,1
231,5,Trump,1,15,1,0,True,1
231,6,Trump,1,25,1,0,True,1
231,7,Trump,0,1,0,0,True,1
232,0,Trump,2,21,2,0,True,1
232,1,Trump,1,16,1,0,True,1
232,2,Trump,1,51,1,0,True,1
232,3,Trump,2,39,2,0,True,1
232,4,Trump,0,2,0,0,True,1
232,5,Trump,1,21,1,0,True,1
232,6,Trump,0,5,0,0,True,1
232,7,Trump,0,10,0,0,True,1
233,0,Trump,2,24,2,0,True,1
233,1,Trump,4,38,4,0,True,1
233,2,Trump,2,3,2,0,True,1
233,3,Trump,1,19,1,0,True,1
233,4,Trump,3,11,3,0,True,1
233,5,Trump,1,12,1,0,True,1
234,0,Trump,1,22,1,0,True,1
234,1,Trump,0,5,0,0,True,1
234,2,Trump,0,6,0,0,True,1
234,3,Trump,0,8,0,0,True,1
234,4,Trump,0,6,0,0,True,1
234,5,Trump,1,13,1,0,True,1
234,6,Trump,1,19,1,0,True,1
234,7,Trump,0,1,0,0,True,1
235,0,Trump,0,18,0,0,True,1
235,1,Trump,2,44,2,0,True,1
235,2,Trump,0,18,0,0,True,1
235,3,Trump,0,24,0,0,True,1
235,4,Trump,0,40,0,0,True,1
235,5,Trump,0,6,0,0,True,1
235,6,Trump,0,5,0,0,True,1
236,0,Trump,1,2,1,0,True,1
236,1,Trump,1,26,1,0,True,1
236,2,Trump,0,39,0,0,True,1
236,3,Trump,0,2,0,0,True,1
236,4,Trump,2,21,2,0,True,1
236,5,Trump,0,14,0,0,True,1
237,0,Trump,0,7,0,0,True,1
237,1,Trump,3,45,3,0,True,1
237,2,Trump,1,55,1,0,True,1
237,3,Trump,1,19,1,0,True,1
237,4,Trump,0,7,0,0,True,1
237,5,Trump,1,44,1,0,True,1
237,6,Trump,1,47,1,0,True,1
238,0,Trump,0,25,0,0,True,1
238,1,Trump,0,7,0,0,True,1
238,2,Trump,0,5,0,0,True,1
238,3,Trump,1,7,1,0,True,1
238,4,Trump,0,26,0,0,True,1
238,5,Trump,0,18,0,0,True,1
238,6,Trump,0,10,0,0,True,1
238,7,Trump,1,41,1,0,True,1
239,0,Trump,0,29,0,0,True,1
239,1,Trump,1,22,1,0,True,1
239,2,Trump,0,9,0,0,True,1
239,3,Trump,1,17,1,0,True,1
239,4,Trump,1,32,1,0,True,1
239,5,Trump,1,8,1,0,True,1
239,6,Trump,2,21,2,0,True,1
239,7,Trump,1,54,1,0,True,1
239,8,Trump,0,19,0,0,True,1
240,0,Trump,1,49,1,0,True,1
240,1,Trump,1,35,1,0,True,1
240,2,Trump,1,46,1,0,True,1
240,3,Trump,1,36,1,0,True,1
240,4,Trump,1,38,1,0,True,1
240,5,Trump,1,18,1,0,True,1
241,0,Trump,1,8,1,0,True,1
241,1,Trump,1,18,1,0,True,1
241,2,Trump,0,17,0,0,True,1
241,3,Trump,1,9,1,0,True,1
241,4,Trump,1,15,1,0,True,1
241,5,Trump,1,10,1,0,True,1
241,6,Trump,0,13,0,0,True,1
241,7,Trump,1,10,1,0,True,1
242,0,Trump,1,4,1,0,True,1
242,1,Trump,1,8,1,0,True,1
242,2,Trump,1,26,1,0,True,1
242,3,Trump,2,19,2,0,True,1
242,4,Trump,1,17,1,0,True,1
242,5,Trump,1,6,1,0,True,1
242,6,Trump,1,8,1,0,True,1
243,0,Trump,1,4,1,0,True,1
243,1,Trump,0,11,0,0,True,1
243,2,Trump,2,25,2,0,True,1
243,3,Trump,1,12,1,0,True,1
243,4,Trump,1,13,1,0,True,1
243,5,Trump,1,37,1,0,True,1
243,6,Trump,1,28,1,0,True,1
243,7,Trump,1,6,1,0,True,1
244,0,Trump,1,24,1,0,True,1
244,1,Trump,1,30,1,0,True,1
244,2,Trump,1,26,1,0,True,1
244,3,Trump,2,28,2,0,True,1
244,4,Trump,2,19,2,0,True,1
244,5,Trump,2,9,2,0,True,1
244,6,Trump,1,13,1,0,True,1
245,0,Trump,0,11,0,0,True,1
245,1,Trump,2,16,2,0,True,1
245,2,Trump,1,6,1,0,True,1
245,3,Trump,1,20,1,0,True,1
245,4,Trump,1,8,1,0,True,1
245,5,Trump,4,29,4,0,True,1
245,6,Trump,1,33,1,0,True,1
246,0,Trump,0,5,0,0,True,1
246,1,Trump,0,10,0,0,True,1
246,2,Trump,2,23,2,0,True,1
246,3,Trump,0,23,0,0,True,1
246,4,Trump,2,12,2,0,True,1
246,5,Trump,0,17,0,0,True,1
246,6,Trump,1,17,1,0,True,1
246,7,Trump,1,26,1,0,True,1
246,8,Trump,1,10,1,0,True,1
247,0,Trump,2,9,2,0,True,1
247,1,Trump,1,32,1,0,True,1
247,2,Trump,0,53,0,0,True,1
247,3,Trump,2,32,2,0,True,1
247,4,Trump,2,24,2,0,True,1
247,5,Trump,1,52,1,0,True,1
247,6,Trump,1,8,1,0,True,1
248,0,Trump,1,12,1,0,True,1
248,1,Trump,2,22,2,0,True,1
248,2,Trump,1,6,1,0,True,1
248,3,Trump,0,26,0,0,True,1
248,4,Trump,1,25,1,0,True,1
248,5,Trump,0,41,0,0,True,1
248,6,Trump,2,38,2,0,True,1
249,0,Trump,1,2,1,0,True,1
249,1,Trump,0,24,0,0,True,1
249,2,Trump,1,40,1,0,True,1
249,3,Trump,0,2,0,0,True,1
249,4,Trump,0,3,0,0,True,1
249,5,Trump,0,26,0,0,True,1
249,6,Trump,0,27,0,0,True,1
249,7,Trump,1,53,1,0,True,1
250,0,Trump,1,21,1,0,True,1
250,1,Trump,2,34,2,0,True,1
250,2,Trump,1,1,1,0,True,1
250,3,Trump,0,2,0,0,True,1
250,4,Trump,0,4,0,0,True,1
250,5,Trump,0,17,0,0,True,1
250,6,Trump,0,15,0,0,True,1
250,7,Trump,1,10,1,0,True,1
250,8,Trump,2,50,2,0,True,1
251,0,Trump,0,3,0,0,True,1
251,1,Trump,1,7,1,0,True,1
251,2,Trump,0,2,0,0,True,1
251,3,Trump,1,3,1,0,True,1
251,4,Trump,1,11,1,0,True,1
251,5,Trump,1,14,1,0,True,1
251,6,Trump,1,15,1,0,True,1
252,0,Trump,1,33,1,0,True,1
252,1,Trump,0,10,0,0,True,1
252,2,Trump,1,44,1,0,True,1
252,3,Trump,1,32,1,0,True,1
252,4,Trump,1,45,1,0,True,1
252,5,Trump,1,15,1,0,True,1
252,6,Trump,1,31,1,0,True,1
252,7,Trump,1,13,1,0,True,1
253,0,Trump,0,8,0,0,True,1
253,1,Trump,2,8,2,0,True,1
253,2,Trump,1,48,1,0,True,1
253,3,Trump,1,15,1,0,True,1
253,4,Trump,2,54,2,0,True,1
253,5,Trump,1,47,1,0,True,1
253,6,Trump,1,18,1,0,True,1
253,7,Trump,0,20,0,0,True,1
253,8,Trump,0,10,0,0,True,1
253,9,Trump,0,27,0,0,True,1
254,0,Trump,1,3,1,0,True,1
254,1,Trump,1,17,1,0,True,1
254,2,Trump,1,26,1,0,True,1
254,3,Trump,1,6,1,0,True,1
254,4,Trump,1,3,1,0,True,1
255,0,Trump,0,55,0,0,True,1
255,1,Trump,0,6,0,0,True,1
255,2,Trump,0,6,0,0,True,1
255,3,Trump,1,5,1,0,True,1
255,4,Trump,0,5,0,0,True,1
255,5,Trump,0,15,0,0,True,1
256,0,Trump,1,42,1,0,True,1
256,1,Trump,1,17,1,0,True,1
256,2,Trump,0,10,0,0,True,1
256,3,Trump,1,25,1,0,True,1
256,4,Trump,1,4,1,0,True,1
256,5,Trump,2,24,2,0,True,1
256,6,Trump,2,40,2,0,True,1
256,7,Trump,0,5,0,0,True,1
257,0,Trump,2,11,2,0,True,1
257,1,Trump,1,15,1,0,True,1
257,2,Trump,0,33,0,0,True,1
257,3,Trump,1,7,1,0,True,1
257,4,Trump,0,10,0,0,True,1
257,5,Trump,2,15,2,0,True,1
257,6,Trump,0,5,0,0,True,1
258,0,Trump,2,11,2,0,True,1
258,1,Trump,1,19,1,0,True,1
258,2,Trump,0,15,0,0,True,1
258,3,Trump,1,9,1,0,True,1
258,4,Trump,2,15,2,0,True,1
258,5,Trump,1,13,1,0,True,1
258,6,Trump,3,38,3,0,True,1
258,7,Trump,1,25,1,0,True,1
259,0,Trump,2,16,2,0,True,1
259,1,Trump,0,10,0,0,True,1
259,2,Trump,3,44,3,0,True,1
259,3,Trump,1,11,1,0,True,1
259,4,Trump,2,50,2,0,True,1
259,5,Trump,0,3,0,0,True,1
259,6,Trump,2,21,2,0,True,1
259,7,Trump,0,27,0,0,True,1
260,0,Trump,1,12,1,0,True,1
260,1,Trump,1,15,1,0,True,1
260,2,Trump,1,41,1,0,True,1
260,3,Trump,0,7,0,0,True,1
260,4,Trump,1,6,1,0,True,1
260,5,Trump,1,6,1,0,True,1
260,6,Trump,1,12,1,0,True,1
261,0,Trump,2,23,2,0,True,1
261,1,Trump,1,15,1,0,True,1
261,2,Trump,2,34,2,0,True,1
261,3,Trump,2,25,2,0,True,1
261,4,Trump,2,13,2,0,True,1
261,5,Trump,3,11,3,0,True,1
261,6,Trump,3,36,3,0,True,1
261,7,Trump,2,29,2,0,True,1
262,0,Trump,1,17,1,0,True,1
262,1,Trump,1,12,1,0,True,1
262,2,Trump,0,4,0,0,True,1
262,3,Trump,1,5,1,0,True,1
262,4,Trump,1,18,1,0,True,1
262,5,Trump,2,11,2,0,True,1
262,6,Trump,2,38,2,0,True,1
263,0,Trump,1,29,1,0,True,1
263,1,Trump,0,5,0,0,True,1
263,2,Trump,1,34,1,0,True,1
263,3,Trump,0,4,0,0,True,1
263,4,Trump,0,49,0,0,True,1
263,5,Trump,0,38,0,0,True,1
263,6,Trump,0,1,0,0,True,1
264,0,Trump,2,21,2,0,True,1
264,1,Trump,0,3,0,0,True,1
264,2,Trump,1,12,1,0,True,1
264,3,Trump,0,17,0,0,True,1
264,4,Trump,1,7,1,0,True,1
264,5,Trump,2,12,2,0,True,1
264,6,Trump,1,14,1,0,True,1
264,7,Trump,1,19,1,0,True,1
265,0,Trump,1,20,1,0,True,1
265,1,Trump,1,42,1,0,True,1
265,2,Trump,0,3,0,0,True,1
265,3,Trump,0,30,0,0,True,1
265,4,Trump,1,19,1,0,True,1
265,5,Trump,1,17,1,0,True,1
265,6,Trump,0,17,0,0,True,1
266,0,Trump,0,23,0,0,True,1
266,1,Trump,2,14,2,0,True,1
266,2,Trump,1,37,1,0,True,1
266,3,Trump,0,3,0,0,True,1
266,4,Trump,2,19,2,0,True,1
266,5,Trump,2,11,2,0,True,1
267,0,Trump,1,16,1,0,True,1
267,1,Trump,1,12,1,0,True,1
267,2,Trump,1,40,1,0,True,1
267,3,Trump,1,13,1,0,True,1
267,4,Trump,0,4,0,0,True,1
267,5,Trump,4,48,4,0,True,1
267,6,Trump,1,11,1,0,True,1
268,0,Trump,0,12,0,0,True,1
268,1,Trump,0,18,0,0,True,1
268,2,Trump,0,34,0,0,True,1
268,3,Trump,2,39,2,0,True,1
268,4,Trump,0,27,0,0,True,1
268,5,Trump,1,24,1,0,True,1
269,0,Trump,2,19,2,0,True,1
269,1,Trump,1,11,1,0,True,1
269,2,Trump,1,13,1,0,True,1
269,3,Trump,1,5,1,0,True,1
269,4,Trump,1,14,1,0,True,1
269,5,Trump,1,13,1,0,True,1
270,0,Trump,0,6,0,0,True,1
270,1,Trump,1,3,1,0,True,1
270,2,Trump,1,21,1,0,True,1
270,3,Trump,1,28,1,0,True,1
270,4,Trump,1,10,1,0,True,1
270,5,Trump,0,27,0,0,True,1
270,6,Trump,1,17,1,0,True,1
270,7,Trump,0,3,0,0,True,1
271,0,Trump,1,15,1,0,True,1
271,1,Trump,2,20,2,0,True,1
271,2,Trump,1,17,1,0,True,1
271,3,Trump,1,15,1,0,True,1
271,4,Trump,1,0,0,1,False,1
271,5,Trump,1,3,1,0,True,1
271,6,Trump,2,11,2,0,True,1
272,0,Trump,1,26,1,0,True,1
272,1,Trump,1,19,1,0,True,1
272,2,Trump,2,7,2,0,True,1
272,3,Trump,2,36,2,0,True,1
272,4,Trump,0,10,0,0,True,1
272,5,Trump,1,33,1,0,True,1
272,6,Trump,1,13,1,0,True,1
273,0,Trump,2,23,2,0,True,1
273,1,Trump,1,13,1,0,True,1
273,2,Trump,1,9,1,0,True,1
273,3,Trump,1,11,1,0,True,1
273,4,Trump,2,22,2,0,True,1
273,5,Trump,2,29,2,0,True,1
274,0,Trump,1,17,1,0,True,1
274,1,Trump,0,2,0,0,True,1
274,2,Trump,0,3,0,0,True,1
274,3,Trump,2,10,2,0,True,1
274,4,Trump,1,6,1,0,True,1
274,5,Trump,2,3,2,0,True,1
274,6,Trump,1,10,1,0,True,1
275,0,Trump,1,51,1,0,True,1
275,1,Trump,5,48,5,0,True,1
275,2,Trump,0,9,0,0,True,1
275,3,Trump,0,9,0,0,True,1
275,4,Trump,3,41,3,0,True,1
275,5,Trump,2,33,2,0,True,1
275,6,Trump,2,45,2,0,True,1
276,0,Trump,2,34,2,0,True,1
276,1,Trump,1,25,1,0,True,1
276,2,Trump,1,18,1,0,True,1
276,3,Trump,2,10,2,0,True,1
276,4,Trump,1,19,1,0,True,1
276,5,Trump,1,16,1,0,True,1
276,6,Trump,0,5,0,0,True,1
277,0,Trump,0,10,0,0,True,1
277,1,Trump,2,12,2,0,True,1
277,2,Trump,1,34,1,0,True,1
277,3,Trump,1,8,1,0,True,1
277,4,Trump,1,15,1,0,True,1
277,5,Trump,1,3,1,0,True,1
277,6,Trump,0,5,0,0,True,1
278,0,Trump,2,15,2,0,True,1
278,1,Trump,1,31,1,0,True,1
278,2,Trump,1,6,1,0,True,1
278,3,Trump,0,12,0,0,True,1
278,4,Trump,1,11,1,0,True,1
278,5,Trump,1,7,1,0,True,1
278,6,Trump,0,6,0,0,True,1
279,0,Trump,1,9,1,0,True,1
279,1,Trump,0,22,0,0,True,1
279,2,Trump,1,8,1,0,True,1
279,3,Trump,1,27,1,0,True,1
279,4,Trump,1,18,1,0,True,1
279,5,Trump,1,12,1,0,True,1
279,6,Trump,2,50,2,0,True,1
280,0,Trump,2,14,2,0,True,1
280,1,Trump,1,6,1,0,True,1
280,2,Trump,2,20,2,0,True,1
280,3,Trump,1,9,1,0,True,1
280,4,Trump,2,3,2,0,True,1
280,5,Trump,2,6,2,0,True,1
280,6,Trump,2,6,2,0,True,1
281,0,Trump,2,23,2,0,True,1
281,1,Trump,2,16,2,0,True,1
281,2,Trump,0,19,0,0,True,1
281,3,Trump,0,46,0,0,True,1
281,4,Trump,2,6,2,0,True,1
281,5,Trump,0,0,0,0,True,1
281,6,Trump,1,21,1,0,True,1
282,0,Trump,1,11,1,0,True,1
282,1,Trump,0,2,0,0,True,1
282,2,Trump,0,15,0,0,True,1
282,3,Trump,1,19,1,0,True,1
282,4,Trump,0,17,0,0,True,1
282,5,Trump,0,21,0,0,True,1
282,6,Trump,1,8,1,0,True,1
282,7,Trump,0,11,0,0,True,1
283,0,Trump,4,45,4,0,True,1
283,1,Trump,0,10,0,0,True,1
283,2,Trump,1,7,1,0,True,1
283,3,Trump,0,57,0,0,True,1
283,4,Trump,1,13,1,0,True,1
283,5,Trump,1,16,1,0,True,1
283,6,Trump,0,17,0,0,True,1
284,0,Trump,0,7,0,0,True,1
284,1,Trump,0,17,0,0,True,1
284,2,Trump,1,3,1,0,True,1
284,3,Trump,1,9,1,0,True,1
284,4,Trump,1,21,1,0,True,1
284,5,Trump,0,9,0,0,True,1
284,6,Trump,0,4,0,0,True,1
284,7,Trump,0,4,0,0,True,1
284,8,Trump,1,8,1,0,True,1
285,0,Trump,1,11,1,0,True,1
285,1,Trump,0,23,0,0,True,1
285,2,Trump,0,10,0,0,True,1
285,3,Trump,1,11,1,0,True,1
285,4,Trump,0,12,0,0,True,1
285,5,Trump,1,12,1,0,True,1
285,6,Trump,0,4,0,0,True,1
285,7,Trump,2,41,2,0,True,1
286,0,Trump,0,3,0,0,True,1
286,1,Trump,0,6,0,0,True,1
286,2,Trump,1,15,1,0,True,1
286,3,Trump,0,17,0,0,True,1
286,4,Trump,0,15,0,0,True,1
286,5,Trump,0,30,0,0,True,1
286,6,Trump,0,30,0,0,True,1
286,7,Trump,0,4,0,0,True,1
287,0,Trump,1,19,1,0,True,1
287,1,Trump,2,19,2,0,True,1
287,2,Trump,1,16,1,0,True,1
287,3,Trump,2,13,2,0,True,1
287,4,Trump,2,40,2,0,True,1
287,5,Trump,0,3,0,0,True,1
287,6,Trump,0,15,0,0,True,1
287,7,Trump,1,18,1,0,True,1
287,8,Trump,0,1,0,0,True,1
288,0,Trump,2,12,2,0,True,1
288,1,Trump,1,14,1,0,True,1
288,2,Trump,2,23,2,0,True,1
288,3,Trump,3,38,3,0,True,1
288,4,Trump,1,29,1,0,True,1
288,5,Trump,1,54,1,0,True,1
288,6,Trump,1,10,1,0,True,1
288,7,Trump,1,42,1,0,True,1
288,8,Trump,1,15,1,0,True,1
289,0,Trump,1,26,1,0,True,1
289,1,Trump,1,12,1,0,True,1
289,2,Trump,1,10,1,0,True,1
289,3,Trump,1,26,1,0,True,1
289,4,Trump,1,8,1,0,True,1
289,5,Trump,0,9,0,0,True,1
289,6,Trump,1,38,1,0,True,1
290,0,Trump,1,10,1,0,True,1
290,1,Trump,1,19,1,0,True,1
290,2,Trump,2,20,2,0,True,1
290,3,Trump,1,20,1,0,True,1
290,4,Trump,1,11,1,0,True,1
290,5,Trump,1,12,1,0,True,1
290,6,Trump,1,57,1,0,True,1
290,7,Trump,0,18,0,0,True,1
291,0,Trump,2,28,2,0,True,1
291,1,Trump,2,25,2,0,True,1
291,2,Trump,2,33,2,0,True,1
291,3,Trump,2,32,2,0,True,1
291,4,Trump,0,27,0,0,True,1
291,5,Trump,2,25,2,0,True,1
291,6,Trump,2,25,2,0,True,1
292,0,Trump,1,13,1,0,True,1
292,1,Trump,1,16,1,0,True,1
292,2,Trump,1,13,1,0,True,1
292,3,Trump,1,20,1,0,True,1
292,4,Trump,1,18,1,0,True,1
292,5,Trump,2,19,2,0,True,1
292,6,Trump,2,17,2,0,True,1
293,0,Trump,1,5,1,0,True,1
293,1,Trump,1,11,1,0,True,1
293,2,Trump,1,9,1,0,True,1
293,3,Trump,0,3,0,0,True,1
293,4,Trump,0,13,0,0,True,1
293,5,Trump,2,16,2,0,True,1
293,6,Trump,1,6,1,0,True,1
293,7,Trump,1,11,1,0,True,1
294,0,Trump,1,9,1,0,True,1
294,1,Trump,1,12,1,0,True,1
294,2,Trump,1,17,1,0,True,1
294,3,Trump,2,11,2,0,True,1
294,4,Trump,0,7,0,0,True,1
294,5,Trump,1,23,1,0,True,1
295,0,Trump,1,8,1,0,True,1
295,1,Trump,1,20,1,0,True,1
295,2,Trump,2,11,2,0,True,1
295,3,Trump,3,37,3,0,True,1
295,4,Trump,2,32,2,0,True,1
295,5,Trump,4,36,4,0,True,1
295,6,Trump,1,33,1,0,True,1
296,0,Trump,1,12,1,0,True,1
296,1,Trump,0,6,0,0,True,1
296,2,Trump,1,65,1,0,True,1
296,3,Trump,1,11,1,0,True,1
296,4,Trump,1,12,1,0,True,1
296,5,Trump,1,13,1,0,True,1
296,6,Trump,0,9,0,0,True,1
296,7,Trump,2,48,2,0,True,1
296,8,Trump,1,11,1,0,True,1
297,0,Trump,0,16,0,0,True,1
297,1,Trump,0,5,0,0,True,1
297,2,Trump,0,4,0,0,True,1
297,3,Trump,0,7,0,0,True,1
297,4,Trump,1,12,1,0,True,1
297,5,Trump,0,7,0,0,True,1
297,6,Trump,0,1,0,0,True,1
297,7,Trump,1,28,1,0,True,1
298,0,Trump,0,39,0,0,True,1
298,1,Trump,0,48,0,0,True,1
298,2,Trump,1,10,1,0,True,1
298,3,Trump,0,5,0,0,True,1
298,4,Trump,0,27,0,0,True,1
298,5,Trump,0,7,0,0,True,1
298,6,Trump,1,13,1,0,True,1
298,7,Trump,0,1,0,0,True,1
299,0,Trump,1,17,1,0,True,1
299,1,Trump,1,22,1,0,True,1
299,2,Trump,0,28,0,0,True,1
299,3,Trump,1,21,1,0,True,1
299,4,Trump,0,2,0,0,True,1
299,5,Trump,1,15,1,0,True,1
299,6,Trump,1,23,1,0,True,1
299,7,Trump,2,11,2,0,True,1
299,8,Trump,1,4,1,0,True,1
300,0,Trump,1,39,1,0,True,1
300,1,Trump,1,38,1,0,True,1
300,2,Trump,0,44,0,0,True,1
300,3,Trump,0,34,0,0,True,1
300,4,Trump,0,24,0,0,True,1
300,5,Trump,0,22,0,0,True,1
300,6,Trump,0,7,0,0,True,1
300,7,Trump,0,23,0,0,True,1
301,0,Trump,1,25,1,0,True,1
301,1,Trump,2,7,2,0,True,1
301,2,Trump,2,30,2,0,True,1
301,3,Trump,2,16,2,0,True,1
301,4,Trump,2,20,2,0,True,1
301,5,Trump,1,16,1,0,True,1
301,6,Trump,2,6,2,0,True,1
301,7,Trump,1,20,1,0,True,1
302,0,Trump,0,8,0,0,True,1
302,1,Trump,1,17,1,0,True,1
302,2,Trump,0,15,0,0,True,1
302,3,Trump,0,2,0,0,True,1
302,4,Trump,1,4,1,0,True,1
302,5,Trump,1,32,1,0,True,1
302,6,Trump,1,55,1,0,True,1
302,7,Trump,2,9,2,0,True,1
303,0,Trump,2,17,2,0,True,1
303,1,Trump,3,33,3,0,True,1
303,2,Trump,0,11,0,0,True,1
303,3,Trump,1,22,1,0,True,1
303,4,Trump,2,33,2,0,True,1
304,0,Trump,0,16,0,0,True,1
304,1,Trump,1,5,1,0,True,1
304,2,Trump,1,19,1,0,True,1
304,3,Trump,1,8,1,0,True,1
304,4,Trump,1,23,1,0,True,1
304,5,Trump,0,22,0,0,True,1
304,6,Trump,0,0,0,0,True,1
305,0,Trump,0,11,0,0,True,1
305,1,Trump,0,8,0,0,True,1
305,2,Trump,1,11,1,0,True,1
305,3,Trump,0,5,0,0,True,1
305,4,Trump,1,17,1,0,True,1
305,5,Trump,0,7,0,0,True,1
305,6,Trump,1,17,1,0,True,1
305,7,Trump,0,2,0,0,True,1
305,8,Trump,0,15,0,0,True,1
306,0,Trump,0,25,0,0,True,1
306,1,Trump,0,9,0,0,True,1
306,2,Trump,0,17,0,0,True,1
306,3,Trump,1,35,1,0,True,1
306,4,Trump,1,18,1,0,True,1
306,5,Trump,2,47,2,0,True,1
306,6,Trump,1,25,1,0,True,1
306,7,Trump,1,39,1,0,True,1
307,0,Trump,1,0,0,1,False,1
307,1,Trump,1,9,1,0,True,1
307,2,Trump,2,4,2,0,True,1
307,3,Trump,1,0,0,1,False,1
307,4,Trump,1,0,0,1,False,1
307,5,Trump,1,0,0,1,False,1
307,6,Trump,1,0,0,1,False,1
308,0,Trump,0,50,0,0,True,1
308,1,Trump,0,14,0,0,True,1
308,2,Trump,0,17,0,0,True,1
308,3,Trump,0,45,0,0,True,1
308,4,Trump,0,15,0,0,True,1
308,5,Trump,0,48,0,0,True,1
309,0,Trump,1,39,1,0,True,1
309,1,Trump,1,11,1,0,True,1
309,2,Trump,2,17,2,0,True,1
309,3,Trump,1,8,1,0,True,1
309,4,Trump,1,20,1,0,True,1
309,5,Trump,2,46,2,0,True,1
309,6,Trump,2,2,2,0,True,1
309,7,Trump,2,22,2,0,True,1
310,0,Trump,2,27,2,0,True,1
310,1,Trump,2,7,2,0,True,1
310,2,Trump,1,33,1,0,True,1
310,3,Trump,0,26,0,0,True,1
310,4,Trump,1,30,1,0,True,1
310,5,Trump,2,28,2,0,True,1
310,6,Trump,0,6,0,0,True,1
310,7,Trump,1,15,1,0,True,1
311,0,Trump,1,2,1,0,True,1
311,1,Trump,1,22,1,0,True,1
311,2,Trump,4,18,4,0,True,1
311,3,Trump,0,18,0,0,True,1
311,4,Trump,0,22,0,0,True,1
311,5,Trump,1,13,1,0,True,1
311,6,Trump,1,31,1,0,True,1
312,0,Trump,1,42,1,0,True,1
312,1,Trump,1,7,1,0,True,1
312,2,Trump,1,25,1,0,True,1
312,3,Trump,1,8,1,0,True,1
312,4,Trump,0,6,0,0,True,1
312,5,Trump,0,5,0,0,True,1
312,6,Trump,1,10,1,0,True,1
312,7,Trump,0,40,0,0,True,1
312,8,Trump,0,19,0,0,True,1
313,0,Trump,0,2,0,0,True,1
313,1,Trump,0,4,0,0,True,1
313,2,Trump,0,3,0,0,True,1
313,3,Trump,0,3,0,0,True,1
313,4,Trump,0,6,0,0,True,1
313,5,Trump,0,6,0,0,True,1
313,6,Trump,0,9,0,0,True,1
313,7,Trump,0,23,0,0,True,1
313,8,Trump,0,5,0,0,True,1
314,0,Trump,0,4,0,0,True,1
314,1,Trump,1,17,1,0,True,1
314,2,Trump,1,21,1,0,True,1
314,3,Trump,1,51,1,0,True,1
314,4,Trump,0,9,0,0,True,1
314,5,Trump,0,18,0,0,True,1
314,6,Trump,0,7,0,0,True,1
314,7,Trump,0,6,0,0,True,1
315,0,Trump,0,9,0,0,True,1
315,1,Trump,1,19,1,0,True,1
315,2,Trump,1,4,1,0,True,1
315,3,Trump,1,12,1,0,True,1
315,4,Trump,0,18,0,0,True,1
315,5,Trump,3,48,3,0,True,1
315,6,Trump,0,6,0,0,True,1
316,0,Trump,1,58,1,0,True,1
316,1,Trump,1,12,1,0,True,1
316,2,Trump,0,48,0,0,True,1
316,3,Trump,0,16,0,0,True,1
316,4,Trump,1,34,1,0,True,1
317,0,Trump,1,10,1,0,True,1
317,1,Trump,1,6,1,0,True,1
317,2,Trump,1,20,1,0,True,1
317,3,Trump,1,34,1,0,True,1
317,4,Trump,1,22,1,0,True,1
317,5,Trump,0,21,0,0,True,1
318,0,Trump,2,37,2,0,True,1
318,1,Trump,1,9,1,0,True,1
318,2,Trump,4,58,4,0,True,1
318,3,Trump,1,22,1,0,True,1
318,4,Trump,0,11,0,0,True,1
318,5,Trump,1,46,1,0,True,1
318,6,Trump,2,23,2,0,True,1
319,0,Trump,1,47,1,0,True,1
319,1,Trump,1,8,1,0,True,1
319,2,Trump,0,4,0,0,True,1
319,3,Trump,1,19,1,0,True,1
319,4,Trump,1,18,1,0,True,1
319,5,Trump,1,14,1,0,True,1
319,6,Trump,0,15,0,0,True,1
319,7,Trump,1,10,1,0,True,1
320,0,Trump,0,19,0,0,True,1
320,1,Trump,0,7,0,0,True,1
320,2,Trump,0,27,0,0,True,1
320,3,Trump,2,56,2,0,True,1
320,4,Trump,0,33,0,0,True,1
320,5,Trump,0,19,0,0,True,1
320,6,Trump,0,13,0,0,True,1
320,7,Trump,0,24,0,0,True,1
320,8,Trump,0,17,0,0,True,1
321,0,Trump,0,6,0,0,True,1
321,1,Trump,0,0,0,0,True,1
321,2,Trump,0,21,0,0,True,1
321,3,Trump,1,4,1,0,True,1
321,4,Trump,0,27,0,0,True,1
321,5,Trump,2,50,2,0,True,1
322,0,Trump,1,21,1,0,True,1
322,1,Trump,2,18,2,0,True,1
322,2,Trump,1,21,1,0,True,1
322,3,Trump,1,18,1,0,True,1
322,4,Trump,1,15,1,0,True,1
322,5,Trump,1,10,1,0,True,1
322,6,Trump,1,12,1,0,True,1
322,7,Trump,0,10,0,0,True,1
323,0,Trump,1,5,1,0,True,1
323,1,Trump,0,7,0,0,True,1
323,2,Trump,1,14,1,0,True,1
323,3,Trump,0,8,0,0,True,1
323,4,Trump,0,5,0,0,True,1
323,5,Trump,0,5,0,0,True,1
323,6,Trump,2,5,2,0,True,1
323,7,Trump,0,8,0,0,True,1
324,0,Trump,1,38,1,0,True,1
324,1,Trump,0,27,0,0,True,1
324,2,Trump,0,10,0,0,True,1
324,3,Trump,1,9,1,0,True,1
324,4,Trump,1,13,1,0,True,1
324,5,Trump,0,26,0,0,True,1
324,6,Trump,2,31,2,0,True,1
325,0,Trump,0,7,0,0,True,1
325,1,Trump,1,21,1,0,True,1
325,2,Trump,3,26,3,0,True,1
325,3,Trump,1,36,1,0,True,1
325,4,Trump,0,9,0,0,True,1
325,5,Trump,1,18,1,0,True,1
325,6,Trump,1,22,1,0,True,1
326,0,Trump,0,25,0,0,True,1
326,1,Trump,3,11,3,0,True,1
326,2,Trump,1,37,1,0,True,1
326,3,Trump,2,6,2,0,True,1
326,4,Trump,1,35,1,0,True,1
326,5,Trump,1,36,1,0,True,1
326,6,Trump,0,6,0,0,True,1
326,7,Trump,1,35,1,0,True,1
327,0,Trump,1,24,1,0,True,1
327,1,Trump,1,42,1,0,True,1
327,2,Trump,2,29,2,0,True,1
327,3,Trump,1,34,1,0,True,1
327,4,Trump,0,23,0,0,True,1
327,5,Trump,0,15,0,0,True,1
327,6,Trump,0,11,0,0,True,1
327,7,Trump,0,9,0,0,True,1
328,0,Trump,2,12,2,0,True,1
328,1,Trump,2,47,2,0,True,1
328,2,Trump,1,21,1,0,True,1
328,3,Trump,2,9,2,0,True,1
328,4,Trump,0,17,0,0,True,1
328,5,Trump,1,16,1,0,True,1
328,6,Trump,0,8,0,0,True,1
328,7,Trump,0,2,0,0,True,1
328,8,Trump,1,11,1,0,True,1
329,0,Trump,0,1,0,0,True,1
329,1,Trump,0,15,0,0,True,1
329,2,Trump,0,17,0,0,True,1
329,3,Trump,0,16,0,0,True,1
329,4,Trump,0,12,0,0,True,1
329,5,Trump,0,2,0,0,True,1
329,6,Trump,0,3,0,0,True,1
330,0,Trump,1,17,1,0,True,1
330,1,Trump,0,12,0,0,True,1
330,2,Trump,0,17,0,0,True,1
330,3,Trump,0,15,0,0,True,1
330,4,Trump,1,7,1,0,True,1
330,5,Trump,0,3,0,0,True,1
330,6,Trump,1,16,1,0,True,1
330,7,Trump,0,24,0,0,True,1
331,0,Trump,0,23,0,0,True,1
331,1,Trump,1,10,1,0,True,1
331,2,Trump,1,26,1,0,True,1
331,3,Trump,1,16,1,0,True,1
331,4,Trump,1,8,1,0,True,1
331,5,Trump,0,13,0,0,True,1
332,0,Trump,0,21,0,0,True,1
332,1,Trump,0,7,0,0,True,1
332,2,Trump,1,54,1,0,True,1
332,3,Trump,14,43,14,0,True,1
332,4,Trump,0,6,0,0,True,1
332,5,Trump,0,25,0,0,True,1
332,6,Trump,1,55,1,0,True,1
333,0,Trump,1,5,1,0,True,1
333,1,Trump,2,46,2,0,True,1
333,2,Trump,1,8,1,0,True,1
333,3,Trump,1,22,1,0,True,1
333,4,Trump,2,58,2,0,True,1
333,5,Trump,1,44,1,0,True,1
333,6,Trump,1,14,1,0,True,1
333,7,Trump,1,13,1,0,True,1
334,0,Trump,2,51,2,0,True,1
334,1,Trump,0,7,0,0,True,1
334,2,Trump,1,25,1,0,True,1
334,3,Trump,2,32,2,0,True,1
334,4,Trump,2,48,2,0,True,1
334,5,Trump,2,27,2,0,True,1
334,6,Trump,2,41,2,0,True,1
334,7,Trump,1,29,1,0,True,1
335,0,Trump,1,28,1,0,True,1
335,1,Trump,2,34,2,0,True,1
335,2,Trump,0,30,0,0,True,1
335,3,Trump,3,38,3,0,True,1
335,4,Trump,1,51,1,0,True,1
335,5,Trump,0,20,0,0,True,1
335,6,Trump,0,23,0,0,True,1
336,0,Trump,0,5,0,0,True,1
336,1,Trump,0,9,0,0,True,1
336,2,Trump,0,9,0,0,True,1
336,3,Trump,0,12,0,0,True,1
336,4,Trump,0,30,0,0,True,1
336,5,Trump,0,24,0,0,True,1
336,6,Trump,2,50,2,0,True,1
336,7,Trump,1,23,1,0,True,1
337,0,Trump,1,11,1,0,True,1
337,1,Trump,1,36,1,0,True,1
337,2,Trump,1,51,1,0,True,1
337,3,Trump,1,2,1,0,True,1
337,4,Trump,1,11,1,0,True,1
337,5,Trump,1,4,1,0,True,1
338,0,Trump,1,28,1,0,True,1
338,1,Trump,0,21,0,0,True,1
338,2,Trump,0,20,0,0,True,1
338,3,Trump,1,27,1,0,True,1
338,4,Trump,1,11,1,0,True,1
338,5,Trump,2,30,2,0,True,1
338,6,Trump,2,6,2,0,True,1
339,0,Trump,0,5,0,0,True,1
339,1,Trump,1,5,1,0,True,1
339,2,Trump,2,14,2,0,True,1
339,3,Trump,1,10,1,0,True,1
339,4,Trump,1,15,1,0,True,1
339,5,Trump,1,6,1,0,True,1
339,6,Trump,1,20,1,0,True,1
339,7,Trump,2,3,2,0,True,1
339,8,Trump,0,5,0,0,True,1
340,0,Trump,1,17,1,0,True,1
340,1,Trump,0,4,0,0,True,1
340,2,Trump,0,6,0,0,True,1
340,3,Trump,1,29,1,0,True,1
340,4,Trump,0,8,0,0,True,1
340,5,Trump,1,9,1,0,True,1
340,6,Trump,1,5,1,0,True,1
340,7,Trump,2,12,2,0,True,1
341,0,Trump,0,19,0,0,True,1
341,1,Trump,0,3,0,0,True,1
341,2,Trump,0,41,0,0,True,1
341,3,Trump,2,45,2,0,True,1
341,4,Trump,0,24,0,0,True,1
341,5,Trump,0,48,0,0,True,1
342,0,Trump,1,46,1,0,True,1
342,1,Trump,0,9,0,0,True,1
342,2,Trump,0,1,0,0,True,1
342,3,Trump,1,53,1,0,True,1
342,4,Trump,0,13,0,0,True,1
342,5,Trump,0,20,0,0,True,1
342,6,Trump,0,16,0,0,True,1
343,0,Trump,1,28,1,0,True,1
343,1,Trump,2,37,2,0,True,1
343,2,Trump,1,20,1,0,True,1
343,3,Trump,0,4,0,0,True,1
343,4,Trump,0,18,0,0,True,1
343,5,Trump,1,9,1,0,True,1
343,6,Trump,0,16,0,0,True,1
344,0,Trump,1,14,1,0,True,1
344,1,Trump,1,33,1,0,True,1
344,2,Trump,1,26,1,0,True,1
344,3,Trump,1,26,1,0,True,1
344,4,Trump,1,15,1,0,True,1
344,5,Trump,0,23,0,0,True,1
344,6,Trump,1,20,1,0,True,1
344,7,Trump,1,32,1,0,True,1
344,8,Trump,2,20,2,0,True,1
345,0,Trump,0,34,0,0,True,1
345,1,Trump,1,14,1,0,True,1
345,2,Trump,1,36,1,0,True,1
345,3,Trump,2,20,2,0,True,1
345,4,Trump,1,22,1,0,True,1
345,5,Trump,0,19,0,0,True,1
345,6,Trump,2,20,2,0,True,1
345,7,Trump,0,0,0,0,True,1
346,0,Trump,0,48,0,0,True,1
346,1,Trump,0,37,0,0,True,1
346,2,Trump,0,36,0,0,True,1
346,3,Trump,0,40,0,0,True,1
346,4,Trump,0,16,0,0,True,1
346,5,Trump,2,38,2,0,True,1
346,6,Trump,1,39,1,0,True,1
347,0,Trump,0,14,0,0,True,1
347,1,Trump,0,26,0,0,True,1
347,2,Trump,0,0,0,0,True,1
347,3,Trump,0,13,0,0,True,1
347,4,Trump,0,10,0,0,True,1
347,5,Trump,0,22,0,0,True,1
347,6,Trump,0,35,0,0,True,1
348,0,Trump,3,54,3,0,True,1
348,1,Trump,0,41,0,0,True,1
348,2,Trump,0,15,0,0,True,1
348,3,Trump,1,27,1,0,True,1
348,4,Trump,0,21,0,0,True,1
348,5,Trump,2,32,2,0,True,1
348,6,Trump,0,10,0,0,True,1
348,7,Trump,0,58,0,0,True,1
348,8,Trump,0,25,0,0,True,1
349,0,Trump,0,0,0,0,True,1
349,1,Trump,0,56,0,0,True,1
349,2,Trump,2,29,2,0,True,1
349,3,Trump,0,38,0,0,True,1
349,4,Trump,0,14,0,0,True,1
349,5,Trump,3,44,3,0,True,1
349,6,Trump,0,54,0,0,True,1
349,7,Trump,0,5,0,0,True,1
350,0,Trump,1,17,1,0,True,1
350,1,Trump,2,15,2,0,True,1
350,2,Trump,2,19,2,0,True,1
350,3,Trump,2,15,2,0,True,1
350,4,Trump,2,13,2,0,True,1
350,5,Trump,1,3,1,0,True,1
350,6,Trump,1,7,1,0,True,1
350,7,Trump,1,5,1,0,True,1
351,0,Trump,0,3,0,0,True,1
351,1,Trump,1,54,1,0,True,1
351,2,Trump,1,48,1,0,True,1
351,3,Trump,1,10,1,0,True,1
351,4,Trump,1,30,1,0,True,1
351,5,Trump,1,26,1,0,True,1
351,6,Trump,0,6,0,0,True,1
351,7,Trump,0,3,0,0,True,1
352,0,Trump,1,21,1,0,True,1
352,1,Trump,2,24,2,0,True,1
352,2,Trump,0,3,0,0,True,1
352,3,Trump,1,5,1,0,True,1
352,4,Trump,1,10,1,0,True,1
352,5,Trump,2,10,2,0,True,1
352,6,Trump,2,17,2,0,True,1
352,7,Trump,0,0,0,0,True,1
353,0,Trump,0,9,0,0,True,1
353,1,Trump,1,15,1,0,True,1
353,2,Trump,1,8,1,0,True,1
353,3,Trump,1,9,1,0,True,1
353,4,Trump,1,33,1,0,True,1
353,5,Trump,2,25,2,0,True,1
353,6,Trump,1,14,1,0,True,1
354,0,Trump,0,5,0,0,True,1
354,1,Trump,1,14,1,0,True,1
354,2,Trump,1,9,1,0,True,1
354,3,Trump,1,9,1,0,True,1
354,4,Trump,1,42,1,0,True,1
354,5,Trump,1,16,1,0,True,1
354,6,Trump,1,12,1,0,True,1
355,0,Trump,1,16,1,0,True,1
355,1,Trump,2,46,2,0,True,1
355,2,Trump,2,46,2,0,True,1
355,3,Trump,1,7,1,0,True,1
355,4,Trump,1,12,1,0,True,1
355,5,Trump,1,3,1,0,True,1
355,6,Trump,0,20,0,0,True,1
355,7,Trump,1,17,1,0,True,1
356,0,Trump,0,4,0,0,True,1
356,1,Trump,0,3,0,0,True,1
356,2,Trump,0,4,0,0,True,1
356,3,Trump,0,13,0,0,True,1
356,4,Trump,3,9,3,0,True,1
356,5,Trump,2,2,2,0,True,1
356,6,Trump,0,52,0,0,True,1
357,0,Trump,1,30,1,0,True,1
357,1,Trump,1,46,1,0,True,1
357,2,Trump,2,28,2,0,True,1
357,3,Trump,0,12,0,0,True,1
357,4,Trump,2,6,2,0,True,1
357,5,Trump,1,5,1,0,True,1
357,6,Trump,0,21,0,0,True,1
358,0,Trump,1,26,1,0,True,1
358,1,Trump,2,11,2,0,True,1
358,2,Trump,2,33,2,0,True,1
358,3,Trump,1,15,1,0,True,1
358,4,Trump,3,53,3,0,True,1
358,5,Trump,0,37,0,0,True,1
358,6,Trump,2,43,2,0,True,1
358,7,Trump,1,21,1,0,True,1
358,8,Trump,0,0,0,0,True,1
359,0,Trump,2,30,2,0,True,1
359,1,Trump,3,39,3,0,True,1
359,2,Trump,1,17,1,0,True,1
359,3,Trump,1,22,1,0,True,1
359,4,Trump,1,45,1,0,True,1
359,5,Trump,1,32,1,0,True,1
359,6,Trump,0,18,0,0,True,1
359,7,Trump,3,11,3,0,True,1
360,0,Trump,0,10,0,0,True,1
360,1,Trump,1,41,1,0,True,1
360,2,Trump,0,27,0,0,True,1
360,3,Trump,0,21,0,0,True,1
360,4,Trump,0,8,0,0,True,1
360,5,Trump,1,16,1,0,True,1
361,0,Trump,0,13,0,0,True,1
361,1,Trump,1,6,1,0,True,1
361,2,Trump,0,21,0,0,True,1
361,3,Trump,1,5,1,0,True,1
361,4,Trump,0,2,0,0,True,1
361,5,Trump,1,28,1,0,True,1
362,0,Trump,0,8,0,0,True,1
362,1,Trump,1,14,1,0,True,1
362,2,Trump,0,8,0,0,True,1
362,3,Trump,1,17,1,0,True,1
362,4,Trump,1,15,1,0,True,1
362,5,Trump,1,6,1,0,True,1
362,6,Trump,0,6,0,0,True,1
362,7,Trump,1,36,1,0,True,1
363,0,Trump,0,21,0,0,True,1
363,1,Trump,0,14,0,0,True,1
363,2,Trump,0,11,0,0,True,1
363,3,Trump,1,16,1,0,True,1
363,4,Trump,0,48,0,0,True,1
363,5,Trump,1,8,1,0,True,1
363,6,Trump,0,22,0,0,True,1
364,0,Trump,1,18,1,0,True,1
364,1,Trump,1,35,1,0,True,1
364,2,Trump,1,12,1,0,True,1
364,3,Trump,2,8,2,0,True,1
364,4,Trump,2,21,2,0,True,1
364,5,Trump,0,15,0,0,True,1
365,0,Trump,1,15,1,0,True,1
365,1,Trump,1,42,1,0,True,1
365,2,Trump,2,55,2,0,True,1
365,3,Trump,0,16,0,0,True,1
365,4,Trump,0,0,0,0,True,1
365,5,Trump,0,20,0,0,True,1
366,0,Trump,1,48,1,0,True,1
366,1,Trump,0,33,0,0,True,1
366,2,Trump,0,10,0,0,True,1
366,3,Trump,0,10,0,0,True,1
366,4,Trump,1,19,1,0,True,1
366,5,Trump,0,24,0,0,True,1
366,6,Trump,0,38,0,0,True,1
366,7,Trump,0,23,0,0,True,1
367,0,Trump,0,31,0,0,True,1
367,1,Trump,2,12,2,0,True,1
367,2,Trump,2,29,2,0,True,1
367,3,Trump,0,21,0,0,True,1
367,4,Trump,1,31,1,0,True,1
367,5,Trump,2,13,2,0,True,1
368,0,Trump,0,4,0,0,True,1
368,1,Trump,1,51,1,0,True,1
368,2,Trump,1,6,1,0,True,1
368,3,Trump,1,12,1,0,True,1
368,4,Trump,1,2,1,0,True,1
368,5,Trump,0,5,0,0,True,1
369,0,Trump,1,5,1,0,True,1
369,1,Trump,1,45,1,0,True,1
369,2,Trump,0,14,0,0,True,1
369,3,Trump,0,29,0,0,True,1
369,4,Trump,0,11,0,0,True,1
369,5,Trump,0,15,0,0,True,1
369,6,Trump,2,49,2,0,True,1
369,7,Trump,2,48,2,0,True,1
370,0,Trump,1,11,1,0,True,1
370,1,Trump,0,7,0,0,True,1
370,2,Trump,1,6,1,0,True,1
370,3,Trump,1,15,1,0,True,1
370,4,Trump,1,18,1,0,True,1
370,5,Trump,0,2,0,0,True,1
370,6,Trump,1,8,1,0,True,1
371,0,Trump,1,5,1,0,True,1
371,1,Trump,2,17,2,0,True,1
371,2,Trump,1,30,1,0,True,1
371,3,Trump,3,46,3,0,True,1
371,4,Trump,2,44,2,0,True,1
371,5,Trump,1,8,1,0,True,1
371,6,Trump,0,4,0,0,True,1
372,0,Trump,1,27,1,0,True,1
372,1,Trump,0,6,0,0,True,1
372,2,Trump,4,43,4,0,True,1
372,3,Trump,4,33,4,0,True,1
372,4,Trump,1,54,1,0,True,1
372,5,Trump,1,7,1,0,True,1
372,6,Trump,1,29,1,0,True,1
372,7,Trump,0,16,0,0,True,1
373,0,Trump,0,15,0,0,True,1
373,1,Trump,2,32,2,0,True,1
373,2,Trump,1,16,1,0,True,1
373,3,Trump,0,6,0,0,True,1
373,4,Trump,2,15,2,0,True,1
373,5,Trump,0,4,0,0,True,1
373,6,Trump,1,54,1,0,True,1
374,0,Trump,2,14,2,0,True,1
374,1,Trump,1,26,1,0,True,1
374,2,Trump,2,34,2,0,True,1
374,3,Trump,0,15,0,0,True,1
374,4,Trump,0,2,0,0,True,1
374,5,Trump,1,12,1,0,True,1
374,6,Trump,1,17,1,0,True,1
374,7,Trump,2,14,2,0,True,1
375,0,Trump,0,19,0,0,True,1
375,1,Trump,1,6,1,0,True,1
375,2,Trump,1,20,1,0,True,1
375,3,Trump,1,16,1,0,True,1
375,4,Trump,0,22,0,0,True,1
375,5,Trump,1,5,1,0,True,1
375,6,Trump,1,30,1,0,True,1
375,7,Trump,1,33,1,0,True,1
375,8,Trump,1,8,1,0,True,1
375,9,Trump,1,9,1,0,True,1
376,0,Trump,1,26,1,0,True,1
376,1,Trump,0,20,0,0,True,1
376,2,Trump,1,38,1,0,True,1
376,3,Trump,0,8,0,0,True,1
376,4,Trump,1,9,1,0,True,1
376,5,Trump,1,36,1,0,True,1
376,6,Trump,1,24,1,0,True,1
377,0,Trump,0,2,0,0,True,1
377,1,Trump,0,7,0,0,True,1
377,2,Trump,0,6,0,0,True,1
377,3,Trump,1,35,1,0,True,1
377,4,Trump,0,47,0,0,True,1
377,5,Trump,0,58,0,0,True,1
377,6,Trump,0,23,0,0,True,1
377,7,Trump,1,12,1,0,True,1
377,8,Trump,1,11,1,0,True,1
377,9,Trump,0,6,0,0,True,1
378,0,Trump,0,7,0,0,True,1
378,1,Trump,1,14,1,0,True,1
378,2,Trump,1,9,1,0,True,1
378,3,Trump,2,10,2,0,True,1
378,4,Trump,1,28,1,0,True,1
378,5,Trump,3,13,3,0,True,1
378,6,Trump,2,47,2,0,True,1
379,0,Trump,1,6,1,0,True,1
379,1,Trump,1,10,1,0,True,1
379,2,Trump,1,2,1,0,True,1
379,3,Trump,1,22,1,0,True,1
379,4,Trump,0,6,0,0,True,1
379,5,Trump,1,16,1,0,True,1
379,6,Trump,2,11,2,0,True,1
379,7,Trump,0,15,0,0,True,1
380,0,Trump,0,23,0,0,True,1
380,1,Trump,2,12,2,0,True,1
380,2,Trump,2,22,2,0,True,1
380,3,Trump,1,33,1,0,True,1
380,4,Trump,0,14,0,0,True,1
380,5,Trump,2,50,2,0,True,1
380,6,Trump,1,3,1,0,True,1
381,0,Trump,2,24,2,0,True,1
381,1,Trump,1,9,1,0,True,1
381,2,Trump,2,12,2,0,True,1
381,3,Trump,1,53,1,0,True,1
381,4,Trump,0,19,0,0,True,1
381,5,Trump,0,12,0,0,True,1
381,6,Trump,1,11,1,0,True,1
382,0,Trump,0,14,0,0,True,1
382,1,Trump,0,13,0,0,True,1
382,2,Trump,0,38,0,0,True,1
382,3,Trump,0,28,0,0,True,1
382,4,Trump,2,50,2,0,True,1
382,5,Trump,0,12,0,0,True,1
382,6,Trump,0,15,0,0,True,1
382,7,Trump,0,1,0,0,True,1
383,0,Trump,0,4,0,0,True,1
383,1,Trump,1,28,1,0,True,1
383,2,Trump,1,33,1,0,True,1
383,3,Trump,1,31,1,0,True,1
383,4,Trump,1,14,1,0,True,1
383,5,Trump,0,53,0,0,True,1
383,6,Trump,1,41,1,0,True,1
383,7,Trump,1,44,1,0,True,1
384,0,Trump,2,31,2,0,True,1
384,1,Trump,0,21,0,0,True,1
384,2,Trump,1,36,1,0,True,1
384,3,Trump,1,20,1,0,True,1
384,4,Trump,1,46,1,0,True,1
384,5,Trump,2,41,2,0,True,1
384,6,Trump,1,21,1,0,True,1
385,0,Trump,0,5,0,0,True,1
385,1,Trump,1,53,1,0,True,1
385,2,Trump,1,9,1,0,True,1
385,3,Trump,2,41,2,0,True,1
385,4,Trump,0,1,0,0,True,1
385,5,Trump,0,12,0,0,True,1
385,6,Trump,1,15,1,0,True,1
385,7,Trump,0,8,0,0,True,1
385,8,Trump,2,51,2,0,True,1
386,0,Trump,0,14,0,0,True,1
386,1,Trump,1,43,1,0,True,1
386,2,Trump,2,32,2,0,True,1
386,3,Trump,1,17,1,0,True,1
386,4,Trump,1,37,1,0,True,1
386,5,Trump,1,18,1,0,True,1
386,6,Trump,1,35,1,0,True,1
387,0,Trump,0,29,0,0,True,1
387,1,Trump,0,8,0,0,True,1
387,2,Trump,0,7,0,0,True,1
387,3,Trump,0,14,0,0,True,1
387,4,Trump,1,27,1,0,True,1
387,5,Trump,2,6,2,0,True,1
387,6,Trump,0,12,0,0,True,1
387,7,Trump,3,24,3,0,True,1
388,0,Trump,2,47,2,0,True,1
388,1,Trump,0,8,0,0,True,1
388,2,Trump,0,23,0,0,True,1
388,3,Trump,0,15,0,0,True,1
388,4,Trump,1,17,1,0,True,1
388,5,Trump,0,20,0,0,True,1
388,6,Trump,1,6,1,0,True,1
389,0,Trump,2,31,2,0,True,1
389,1,Trump,0,11,0,0,True,1
389,2,Trump,0,11,0,0,True,1
389,3,Trump,0,3,0,0,True,1
389,4,Trump,2,8,2,0,True,1
389,5,Trump,2,27,2,0,True,1
389,6,Trump,0,6,0,0,True,1
389,7,Trump,0,0,0,0,True,1
390,0,Trump,1,53,1,0,True,1
390,1,Trump,1,43,1,0,True,1
390,2,Trump,2,45,2,0,True,1
390,3,Trump,3,26,3,0,True,1
390,4,Trump,2,40,2,0,True,1
390,5,Trump,0,20,0,0,True,1
390,6,Trump,1,50,1,0,True,1
390,7,Trump,0,4,0,0,True,1
391,0,Trump,1,9,1,0,True,1
391,1,Trump,1,17,1,0,True,1
391,2,Trump,1,40,1,0,True,1
391,3,Trump,2,17,2,0,True,1
391,4,Trump,0,10,0,0,True,1
391,5,Trump,0,14,0,0,True,1
392,0,Trump,0,41,0,0,True,1
392,1,Trump,1,17,1,0,True,1
392,2,Trump,1,4,1,0,True,1
392,3,Trump,2,48,2,0,True,1
392,4,Trump,1,29,1,0,True,1
392,5,Trump,1,17,1,0,True,1
392,6,Trump,2,12,2,0,True,1
392,7,Trump,3,14,3,0,True,1
393,0,Trump,2,27,2,0,True,1
393,1,Trump,0,1,0,0,True,1
393,2,Trump,1,58,1,0,True,1
393,3,Trump,3,49,3,0,True,1
393,4,Trump,2,42,2,0,True,1
393,5,Trump,1,26,1,0,True,1
394,0,Trump,2,29,2,0,True,1
394,1,Trump,1,20,1,0,True,1
394,2,Trump,1,7,1,0,True,1
394,3,Trump,2,39,2,0,True,1
394,4,Trump,1,17,1,0,True,1
394,5,Trump,1,43,1,0,True,1
394,6,Trump,0,13,0,0,True,1
394,7,Trump,2,13,2,0,True,1
395,0,Trump,0,18,0,0,True,1
395,1,Trump,0,57,0,0,True,1
395,2,Trump,0,52,0,0,True,1
395,3,Trump,2,19,2,0,True,1
395,4,Trump,0,56,0,0,True,1
395,5,Trump,0,25,0,0,True,1
395,6,Trump,0,15,0,0,True,1
395,7,Trump,0,24,0,0,True,1
396,0,Trump,1,27,1,0,True,1
396,1,Trump,1,18,1,0,True,1
396,2,Trump,1,4,1,0,True,1
396,3,Trump,2,29,2,0,True,1
396,4,Trump,1,31,1,0,True,1
396,5,Trump,2,8,2,0,True,1
396,6,Trump,1,39,1,0,True,1
396,7,Trump,2,50,2,0,True,1
396,8,Trump,2,12,2,0,True,1
397,0,Trump,0,20,0,0,True,1
397,1,Trump,1,54,1,0,True,1
397,2,Trump,1,45,1,0,True,1
397,3,Trump,0,6,0,0,True,1
397,4,Trump,0,21,0,0,True,1
397,5,Trump,0,2,0,0,True,1
397,6,Trump,0,15,0,0,True,1
397,7,Trump,1,8,1,0,True,1
398,0,Trump,0,27,0,0,True,1
398,1,Trump,3,34,3,0,True,1
398,2,Trump,0,4,0,0,True,1
398,3,Trump,0,23,0,0,True,1
398,4,Trump,0,3,0,0,True,1
398,5,Trump,1,29,1,0,True,1
398,6,Trump,0,0,0,0,True,1
399,0,Trump,0,23,0,0,True,1
399,1,Trump,1,28,1,0,True,1
399,2,Trump,0,7,0,0,True,1
399,3,Trump,1,28,1,0,True,1
399,4,Trump,0,31,0,0,True,1
399,5,Trump,0,16,0,0,True,1
399,6,Trump,0,12,0,0,True,1
399,7,Trump,0,13,0,0,True,1
400,0,Trump,1,31,1,0,True,1
400,1,Trump,1,20,1,0,True,1
400,2,Trump,1,15,1,0,True,1
400,3,Trump,1,26,1,0,True,1
400,4,Trump,0,1,0,0,True,1
400,5,Trump,1,41,1,0,True,1
400,6,Trump,0,3,0,0,True,1
401,0,Trump,1,53,1,0,True,1
401,1,Trump,0,18,0,0,True,1
401,2,Trump,2,26,2,0,True,1
401,3,Trump,1,7,1,0,True,1
401,4,Trump,1,43,1,0,True,1
401,5,Trump,2,12,2,0,True,1
401,6,Trump,1,25,1,0,True,1
402,0,Trump,1,16,1,0,True,1
402,1,Trump,2,28,2,0,True,1
402,2,Trump,1,9,1,0,True,1
402,3,Trump,4,5,4,0,True,1
402,4,Trump,3,55,3,0,True,1
402,5,Trump,3,37,3,0,True,1
402,6,Trump,1,36,1,0,True,1
402,7,Trump,3,29,3,0,True,1
403,0,Trump,2,37,2,0,True,1
403,1,Trump,1,47,1,0,True,1
403,2,Trump,0,1,0,0,True,1
403,3,Trump,3,41,3,0,True,1
403,4,Trump,0,19,0,0,True,1
403,5,Trump,2,26,2,0,True,1
403,6,Trump,3,36,3,0,True,1
403,7,Trump,3,15,3,0,True,1
403,8,Trump,1,26,1,0,True,1
404,0,Trump,1,7,1,0,True,1
404,1,Trump,2,48,2,0,True,1
404,2,Trump,2,18,2,0,True,1
404,3,Trump,2,11,2,0,True,1
404,4,Trump,0,10,0,0,True,1
404,5,Trump,1,11,1,0,True,1
404,6,Trump,2,16,2,0,True,1
404,7,Trump,1,6,1,0,True,1
404,8,Trump,0,20,0,0,True,1
405,0,Trump,2,22,2,0,True,1
405,1,Trump,2,26,2,0,True,1
405,2,Trump,1,12,1,0,True,1
405,3,Trump,2,46,2,0,True,1
405,4,Trump,1,1,1,0,True,1
405,5,Trump,2,23,2,0,True,1
405,6,Trump,1,0,0,1,False,1
406,0,Trump,0,17,0,0,True,1
406,1,Trump,0,4,0,0,True,1
406,2,Trump,0,14,0,0,True,1
406,3,Trump,2,3,2,0,True,1
406,4,Trump,0,3,0,0,True,1
406,5,Trump,1,9,1,0,True,1
406,6,Trump,1,4,1,0,True,1
406,7,Trump,0,5,0,0,True,1
407,0,Trump,0,15,0,0,True,1
407,1,Trump,0,29,0,0,True,1
407,2,Trump,1,19,1,0,True,1
407,3,Trump,0,4,0,0,True,1
407,4,Trump,0,17,0,0,True,1
407,5,Trump,4,49,4,0,True,1
407,6,Trump,0,21,0,0,True,1
407,7,Trump,1,36,1,0,True,1
407,8,Trump,1,29,1,0,True,1
408,0,Trump,2,28,2,0,True,1
408,1,Trump,0,3,0,0,True,1
408,2,Trump,0,1,0,0,True,1
408,3,Trump,0,16,0,0,True,1
408,4,Trump,1,8,1,0,True,1
408,5,Trump,0,2,0,0,True,1
408,6,Trump,1,25,1,0,True,1
408,7,Trump,6,11,6,0,True,1
409,0,Trump,0,24,0,0,True,1
409,1,Trump,0,15,0,0,True,1
409,2,Trump,0,6,0,0,True,1
409,3,Trump,2,30,2,0,True,1
409,4,Trump,0,26,0,0,True,1
409,5,Trump,0,17,0,0,True,1
410,0,Trump,3,29,3,0,True,1
410,1,Trump,2,35,2,0,True,1
410,2,Trump,0,40,0,0,True,1
410,3,Trump,2,23,2,0,True,1
410,4,Trump,1,37,1,0,True,1
410,5,Trump,2,49,2,0,True,1
410,6,Trump,3,45,3,0,True,1
410,7,Trump,0,3,0,0,True,1
411,0,Trump,1,19,1,0,True,1
411,1,Trump,0,13,0,0,True,1
411,2,Trump,1,12,1,0,True,1
411,3,Trump,1,25,1,0,True,1
411,4,Trump,1,3,1,0,True,1
411,5,Trump,0,10,0,0,True,1
411,6,Trump,0,10,0,0,True,1
412,0,Trump,0,6,0,0,True,1
412,1,Trump,1,46,1,0,True,1
412,2,Trump,0,7,0,0,True,1
412,3,Trump,0,18,0,0,True,1
412,4,Trump,0,22,0,0,True,1
412,5,Trump,1,13,1,0,True,1
412,6,Trump,2,30,2,0,True,1
412,7,Trump,2,10,2,0,True,1
412,8,Trump,0,23,0,0,True,1
413,0,Trump,1,12,1,0,True,1
413,1,Trump,2,11,2,0,True,1
413,2,Trump,2,17,2,0,True,1
413,3,Trump,1,50,1,0,True,1
413,4,Trump,1,27,1,0,True,1
413,5,Trump,1,45,1,0,True,1
413,6,Trump,1,18,1,0,True,1
413,7,Trump,1,37,1,0,True,1
414,0,Trump,0,3,0,0,True,1
414,1,Trump,1,3,1,0,True,1
414,2,Trump,0,4,0,0,True,1
414,3,Trump,1,19,1,0,True,1
414,4,Trump,2,7,2,0,True,1
414,5,Trump,0,7,0,0,True,1
414,6,Trump,1,3,1,0,True,1
415,0,Trump,2,11,2,0,True,1
415,1,Trump,2,4,2,0,True,1
415,2,Trump,1,5,1,0,True,1
415,3,Trump,1,6,1,0,True,1
415,4,Trump,2,15,2,0,True,1
415,5,Trump,1,13,1,0,True,1
415,6,Trump,1,17,1,0,True,1
415,7,Trump,1,10,1,0,True,1
415,8,Trump,2,3,2,0,True,1
416,0,Trump,0,13,0,0,True,1
416,1,Trump,0,12,0,0,True,1
416,2,Trump,0,41,0,0,True,1
416,3,Trump,1,24,1,0,True,1
416,4,Trump,0,7,0,0,True,1
416,5,Trump,1,14,1,0,True,1
416,6,Trump,0,46,0,0,True,1
416,7,Trump,1,49,1,0,True,1
416,8,Trump,0,7,0,0,True,1
417,0,Trump,0,7,0,0,True,1
417,1,Trump,2,26,2,0,True,1
417,2,Trump,1,3,1,0,True,1
417,3,Trump,6,43,6,0,True,1
417,4,Trump,0,4,0,0,True,1
417,5,Trump,1,28,1,0,True,1
417,6,Trump,0,5,0,0,True,1
417,7,Trump,1,3,1,0,True,1
417,8,Trump,2,26,2,0,True,1
418,0,Trump,0,48,0,0,True,1
418,1,Trump,1,14,1,0,True,1
418,2,Trump,1,3,1,0,True,1
418,3,Trump,0,13,0,0,True,1
418,4,Trump,0,3,0,0,True,1
418,5,Trump,2,47,2,0,True,1
418,6,Trump,1,13,1,0,True,1
419,0,Trump,0,20,0,0,True,1
419,1,Trump,2,9,2,0,True,1
419,2,Trump,1,18,1,0,True,1
419,3,Trump,1,15,1,0,True,1
419,4,Trump,0,3,0,0,True,1
419,5,Trump,0,17,0,0,True,1
419,6,Trump,0,5,0,0,True,1
420,0,Trump,0,8,0,0,True,1
420,1,Trump,1,55,1,0,True,1
420,2,Trump,0,24,0,0,True,1
420,3,Trump,0,54,0,0,True,1
420,4,Trump,1,16,1,0,True,1
420,5,Trump,4,10,4,0,True,1
420,6,Trump,2,27,2,0,True,1
420,7,Trump,2,16,2,0,True,1
420,8,Trump,2,48,2,0,True,1
421,0,Trump,0,5,0,0,True,1
421,1,Trump,0,26,0,0,True,1
421,2,Trump,2,15,2,0,True,1
421,3,Trump,0,8,0,0,True,1
421,4,Trump,0,7,0,0,True,1
421,5,Trump,0,21,0,0,True,1
421,6,Trump,1,2,1,0,True,1
421,7,Trump,0,16,0,0,True,1
421,8,Trump,0,42,0,0,True,1
422,0,Trump,1,23,1,0,True,1
422,1,Trump,2,9,2,0,True,1
422,2,Trump,2,10,2,0,True,1
422,3,Trump,1,12,1,0,True,1
422,4,Trump,1,19,1,0,True,1
422,5,Trump,0,0,0,0,True,1
422,6,Trump,0,0,0,0,True,1
422,7,Trump,0,0,0,0,True,1
423,0,Trump,0,24,0,0,True,1
423,1,Trump,1,35,1,0,True,1
423,2,Trump,0,3,0,0,True,1
423,3,Trump,2,26,2,0,True,1
423,4,Trump,0,18,0,0,True,1
423,5,Trump,0,18,0,0,True,1
423,6,Trump,1,36,1,0,True,1
423,7,Trump,2,2,2,0,True,1
423,8,Trump,2,15,2,0,True,1
423,9,Trump,0,9,0,0,True,1
424,0,Trump,1,17,1,0,True,1
424,1,Trump,0,5,0,0,True,1
424,2,Trump,1,17,1,0,True,1
424,3,Trump,1,6,1,0,True,1
424,4,Trump,1,6,1,0,True,1
424,5,Trump,2,7,2,0,True,1
424,6,Trump,1,5,1,0,True,1
425,0,Trump,0,8,0,0,True,1
425,1,Trump,1,45,1,0,True,1
425,2,Trump,0,2,0,0,True,1
425,3,Trump,1,11,1,0,True,1
425,4,Trump,2,29,2,0,True,1
425,5,Trump,1,12,1,0,True,1
425,6,Trump,0,11,0,0,True,1
426,0,Trump,1,6,1,0,True,1
426,1,Trump,4,26,4,0,True,1
426,2,Trump,1,8,1,0,True,1
426,3,Trump,0,13,0,0,True,1
426,4,Trump,2,10,2,0,True,1
426,5,Trump,5,31,5,0,True,1
426,6,Trump,1,10,1,0,True,1
426,7,Trump,1,10,1,0,True,1
426,8,Trump,2,8,2,0,True,1
427,0,Trump,0,6,0,0,True,1
427,1,Trump,0,5,0,0,True,1
427,2,Trump,1,8,1,0,True,1
427,3,Trump,0,12,0,0,True,1
427,4,Trump,0,9,0,0,True,1
427,5,Trump,1,4,1,0,True,1
427,6,Trump,1,3,1,0,True,1
428,0,Trump,0,1,0,0,True,1
428,1,Trump,2,30,2,0,True,1
428,2,Trump,0,12,0,0,True,1
428,3,Trump,1,25,1,0,True,1
428,4,Trump,2,46,2,0,True,1
428,5,Trump,1,40,1,0,True,1
428,6,Trump,1,25,1,0,True,1
428,7,Trump,2,11,2,0,True,1
428,8,Trump,2,43,2,0,True,1
429,0,Trump,0,20,0,0,True,1
429,1,Trump,3,9,3,0,True,1
429,2,Trump,0,15,0,0,True,1
429,3,Trump,2,23,2,0,True,1
429,4,Trump,1,21,1,0,True,1
429,5,Trump,1,20,1,0,True,1
430,0,Trump,1,17,1,0,True,1
430,1,Trump,0,9,0,0,True,1
430,2,Trump,0,4,0,0,True,1
430,3,Trump,0,15,0,0,True,1
430,4,Trump,1,15,1,0,True,1
430,5,Trump,0,3,0,0,True,1
430,6,Trump,0,0,0,0,True,1
430,7,Trump,0,8,0,0,True,1
430,8,Trump,0,6,0,0,True,1
431,0,Trump,1,9,1,0,True,1
431,1,Trump,2,14,2,0,True,1
431,2,Trump,1,33,1,0,True,1
431,3,Trump,1,17,1,0,True,1
431,4,Trump,1,16,1,0,True,1
431,5,Trump,2,22,2,0,True,1
431,6,Trump,1,10,1,0,True,1
431,7,Trump,1,5,1,0,True,1
431,8,Trump,1,9,1,0,True,1
432,0,Trump,1,12,1,0,True,1
432,1,Trump,1,9,1,0,True,1
432,2,Trump,3,16,3,0,True,1
432,3,Trump,1,9,1,0,True,1
432,4,Trump,1,7,1,0,True,1
432,5,Trump,1,9,1,0,True,1
433,0,Trump,1,4,1,0,True,1
433,1,Trump,1,14,1,0,True,1
433,2,Trump,0,6,0,0,True,1
433,3,Trump,1,10,1,0,True,1
433,4,Trump,0,2,0,0,True,1
433,5,Trump,1,3,1,0,True,1
433,6,Trump,0,5,0,0,True,1
433,7,Trump,2,11,2,0,True,1
434,0,Trump,1,17,1,0,True,1
434,1,Trump,1,16,1,0,True,1
434,2,Trump,1,12,1,0,True,1
434,3,Trump,0,26,0,0,True,1
434,4,Trump,2,29,2,0,True,1
434,5,Trump,4,21,4,0,True,1
434,6,Trump,2,11,2,0,True,1
434,7,Trump,0,14,0,0,True,1
434,8,Trump,0,34,0,0,True,1
434,9,Trump,1,28,1,0,True,1
435,0,Trump,1,41,1,0,True,1
435,1,Trump,1,27,1,0,True,1
435,2,Trump,2,55,2,0,True,1
435,3,Trump,1,20,1,0,True,1
435,4,Trump,2,6,2,0,True,1
435,5,Trump,2,34,2,0,True,1
435,6,Trump,1,4,1,0,True,1
435,7,Trump,2,40,2,0,True,1
436,0,Trump,1,20,1,0,True,1
436,1,Trump,1,13,1,0,True,1
436,2,Trump,4,40,4,0,True,1
436,3,Trump,1,11,1,0,True,1
436,4,Trump,1,30,1,0,True,1
436,5,Trump,1,8,1,0,True,1
436,6,Trump,1,18,1,0,True,1
436,7,Trump,1,14,1,0,True,1
437,0,Trump,1,14,1,0,True,1
437,1,Trump,1,54,1,0,True,1
437,2,Trump,1,31,1,0,True,1
437,3,Trump,3,51,3,0,True,1
437,4,Trump,1,41,1,0,True,1
437,5,Trump,2,20,2,0,True,1
437,6,Trump,1,22,1,0,True,1
437,7,Trump,0,62,0,0,True,1
438,0,Trump,1,5,1,0,True,1
438,1,Trump,1,3,1,0,True,1
438,2,Trump,0,6,0,0,True,1
438,3,Trump,1,1,1,0,True,1
438,4,Trump,1,6,1,0,True,1
439,0,Trump,1,2,1,0,True,1
439,1,Trump,2,20,2,0,True,1
439,2,Trump,1,10,1,0,True,1
439,3,Trump,2,43,2,0,True,1
439,4,Trump,2,55,2,0,True,1
439,5,Trump,0,2,0,0,True,1
439,6,Trump,2,11,2,0,True,1
439,7,Trump,0,0,0,0,True,1
440,0,Trump,3,13,3,0,True,1
440,1,Trump,1,8,1,0,True,1
440,2,Trump,2,7,2,0,True,1
440,3,Trump,4,12,4,0,True,1
440,4,Trump,2,10,2,0,True,1
440,5,Trump,4,21,4,0,True,1
440,6,Trump,5,4,4,1,False,1
440,7,Trump,1,15,1,0,True,1
440,8,Trump,2,6,2,0,True,1
440,9,Trump,1,5,1,0,True,1
441,0,Trump,1,24,1,0,True,1
441,1,Trump,2,9,2,0,True,1
441,2,Trump,0,14,0,0,True,1
441,3,Trump,1,21,1,0,True,1
441,4,Trump,1,5,1,0,True,1
441,5,Trump,1,17,1,0,True,1
441,6,Trump,0,8,0,0,True,1
441,7,Trump,2,48,2,0,True,1
441,8,Trump,1,6,1,0,True,1
442,0,Trump,1,2,1,0,True,1
442,1,Trump,0,10,0,0,True,1
442,2,Trump,0,3,0,0,True,1
442,3,Trump,1,6,1,0,True,1
442,4,Trump,0,13,0,0,True,1
442,5,Trump,1,6,1,0,True,1
442,6,Trump,1,2,1,0,True,1
443,0,Trump,1,8,1,0,True,1
443,1,Trump,1,30,1,0,True,1
443,2,Trump,1,20,1,0,True,1
443,3,Trump,3,42,3,0,True,1
443,4,Trump,1,12,1,0,True,1
443,5,Trump,1,45,1,0,True,1
443,6,Trump,0,6,0,0,True,1
443,7,Trump,0,14,0,0,True,1
444,0,Trump,2,25,2,0,True,1
444,1,Trump,2,52,2,0,True,1
444,2,Trump,1,31,1,0,True,1
444,3,Trump,0,37,0,0,True,1
444,4,Trump,2,32,2,0,True,1
444,5,Trump,2,53,2,0,True,1
445,0,Harris,2,29,2,0,True,1
445,1,Harris,0,4,0,0,True,1
445,2,Harris,0,3,0,0,True,1
445,3,Harris,0,3,0,0,True,1
445,4,Harris,0,13,0,0,True,1
445,5,Harris,2,26,2,0,True,1
445,6,Harris,0,4,0,0,True,1
446,0,Harris,2,11,2,0,True,1
446,1,Harris,1,10,1,0,True,1
446,2,Harris,0,11,0,0,True,1
446,3,Harris,0,8,0,0,True,1
446,4,Harris,0,10,0,0,True,1
446,5,Harris,3,40,3,0,True,1
446,6,Harris,0,2,0,0,True,1
446,7,Harris,0,16,0,0,True,1
447,0,Harris,2,46,2,0,True,1
447,1,Harris,0,44,0,0,True,1
447,2,Harris,0,11,0,0,True,1
447,3,Harris,0,3,0,0,True,1
447,4,Harris,0,6,0,0,True,1
447,5,Harris,0,6,0,0,True,1
447,6,Harris,0,15,0,0,True,1
447,7,Harris,0,0,0,0,True,1
447,8,Harris,0,1,0,0,True,1
448,0,Harris,0,10,0,0,True,1
448,1,Harris,1,0,0,1,False,1
448,2,Harris,0,5,0,0,True,1
448,3,Harris,0,22,0,0,True,1
448,4,Harris,2,46,2,0,True,1
448,5,Harris,2,51,2,0,True,1
449,0,Harris,0,38,0,0,True,1
449,1,Harris,1,4,1,0,True,1
449,2,Harris,0,10,0,0,True,1
449,3,Harris,2,24,2,0,True,1
449,4,Harris,0,18,0,0,True,1
449,5,Harris,0,3,0,0,True,1
449,6,Harris,0,17,0,0,True,1
449,7,Harris,0,0,0,0,True,1
449,8,Harris,0,2,0,0,True,1
450,0,Harris,0,4,0,0,True,1
450,1,Harris,0,17,0,0,True,1
450,2,Harris,2,9,2,0,True,1
450,3,Harris,0,3,0,0,True,1
450,4,Harris,1,4,1,0,True,1
450,5,Harris,0,4,0,0,True,1
450,6,Harris,0,16,0,0,True,1
450,7,Harris,1,22,1,0,True,1
450,8,Harris,0,5,0,0,True,1
451,0,Harris,0,18,0,0,True,1
451,1,Harris,0,27,0,0,True,1
451,2,Harris,0,33,0,0,True,1
451,3,Harris,2,51,2,0,True,1
451,4,Harris,0,11,0,0,True,1
451,5,Harris,0,23,0,0,True,1
451,6,Harris,0,11,0,0,True,1
451,7,Harris,0,21,0,0,True,1
451,8,Harris,1,19,1,0,True,1
452,0,Harris,2,15,2,0,True,1
452,1,Harris,1,5,1,0,True,1
452,2,Harris,2,11,2,0,True,1
452,3,Harris,2,8,2,0,True,1
452,4,Harris,2,50,2,0,True,1
452,5,Harris,0,2,0,0,True,1
453,0,Harris,1,19,1,0,True,1
453,1,Harris,2,20,2,0,True,1
453,2,Harris,2,2,2,0,True,1
453,3,Harris,1,6,1,0,True,1
453,4,Harris,2,4,2,0,True,1
453,5,Harris,1,50,1,0,True,1
453,6,Harris,2,17,2,0,True,1
453,7,Harris,2,13,2,0,True,1
453,8,Harris,3,42,3,0,True,1
454,0,Harris,0,22,0,0,True,1
454,1,Harris,1,19,1,0,True,1
454,2,Harris,2,25,2,0,True,1
454,3,Harris,1,30,1,0,True,1
454,4,Harris,2,35,2,0,True,1
454,5,Harris,2,53,2,0,True,1
454,6,Harris,4,40,4,0,True,1
455,0,Harris,0,16,0,0,True,1
455,1,Harris,0,9,0,0,True,1
455,2,Harris,0,4,0,0,True,1
455,3,Harris,1,26,1,0,True,1
455,4,Harris,0,18,0,0,True,1
455,5,Harris,0,16,0,0,True,1
455,6,Harris,0,4,0,0,True,1
455,7,Harris,2,45,2,0,True,1
455,8,Harris,0,8,0,0,True,1
456,0,Harris,0,24,0,0,True,1
456,1,Harris,0,39,0,0,True,1
456,2,Harris,0,4,0,0,True,1
456,3,Harris,0,13,0,0,True,1
456,4,Harris,0,21,0,0,True,1
456,5,Harris,0,8,0,0,True,1
456,6,Harris,0,4,0,0,True,1
456,7,Harris,1,20,1,0,True,1
456,8,Harris,2,43,2,0,True,1
457,0,Harris,2,54,2,0,True,1
457,1,Harris,0,29,0,0,True,1
457,2,Harris,0,20,0,0,True,1
457,3,Harris,2,36,2,0,True,1
457,4,Harris,2,9,2,0,True,1
457,5,Harris,0,13,0,0,True,1
457,6,Harris,2,15,2,0,True,1
457,7,Harris,0,5,0,0,True,1
458,0,Harris,0,23,0,0,True,1
458,1,Harris,0,12,0,0,True,1
458,2,Harris,0,4,0,0,True,1
458,3,Harris,0,4,0,0,True,1
458,4,Harris,2,9,2,0,True,1
458,5,Harris,0,7,0,0,True,1
458,6,Harris,0,6,0,0,True,1
458,7,Harris,3,44,3,0,True,1
458,8,Harris,0,8,0,0,True,1
459,0,Harris,0,22,0,0,True,1
459,1,Harris,0,4,0,0,True,1
459,2,Harris,0,14,0,0,True,1
459,3,Harris,2,29,2,0,True,1
459,4,Harris,0,4,0,0,True,1
459,5,Harris,0,30,0,0,True,1
459,6,Harris,2,50,2,0,True,1
459,7,Harris,0,12,0,0,True,1
460,0,Harris,1,15,1,0,True,1
460,1,Harris,0,7,0,0,True,1
460,2,Harris,2,26,2,0,True,1
460,3,Harris,0,2,0,0,True,1
460,4,Harris,0,24,0,0,True,1
460,5,Harris,0,17,0,0,True,1
460,6,Harris,0,4,0,0,True,1
460,7,Harris,2,31,2,0,True,1
460,8,Harris,0,15,0,0,True,1
461,0,Harris,0,4,0,0,True,1
461,1,Harris,2,36,2,0,True,1
461,2,Harris,1,22,1,0,True,1
461,3,Harris,1,38,1,0,True,1
461,4,Harris,1,0,0,1,False,1
461,5,Harris,2,45,2,0,True,1
461,6,Harris,1,55,1,0,True,1
461,7,Harris,0,19,0,0,True,1
462,0,Harris,1,2,1,0,True,1
462,1,Harris,1,7,1,0,True,1
462,2,Harris,2,20,2,0,True,1
462,3,Harris,0,0,0,0,True,1
462,4,Harris,0,0,0,0,True,1
463,0,Harris,0,3,0,0,True,1
463,1,Harris,1,1,1,0,True,1
463,2,Harris,1,8,1,0,True,1
463,3,Harris,2,12,2,0,True,1
463,4,Harris,5,50,5,0,True,1
463,5,Harris,4,45,4,0,True,1
463,6,Harris,1,24,1,0,True,1
464,0,Harris,0,5,0,0,True,1
464,1,Harris,0,5,0,0,True,1
464,2,Harris,1,9,1,0,True,1
464,3,Harris,0,5,0,0,True,1
464,4,Harris,0,4,0,0,True,1
464,5,Harris,0,10,0,0,True,1
465,0,Harris,0,36,0,0,True,1
465,1,Harris,0,2,0,0,True,1
465,2,Harris,0,25,0,0,True,1
465,3,Harris,0,14,0,0,True,1
465,4,Harris,0,4,0,0,True,1
465,5,Harris,0,2,0,0,True,1
465,6,Harris,0,41,0,0,True,1
465,7,Harris,2,19,2,0,True,1
465,8,Harris,0,9,0,0,True,1
466,0,Harris,1,4,1,0,True,1
466,1,Harris,0,28,0,0,True,1
466,2,Harris,3,12,3,0,True,1
466,3,Harris,0,20,0,0,True,1
466,4,Harris,0,5,0,0,True,1
466,5,Harris,2,34,2,0,True,1
466,6,Harris,0,11,0,0,True,1
466,7,Harris,1,18,1,0,True,1
467,0,Harris,0,6,0,0,True,1
467,1,Harris,1,9,1,0,True,1
467,2,Harris,0,27,0,0,True,1
467,3,Harris,2,11,2,0,True,1
467,4,Harris,0,12,0,0,True,1
467,5,Harris,0,3,0,0,True,1
467,6,Harris,0,5,0,0,True,1
467,7,Harris,2,8,2,0,True,1
467,8,Harris,0,12,0,0,True,1
468,0,Harris,0,21,0,0,True,1
468,1,Harris,2,13,2,0,True,1
468,2,Harris,0,21,0,0,True,1
468,3,Harris,0,25,0,0,True,1
468,4,Harris,1,0,0,1,False,1
468,5,Harris,0,4,0,0,True,1
468,6,Harris,0,4,0,0,True,1
469,0,Harris,2,21,2,0,True,1
469,1,Harris,1,23,1,0,True,1
469,2,Harris,1,16,1,0,True,1
469,3,Harris,2,14,2,0,True,1
469,4,Harris,2,5,2,0,True,1
469,5,Harris,2,3,2,0,True,1
470,0,Harris,0,13,0,0,True,1
470,1,Harris,1,25,1,0,True,1
470,2,Harris,0,15,0,0,True,1
470,3,Harris,0,8,0,0,True,1
470,4,Harris,2,50,2,0,True,1
470,5,Harris,2,25,2,0,True,1
470,6,Harris,1,19,1,0,True,1
471,0,Harris,0,9,0,0,True,1
471,1,Harris,0,42,0,0,True,1
471,2,Harris,1,16,1,0,True,1
471,3,Harris,2,22,2,0,True,1
471,4,Harris,0,9,0,0,True,1
471,5,Harris,0,6,0,0,True,1
471,6,Harris,0,18,0,0,True,1
471,7,Harris,1,16,1,0,True,1
472,0,Harris,2,18,2,0,True,1
472,1,Harris,2,25,2,0,True,1
472,2,Harris,1,5,1,0,True,1
472,3,Harris,0,6,0,0,True,1
472,4,Harris,4,16,4,0,True,1
472,5,Harris,1,36,1,0,True,1
473,0,Harris,0,25,0,0,True,1
473,1,Harris,0,18,0,0,True,1
473,2,Harris,3,49,3,0,True,1
473,3,Harris,0,6,0,0,True,1
473,4,Harris,0,11,0,0,True,1
473,5,Harris,1,15,1,0,True,1
473,6,Harris,0,9,0,0,True,1
473,7,Harris,0,18,0,0,True,1
474,0,Harris,0,24,0,0,True,1
474,1,Harris,0,2,0,0,True,1
474,2,Harris,0,2,0,0,True,1
474,3,Harris,0,3,0,0,True,1
474,4,Harris,0,27,0,0,True,1
474,5,Harris,0,17,0,0,True,1
474,6,Harris,0,12,0,0,True,1
474,7,Harris,0,21,0,0,True,1
474,8,Harris,0,18,0,0,True,1
474,9,Harris,2,13,2,0,True,1
475,0,Harris,2,36,2,0,True,1
475,1,Harris,0,14,0,0,True,1
475,2,Harris,0,25,0,0,True,1
475,3,Harris,0,5,0,0,True,1
475,4,Harris,0,4,0,0,True,1
475,5,Harris,0,12,0,0,True,1
475,6,Harris,2,26,2,0,True,1
475,7,Harris,2,49,2,0,True,1
475,8,Harris,0,46,0,0,True,1
476,0,Harris,2,24,2,0,True,1
476,1,Harris,3,44,3,0,True,1
476,2,Harris,2,25,2,0,True,1
476,3,Harris,3,18,3,0,True,1
476,4,Harris,2,3,2,0,True,1
476,5,Harris,1,13,1,0,True,1
476,6,Harris,2,47,2,0,True,1
477,0,Harris,0,22,0,0,True,1
477,1,Harris,0,4,0,0,True,1
477,2,Harris,2,11,2,0,True,1
477,3,Harris,0,10,0,0,True,1
477,4,Harris,2,34,2,0,True,1
477,5,Harris,2,3,2,0,True,1
477,6,Harris,2,50,2,0,True,1
478,0,Harris,0,18,0,0,True,1
478,1,Harris,2,8,2,0,True,1
478,2,Harris,0,12,0,0,True,1
478,3,Harris,2,28,2,0,True,1
478,4,Harris,1,15,1,0,True,1
478,5,Harris,1,12,1,0,True,1
479,0,Harris,0,25,0,0,True,1
479,1,Harris,0,7,0,0,True,1
479,2,Harris,0,2,0,0,True,1
479,3,Harris,2,29,2,0,True,1
479,4,Harris,0,10,0,0,True,1
479,5,Harris,0,1,0,0,True,1
479,6,Harris,1,48,1,0,True,1
479,7,Harris,0,11,0,0,True,1
479,8,Harris,0,9,0,0,True,1
479,9,Harris,0,17,0,0,True,1
480,0,Harris,0,8,0,0,True,1
480,1,Harris,2,15,2,0,True,1
480,2,Harris,2,2,2,0,True,1
480,3,Harris,1,1,1,0,True,1
480,4,Harris,2,17,2,0,True,1
480,5,Harris,3,23,3,0,True,1
480,6,Harris,1,8,1,0,True,1
480,7,Harris,1,9,1,0,True,1
480,8,Harris,3,10,3,0,True,1
481,0,Harris,0,0,0,0,True,1
481,1,Harris,0,7,0,0,True,1
481,2,Harris,0,35,0,0,True,1
481,3,Harris,0,54,0,0,True,1
481,4,Harris,0,23,0,0,True,1
481,5,Harris,0,50,0,0,True,1
481,6,Harris,0,13,0,0,True,1
481,7,Harris,0,27,0,0,True,1
481,8,Harris,0,15,0,0,True,1
481,9,Harris,0,39,0,0,True,1
482,0,Harris,0,7,0,0,True,1
482,1,Harris,1,37,1,0,True,1
482,2,Harris,1,21,1,0,True,1
482,3,Harris,0,1,0,0,True,1
482,4,Harris,0,13,0,0,True,1
482,5,Harris,0,18,0,0,True,1
482,6,Harris,0,11,0,0,True,1
482,7,Harris,0,19,0,0,True,1
483,0,Harris,0,2,0,0,True,1
483,1,Harris,0,4,0,0,True,1
483,2,Harris,0,20,0,0,True,1
483,3,Harris,0,9,0,0,True,1
483,4,Harris,1,2,1,0,True,1
483,5,Harris,0,10,0,0,True,1
483,6,Harris,0,1,0,0,True,1
483,7,Harris,1,6,1,0,True,1
483,8,Harris,0,11,0,0,True,1
483,9,Harris,0,2,0,0,True,1
484,0,Harris,0,23,0,0,True,1
484,1,Harris,0,25,0,0,True,1
484,2,Harris,0,3,0,0,True,1
484,3,Harris,0,16,0,0,True,1
484,4,Harris,4,35,4,0,True,1
484,5,Harris,0,11,0,0,True,1
484,6,Harris,0,10,0,0,True,1
484,7,Harris,0,14,0,0,True,1
484,8,Harris,1,37,1,0,True,1
484,9,Harris,0,0,0,0,True,1
485,0,Harris,0,2,0,0,True,1
485,1,Harris,0,22,0,0,True,1
485,2,Harris,0,3,0,0,True,1
485,3,Harris,0,20,0,0,True,1
485,4,Harris,2,16,2,0,True,1
485,5,Harris,0,12,0,0,True,1
485,6,Harris,0,16,0,0,True,1
485,7,Harris,1,16,1,0,True,1
486,0,Harris,0,7,0,0,True,1
486,1,Harris,0,5,0,0,True,1
486,2,Harris,0,18,0,0,True,1
486,3,Harris,0,8,0,0,True,1
486,4,Harris,0,11,0,0,True,1
486,5,Harris,0,3,0,0,True,1
486,6,Harris,0,2,0,0,True,1
486,7,Harris,0,2,0,0,True,1
486,8,Harris,0,23,0,0,True,1
486,9,Harris,0,25,0,0,True,1
487,0,Harris,0,31,0,0,True,1
487,1,Harris,3,35,3,0,True,1
487,2,Harris,3,36,3,0,True,1
487,3,Harris,0,1,0,0,True,1
487,4,Harris,0,1,0,0,True,1
487,5,Harris,0,23,0,0,True,1
487,6,Harris,1,38,1,0,True,1
487,7,Harris,0,13,0,0,True,1
488,0,Harris,0,1,0,0,True,1
488,1,Harris,1,4,1,0,True,1
488,2,Harris,2,15,2,0,True,1
488,3,Harris,3,35,3,0,True,1
488,4,Harris,2,50,2,0,True,1
489,0,Harris,0,9,0,0,True,1
489,1,Harris,0,8,0,0,True,1
489,2,Harris,0,10,0,0,True,1
489,3,Harris,0,4,0,0,True,1
489,4,Harris,0,5,0,0,True,1
489,5,Harris,0,13,0,0,True,1
489,6,Harris,0,5,0,0,True,1
489,7,Harris,0,5,0,0,True,1
489,8,Harris,0,19,0,0,True,1
490,0,Harris,0,23,0,0,True,1
490,1,Harris,0,10,0,0,True,1
490,2,Harris,0,16,0,0,True,1
490,3,Harris,2,16,2,0,True,1
490,4,Harris,0,21,0,0,True,1
490,5,Harris,0,37,0,0,True,1
490,6,Harris,0,4,0,0,True,1
490,7,Harris,0,5,0,0,True,1
490,8,Harris,0,7,0,0,True,1
491,0,Harris,0,19,0,0,True,1
491,1,Harris,0,1,0,0,True,1
491,2,Harris,0,14,0,0,True,1
491,3,Harris,0,15,0,0,True,1
491,4,Harris,2,22,2,0,True,1
491,5,Harris,0,12,0,0,True,1
491,6,Harris,0,17,0,0,True,1
491,7,Harris,0,33,0,0,True,1
491,8,Harris,1,23,1,0,True,1
492,0,Harris,2,9,2,0,True,1
492,1,Harris,2,7,2,0,True,1
492,2,Harris,1,0,0,1,False,1
492,3,Harris,2,12,2,0,True,1
492,4,Harris,2,26,2,0,True,1
493,0,Harris,0,51,0,0,True,1
493,1,Harris,0,27,0,0,True,1
493,2,Harris,0,33,0,0,True,1
493,3,Harris,0,8,0,0,True,1
493,4,Harris,0,15,0,0,True,1
493,5,Harris,1,13,1,0,True,1
493,6,Harris,2,55,2,0,True,1
494,0,Harris,0,19,0,0,True,1
494,1,Harris,0,8,0,0,True,1
494,2,Harris,0,25,0,0,True,1
494,3,Harris,0,17,0,0,True,1
494,4,Harris,0,10,0,0,True,1
494,5,Harris,0,21,0,0,True,1
494,6,Harris,3,35,3,0,True,1
494,7,Harris,0,22,0,0,True,1
494,8,Harris,0,9,0,0,True,1
495,0,Harris,2,18,2,0,True,1
495,1,Harris,4,9,4,0,True,1
495,2,Harris,5,13,5,0,True,1
495,3,Harris,4,26,4,0,True,1
495,4,Harris,8,10,8,0,True,1
495,5,Harris,10,17,10,0,True,1
495,6,Harris,12,16,12,0,True,1
495,7,Harris,7,9,7,0,True,1
495,8,Harris,3,18,3,0,True,1
496,0,Harris,0,3,0,0,True,1
496,1,Harris,0,6,0,0,True,1
496,2,Harris,1,16,1,0,True,1
496,3,Harris,0,6,0,0,True,1
496,4,Harris,0,10,0,0,True,1
496,5,Harris,0,5,0,0,True,1
496,6,Harris,0,2,0,0,True,1
496,7,Harris,1,13,1,0,True,1
496,8,Harris,2,11,2,0,True,1
497,0,Harris,0,24,0,0,True,1
497,1,Harris,0,7,0,0,True,1
497,2,Harris,0,32,0,0,True,1
497,3,Harris,0,22,0,0,True,1
497,4,Harris,0,12,0,0,True,1
497,5,Harris,0,2,0,0,True,1
497,6,Harris,0,6,0,0,True,1
497,7,Harris,0,12,0,0,True,1
498,0,Harris,2,56,2,0,True,1
498,1,Harris,0,15,0,0,True,1
498,2,Harris,0,18,0,0,True,1
498,3,Harris,0,3,0,0,True,1
498,4,Harris,0,6,0,0,True,1
498,5,Harris,2,29,2,0,True,1
498,6,Harris,0,10,0,0,True,1
498,7,Harris,0,3,0,0,True,1
499,0,Harris,2,21,2,0,True,1
499,1,Harris,2,14,2,0,True,1
499,2,Harris,1,28,1,0,True,1
499,3,Harris,1,38,1,0,True,1
499,4,Harris,0,15,0,0,True,1
499,5,Harris,2,12,2,0,True,1
499,6,Harris,0,4,0,0,True,1
499,7,Harris,1,23,1,0,True,1
500,0,Harris,0,16,0,0,True,1
500,1,Harris,2,15,2,0,True,1
500,2,Harris,0,3,0,0,True,1
500,3,Harris,2,11,2,0,True,1
500,4,Harris,4,46,4,0,True,1
500,5,Harris,2,50,2,0,True,1
500,6,Harris,0,3,0,0,True,1
500,7,Harris,1,26,1,0,True,1
501,0,Harris,1,45,1,0,True,1
501,1,Harris,0,4,0,0,True,1
501,2,Harris,0,20,0,0,True,1
501,3,Harris,2,29,2,0,True,1
501,4,Harris,0,25,0,0,True,1
501,5,Harris,1,8,1,0,True,1
501,6,Harris,0,4,0,0,True,1
502,0,Harris,0,22,0,0,True,1
502,1,Harris,2,29,2,0,True,1
502,2,Harris,2,26,2,0,True,1
502,3,Harris,0,1,0,0,True,1
502,4,Harris,2,11,2,0,True,1
502,5,Harris,0,10,0,0,True,1
502,6,Harris,0,5,0,0,True,1
502,7,Harris,0,9,0,0,True,1
502,8,Harris,1,10,1,0,True,1
503,0,Harris,0,12,0,0,True,1
503,1,Harris,0,5,0,0,True,1
503,2,Harris,0,9,0,0,True,1
503,3,Harris,0,4,0,0,True,1
503,4,Harris,0,11,0,0,True,1
503,5,Harris,0,11,0,0,True,1
503,6,Harris,0,5,0,0,True,1
503,7,Harris,0,15,0,0,True,1
504,0,Harris,2,23,2,0,True,1
504,1,Harris,1,17,1,0,True,1
504,2,Harris,0,3,0,0,True,1
504,3,Harris,0,10,0,0,True,1
504,4,Harris,1,1,1,0,True,1
504,5,Harris,1,40,1,0,True,1
504,6,Harris,1,24,1,0,True,1
504,7,Harris,0,7,0,0,True,1
505,0,Harris,0,9,0,0,True,1
505,1,Harris,0,22,0,0,True,1
505,2,Harris,0,4,0,0,True,1
505,3,Harris,1,13,1,0,True,1
505,4,Harris,0,15,0,0,True,1
505,5,Harris,2,11,2,0,True,1
505,6,Harris,0,10,0,0,True,1
506,0,Harris,0,42,0,0,True,1
506,1,Harris,0,6,0,0,True,1
506,2,Harris,0,30,0,0,True,1
506,3,Harris,0,5,0,0,True,1
506,4,Harris,0,3,0,0,True,1
506,5,Harris,0,7,0,0,True,1
506,6,Harris,4,48,4,0,True,1
506,7,Harris,0,4,0,0,True,1
506,8,Harris,1,52,1,0,True,1
507,0,Harris,2,19,2,0,True,1
507,1,Harris,2,4,2,0,True,1
507,2,Harris,3,7,3,0,True,1
507,3,Harris,2,4,2,0,True,1
507,4,Harris,2,6,2,0,True,1
507,5,Harris,2,0,0,2,False,1
508,0,Harris,3,44,3,0,True,1
508,1,Harris,0,11,0,0,True,1
508,2,Harris,2,11,2,0,True,1
508,3,Harris,1,12,1,0,True,1
508,4,Harris,2,10,2,0,True,1
508,5,Harris,1,9,1,0,True,1
508,6,Harris,1,16,1,0,True,1
508,7,Harris,2,10,2,0,True,1
508,8,Harris,1,12,1,0,True,1
508,9,Harris,1,11,1,0,True,1
509,0,Harris,1,16,1,0,True,1
509,1,Harris,2,16,2,0,True,1
509,2,Harris,2,20,2,0,True,1
509,3,Harris,2,25,2,0,True,1
509,4,Harris,0,4,0,0,True,1
509,5,Harris,1,9,1,0,True,1
509,6,Harris,2,5,2,0,True,1
510,0,Harris,2,15,2,0,True,1
510,1,Harris,2,47,2,0,True,1
510,2,Harris,2,2,2,0,True,1
510,3,Harris,2,0,0,2,False,1
510,4,Harris,2,32,2,0,True,1
510,5,Harris,2,12,2,0,True,1
510,6,Harris,2,17,2,0,True,1
511,0,Harris,0,12,0,0,True,1
511,1,Harris,0,16,0,0,True,1
511,2,Harris,1,35,1,0,True,1
511,3,Harris,0,4,0,0,True,1
511,4,Harris,0,15,0,0,True,1
511,5,Harris,0,23,0,0,True,1
511,6,Harris,0,29,0,0,True,1
511,7,Harris,2,29,2,0,True,1
512,0,Harris,0,1,0,0,True,1
512,1,Harris,1,46,1,0,True,1
512,2,Harris,0,7,0,0,True,1
512,3,Harris,2,11,2,0,True,1
512,4,Harris,1,13,1,0,True,1
512,5,Harris,0,4,0,0,True,1
512,6,Harris,0,6,0,0,True,1
512,7,Harris,0,2,0,0,True,1
512,8,Harris,0,30,0,0,True,1
513,0,Harris,0,4,0,0,True,1
513,1,Harris,0,17,0,0,True,1
513,2,Harris,0,5,0,0,True,1
513,3,Harris,0,3,0,0,True,1
513,4,Harris,0,19,0,0,True,1
513,5,Harris,0,5,0,0,True,1
513,6,Harris,2,20,2,0,True,1
513,7,Harris,2,11,2,0,True,1
513,8,Harris,9,42,9,0,True,1
514,0,Harris,0,5,0,0,True,1
514,1,Harris,0,25,0,0,True,1
514,2,Harris,0,9,0,0,True,1
514,3,Harris,0,15,0,0,True,1
514,4,Harris,0,10,0,0,True,1
514,5,Harris,2,19,2,0,True,1
514,6,Harris,0,4,0,0,True,1
514,7,Harris,0,25,0,0,True,1
514,8,Harris,0,4,0,0,True,1
515,0,Harris,0,20,0,0,True,1
515,1,Harris,0,21,0,0,True,1
515,2,Harris,0,17,0,0,True,1
515,3,Harris,0,21,0,0,True,1
515,4,Harris,0,5,0,0,True,1
515,5,Harris,0,3,0,0,True,1
515,6,Harris,0,7,0,0,True,1
516,0,Harris,0,4,0,0,True,1
516,1,Harris,0,22,0,0,True,1
516,2,Harris,0,1,0,0,True,1
516,3,Harris,0,13,0,0,True,1
516,4,Harris,0,14,0,0,True,1
516,5,Harris,0,11,0,0,True,1
516,6,Harris,0,5,0,0,True,1
516,7,Harris,0,3,0,0,True,1
516,8,Harris,0,4,0,0,True,1
516,9,Harris,0,26,0,0,True,1
517,0,Harris,1,7,1,0,True,1
517,1,Harris,1,9,1,0,True,1
517,2,Harris,2,8,2,0,True,1
517,3,Harris,3,24,3,0,True,1
517,4,Harris,1,8,1,0,True,1
517,5,Harris,2,24,2,0,True,1
517,6,Harris,0,4,0,0,True,1
517,7,Harris,2,11,2,0,True,1
518,0,Harris,1,8,1,0,True,1
518,1,Harris,0,5,0,0,True,1
518,2,Harris,0,37,0,0,True,1
518,3,Harris,0,10,0,0,True,1
518,4,Harris,0,15,0,0,True,1
518,5,Harris,0,3,0,0,True,1
518,6,Harris,0,27,0,0,True,1
518,7,Harris,0,3,0,0,True,1
519,0,Harris,0,3,0,0,True,1
519,1,Harris,0,4,0,0,True,1
519,2,Harris,0,4,0,0,True,1
519,3,Harris,1,3,1,0,True,1
519,4,Harris,0,9,0,0,True,1
519,5,Harris,0,12,0,0,True,1
519,6,Harris,0,8,0,0,True,1
519,7,Harris,0,5,0,0,True,1
519,8,Harris,2,36,2,0,True,1
520,0,Harris,1,24,1,0,True,1
520,1,Harris,0,3,0,0,True,1
520,2,Harris,0,5,0,0,True,1
520,3,Harris,5,44,5,0,True,1
520,4,Harris,0,17,0,0,True,1
520,5,Harris,0,8,0,0,True,1
520,6,Harris,0,21,0,0,True,1
521,0,Harris,0,7,0,0,True,1
521,1,Harris,0,4,0,0,True,1
521,2,Harris,0,9,0,0,True,1
521,3,Harris,2,29,2,0,True,1
521,4,Harris,2,14,2,0,True,1
521,5,Harris,2,10,2,0,True,1
521,6,Harris,2,45,2,0,True,1
522,0,Harris,2,11,2,0,True,1
522,1,Harris,0,6,0,0,True,1
522,2,Harris,2,54,2,0,True,1
522,3,Harris,2,31,2,0,True,1
522,4,Harris,2,45,2,0,True,1
522,5,Harris,5,5,5,0,True,1
522,6,Harris,1,2,1,0,True,1
522,7,Harris,2,26,2,0,True,1
523,0,Harris,0,29,0,0,True,1
523,1,Harris,1,8,1,0,True,1
523,2,Harris,0,5,0,0,True,1
523,3,Harris,0,18,0,0,True,1
523,4,Harris,0,13,0,0,True,1
523,5,Harris,0,3,0,0,True,1
523,6,Harris,0,12,0,0,True,1
523,7,Harris,0,4,0,0,True,1
523,8,Harris,0,10,0,0,True,1
524,0,Harris,0,25,0,0,True,1
524,1,Harris,0,27,0,0,True,1
524,2,Harris,0,17,0,0,True,1
524,3,Harris,0,3,0,0,True,1
524,4,Harris,0,4,0,0,True,1
524,5,Harris,0,2,0,0,True,1
524,6,Harris,0,12,0,0,True,1
524,7,Harris,0,11,0,0,True,1
524,8,Harris,0,16,0,0,True,1
525,0,Harris,2,31,2,0,True,1
525,1,Harris,2,11,2,0,True,1
525,2,Harris,2,51,2,0,True,1
525,3,Harris,0,22,0,0,True,1
525,4,Harris,0,7,0,0,True,1
525,5,Harris,2,50,2,0,True,1
525,6,Harris,1,9,1,0,True,1
525,7,Harris,0,5,0,0,True,1
526,0,Harris,0,38,0,0,True,1
526,1,Harris,0,10,0,0,True,1
526,2,Harris,0,11,0,0,True,1
526,3,Harris,0,12,0,0,True,1
526,4,Harris,0,26,0,0,True,1
526,5,Harris,1,33,1,0,True,1
526,6,Harris,0,22,0,0,True,1
526,7,Harris,0,15,0,0,True,1
526,8,Harris,0,18,0,0,True,1
527,0,Harris,0,44,0,0,True,1
527,1,Harris,0,8,0,0,True,1
527,2,Harris,0,18,0,0,True,1
527,3,Harris,0,8,0,0,True,1
527,4,Harris,0,1,0,0,True,1
527,5,Harris,0,4,0,0,True,1
527,6,Harris,0,1,0,0,True,1
527,7,Harris,0,7,0,0,True,1
527,8,Harris,2,15,2,0,True,1
527,9,Harris,0,8,0,0,True,1
528,0,Harris,2,36,2,0,True,1
528,1,Harris,0,55,0,0,True,1
528,2,Harris,0,5,0,0,True,1
528,3,Harris,2,50,2,0,True,1
528,4,Harris,1,16,1,0,True,1
528,5,Harris,0,10,0,0,True,1
528,6,Harris,0,28,0,0,True,1
528,7,Harris,1,22,1,0,True,1
529,0,Harris,0,4,0,0,True,1
529,1,Harris,1,4,1,0,True,1
529,2,Harris,0,5,0,0,True,1
529,3,Harris,0,25,0,0,True,1
529,4,Harris,0,6,0,0,True,1
529,5,Harris,0,1,0,0,True,1
529,6,Harris,0,7,0,0,True,1
529,7,Harris,0,11,0,0,True,1
529,8,Harris,0,3,0,0,True,1
530,0,Harris,0,6,0,0,True,1
530,1,Harris,0,10,0,0,True,1
530,2,Harris,0,2,0,0,True,1
530,3,Harris,0,18,0,0,True,1
530,4,Harris,0,5,0,0,True,1
530,5,Harris,0,1,0,0,True,1
530,6,Harris,0,1,0,0,True,1
530,7,Harris,0,3,0,0,True,1
531,0,Harris,0,5,0,0,True,1
531,1,Harris,0,4,0,0,True,1
531,2,Harris,0,1,0,0,True,1
531,3,Harris,0,15,0,0,True,1
531,4,Harris,2,21,2,0,True,1
531,5,Harris,2,11,2,0,True,1
531,6,Harris,2,50,2,0,True,1
531,7,Harris,2,25,2,0,True,1
531,8,Harris,0,3,0,0,True,1
532,0,Harris,1,4,1,0,True,1
532,1,Harris,2,11,2,0,True,1
532,2,Harris,0,17,0,0,True,1
532,3,Harris,0,4,0,0,True,1
532,4,Harris,1,31,1,0,True,1
532,5,Harris,0,19,0,0,True,1
532,6,Harris,0,6,0,0,True,1
533,0,Harris,0,23,0,0,True,1
533,1,Harris,0,34,0,0,True,1
533,2,Harris,0,17,0,0,True,1
533,3,Harris,0,16,0,0,True,1
533,4,Harris,1,21,1,0,True,1
534,0,Harris,2,44,2,0,True,1
534,1,Harris,4,7,4,0,True,1
534,2,Harris,3,35,3,0,True,1
534,3,Harris,2,30,2,0,True,1
534,4,Harris,4,39,4,0,True,1
534,5,Harris,4,48,4,0,True,1
534,6,Harris,1,5,1,0,True,1
535,0,Harris,2,11,2,0,True,1
535,1,Harris,0,5,0,0,True,1
535,2,Harris,2,4,2,0,True,1
535,3,Harris,2,9,2,0,True,1
535,4,Harris,2,8,2,0,True,1
535,5,Harris,1,7,1,0,True,1
535,6,Harris,1,12,1,0,True,1
535,7,Harris,3,12,3,0,True,1
536,0,Harris,0,26,0,0,True,1
536,1,Harris,0,6,0,0,True,1
536,2,Harris,0,16,0,0,True,1
536,3,Harris,2,26,2,0,True,1
536,4,Harris,0,11,0,0,True,1
536,5,Harris,0,9,0,0,True,1
536,6,Harris,2,29,2,0,True,1
536,7,Harris,0,4,0,0,True,1
536,8,Harris,2,11,2,0,True,1
536,9,Harris,0,3,0,0,True,1
537,0,Harris,0,2,0,0,True,1
537,1,Harris,1,9,1,0,True,1
537,2,Harris,0,9,0,0,True,1
537,3,Harris,1,5,1,0,True,1
537,4,Harris,0,17,0,0,True,1
537,5,Harris,0,5,0,0,True,1
537,6,Harris,0,27,0,0,True,1
537,7,Harris,0,3,0,0,True,1
537,8,Harris,0,26,0,0,True,1
538,0,Harris,1,0,0,1,False,1
538,1,Harris,1,48,1,0,True,1
538,2,Harris,0,10,0,0,True,1
538,3,Harris,0,7,0,0,True,1
538,4,Harris,0,6,0,0,True,1
538,5,Harris,0,14,0,0,True,1
538,6,Harris,0,0,0,0,True,1
539,0,Harris,1,14,1,0,True,1
539,1,Harris,1,3,1,0,True,1
539,2,Harris,1,1,1,0,True,1
539,3,Harris,1,3,1,0,True,1
539,4,Harris,1,5,1,0,True,1
539,5,Harris,1,5,1,0,True,1
540,0,Harris,0,5,0,0,True,1
540,1,Harris,0,3,0,0,True,1
540,2,Harris,0,1,0,0,True,1
540,3,Harris,1,44,1,0,True,1
540,4,Harris,0,3,0,0,True,1
540,5,Harris,2,25,2,0,True,1
540,6,Harris,0,11,0,0,True,1
540,7,Harris,0,11,0,0,True,1
540,8,Harris,3,18,3,0,True,1
541,0,Harris,0,3,0,0,True,1
541,1,Harris,1,8,1,0,True,1
541,2,Harris,1,4,1,0,True,1
541,3,Harris,1,0,0,1,False,1
541,4,Harris,2,13,2,0,True,1
541,5,Harris,0,33,0,0,True,1
541,6,Harris,2,17,2,0,True,1
541,7,Harris,1,4,1,0,True,1
542,0,Harris,2,20,2,0,True,1
542,1,Harris,0,3,0,0,True,1
542,2,Harris,2,14,2,0,True,1
542,3,Harris,1,46,1,0,True,1
542,4,Harris,0,8,0,0,True,1
542,5,Harris,0,4,0,0,True,1
542,6,Harris,2,11,2,0,True,1
543,0,Harris,0,8,0,0,True,1
543,1,Harris,1,6,1,0,True,1
543,2,Harris,2,25,2,0,True,1
543,3,Harris,2,29,2,0,True,1
543,4,Harris,2,11,2,0,True,1
543,5,Harris,0,16,0,0,True,1
543,6,Harris,1,19,1,0,True,1
544,0,Harris,0,14,0,0,True,1
544,1,Harris,0,38,0,0,True,1
544,2,Harris,0,8,0,0,True,1
544,3,Harris,0,4,0,0,True,1
544,4,Harris,2,14,2,0,True,1
544,5,Harris,1,8,1,0,True,1
544,6,Harris,0,3,0,0,True,1
544,7,Harris,0,5,0,0,True,1
544,8,Harris,2,15,2,0,True,1
545,0,Harris,1,16,1,0,True,1
545,1,Harris,2,20,2,0,True,1
545,2,Harris,3,8,3,0,True,1
545,3,Harris,1,19,1,0,True,1
545,4,Harris,0,36,0,0,True,1
545,5,Harris,2,7,2,0,True,1
545,6,Harris,0,4,0,0,True,1
545,7,Harris,1,38,1,0,True,1
546,0,Harris,2,28,2,0,True,1
546,1,Harris,2,9,2,0,True,1
546,2,Harris,2,49,2,0,True,1
546,3,Harris,2,50,2,0,True,1
546,4,Harris,2,38,2,0,True,1
546,5,Harris,2,8,2,0,True,1
546,6,Harris,2,25,2,0,True,1
547,0,Harris,2,13,2,0,True,1
547,1,Harris,2,20,2,0,True,1
547,2,Harris,2,28,2,0,True,1
547,3,Harris,1,18,1,0,True,1
547,4,Harris,2,12,2,0,True,1
547,5,Harris,1,9,1,0,True,1
548,0,Harris,0,34,0,0,True,1
548,1,Harris,0,8,0,0,True,1
548,2,Harris,0,3,0,0,True,1
548,3,Harris,2,29,2,0,True,1
548,4,Harris,0,8,0,0,True,1
548,5,Harris,2,29,2,0,True,1
548,6,Harris,2,28,2,0,True,1
548,7,Harris,0,4,0,0,True,1
548,8,Harris,2,25,2,0,True,1
549,0,Harris,3,44,3,0,True,1
549,1,Harris,2,15,2,0,True,1
549,2,Harris,1,20,1,0,True,1
549,3,Harris,0,2,0,0,True,1
549,4,Harris,1,1,1,0,True,1
549,5,Harris,0,4,0,0,True,1
549,6,Harris,0,0,0,0,True,1
550,0,Harris,2,14,2,0,True,1
550,1,Harris,2,3,2,0,True,1
550,2,Harris,2,7,2,0,True,1
550,3,Harris,1,15,1,0,True,1
550,4,Harris,3,12,3,0,True,1
550,5,Harris,3,27,3,0,True,1
550,6,Harris,1,2,1,0,True,1
551,0,Harris,1,5,1,0,True,1
551,1,Harris,1,23,1,0,True,1
551,2,Harris,2,0,0,2,False,1
551,3,Harris,2,4,2,0,True,1
551,4,Harris,2,4,2,0,True,1
551,5,Harris,1,16,1,0,True,1
551,6,Harris,1,17,1,0,True,1
552,0,Harris,1,9,1,0,True,1
552,1,Harris,2,25,2,0,True,1
552,2,Harris,4,41,4,0,True,1
552,3,Harris,1,29,1,0,True,1
552,4,Harris,3,24,3,0,True,1
552,5,Harris,1,43,1,0,True,1
552,6,Harris,2,17,2,0,True,1
552,7,Harris,4,46,4,0,True,1
552,8,Harris,2,17,2,0,True,1
553,0,Harris,0,12,0,0,True,1
553,1,Harris,2,9,2,0,True,1
553,2,Harris,3,11,3,0,True,1
553,3,Harris,2,9,2,0,True,1
553,4,Harris,3,9,3,0,True,1
553,5,Harris,4,9,4,0,True,1
554,0,Harris,1,40,1,0,True,1
554,1,Harris,1,43,1,0,True,1
554,2,Harris,1,25,1,0,True,1
554,3,Harris,2,13,2,0,True,1
554,4,Harris,2,24,2,0,True,1
554,5,Harris,2,17,2,0,True,1
554,6,Harris,3,50,3,0,True,1
554,7,Harris,1,32,1,0,True,1
555,0,Harris,0,42,0,0,True,1
555,1,Harris,2,51,2,0,True,1
555,2,Harris,2,48,2,0,True,1
555,3,Harris,3,43,3,0,True,1
555,4,Harris,0,11,0,0,True,1
555,5,Harris,0,23,0,0,True,1
555,6,Harris,0,7,0,0,True,1
555,7,Harris,0,3,0,0,True,1
556,0,Harris,1,12,1,0,True,1
556,1,Harris,1,3,1,0,True,1
556,2,Harris,1,6,1,0,True,1
556,3,Harris,2,3,2,0,True,1
556,4,Harris,3,4,3,0,True,1
556,5,Harris,3,5,3,0,True,1
556,6,Harris,2,3,2,0,True,1
557,0,Harris,0,12,0,0,True,1
557,1,Harris,1,10,1,0,True,1
557,2,Harris,1,18,1,0,True,1
557,3,Harris,0,9,0,0,True,1
557,4,Harris,0,50,0,0,True,1
557,5,Harris,0,15,0,0,True,1
557,6,Harris,0,14,0,0,True,1
557,7,Harris,1,52,1,0,True,1
557,8,Harris,0,8,0,0,True,1
558,0,Harris,1,8,1,0,True,1
558,1,Harris,0,7,0,0,True,1
558,2,Harris,1,15,1,0,True,1
558,3,Harris,0,25,0,0,True,1
558,4,Harris,0,5,0,0,True,1
558,5,Harris,0,6,0,0,True,1
558,6,Harris,0,6,0,0,True,1
558,7,Harris,0,5,0,0,True,1
558,8,Harris,1,10,1,0,True,1
559,0,Harris,0,6,0,0,True,1
559,1,Harris,0,17,0,0,True,1
559,2,Harris,0,7,0,0,True,1
559,3,Harris,0,2,0,0,True,1
559,4,Harris,0,28,0,0,True,1
559,5,Harris,0,24,0,0,True,1
559,6,Harris,0,4,0,0,True,1
559,7,Harris,0,10,0,0,True,1
560,0,Harris,1,34,1,0,True,1
560,1,Harris,2,13,2,0,True,1
560,2,Harris,0,9,0,0,True,1
560,3,Harris,1,12,1,0,True,1
560,4,Harris,3,27,3,0,True,1
560,5,Harris,2,12,2,0,True,1
560,6,Harris,1,6,1,0,True,1
561,0,Harris,0,3,0,0,True,1
561,1,Harris,0,23,0,0,True,1
561,2,Harris,0,7,0,0,True,1
561,3,Harris,0,7,0,0,True,1
561,4,Harris,3,51,3,0,True,1
561,5,Harris,0,9,0,0,True,1
561,6,Harris,1,37,1,0,True,1
561,7,Harris,2,12,2,0,True,1
562,0,Harris,4,31,4,0,True,1
562,1,Harris,0,27,0,0,True,1
562,2,Harris,0,4,0,0,True,1
562,3,Harris,0,7,0,0,True,1
562,4,Harris,1,23,1,0,True,1
562,5,Harris,2,38,2,0,True,1
562,6,Harris,1,5,1,0,True,1
562,7,Harris,0,5,0,0,True,1
563,0,Harris,0,18,0,0,True,1
563,1,Harris,2,57,2,0,True,1
563,2,Harris,0,6,0,0,True,1
563,3,Harris,0,3,0,0,True,1
563,4,Harris,0,18,0,0,True,1
563,5,Harris,2,8,2,0,True,1
564,0,Harris,2,50,2,0,True,1
564,1,Harris,0,20,0,0,True,1
564,2,Harris,1,8,1,0,True,1
564,3,Harris,1,12,1,0,True,1
564,4,Harris,0,27,0,0,True,1
564,5,Harris,1,35,1,0,True,1
564,6,Harris,1,40,1,0,True,1
564,7,Harris,0,4,0,0,True,1
565,0,Harris,2,10,2,0,True,1
565,1,Harris,5,15,5,0,True,1
565,2,Harris,3,35,3,0,True,1
565,3,Harris,7,18,7,0,True,1
565,4,Harris,0,18,0,0,True,1
565,5,Harris,0,13,0,0,True,1
566,0,Harris,1,1,1,0,True,1
566,1,Harris,2,11,2,0,True,1
566,2,Harris,2,9,2,0,True,1
566,3,Harris,0,2,0,0,True,1
566,4,Harris,0,9,0,0,True,1
566,5,Harris,0,2,0,0,True,1
566,6,Harris,0,17,0,0,True,1
566,7,Harris,0,9,0,0,True,1
566,8,Harris,0,5,0,0,True,1
567,0,Harris,1,24,1,0,True,1
567,1,Harris,2,40,2,0,True,1
567,2,Harris,1,33,1,0,True,1
567,3,Harris,4,45,4,0,True,1
567,4,Harris,4,30,4,0,True,1
567,5,Harris,1,19,1,0,True,1
567,6,Harris,0,12,0,0,True,1
568,0,Harris,4,23,4,0,True,1
568,1,Harris,0,25,0,0,True,1
568,2,Harris,1,32,1,0,True,1
568,3,Harris,0,33,0,0,True,1
568,4,Harris,0,4,0,0,True,1
568,5,Harris,0,3,0,0,True,1
568,6,Harris,0,5,0,0,True,1
569,0,Harris,0,5,0,0,True,1
569,1,Harris,0,14,0,0,True,1
569,2,Harris,0,9,0,0,True,1
569,3,Harris,0,4,0,0,True,1
569,4,Harris,2,44,2,0,True,1
569,5,Harris,1,26,1,0,True,1
569,6,Harris,2,24,2,0,True,1
569,7,Harris,0,3,0,0,True,1
569,8,Harris,0,5,0,0,True,1
570,0,Harris,2,12,2,0,True,1
570,1,Harris,5,22,5,0,True,1
570,2,Harris,2,43,2,0,True,1
570,3,Harris,2,5,2,0,True,1
570,4,Harris,1,3,1,0,True,1
570,5,Harris,4,9,4,0,True,1
571,0,Harris,2,12,2,0,True,1
571,1,Harris,1,43,1,0,True,1
571,2,Harris,3,17,3,0,True,1
571,3,Harris,4,19,4,0,True,1
571,4,Harris,1,18,1,0,True,1
571,5,Harris,3,30,3,0,True,1
571,6,Harris,4,16,4,0,True,1
571,7,Harris,3,16,3,0,True,1
572,0,Harris,0,17,0,0,True,1
572,1,Harris,0,15,0,0,True,1
572,2,Harris,1,25,1,0,True,1
572,3,Harris,0,11,0,0,True,1
572,4,Harris,0,21,0,0,True,1
572,5,Harris,0,15,0,0,True,1
572,6,Harris,0,2,0,0,True,1
572,7,Harris,0,1,0,0,True,1
573,0,Harris,1,43,1,0,True,1
573,1,Harris,2,35,2,0,True,1
573,2,Harris,1,28,1,0,True,1
573,3,Harris,2,25,2,0,True,1
573,4,Harris,2,6,2,0,True,1
573,5,Harris,1,15,1,0,True,1
573,6,Harris,1,4,1,0,True,1
573,7,Harris,0,14,0,0,True,1
574,0,Harris,0,10,0,0,True,1
574,1,Harris,2,11,2,0,True,1
574,2,Harris,1,12,1,0,True,1
574,3,Harris,2,28,2,0,True,1
574,4,Harris,0,32,0,0,True,1
574,5,Harris,4,36,4,0,True,1
574,6,Harris,2,13,2,0,True,1
574,7,Harris,0,4,0,0,True,1
575,0,Harris,1,22,1,0,True,1
575,1,Harris,1,3,1,0,True,1
575,2,Harris,1,3,1,0,True,1
575,3,Harris,1,42,1,0,True,1
575,4,Harris,1,31,1,0,True,1
575,5,Harris,4,20,4,0,True,1
575,6,Harris,1,11,1,0,True,1
575,7,Harris,0,2,0,0,True,1
576,0,Harris,2,6,2,0,True,1
576,1,Harris,1,5,1,0,True,1
576,2,Harris,3,32,3,0,True,1
576,3,Harris,2,16,2,0,True,1
576,4,Harris,0,9,0,0,True,1
576,5,Harris,0,22,0,0,True,1
576,6,Harris,3,13,3,0,True,1
577,0,Harris,0,10,0,0,True,1
577,1,Harris,4,34,4,0,True,1
577,2,Harris,2,34,2,0,True,1
577,3,Harris,1,14,1,0,True,1
577,4,Harris,2,10,2,0,True,1
577,5,Harris,3,51,3,0,True,1
578,0,Harris,0,2,0,0,True,1
578,1,Harris,0,2,0,0,True,1
578,2,Harris,0,2,0,0,True,1
578,3,Harris,0,3,0,0,True,1
578,4,Harris,1,25,1,0,True,1
578,5,Harris,0,10,0,0,True,1
579,0,Harris,2,14,2,0,True,1
579,1,Harris,2,21,2,0,True,1
579,2,Harris,3,45,3,0,True,1
579,3,Harris,5,26,5,0,True,1
579,4,Harris,2,14,2,0,True,1
579,5,Harris,1,10,1,0,True,1
579,6,Harris,3,8,3,0,True,1
580,0,Harris,0,25,0,0,True,1
580,1,Harris,1,19,1,0,True,1
580,2,Harris,0,12,0,0,True,1
580,3,Harris,2,25,2,0,True,1
580,4,Harris,0,11,0,0,True,1
580,5,Harris,1,5,1,0,True,1
580,6,Harris,2,26,2,0,True,1
580,7,Harris,0,19,0,0,True,1
581,0,Harris,1,50,1,0,True,1
581,1,Harris,0,10,0,0,True,1
581,2,Harris,0,11,0,0,True,1
581,3,Harris,0,47,0,0,True,1
581,4,Harris,0,2,0,0,True,1
581,5,Harris,0,5,0,0,True,1
581,6,Harris,0,28,0,0,True,1
582,0,Harris,2,10,2,0,True,1
582,1,Harris,2,18,2,0,True,1
582,2,Harris,2,9,2,0,True,1
582,3,Harris,1,6,1,0,True,1
582,4,Harris,2,13,2,0,True,1
582,5,Harris,1,14,1,0,True,1
582,6,Harris,2,3,2,0,True,1
582,7,Harris,2,15,2,0,True,1
583,0,Harris,2,25,2,0,True,1
583,1,Harris,2,3,2,0,True,1
583,2,Harris,2,12,2,0,True,1
583,3,Harris,1,4,1,0,True,1
583,4,Harris,5,31,5,0,True,1
583,5,Harris,1,38,1,0,True,1
583,6,Harris,5,22,5,0,True,1
584,0,Harris,2,5,2,0,True,1
584,1,Harris,2,2,2,0,True,1
584,2,Harris,2,2,2,0,True,1
584,3,Harris,1,14,1,0,True,1
584,4,Harris,2,3,2,0,True,1
585,0,Harris,0,33,0,0,True,1
585,1,Harris,0,3,0,0,True,1
585,2,Harris,0,17,0,0,True,1
585,3,Harris,1,0,0,1,False,1
585,4,Harris,0,3,0,0,True,1
585,5,Harris,1,5,1,0,True,1
585,6,Harris,0,8,0,0,True,1
585,7,Harris,0,10,0,0,True,1
586,0,Harris,2,26,2,0,True,1
586,1,Harris,0,10,0,0,True,1
586,2,Harris,0,14,0,0,True,1
586,3,Harris,0,6,0,0,True,1
586,4,Harris,0,15,0,0,True,1
586,5,Harris,0,7,0,0,True,1
586,6,Harris,2,47,2,0,True,1
586,7,Harris,2,50,2,0,True,1
586,8,Harris,1,18,1,0,True,1
587,0,Harris,1,58,1,0,True,1
587,1,Harris,2,49,2,0,True,1
587,2,Harris,1,19,1,0,True,1
587,3,Harris,1,14,1,0,True,1
587,4,Harris,1,47,1,0,True,1
587,5,Harris,0,12,0,0,True,1
587,6,Harris,0,10,0,0,True,1
587,7,Harris,0,6,0,0,True,1
587,8,Harris,0,3,0,0,True,1
588,0,Harris,1,27,1,0,True,1
588,1,Harris,0,20,0,0,True,1
588,2,Harris,0,38,0,0,True,1
588,3,Harris,0,10,0,0,True,1
588,4,Harris,0,19,0,0,True,1
589,0,Harris,1,46,1,0,True,1
589,1,Harris,3,43,3,0,True,1
589,2,Harris,3,49,3,0,True,1
589,3,Harris,1,45,1,0,True,1
589,4,Harris,0,4,0,0,True,1
589,5,Harris,0,4,0,0,True,1
589,6,Harris,2,18,2,0,True,1
589,7,Harris,0,5,0,0,True,1
590,0,Harris,1,36,1,0,True,1
590,1,Harris,0,2,0,0,True,1
590,2,Harris,2,3,2,0,True,1
590,3,Harris,1,5,1,0,True,1
590,4,Harris,2,2,2,0,True,1
590,5,Harris,2,14,2,0,True,1
591,0,Harris,1,2,1,0,True,1
591,1,Harris,2,46,2,0,True,1
591,2,Harris,1,1,1,0,True,1
591,3,Harris,2,15,2,0,True,1
591,4,Harris,2,20,2,0,True,1
591,5,Harris,2,13,2,0,True,1
592,0,Harris,2,23,2,0,True,1
592,1,Harris,0,9,0,0,True,1
592,2,Harris,2,28,2,0,True,1
592,3,Harris,0,6,0,0,True,1
592,4,Harris,0,4,0,0,True,1
592,5,Harris,2,4,2,0,True,1
593,0,Harris,2,44,2,0,True,1
593,1,Harris,0,4,0,0,True,1
593,2,Harris,0,23,0,0,True,1
593,3,Harris,1,27,1,0,True,1
593,4,Harris,0,12,0,0,True,1
593,5,Harris,0,4,0,0,True,1
593,6,Harris,2,10,2,0,True,1
593,7,Harris,0,17,0,0,True,1
594,0,Harris,0,2,0,0,True,1
594,1,Harris,0,12,0,0,True,1
594,2,Harris,2,20,2,0,True,1
594,3,Harris,0,23,0,0,True,1
594,4,Harris,0,5,0,0,True,1
594,5,Harris,1,6,1,0,True,1
594,6,Harris,2,20,2,0,True,1
595,0,Harris,0,1,0,0,True,1
595,1,Harris,0,6,0,0,True,1
595,2,Harris,0,13,0,0,True,1
595,3,Harris,0,7,0,0,True,1
595,4,Harris,0,4,0,0,True,1
596,0,Harris,1,20,1,0,True,1
596,1,Harris,0,17,0,0,True,1
596,2,Harris,0,14,0,0,True,1
596,3,Harris,0,7,0,0,True,1
596,4,Harris,0,3,0,0,True,1
596,5,Harris,0,13,0,0,True,1
596,6,Harris,0,8,0,0,True,1
596,7,Harris,0,8,0,0,True,1
596,8,Harris,0,4,0,0,True,1
597,0,Harris,0,2,0,0,True,1
597,1,Harris,0,25,0,0,True,1
597,2,Harris,1,18,1,0,True,1
597,3,Harris,0,10,0,0,True,1
597,4,Harris,0,11,0,0,True,1
597,5,Harris,0,2,0,0,True,1
597,6,Harris,0,6,0,0,True,1
597,7,Harris,0,52,0,0,True,1
597,8,Harris,0,12,0,0,True,1
597,9,Harris,2,34,2,0,True,1
598,0,Harris,0,22,0,0,True,1
598,1,Harris,0,12,0,0,True,1
598,2,Harris,0,25,0,0,True,1
598,3,Harris,3,44,3,0,True,1
598,4,Harris,0,4,0,0,True,1
598,5,Harris,0,18,0,0,True,1
598,6,Harris,2,16,2,0,True,1
598,7,Harris,4,16,4,0,True,1
599,0,Harris,1,50,1,0,True,1
599,1,Harris,0,32,0,0,True,1
599,2,Harris,0,28,0,0,True,1
599,3,Harris,0,39,0,0,True,1
599,4,Harris,0,34,0,0,True,1
599,5,Harris,1,55,1,0,True,1
599,6,Harris,0,20,0,0,True,1
600,0,Harris,1,23,1,0,True,1
600,1,Harris,0,17,0,0,True,1
600,2,Harris,0,27,0,0,True,1
600,3,Harris,0,10,0,0,True,1
600,4,Harris,0,6,0,0,True,1
600,5,Harris,0,9,0,0,True,1
600,6,Harris,0,5,0,0,True,1
600,7,Harris,1,23,1,0,True,1
601,0,Harris,2,24,2,0,True,1
601,1,Harris,2,13,2,0,True,1
601,2,Harris,2,19,2,0,True,1
601,3,Harris,3,20,3,0,True,1
601,4,Harris,2,21,2,0,True,1
601,5,Harris,2,28,2,0,True,1
601,6,Harris,2,26,2,0,True,1
602,0,Harris,2,12,2,0,True,1
602,1,Harris,2,26,2,0,True,1
602,2,Harris,0,25,0,0,True,1
602,3,Harris,2,32,2,0,True,1
602,4,Harris,0,10,0,0,True,1
602,5,Harris,0,24,0,0,True,1
602,6,Harris,0,28,0,0,True,1
602,7,Harris,3,14,3,0,True,1
603,0,Harris,0,2,0,0,True,1
603,1,Harris,1,46,1,0,True,1
603,2,Harris,0,50,0,0,True,1
603,3,Harris,0,23,0,0,True,1
603,4,Harris,0,5,0,0,True,1
603,5,Harris,0,6,0,0,True,1
603,6,Harris,0,40,0,0,True,1
603,7,Harris,0,1,0,0,True,1
603,8,Harris,0,1,0,0,True,1
603,9,Harris,0,7,0,0,True,1
604,0,Harris,0,8,0,0,True,1
604,1,Harris,0,13,0,0,True,1
604,2,Harris,0,10,0,0,True,1
604,3,Harris,2,9,2,0,True,1
604,4,Harris,0,29,0,0,True,1
604,5,Harris,2,51,2,0,True,1
604,6,Harris,0,6,0,0,True,1
605,0,Harris,0,2,0,0,True,1
605,1,Harris,0,1,0,0,True,1
605,2,Harris,0,12,0,0,True,1
605,3,Harris,0,4,0,0,True,1
605,4,Harris,0,16,0,0,True,1
605,5,Harris,0,2,0,0,True,1
605,6,Harris,0,12,0,0,True,1
605,7,Harris,0,10,0,0,True,1
605,8,Harris,0,4,0,0,True,1
606,0,Harris,2,39,2,0,True,1
606,1,Harris,1,6,1,0,True,1
606,2,Harris,2,35,2,0,True,1
606,3,Harris,2,17,2,0,True,1
606,4,Harris,1,3,1,0,True,1
606,5,Harris,1,42,1,0,True,1
606,6,Harris,4,21,4,0,True,1
606,7,Harris,2,17,2,0,True,1
606,8,Harris,1,12,1,0,True,1
606,9,Harris,2,10,2,0,True,1
607,0,Harris,1,16,1,0,True,1
607,1,Harris,1,9,1,0,True,1
607,2,Harris,0,23,0,0,True,1
607,3,Harris,2,14,2,0,True,1
607,4,Harris,0,4,0,0,True,1
607,5,Harris,0,2,0,0,True,1
607,6,Harris,1,24,1,0,True,1
607,7,Harris,2,29,2,0,True,1
608,0,Harris,2,26,2,0,True,1
608,1,Harris,0,8,0,0,True,1
608,2,Harris,2,29,2,0,True,1
608,3,Harris,0,13,0,0,True,1
608,4,Harris,0,25,0,0,True,1
608,5,Harris,0,20,0,0,True,1
608,6,Harris,1,6,1,0,True,1
608,7,Harris,0,2,0,0,True,1
609,0,Harris,1,12,1,0,True,1
609,1,Harris,0,7,0,0,True,1
609,2,Harris,0,1,0,0,True,1
609,3,Harris,1,49,1,0,True,1
609,4,Harris,0,5,0,0,True,1
609,5,Harris,1,24,1,0,True,1
609,6,Harris,2,23,2,0,True,1
610,0,Harris,0,3,0,0,True,1
610,1,Harris,0,35,0,0,True,1
610,2,Harris,0,25,0,0,True,1
610,3,Harris,0,4,0,0,True,1
610,4,Harris,0,23,0,0,True,1
610,5,Harris,0,8,0,0,True,1
610,6,Harris,0,0,0,0,True,1
610,7,Harris,0,8,0,0,True,1
611,0,Harris,2,24,2,0,True,1
611,1,Harris,0,5,0,0,True,1
611,2,Harris,0,26,0,0,True,1
611,3,Harris,0,4,0,0,True,1
611,4,Harris,0,2,0,0,True,1
611,5,Harris,0,12,0,0,True,1
611,6,Harris,0,18,0,0,True,1
612,0,Harris,0,8,0,0,True,1
612,1,Harris,0,5,0,0,True,1
612,2,Harris,0,3,0,0,True,1
612,3,Harris,0,9,0,0,True,1
612,4,Harris,0,15,0,0,True,1
612,5,Harris,0,6,0,0,True,1
612,6,Harris,2,11,2,0,True,1
612,7,Harris,0,8,0,0,True,1
613,0,Harris,0,16,0,0,True,1
613,1,Harris,0,1,0,0,True,1
613,2,Harris,0,5,0,0,True,1
613,3,Harris,0,3,0,0,True,1
613,4,Harris,0,0,0,0,True,1
613,5,Harris,0,46,0,0,True,1
613,6,Harris,0,3,0,0,True,1
613,7,Harris,0,1,0,0,True,1
614,0,Harris,0,6,0,0,True,1
614,1,Harris,0,23,0,0,True,1
614,2,Harris,0,2,0,0,True,1
614,3,Harris,6,42,6,0,True,1
614,4,Harris,2,28,2,0,True,1
614,5,Harris,0,2,0,0,True,1
614,6,Harris,1,11,1,0,True,1
614,7,Harris,0,4,0,0,True,1
614,8,Harris,0,13,0,0,True,1
615,0,Harris,0,6,0,0,True,1
615,1,Harris,0,50,0,0,True,1
615,2,Harris,0,4,0,0,True,1
615,3,Harris,0,0,0,0,True,1
615,4,Harris,0,17,0,0,True,1
615,5,Harris,0,20,0,0,True,1
616,0,Harris,0,19,0,0,True,1
616,1,Harris,0,5,0,0,True,1
616,2,Harris,1,31,1,0,True,1
616,3,Harris,0,16,0,0,True,1
616,4,Harris,0,23,0,0,True,1
616,5,Harris,0,5,0,0,True,1
616,6,Harris,0,4,0,0,True,1
616,7,Harris,0,2,0,0,True,1
616,8,Harris,0,21,0,0,True,1
617,0,Harris,0,8,0,0,True,1
617,1,Harris,0,11,0,0,True,1
617,2,Harris,2,30,2,0,True,1
617,3,Harris,0,3,0,0,True,1
617,4,Harris,0,16,0,0,True,1
617,5,Harris,0,13,0,0,True,1
617,6,Harris,1,46,1,0,True,1
617,7,Harris,0,16,0,0,True,1
618,0,Harris,0,25,0,0,True,1
618,1,Harris,0,23,0,0,True,1
618,2,Harris,0,12,0,0,True,1
618,3,Harris,0,4,0,0,True,1
618,4,Harris,0,15,0,0,True,1
618,5,Harris,0,4,0,0,True,1
618,6,Harris,0,23,0,0,True,1
618,7,Harris,2,25,2,0,True,1
618,8,Harris,0,15,0,0,True,1
619,0,Harris,2,59,2,0,True,1
619,1,Harris,2,23,2,0,True,1
619,2,Harris,2,35,2,0,True,1
619,3,Harris,3,9,3,0,True,1
619,4,Harris,2,11,2,0,True,1
619,5,Harris,2,8,2,0,True,1
620,0,Harris,3,32,3,0,True,1
620,1,Harris,0,18,0,0,True,1
620,2,Harris,0,18,0,0,True,1
620,3,Harris,0,4,0,0,True,1
620,4,Harris,0,0,0,0,True,1
620,5,Harris,0,2,0,0,True,1
620,6,Harris,0,13,0,0,True,1
620,7,Harris,1,45,1,0,True,1
621,0,Harris,0,3,0,0,True,1
621,1,Harris,0,11,0,0,True,1
621,2,Harris,0,6,0,0,True,1
621,3,Harris,0,12,0,0,True,1
621,4,Harris,0,9,0,0,True,1
621,5,Harris,0,1,0,0,True,1
621,6,Harris,0,47,0,0,True,1
621,7,Harris,1,55,1,0,True,1
621,8,Harris,0,1,0,0,True,1
622,0,Harris,0,4,0,0,True,1
622,1,Harris,0,8,0,0,True,1
622,2,Harris,0,9,0,0,True,1
622,3,Harris,0,12,0,0,True,1
622,4,Harris,0,8,0,0,True,1
622,5,Harris,0,9,0,0,True,1
622,6,Harris,2,17,2,0,True,1
622,7,Harris,0,5,0,0,True,1
623,0,Harris,0,7,0,0,True,1
623,1,Harris,0,2,0,0,True,1
623,2,Harris,0,5,0,0,True,1
623,3,Harris,0,3,0,0,True,1
623,4,Harris,2,48,2,0,True,1
623,5,Harris,1,29,1,0,True,1
623,6,Harris,0,21,0,0,True,1
623,7,Harris,0,32,0,0,True,1
623,8,Harris,0,7,0,0,True,1
624,0,Harris,0,23,0,0,True,1
624,1,Harris,4,35,4,0,True,1
624,2,Harris,2,49,2,0,True,1
624,3,Harris,0,25,0,0,True,1
624,4,Harris,1,34,1,0,True,1
624,5,Harris,0,22,0,0,True,1
625,0,Harris,0,13,0,0,True,1
625,1,Harris,0,11,0,0,True,1
625,2,Harris,0,17,0,0,True,1
625,3,Harris,0,20,0,0,True,1
625,4,Harris,0,16,0,0,True,1
625,5,Harris,0,16,0,0,True,1
625,6,Harris,0,13,0,0,True,1
626,0,Harris,0,18,0,0,True,1
626,1,Harris,0,15,0,0,True,1
626,2,Harris,0,6,0,0,True,1
626,3,Harris,1,29,1,0,True,1
626,4,Harris,2,20,2,0,True,1
626,5,Harris,0,15,0,0,True,1
626,6,Harris,0,23,0,0,True,1
626,7,Harris,0,4,0,0,True,1
626,8,Harris,0,1,0,0,True,1
627,0,Harris,0,9,0,0,True,1
627,1,Harris,0,13,0,0,True,1
627,2,Harris,0,8,0,0,True,1
627,3,Harris,0,8,0,0,True,1
627,4,Harris,1,17,1,0,True,1
627,5,Harris,0,12,0,0,True,1
627,6,Harris,0,3,0,0,True,1
627,7,Harris,0,14,0,0,True,1
627,8,Harris,0,20,0,0,True,1
628,0,Harris,0,9,0,0,True,1
628,1,Harris,0,3,0,0,True,1
628,2,Harris,0,27,0,0,True,1
628,3,Harris,0,50,0,0,True,1
628,4,Harris,1,26,1,0,True,1
628,5,Harris,0,20,0,0,True,1
628,6,Harris,0,15,0,0,True,1
628,7,Harris,0,7,0,0,True,1
628,8,Harris,0,3,0,0,True,1
629,0,Harris,0,26,0,0,True,1
629,1,Harris,4,21,4,0,True,1
629,2,Harris,0,20,0,0,True,1
629,3,Harris,2,14,2,0,True,1
629,4,Harris,0,3,0,0,True,1
629,5,Harris,1,4,1,0,True,1
629,6,Harris,3,52,3,0,True,1
629,7,Harris,4,41,4,0,True,1
630,0,Harris,0,2,0,0,True,1
630,1,Harris,0,11,0,0,True,1
630,2,Harris,0,3,0,0,True,1
630,3,Harris,0,4,0,0,True,1
630,4,Harris,0,36,0,0,True,1
630,5,Harris,0,7,0,0,True,1
630,6,Harris,2,27,2,0,True,1
630,7,Harris,0,5,0,0,True,1
630,8,Harris,0,5,0,0,True,1
631,0,Harris,0,10,0,0,True,1
631,1,Harris,0,6,0,0,True,1
631,2,Harris,0,15,0,0,True,1
631,3,Harris,0,1,0,0,True,1
631,4,Harris,1,5,1,0,True,1
631,5,Harris,0,10,0,0,True,1
631,6,Harris,0,6,0,0,True,1
632,0,Harris,0,18,0,0,True,1
632,1,Harris,0,37,0,0,True,1
632,2,Harris,0,24,0,0,True,1
632,3,Harris,0,14,0,0,True,1
632,4,Harris,0,15,0,0,True,1
632,5,Harris,1,36,1,0,True,1
632,6,Harris,0,17,0,0,True,1
632,7,Harris,0,3,0,0,True,1
632,8,Harris,0,12,0,0,True,1
633,0,Harris,0,3,0,0,True,1
633,1,Harris,0,6,0,0,True,1
633,2,Harris,0,25,0,0,True,1
633,3,Harris,2,9,2,0,True,1
633,4,Harris,0,15,0,0,True,1
633,5,Harris,1,10,1,0,True,1
634,0,Harris,0,25,0,0,True,1
634,1,Harris,2,26,2,0,True,1
634,2,Harris,0,3,0,0,True,1
634,3,Harris,2,43,2,0,True,1
634,4,Harris,0,8,0,0,True,1
634,5,Harris,0,3,0,0,True,1
634,6,Harris,0,4,0,0,True,1
634,7,Harris,1,11,1,0,True,1
635,0,Harris,0,16,0,0,True,1
635,1,Harris,0,21,0,0,True,1
635,2,Harris,0,14,0,0,True,1
635,3,Harris,0,57,0,0,True,1
635,4,Harris,0,38,0,0,True,1
635,5,Harris,0,7,0,0,True,1
635,6,Harris,1,43,1,0,True,1
635,7,Harris,0,52,0,0,True,1
636,0,Harris,0,15,0,0,True,1
636,1,Harris,0,3,0,0,True,1
636,2,Harris,0,44,0,0,True,1
636,3,Harris,0,7,0,0,True,1
636,4,Harris,0,4,0,0,True,1
636,5,Harris,0,17,0,0,True,1
636,6,Harris,0,8,0,0,True,1
636,7,Harris,2,1,1,1,False,1
637,0,Harris,1,9,1,0,True,1
637,1,Harris,2,42,2,0,True,1
637,2,Harris,0,46,0,0,True,1
637,3,Harris,0,15,0,0,True,1
637,4,Harris,0,15,0,0,True,1
637,5,Harris,1,11,1,0,True,1
637,6,Harris,0,1,0,0,True,1
637,7,Harris,1,18,1,0,True,1
638,0,Harris,0,12,0,0,True,1
638,1,Harris,1,17,1,0,True,1
638,2,Harris,0,13,0,0,True,1
638,3,Harris,0,6,0,0,True,1
638,4,Harris,0,24,0,0,True,1
638,5,Harris,0,7,0,0,True,1
638,6,Harris,0,12,0,0,True,1
638,7,Harris,0,12,0,0,True,1
639,0,Harris,0,16,0,0,True,1
639,1,Harris,0,12,0,0,True,1
639,2,Harris,0,14,0,0,True,1
639,3,Harris,0,17,0,0,True,1
639,4,Harris,1,17,1,0,True,1
639,5,Harris,0,17,0,0,True,1
639,6,Harris,0,5,0,0,True,1
639,7,Harris,0,21,0,0,True,1
640,0,Harris,2,27,2,0,True,1
640,1,Harris,0,17,0,0,True,1
640,2,Harris,0,12,0,0,True,1
640,3,Harris,0,9,0,0,True,1
640,4,Harris,0,6,0,0,True,1
640,5,Harris,0,17,0,0,True,1
640,6,Harris,0,12,0,0,True,1
641,0,Harris,2,43,2,0,True,1
641,1,Harris,0,14,0,0,True,1
641,2,Harris,0,22,0,0,True,1
641,3,Harris,1,51,1,0,True,1
641,4,Harris,2,31,2,0,True,1
641,5,Harris,0,19,0,0,True,1
642,0,Harris,2,18,2,0,True,1
642,1,Harris,1,15,1,0,True,1
642,2,Harris,2,13,2,0,True,1
642,3,Harris,3,29,3,0,True,1
642,4,Harris,2,17,2,0,True,1
642,5,Harris,2,34,2,0,True,1
642,6,Harris,2,33,2,0,True,1
643,0,Harris,0,0,0,0,True,1
643,1,Harris,0,21,0,0,True,1
643,2,Harris,0,5,0,0,True,1
643,3,Harris,0,13,0,0,True,1
643,4,Harris,0,10,0,0,True,1
643,5,Harris,1,36,1,0,True,1
643,6,Harris,0,36,0,0,True,1
643,7,Harris,1,25,1,0,True,1
644,0,Harris,2,26,2,0,True,1
644,1,Harris,0,25,0,0,True,1
644,2,Harris,0,4,0,0,True,1
644,3,Harris,0,17,0,0,True,1
644,4,Harris,0,37,0,0,True,1
644,5,Harris,0,6,0,0,True,1
644,6,Harris,0,1,0,0,True,1
644,7,Harris,0,3,0,0,True,1
644,8,Harris,0,1,0,0,True,1
645,0,Harris,0,3,0,0,True,1
645,1,Harris,0,52,0,0,True,1
645,2,Harris,0,29,0,0,True,1
645,3,Harris,0,7,0,0,True,1
645,4,Harris,0,6,0,0,True,1
645,5,Harris,0,21,0,0,True,1
645,6,Harris,0,11,0,0,True,1
645,7,Harris,1,24,1,0,True,1
646,0,Harris,2,17,2,0,True,1
646,1,Harris,0,6,0,0,True,1
646,2,Harris,0,28,0,0,True,1
646,3,Harris,0,10,0,0,True,1
646,4,Harris,0,9,0,0,True,1
646,5,Harris,0,2,0,0,True,1
646,6,Harris,0,7,0,0,True,1
647,0,Harris,0,48,0,0,True,1
647,1,Harris,0,48,0,0,True,1
647,2,Harris,1,50,1,0,True,1
647,3,Harris,0,8,0,0,True,1
647,4,Harris,1,33,1,0,True,1
647,5,Harris,2,34,2,0,True,1
647,6,Harris,1,34,1,0,True,1
648,0,Harris,0,2,0,0,True,1
648,1,Harris,2,26,2,0,True,1
648,2,Harris,0,22,0,0,True,1
648,3,Harris,0,2,0,0,True,1
648,4,Harris,2,42,2,0,True,1
648,5,Harris,1,37,1,0,True,1
648,6,Harris,0,9,0,0,True,1
648,7,Harris,2,3,2,0,True,1
648,8,Harris,0,5,0,0,True,1
648,9,Harris,0,9,0,0,True,1
649,0,Harris,0,23,0,0,True,1
649,1,Harris,1,38,1,0,True,1
650,0,Harris,2,11,2,0,True,1
650,1,Harris,0,8,0,0,True,1
650,2,Harris,0,22,0,0,True,1
650,3,Harris,0,5,0,0,True,1
650,4,Harris,0,3,0,0,True,1
650,5,Harris,0,11,0,0,True,1
650,6,Harris,0,3,0,0,True,1
650,7,Harris,0,6,0,0,True,1
650,8,Harris,0,0,0,0,True,1
650,9,Harris,0,16,0,0,True,1
651,0,Harris,1,27,1,0,True,1
651,1,Harris,0,18,0,0,True,1
651,2,Harris,0,9,0,0,True,1
651,3,Harris,1,17,1,0,True,1
651,4,Harris,0,13,0,0,True,1
651,5,Harris,0,43,0,0,True,1
651,6,Harris,0,5,0,0,True,1
651,7,Harris,0,13,0,0,True,1
651,8,Harris,1,9,1,0,True,1
652,0,Harris,0,9,0,0,True,1
652,1,Harris,0,4,0,0,True,1
652,2,Harris,0,1,0,0,True,1
652,3,Harris,0,19,0,0,True,1
652,4,Harris,0,8,0,0,True,1
652,5,Harris,0,3,0,0,True,1
652,6,Harris,0,18,0,0,True,1
653,0,Harris,0,10,0,0,True,1
653,1,Harris,0,9,0,0,True,1
653,2,Harris,0,35,0,0,True,1
653,3,Harris,0,21,0,0,True,1
653,4,Harris,0,5,0,0,True,1
653,5,Harris,4,16,4,0,True,1
653,6,Harris,0,14,0,0,True,1
653,7,Harris,0,10,0,0,True,1
654,0,Harris,0,5,0,0,True,1
654,1,Harris,0,5,0,0,True,1
654,2,Harris,0,16,0,0,True,1
654,3,Harris,1,8,1,0,True,1
654,4,Harris,2,14,2,0,True,1
654,5,Harris,2,5,2,0,True,1
654,6,Harris,3,35,3,0,True,1
655,0,Harris,0,2,0,0,True,1
655,1,Harris,1,11,1,0,True,1
655,2,Harris,1,25,1,0,True,1
655,3,Harris,0,24,0,0,True,1
655,4,Harris,0,32,0,0,True,1
655,5,Harris,1,35,1,0,True,1
655,6,Harris,0,15,0,0,True,1
656,0,Harris,0,6,0,0,True,1
656,1,Harris,0,28,0,0,True,1
656,2,Harris,0,3,0,0,True,1
656,3,Harris,0,4,0,0,True,1
656,4,Harris,0,11,0,0,True,1
656,5,Harris,0,2,0,0,True,1
656,6,Harris,2,50,2,0,True,1
656,7,Harris,0,11,0,0,True,1
657,0,Harris,0,4,0,0,True,1
657,1,Harris,0,9,0,0,True,1
657,2,Harris,0,5,0,0,True,1
657,3,Harris,0,15,0,0,True,1
657,4,Harris,0,3,0,0,True,1
657,5,Harris,0,4,0,0,True,1
657,6,Harris,0,14,0,0,True,1
657,7,Harris,0,7,0,0,True,1
657,8,Harris,0,12,0,0,True,1
657,9,Harris,0,21,0,0,True,1
658,0,Harris,1,19,1,0,True,1
658,1,Harris,1,26,1,0,True,1
658,2,Harris,3,48,3,0,True,1
658,3,Harris,0,8,0,0,True,1
658,4,Harris,1,47,1,0,True,1
658,5,Harris,0,40,0,0,True,1
658,6,Harris,0,11,0,0,True,1
659,0,Harris,0,25,0,0,True,1
659,1,Harris,4,20,4,0,True,1
659,2,Harris,0,3,0,0,True,1
659,3,Harris,0,25,0,0,True,1
659,4,Harris,0,5,0,0,True,1
659,5,Harris,2,25,2,0,True,1
659,6,Harris,0,2,0,0,True,1
659,7,Harris,0,4,0,0,True,1
659,8,Harris,0,4,0,0,True,1
660,0,Harris,2,37,2,0,True,1
660,1,Harris,1,47,1,0,True,1
660,2,Harris,2,46,2,0,True,1
660,3,Harris,3,36,3,0,True,1
660,4,Harris,2,47,2,0,True,1
660,5,Harris,2,38,2,0,True,1
660,6,Harris,0,19,0,0,True,1
661,0,Harris,0,8,0,0,True,1
661,1,Harris,0,54,0,0,True,1
661,2,Harris,0,13,0,0,True,1
661,3,Harris,0,33,0,0,True,1
661,4,Harris,1,11,1,0,True,1
661,5,Harris,0,14,0,0,True,1
661,6,Harris,0,28,0,0,True,1
661,7,Harris,1,30,1,0,True,1
661,8,Harris,0,43,0,0,True,1
661,9,Harris,1,11,1,0,True,1
662,0,Harris,0,4,0,0,True,1
662,1,Harris,0,13,0,0,True,1
662,2,Harris,0,6,0,0,True,1
662,3,Harris,0,8,0,0,True,1
662,4,Harris,2,23,2,0,True,1
662,5,Harris,0,5,0,0,True,1
662,6,Harris,0,5,0,0,True,1
662,7,Harris,0,23,0,0,True,1
662,8,Harris,0,38,0,0,True,1
663,0,Harris,0,40,0,0,True,1
663,1,Harris,3,42,3,0,True,1
663,2,Harris,0,2,0,0,True,1
663,3,Harris,0,2,0,0,True,1
663,4,Harris,0,55,0,0,True,1
663,5,Harris,2,52,2,0,True,1
663,6,Harris,0,3,0,0,True,1
664,0,Harris,0,21,0,0,True,1
664,1,Harris,0,33,0,0,True,1
664,2,Harris,0,7,0,0,True,1
664,3,Harris,0,8,0,0,True,1
664,4,Harris,0,5,0,0,True,1
664,5,Harris,0,9,0,0,True,1
664,6,Harris,0,8,0,0,True,1
664,7,Harris,0,30,0,0,True,1
665,0,Harris,1,13,1,0,True,1
665,1,Harris,0,8,0,0,True,1
665,2,Harris,0,1,0,0,True,1
665,3,Harris,0,0,0,0,True,1
665,4,Harris,0,3,0,0,True,1
665,5,Harris,0,3,0,0,True,1
665,6,Harris,0,0,0,0,True,1
666,0,Harris,1,20,1,0,True,1
666,1,Harris,0,14,0,0,True,1
666,2,Harris,0,12,0,0,True,1
666,3,Harris,0,10,0,0,True,1
666,4,Harris,0,10,0,0,True,1
666,5,Harris,0,17,0,0,True,1
666,6,Harris,2,30,2,0,True,1
666,7,Harris,0,9,0,0,True,1
666,8,Harris,1,11,1,0,True,1
666,9,Harris,0,17,0,0,True,1
667,0,Harris,0,3,0,0,True,1
667,1,Harris,2,17,2,0,True,1
667,2,Harris,1,8,1,0,True,1
667,3,Harris,1,13,1,0,True,1
667,4,Harris,1,13,1,0,True,1
667,5,Harris,0,28,0,0,True,1
668,0,Harris,0,9,0,0,True,1
668,1,Harris,0,54,0,0,True,1
668,2,Harris,0,6,0,0,True,1
668,3,Harris,0,49,0,0,True,1
668,4,Harris,1,38,1,0,True,1
668,5,Harris,1,12,1,0,True,1
668,6,Harris,0,39,0,0,True,1
668,7,Harris,0,28,0,0,True,1
669,0,Harris,0,4,0,0,True,1
669,1,Harris,2,25,2,0,True,1
669,2,Harris,1,19,1,0,True,1
669,3,Harris,1,37,1,0,True,1
669,4,Harris,0,3,0,0,True,1
669,5,Harris,0,8,0,0,True,1
670,0,Harris,0,13,0,0,True,1
670,1,Harris,0,8,0,0,True,1
670,2,Harris,0,55,0,0,True,1
670,3,Harris,0,4,0,0,True,1
670,4,Harris,0,15,0,0,True,1
670,5,Harris,0,13,0,0,True,1
670,6,Harris,0,50,0,0,True,1
670,7,Harris,1,8,1,0,True,1
671,0,Harris,0,5,0,0,True,1
671,1,Harris,0,2,0,0,True,1
671,2,Harris,0,13,0,0,True,1
671,3,Harris,0,9,0,0,True,1
671,4,Harris,0,15,0,0,True,1
671,5,Harris,1,6,1,0,True,1
671,6,Harris,0,4,0,0,True,1
671,7,Harris,0,27,0,0,True,1
671,8,Harris,0,14,0,0,True,1
671,9,Harris,0,24,0,0,True,1
672,0,Harris,0,3,0,0,True,1
672,1,Harris,0,6,0,0,True,1
672,2,Harris,0,1,0,0,True,1
672,3,Harris,0,11,0,0,True,1
672,4,Harris,1,10,1,0,True,1
672,5,Harris,1,27,1,0,True,1
672,6,Harris,0,2,0,0,True,1
672,7,Harris,0,2,0,0,True,1
672,8,Harris,0,4,0,0,True,1
673,0,Harris,0,20,0,0,True,1
673,1,Harris,0,3,0,0,True,1
673,2,Harris,0,9,0,0,True,1
673,3,Harris,0,18,0,0,True,1
673,4,Harris,0,8,0,0,True,1
673,5,Harris,1,12,1,0,True,1
673,6,Harris,0,8,0,0,True,1
673,7,Harris,0,47,0,0,True,1
674,0,Harris,0,18,0,0,True,1
674,1,Harris,0,11,0,0,True,1
674,2,Harris,0,39,0,0,True,1
674,3,Harris,0,7,0,0,True,1
674,4,Harris,2,36,2,0,True,1
674,5,Harris,1,21,1,0,True,1
674,6,Harris,1,20,1,0,True,1
674,7,Harris,1,4,1,0,True,1
674,8,Harris,0,24,0,0,True,1
675,0,Harris,0,8,0,0,True,1
675,1,Harris,0,25,0,0,True,1
675,2,Harris,0,16,0,0,True,1
675,3,Harris,0,19,0,0,True,1
675,4,Harris,0,35,0,0,True,1
675,5,Harris,0,8,0,0,True,1
675,6,Harris,0,40,0,0,True,1
676,0,Harris,0,16,0,0,True,1
676,1,Harris,0,3,0,0,True,1
676,2,Harris,0,5,0,0,True,1
676,3,Harris,1,25,1,0,True,1
676,4,Harris,0,1,0,0,True,1
676,5,Harris,0,1,0,0,True,1
676,6,Harris,0,1,0,0,True,1
676,7,Harris,0,1,0,0,True,1
676,8,Harris,0,1,0,0,True,1
677,0,Harris,0,9,0,0,True,1
677,1,Harris,0,2,0,0,True,1
677,2,Harris,0,18,0,0,True,1
677,3,Harris,0,5,0,0,True,1
677,4,Harris,0,16,0,0,True,1
677,5,Harris,0,28,0,0,True,1
677,6,Harris,0,6,0,0,True,1
677,7,Harris,0,10,0,0,True,1
678,0,Harris,0,15,0,0,True,1
678,1,Harris,0,5,0,0,True,1
678,2,Harris,2,3,2,0,True,1
678,3,Harris,3,11,3,0,True,1
678,4,Harris,1,12,1,0,True,1
678,5,Harris,0,5,0,0,True,1
679,0,Harris,1,27,1,0,True,1
679,1,Harris,0,5,0,0,True,1
679,2,Harris,0,8,0,0,True,1
679,3,Harris,0,6,0,0,True,1
679,4,Harris,0,13,0,0,True,1
679,5,Harris,1,13,1,0,True,1
679,6,Harris,0,40,0,0,True,1
679,7,Harris,0,1,0,0,True,1
680,0,Harris,1,17,1,0,True,1
680,1,Harris,1,17,1,0,True,1
680,2,Harris,1,16,1,0,True,1
680,3,Harris,1,16,1,0,True,1
680,4,Harris,1,17,1,0,True,1
680,5,Harris,0,6,0,0,True,1
681,0,Harris,1,49,1,0,True,1
681,1,Harris,1,2,1,0,True,1
681,2,Harris,0,2,0,0,True,1
681,3,Harris,0,14,0,0,True,1
681,4,Harris,0,7,0,0,True,1
681,5,Harris,0,32,0,0,True,1
682,0,Harris,0,7,0,0,True,1
682,1,Harris,0,6,0,0,True,1
682,2,Harris,0,19,0,0,True,1
682,3,Harris,0,53,0,0,True,1
682,4,Harris,3,45,3,0,True,1
682,5,Harris,1,19,1,0,True,1
682,6,Harris,0,7,0,0,True,1
682,7,Harris,0,24,0,0,True,1
682,8,Harris,0,13,0,0,True,1
683,0,Harris,0,7,0,0,True,1
683,1,Harris,0,15,0,0,True,1
683,2,Harris,0,5,0,0,True,1
683,3,Harris,1,7,1,0,True,1
683,4,Harris,0,26,0,0,True,1
683,5,Harris,0,18,0,0,True,1
683,6,Harris,0,41,0,0,True,1
683,7,Harris,1,41,1,0,True,1
684,0,Harris,2,26,2,0,True,1
684,1,Harris,2,34,2,0,True,1
684,2,Harris,0,9,0,0,True,1
684,3,Harris,0,45,0,0,True,1
684,4,Harris,2,16,2,0,True,1
684,5,Harris,0,20,0,0,True,1
684,6,Harris,1,23,1,0,True,1
685,0,Harris,0,50,0,0,True,1
685,1,Harris,0,2,0,0,True,1
685,2,Harris,1,38,1,0,True,1
685,3,Harris,1,18,1,0,True,1
685,4,Harris,0,54,0,0,True,1
685,5,Harris,0,20,0,0,True,1
685,6,Harris,0,28,0,0,True,1
686,0,Harris,1,49,1,0,True,1
686,1,Harris,0,38,0,0,True,1
686,2,Harris,0,17,0,0,True,1
686,3,Harris,1,15,1,0,True,1
686,4,Harris,1,10,1,0,True,1
686,5,Harris,0,13,0,0,True,1
686,6,Harris,1,10,1,0,True,1
686,7,Harris,0,20,0,0,True,1
687,0,Harris,0,4,0,0,True,1
687,1,Harris,0,13,0,0,True,1
687,2,Harris,0,23,0,0,True,1
687,3,Harris,0,6,0,0,True,1
687,4,Harris,0,7,0,0,True,1
687,5,Harris,0,34,0,0,True,1
687,6,Harris,0,1,0,0,True,1
687,7,Harris,2,29,2,0,True,1
687,8,Harris,9,42,9,0,True,1
688,0,Harris,0,11,0,0,True,1
688,1,Harris,0,50,0,0,True,1
688,2,Harris,0,22,0,0,True,1
688,3,Harris,1,13,1,0,True,1
688,4,Harris,1,37,1,0,True,1
688,5,Harris,0,20,0,0,True,1
688,6,Harris,0,25,0,0,True,1
688,7,Harris,0,25,0,0,True,1
688,8,Harris,0,1,0,0,True,1
689,0,Harris,0,6,0,0,True,1
689,1,Harris,1,54,1,0,True,1
689,2,Harris,0,16,0,0,True,1
689,3,Harris,2,29,2,0,True,1
689,4,Harris,2,28,2,0,True,1
689,5,Harris,0,11,0,0,True,1
689,6,Harris,0,12,0,0,True,1
689,7,Harris,1,13,1,0,True,1
690,0,Harris,0,13,0,0,True,1
690,1,Harris,0,11,0,0,True,1
690,2,Harris,2,16,2,0,True,1
690,3,Harris,1,20,1,0,True,1
690,4,Harris,2,32,2,0,True,1
690,5,Harris,0,2,0,0,True,1
690,6,Harris,0,5,0,0,True,1
691,0,Harris,0,5,0,0,True,1
691,1,Harris,0,10,0,0,True,1
691,2,Harris,0,23,0,0,True,1
691,3,Harris,0,5,0,0,True,1
691,4,Harris,0,17,0,0,True,1
691,5,Harris,1,17,1,0,True,1
691,6,Harris,1,26,1,0,True,1
692,0,Harris,3,53,3,0,True,1
692,1,Harris,0,3,0,0,True,1
692,2,Harris,0,27,0,0,True,1
692,3,Harris,0,7,0,0,True,1
692,4,Harris,0,53,0,0,True,1
692,5,Harris,0,63,0,0,True,1
692,6,Harris,1,58,1,0,True,1
692,7,Harris,1,31,1,0,True,1
692,8,Harris,1,52,1,0,True,1
693,0,Harris,0,0,0,0,True,1
693,1,Harris,0,16,0,0,True,1
693,2,Harris,2,25,2,0,True,1
693,3,Harris,1,19,1,0,True,1
693,4,Harris,0,19,0,0,True,1
693,5,Harris,0,0,0,0,True,1
694,0,Harris,0,24,0,0,True,1
694,1,Harris,1,6,1,0,True,1
694,2,Harris,0,22,0,0,True,1
694,3,Harris,0,33,0,0,True,1
694,4,Harris,1,35,1,0,True,1
694,5,Harris,0,3,0,0,True,1
694,6,Harris,0,3,0,0,True,1
694,7,Harris,0,26,0,0,True,1
694,8,Harris,0,27,0,0,True,1
695,0,Harris,0,17,0,0,True,1
695,1,Harris,2,39,2,0,True,1
695,2,Harris,0,4,0,0,True,1
695,3,Harris,0,17,0,0,True,1
695,4,Harris,0,15,0,0,True,1
695,5,Harris,0,1,0,0,True,1
695,6,Harris,1,10,1,0,True,1
695,7,Harris,0,16,0,0,True,1
695,8,Harris,2,50,2,0,True,1
696,0,Harris,0,3,0,0,True,1
696,1,Harris,2,29,2,0,True,1
696,2,Harris,0,2,0,0,True,1
696,3,Harris,0,2,0,0,True,1
696,4,Harris,0,24,0,0,True,1
696,5,Harris,0,10,0,0,True,1
696,6,Harris,2,49,2,0,True,1
696,7,Harris,0,23,0,0,True,1
697,0,Harris,0,27,0,0,True,1
697,1,Harris,0,13,0,0,True,1
697,2,Harris,0,13,0,0,True,1
697,3,Harris,0,7,0,0,True,1
697,4,Harris,1,25,1,0,True,1
697,5,Harris,0,4,0,0,True,1
697,6,Harris,0,7,0,0,True,1
697,7,Harris,0,15,0,0,True,1
698,0,Harris,0,8,0,0,True,1
698,1,Harris,1,19,1,0,True,1
698,2,Harris,2,51,2,0,True,1
698,3,Harris,0,20,0,0,True,1
698,4,Harris,0,12,0,0,True,1
698,5,Harris,0,10,0,0,True,1
698,6,Harris,1,54,1,0,True,1
698,7,Harris,3,36,3,0,True,1
698,8,Harris,0,4,0,0,True,1
699,0,Harris,2,18,2,0,True,1
699,1,Harris,1,8,1,0,True,1
699,2,Harris,2,11,2,0,True,1
699,3,Harris,2,6,2,0,True,1
699,4,Harris,2,29,2,0,True,1
699,5,Harris,2,36,2,0,True,1
699,6,Harris,0,11,0,0,True,1
699,7,Harris,4,16,4,0,True,1
700,0,Harris,0,10,0,0,True,1
700,1,Harris,0,13,0,0,True,1
700,2,Harris,0,6,0,0,True,1
700,3,Harris,0,6,0,0,True,1
700,4,Harris,0,5,0,0,True,1
700,5,Harris,0,2,0,0,True,1
700,6,Harris,0,15,0,0,True,1
701,0,Harris,2,38,2,0,True,1
701,1,Harris,3,35,3,0,True,1
701,2,Harris,2,41,2,0,True,1
701,3,Harris,2,24,2,0,True,1
701,4,Harris,2,9,2,0,True,1
701,5,Harris,1,48,1,0,True,1
701,6,Harris,1,39,1,0,True,1
701,7,Harris,0,5,0,0,True,1
702,0,Harris,0,2,0,0,True,1
702,1,Harris,0,7,0,0,True,1
702,2,Harris,2,25,2,0,True,1
702,3,Harris,2,23,2,0,True,1
702,4,Harris,0,21,0,0,True,1
702,5,Harris,0,1,0,0,True,1
702,6,Harris,0,10,0,0,True,1
702,7,Harris,0,10,0,0,True,1
702,8,Harris,0,3,0,0,True,1
703,0,Harris,2,26,2,0,True,1
703,1,Harris,0,26,0,0,True,1
703,2,Harris,0,26,0,0,True,1
703,3,Harris,0,5,0,0,True,1
703,4,Harris,0,5,0,0,True,1
703,5,Harris,0,15,0,0,True,1
703,6,Harris,1,9,1,0,True,1
703,7,Harris,0,13,0,0,True,1
703,8,Harris,2,26,2,0,True,1
703,9,Harris,1,13,1,0,True,1
704,0,Harris,4,32,4,0,True,1
704,1,Harris,0,53,0,0,True,1
704,2,Harris,0,5,0,0,True,1
704,3,Harris,0,23,0,0,True,1
704,4,Harris,0,10,0,0,True,1
704,5,Harris,3,44,3,0,True,1
704,6,Harris,0,3,0,0,True,1
705,0,Harris,0,12,0,0,True,1
705,1,Harris,0,7,0,0,True,1
705,2,Harris,2,11,2,0,True,1
705,3,Harris,1,47,1,0,True,1
705,4,Harris,1,12,1,0,True,1
705,5,Harris,1,51,1,0,True,1
705,6,Harris,1,56,1,0,True,1
706,0,Harris,1,36,1,0,True,1
706,1,Harris,0,18,0,0,True,1
706,2,Harris,2,23,2,0,True,1
706,3,Harris,1,17,1,0,True,1
706,4,Harris,1,36,1,0,True,1
706,5,Harris,3,37,3,0,True,1
706,6,Harris,3,11,3,0,True,1
706,7,Harris,0,7,0,0,True,1
707,0,Harris,0,4,0,0,True,1
707,1,Harris,0,19,0,0,True,1
707,2,Harris,1,5,1,0,True,1
707,3,Harris,0,5,0,0,True,1
707,4,Harris,0,8,0,0,True,1
707,5,Harris,2,11,2,0,True,1
707,6,Harris,0,13,0,0,True,1
707,7,Harris,0,8,0,0,True,1
707,8,Harris,0,7,0,0,True,1
708,0,Harris,0,4,0,0,True,1
708,1,Harris,0,49,0,0,True,1
708,2,Harris,0,38,0,0,True,1
708,3,Harris,0,1,0,0,True,1
708,4,Harris,0,7,0,0,True,1
708,5,Harris,0,10,0,0,True,1
708,6,Harris,0,3,0,0,True,1
708,7,Harris,0,28,0,0,True,1
709,0,Harris,0,3,0,0,True,1
709,1,Harris,1,9,1,0,True,1
709,2,Harris,0,30,0,0,True,1
709,3,Harris,0,12,0,0,True,1
709,4,Harris,0,17,0,0,True,1
709,5,Harris,0,16,0,0,True,1
709,6,Harris,0,24,0,0,True,1
709,7,Harris,1,7,1,0,True,1
709,8,Harris,0,4,0,0,True,1
710,0,Harris,1,20,1,0,True,1
710,1,Harris,0,3,0,0,True,1
710,2,Harris,0,2,0,0,True,1
710,3,Harris,2,50,2,0,True,1
710,4,Harris,0,23,0,0,True,1
710,5,Harris,0,4,0,0,True,1
710,6,Harris,0,30,0,0,True,1
710,7,Harris,0,17,0,0,True,1
710,8,Harris,0,9,0,0,True,1
711,0,Harris,0,23,0,0,True,1
711,1,Harris,0,14,0,0,True,1
711,2,Harris,0,1,0,0,True,1
711,3,Harris,0,3,0,0,True,1
711,4,Harris,0,6,0,0,True,1
711,5,Harris,1,24,1,0,True,1
711,6,Harris,0,3,0,0,True,1
711,7,Harris,0,9,0,0,True,1
711,8,Harris,2,11,2,0,True,1
712,0,Harris,2,38,2,0,True,1
712,1,Harris,1,16,1,0,True,1
712,2,Harris,0,17,0,0,True,1
712,3,Harris,1,13,1,0,True,1
712,4,Harris,3,36,3,0,True,1
712,5,Harris,0,4,0,0,True,1
712,6,Harris,4,49,4,0,True,1
712,7,Harris,0,3,0,0,True,1
713,0,Harris,0,12,0,0,True,1
713,1,Harris,0,2,0,0,True,1
713,2,Harris,0,18,0,0,True,1
713,3,Harris,0,34,0,0,True,1
713,4,Harris,0,23,0,0,True,1
713,5,Harris,0,39,0,0,True,1
713,6,Harris,0,13,0,0,True,1
714,0,Harris,0,2,0,0,True,1
714,1,Harris,2,19,2,0,True,1
714,2,Harris,1,11,1,0,True,1
714,3,Harris,1,34,1,0,True,1
714,4,Harris,0,16,0,0,True,1
714,5,Harris,1,14,1,0,True,1
714,6,Harris,0,13,0,0,True,1
714,7,Harris,1,13,1,0,True,1
715,0,Harris,0,3,0,0,True,1
715,1,Harris,0,11,0,0,True,1
715,2,Harris,0,6,0,0,True,1
715,3,Harris,0,20,0,0,True,1
715,4,Harris,0,35,0,0,True,1
715,5,Harris,0,14,0,0,True,1
715,6,Harris,0,42,0,0,True,1
715,7,Harris,0,1,0,0,True,1
715,8,Harris,0,3,0,0,True,1
716,0,Harris,0,4,0,0,True,1
716,1,Harris,0,12,0,0,True,1
716,2,Harris,0,10,0,0,True,1
716,3,Harris,0,21,0,0,True,1
716,4,Harris,2,29,2,0,True,1
716,5,Harris,6,42,6,0,True,1
716,6,Harris,0,18,0,0,True,1
716,7,Harris,2,11,2,0,True,1
717,0,Harris,1,19,1,0,True,1
717,1,Harris,2,23,2,0,True,1
717,2,Harris,1,8,1,0,True,1
717,3,Harris,2,8,2,0,True,1
717,4,Harris,0,10,0,0,True,1
717,5,Harris,2,12,2,0,True,1
717,6,Harris,1,10,1,0,True,1
717,7,Harris,2,21,2,0,True,1
718,0,Harris,0,46,0,0,True,1
718,1,Harris,1,9,1,0,True,1
718,2,Harris,1,11,1,0,True,1
718,3,Harris,0,13,0,0,True,1
718,4,Harris,0,7,0,0,True,1
718,5,Harris,0,5,0,0,True,1
718,6,Harris,0,12,0,0,True,1
718,7,Harris,0,14,0,0,True,1
718,8,Harris,0,12,0,0,True,1
719,0,Harris,0,6,0,0,True,1
719,1,Harris,1,30,1,0,True,1
719,2,Harris,0,2,0,0,True,1
719,3,Harris,0,8,0,0,True,1
719,4,Harris,0,25,0,0,True,1
719,5,Harris,0,3,0,0,True,1
719,6,Harris,0,2,0,0,True,1
719,7,Harris,0,7,0,0,True,1
719,8,Harris,1,9,1,0,True,1
720,0,Harris,0,9,0,0,True,1
720,1,Harris,0,9,0,0,True,1
720,2,Harris,0,52,0,0,True,1
720,3,Harris,0,8,0,0,True,1
720,4,Harris,0,57,0,0,True,1
721,0,Harris,1,20,1,0,True,1
721,1,Harris,0,17,0,0,True,1
721,2,Harris,0,28,0,0,True,1
721,3,Harris,0,1,0,0,True,1
721,4,Harris,0,13,0,0,True,1
721,5,Harris,0,27,0,0,True,1
721,6,Harris,0,18,0,0,True,1
721,7,Harris,0,15,0,0,True,1
721,8,Harris,0,15,0,0,True,1
721,9,Harris,0,5,0,0,True,1
722,0,Harris,0,10,0,0,True,1
722,1,Harris,2,24,2,0,True,1
722,2,Harris,2,22,2,0,True,1
722,3,Harris,0,10,0,0,True,1
722,4,Harris,0,4,0,0,True,1
722,5,Harris,1,3,1,0,True,1
722,6,Harris,0,5,0,0,True,1
723,0,Harris,2,15,2,0,True,1
723,1,Harris,0,3,0,0,True,1
723,2,Harris,1,6,1,0,True,1
723,3,Harris,0,21,0,0,True,1
723,4,Harris,0,12,0,0,True,1
723,5,Harris,0,4,0,0,True,1
723,6,Harris,2,42,2,0,True,1
723,7,Harris,0,17,0,0,True,1
723,8,Harris,0,6,0,0,True,1
724,0,Harris,0,22,0,0,True,1
724,1,Harris,0,2,0,0,True,1
724,2,Harris,1,13,1,0,True,1
724,3,Harris,1,8,1,0,True,1
724,4,Harris,0,45,0,0,True,1
724,5,Harris,1,12,1,0,True,1
724,6,Harris,2,50,2,0,True,1
725,0,Harris,2,5,2,0,True,1
725,1,Harris,2,5,2,0,True,1
725,2,Harris,2,7,2,0,True,1
725,3,Harris,2,4,2,0,True,1
725,4,Harris,1,3,1,0,True,1
725,5,Harris,2,15,2,0,True,1
725,6,Harris,2,8,2,0,True,1
726,0,Harris,0,21,0,0,True,1
726,1,Harris,2,23,2,0,True,1
726,2,Harris,0,19,0,0,True,1
726,3,Harris,0,46,0,0,True,1
726,4,Harris,0,12,0,0,True,1
726,5,Harris,0,1,0,0,True,1
726,6,Harris,0,6,0,0,True,1
726,7,Harris,0,0,0,0,True,1
727,0,Harris,1,11,1,0,True,1
727,1,Harris,0,2,0,0,True,1
727,2,Harris,0,15,0,0,True,1
727,3,Harris,1,27,1,0,True,1
727,4,Harris,0,17,0,0,True,1
727,5,Harris,0,19,0,0,True,1
727,6,Harris,1,8,1,0,True,1
727,7,Harris,0,26,0,0,True,1
728,0,Harris,0,7,0,0,True,1
728,1,Harris,0,23,0,0,True,1
728,2,Harris,0,21,0,0,True,1
728,3,Harris,0,46,0,0,True,1
728,4,Harris,0,5,0,0,True,1
728,5,Harris,1,13,1,0,True,1
728,6,Harris,1,16,1,0,True,1
728,7,Harris,0,17,0,0,True,1
729,0,Harris,2,4,2,0,True,1
729,1,Harris,0,7,0,0,True,1
729,2,Harris,0,34,0,0,True,1
729,3,Harris,0,17,0,0,True,1
729,4,Harris,0,3,0,0,True,1
729,5,Harris,0,4,0,0,True,1
729,6,Harris,0,4,0,0,True,1
729,7,Harris,1,18,1,0,True,1
729,8,Harris,1,19,1,0,True,1
730,0,Harris,0,7,0,0,True,1
730,1,Harris,0,23,0,0,True,1
730,2,Harris,0,45,0,0,True,1
730,3,Harris,0,10,0,0,True,1
730,4,Harris,0,12,0,0,True,1
730,5,Harris,0,10,0,0,True,1
730,6,Harris,0,4,0,0,True,1
731,0,Harris,0,3,0,0,True,1
731,1,Harris,0,6,0,0,True,1
731,2,Harris,0,15,0,0,True,1
731,3,Harris,0,13,0,0,True,1
731,4,Harris,0,30,0,0,True,1
731,5,Harris,0,15,0,0,True,1
731,6,Harris,0,4,0,0,True,1
731,7,Harris,0,4,0,0,True,1
732,0,Harris,1,16,1,0,True,1
732,1,Harris,0,3,0,0,True,1
732,2,Harris,0,22,0,0,True,1
732,3,Harris,0,23,0,0,True,1
732,4,Harris,0,27,0,0,True,1
732,5,Harris,0,23,0,0,True,1
732,6,Harris,1,12,1,0,True,1
732,7,Harris,1,23,1,0,True,1
732,8,Harris,0,1,0,0,True,1
733,0,Harris,0,12,0,0,True,1
733,1,Harris,2,24,2,0,True,1
733,2,Harris,3,38,3,0,True,1
733,3,Harris,1,18,1,0,True,1
733,4,Harris,1,6,1,0,True,1
733,5,Harris,2,51,2,0,True,1
733,6,Harris,2,26,2,0,True,1
734,0,Harris,0,4,0,0,True,1
734,1,Harris,0,9,0,0,True,1
734,2,Harris,0,22,0,0,True,1
734,3,Harris,2,25,2,0,True,1
734,4,Harris,0,4,0,0,True,1
734,5,Harris,0,4,0,0,True,1
734,6,Harris,0,2,0,0,True,1
734,7,Harris,0,4,0,0,True,1
735,0,Harris,0,4,0,0,True,1
735,1,Harris,0,3,0,0,True,1
735,2,Harris,0,3,0,0,True,1
735,3,Harris,0,2,0,0,True,1
735,4,Harris,1,43,1,0,True,1
735,5,Harris,0,2,0,0,True,1
736,0,Harris,0,30,0,0,True,1
736,1,Harris,0,30,0,0,True,1
736,2,Harris,0,26,0,0,True,1
736,3,Harris,0,27,0,0,True,1
736,4,Harris,0,31,0,0,True,1
736,5,Harris,0,27,0,0,True,1
736,6,Harris,2,25,2,0,True,1
737,0,Harris,1,13,1,0,True,1
737,1,Harris,1,13,1,0,True,1
737,2,Harris,1,20,1,0,True,1
737,3,Harris,2,14,2,0,True,1
737,4,Harris,0,15,0,0,True,1
737,5,Harris,0,16,0,0,True,1
737,6,Harris,0,4,0,0,True,1
738,0,Harris,0,5,0,0,True,1
738,1,Harris,0,16,0,0,True,1
738,2,Harris,0,18,0,0,True,1
738,3,Harris,0,3,0,0,True,1
738,4,Harris,0,7,0,0,True,1
738,5,Harris,0,15,0,0,True,1
738,6,Harris,7,40,7,0,True,1
739,0,Harris,3,57,3,0,True,1
739,1,Harris,0,10,0,0,True,1
739,2,Harris,0,14,0,0,True,1
739,3,Harris,2,15,2,0,True,1
739,4,Harris,0,17,0,0,True,1
739,5,Harris,0,11,0,0,True,1
739,6,Harris,2,11,2,0,True,1
739,7,Harris,0,7,0,0,True,1
739,8,Harris,2,38,2,0,True,1
740,0,Harris,0,5,0,0,True,1
740,1,Harris,0,13,0,0,True,1
740,2,Harris,0,36,0,0,True,1
740,3,Harris,0,15,0,0,True,1
740,4,Harris,0,5,0,0,True,1
740,5,Harris,2,11,2,0,True,1
740,6,Harris,0,4,0,0,True,1
740,7,Harris,0,19,0,0,True,1
740,8,Harris,1,26,1,0,True,1
741,0,Harris,0,8,0,0,True,1
741,1,Harris,0,30,0,0,True,1
741,2,Harris,0,14,0,0,True,1
741,3,Harris,0,5,0,0,True,1
741,4,Harris,0,2,0,0,True,1
741,5,Harris,0,3,0,0,True,1
741,6,Harris,2,26,2,0,True,1
741,7,Harris,0,9,0,0,True,1
741,8,Harris,0,15,0,0,True,1
741,9,Harris,1,11,1,0,True,1
742,0,Harris,0,38,0,0,True,1
742,1,Harris,0,16,0,0,True,1
742,2,Harris,0,18,0,0,True,1
742,3,Harris,0,5,0,0,True,1
742,4,Harris,0,4,0,0,True,1
742,5,Harris,0,1,0,0,True,1
742,6,Harris,0,4,0,0,True,1
742,7,Harris,0,0,0,0,True,1
743,0,Harris,0,5,0,0,True,1
743,1,Harris,2,25,2,0,True,1
743,2,Harris,0,27,0,0,True,1
743,3,Harris,0,7,0,0,True,1
743,4,Harris,0,1,0,0,True,1
743,5,Harris,1,19,1,0,True,1
743,6,Harris,2,18,2,0,True,1
743,7,Harris,0,19,0,0,True,1
744,0,Harris,2,6,2,0,True,1
744,1,Harris,0,28,0,0,True,1
744,2,Harris,0,2,0,0,True,1
744,3,Harris,1,15,1,0,True,1
744,4,Harris,0,4,0,0,True,1
744,5,Harris,0,1,0,0,True,1
744,6,Harris,0,10,0,0,True,1
744,7,Harris,0,25,0,0,True,1
744,8,Harris,0,8,0,0,True,1
745,0,Harris,1,55,1,0,True,1
745,1,Harris,0,6,0,0,True,1
745,2,Harris,0,16,0,0,True,1
745,3,Harris,0,34,0,0,True,1
745,4,Harris,0,24,0,0,True,1
745,5,Harris,0,7,0,0,True,1
745,6,Harris,2,50,2,0,True,1
745,7,Harris,0,23,0,0,True,1
746,0,Harris,2,8,2,0,True,1
746,1,Harris,3,20,3,0,True,1
746,2,Harris,3,27,3,0,True,1
746,3,Harris,1,53,1,0,True,1
746,4,Harris,2,34,2,0,True,1
746,5,Harris,1,11,1,0,True,1
746,6,Harris,0,7,0,0,True,1
747,0,Harris,0,23,0,0,True,1
747,1,Harris,0,0,0,0,True,1
747,2,Harris,0,8,0,0,True,1
747,3,Harris,0,15,0,0,True,1
747,4,Harris,0,11,0,0,True,1
747,5,Harris,4,30,4,0,True,1
747,6,Harris,2,26,2,0,True,1
747,7,Harris,0,2,0,0,True,1
747,8,Harris,0,26,0,0,True,1
747,9,Harris,0,30,0,0,True,1
748,0,Harris,1,58,1,0,True,1
748,1,Harris,2,37,2,0,True,1
748,2,Harris,2,46,2,0,True,1
748,3,Harris,3,33,3,0,True,1
748,4,Harris,0,23,0,0,True,1
748,5,Harris,0,23,0,0,True,1
748,6,Harris,0,22,0,0,True,1
749,0,Harris,2,15,2,0,True,1
749,1,Harris,0,16,0,0,True,1
749,2,Harris,2,22,2,0,True,1
749,3,Harris,0,17,0,0,True,1
749,4,Harris,0,13,0,0,True,1
749,5,Harris,0,22,0,0,True,1
749,6,Harris,0,6,0,0,True,1
750,0,Harris,0,11,0,0,True,1
750,1,Harris,0,30,0,0,True,1
750,2,Harris,0,8,0,0,True,1
750,3,Harris,0,12,0,0,True,1
750,4,Harris,0,3,0,0,True,1
750,5,Harris,0,7,0,0,True,1
750,6,Harris,0,2,0,0,True,1
750,7,Harris,0,15,0,0,True,1
750,8,Harris,0,2,0,0,True,1
751,0,Harris,0,48,0,0,True,1
751,1,Harris,0,25,0,0,True,1
751,2,Harris,0,9,0,0,True,1
751,3,Harris,0,2,0,0,True,1
751,4,Harris,0,17,0,0,True,1
751,5,Harris,2,23,2,0,True,1
751,6,Harris,0,4,0,0,True,1
751,7,Harris,0,30,0,0,True,1
752,0,Harris,0,1,0,0,True,1
752,1,Harris,0,1,0,0,True,1
752,2,Harris,2,10,2,0,True,1
752,3,Harris,2,7,2,0,True,1
752,4,Harris,1,14,1,0,True,1
752,5,Harris,1,10,1,0,True,1
752,6,Harris,0,1,0,0,True,1
752,7,Harris,3,8,3,0,True,1
753,0,Harris,1,46,1,0,True,1
753,1,Harris,1,52,1,0,True,1
753,2,Harris,0,14,0,0,True,1
753,3,Harris,0,36,0,0,True,1
753,4,Harris,0,17,0,0,True,1
753,5,Harris,0,25,0,0,True,1
753,6,Harris,0,7,0,0,True,1
754,0,Harris,1,15,1,0,True,1
754,1,Harris,1,40,1,0,True,1
754,2,Harris,1,18,1,0,True,1
754,3,Harris,3,50,3,0,True,1
754,4,Harris,2,17,2,0,True,1
754,5,Harris,0,4,0,0,True,1
754,6,Harris,1,33,1,0,True,1
754,7,Harris,1,20,1,0,True,1
754,8,Harris,0,12,0,0,True,1
755,0,Harris,1,57,1,0,True,1
755,1,Harris,2,33,2,0,True,1
755,2,Harris,2,50,2,0,True,1
755,3,Harris,2,29,2,0,True,1
755,4,Harris,2,28,2,0,True,1
755,5,Harris,0,6,0,0,True,1
756,0,Harris,0,13,0,0,True,1
756,1,Harris,0,30,0,0,True,1
756,2,Harris,0,20,0,0,True,1
756,3,Harris,0,18,0,0,True,1
756,4,Harris,0,22,0,0,True,1
756,5,Harris,0,5,0,0,True,1
756,6,Harris,1,13,1,0,True,1
756,7,Harris,1,31,1,0,True,1
757,0,Harris,2,18,2,0,True,1
757,1,Harris,0,8,0,0,True,1
757,2,Harris,1,27,1,0,True,1
757,3,Harris,0,5,0,0,True,1
757,4,Harris,2,15,2,0,True,1
757,5,Harris,0,40,0,0,True,1
757,6,Harris,0,19,0,0,True,1
757,7,Harris,1,24,1,0,True,1
758,0,Harris,0,5,0,0,True,1
758,1,Harris,0,4,0,0,True,1
758,2,Harris,0,3,0,0,True,1
758,3,Harris,0,3,0,0,True,1
758,4,Harris,0,6,0,0,True,1
758,5,Harris,0,3,0,0,True,1
758,6,Harris,0,9,0,0,True,1
758,7,Harris,0,23,0,0,True,1
758,8,Harris,0,8,0,0,True,1
759,0,Harris,1,18,1,0,True,1
759,1,Harris,0,10,0,0,True,1
759,2,Harris,0,9,0,0,True,1
759,3,Harris,0,18,0,0,True,1
759,4,Harris,0,7,0,0,True,1
759,5,Harris,0,6,0,0,True,1
759,6,Harris,0,3,0,0,True,1
759,7,Harris,0,6,0,0,True,1
760,0,Harris,0,43,0,0,True,1
760,1,Harris,0,9,0,0,True,1
760,2,Harris,0,13,0,0,True,1
760,3,Harris,0,3,0,0,True,1
760,4,Harris,0,3,0,0,True,1
760,5,Harris,2,29,2,0,True,1
760,6,Harris,0,18,0,0,True,1
760,7,Harris,0,5,0,0,True,1
761,0,Harris,0,51,0,0,True,1
761,1,Harris,1,58,1,0,True,1
761,2,Harris,0,53,0,0,True,1
761,3,Harris,0,1,0,0,True,1
761,4,Harris,0,48,0,0,True,1
761,5,Harris,0,23,0,0,True,1
761,6,Harris,1,24,1,0,True,1
761,7,Harris,0,8,0,0,True,1
762,0,Harris,1,10,1,0,True,1
762,1,Harris,0,0,0,0,True,1
762,2,Harris,1,9,1,0,True,1
762,3,Harris,0,26,0,0,True,1
762,4,Harris,0,9,0,0,True,1
762,5,Harris,0,44,0,0,True,1
762,6,Harris,2,40,2,0,True,1
762,7,Harris,0,21,0,0,True,1
763,0,Harris,1,42,1,0,True,1
763,1,Harris,0,13,0,0,True,1
763,2,Harris,1,22,1,0,True,1
763,3,Harris,0,11,0,0,True,1
763,4,Harris,0,5,0,0,True,1
763,5,Harris,2,23,2,0,True,1
763,6,Harris,0,0,0,0,True,1
764,0,Harris,1,22,1,0,True,1
764,1,Harris,0,5,0,0,True,1
764,2,Harris,1,20,1,0,True,1
764,3,Harris,2,44,2,0,True,1
764,4,Harris,0,4,0,0,True,1
764,5,Harris,1,18,1,0,True,1
764,6,Harris,2,11,2,0,True,1
765,0,Harris,0,17,0,0,True,1
765,1,Harris,1,55,1,0,True,1
765,2,Harris,0,26,0,0,True,1
765,3,Harris,0,9,0,0,True,1
765,4,Harris,1,40,1,0,True,1
765,5,Harris,2,48,2,0,True,1
765,6,Harris,0,19,0,0,True,1
765,7,Harris,0,12,0,0,True,1
765,8,Harris,0,17,0,0,True,1
766,0,Harris,0,6,0,0,True,1
766,1,Harris,0,0,0,0,True,1
766,2,Harris,0,21,0,0,True,1
766,3,Harris,1,4,1,0,True,1
766,4,Harris,0,27,0,0,True,1
766,5,Harris,2,50,2,0,True,1
767,0,Harris,0,7,0,0,True,1
767,1,Harris,0,19,0,0,True,1
767,2,Harris,0,13,0,0,True,1
767,3,Harris,1,21,1,0,True,1
767,4,Harris,2,17,2,0,True,1
767,5,Harris,0,10,0,0,True,1
767,6,Harris,0,13,0,0,True,1
767,7,Harris,0,17,0,0,True,1
767,8,Harris,0,13,0,0,True,1
768,0,Harris,0,6,0,0,True,1
768,1,Harris,0,9,0,0,True,1
768,2,Harris,0,9,0,0,True,1
768,3,Harris,0,4,0,0,True,1
768,4,Harris,2,4,2,0,True,1
768,5,Harris,0,8,0,0,True,1
769,0,Harris,1,33,1,0,True,1
769,1,Harris,0,10,0,0,True,1
769,2,Harris,0,11,0,0,True,1
769,3,Harris,2,24,2,0,True,1
769,4,Harris,2,11,2,0,True,1
769,5,Harris,1,35,1,0,True,1
769,6,Harris,0,26,0,0,True,1
769,7,Harris,0,6,0,0,True,1
769,8,Harris,1,57,1,0,True,1
770,0,Harris,0,7,0,0,True,1
770,1,Harris,0,18,0,0,True,1
770,2,Harris,1,21,1,0,True,1
770,3,Harris,0,2,0,0,True,1
770,4,Harris,0,9,0,0,True,1
770,5,Harris,0,24,0,0,True,1
770,6,Harris,0,6,0,0,True,1
770,7,Harris,0,12,0,0,True,1
771,0,Harris,0,7,0,0,True,1
771,1,Harris,0,25,0,0,True,1
771,2,Harris,0,5,0,0,True,1
771,3,Harris,0,17,0,0,True,1
771,4,Harris,2,41,2,0,True,1
771,5,Harris,0,22,0,0,True,1
771,6,Harris,3,14,3,0,True,1
771,7,Harris,0,3,0,0,True,1
771,8,Harris,0,6,0,0,True,1
772,0,Harris,0,52,0,0,True,1
772,1,Harris,0,9,0,0,True,1
772,2,Harris,0,48,0,0,True,1
772,3,Harris,2,33,2,0,True,1
772,4,Harris,0,42,0,0,True,1
772,5,Harris,0,23,0,0,True,1
772,6,Harris,0,15,0,0,True,1
772,7,Harris,2,53,2,0,True,1
772,8,Harris,0,11,0,0,True,1
772,9,Harris,0,9,0,0,True,1
773,0,Harris,0,20,0,0,True,1
773,1,Harris,0,22,0,0,True,1
773,2,Harris,0,27,0,0,True,1
773,3,Harris,0,17,0,0,True,1
773,4,Harris,0,8,0,0,True,1
773,5,Harris,0,23,0,0,True,1
773,6,Harris,0,8,0,0,True,1
773,7,Harris,3,41,3,0,True,1
773,8,Harris,0,5,0,0,True,1
774,0,Harris,0,1,0,0,True,1
774,1,Harris,0,13,0,0,True,1
774,2,Harris,0,15,0,0,True,1
774,3,Harris,0,17,0,0,True,1
774,4,Harris,0,19,0,0,True,1
774,5,Harris,0,16,0,0,True,1
774,6,Harris,0,12,0,0,True,1
774,7,Harris,0,2,0,0,True,1
774,8,Harris,0,3,0,0,True,1
775,0,Harris,0,42,0,0,True,1
775,1,Harris,0,12,0,0,True,1
775,2,Harris,1,21,1,0,True,1
775,3,Harris,0,15,0,0,True,1
775,4,Harris,0,23,0,0,True,1
775,5,Harris,0,8,0,0,True,1
775,6,Harris,0,2,0,0,True,1
775,7,Harris,0,3,0,0,True,1
775,8,Harris,0,24,0,0,True,1
776,0,Harris,0,23,0,0,True,1
776,1,Harris,1,16,1,0,True,1
776,2,Harris,0,13,0,0,True,1
776,3,Harris,0,21,0,0,True,1
776,4,Harris,0,15,0,0,True,1
776,5,Harris,0,18,0,0,True,1
776,6,Harris,0,16,0,0,True,1
776,7,Harris,0,37,0,0,True,1
777,0,Harris,1,23,1,0,True,1
777,1,Harris,0,10,0,0,True,1
777,2,Harris,0,33,0,0,True,1
777,3,Harris,0,7,0,0,True,1
777,4,Harris,1,20,1,0,True,1
777,5,Harris,0,6,0,0,True,1
777,6,Harris,0,25,0,0,True,1
777,7,Harris,0,5,0,0,True,1
778,0,Harris,1,9,1,0,True,1
778,1,Harris,0,12,0,0,True,1
778,2,Harris,0,2,0,0,True,1
778,3,Harris,2,29,2,0,True,1
778,4,Harris,0,20,0,0,True,1
778,5,Harris,0,2,0,0,True,1
779,0,Harris,1,46,1,0,True,1
779,1,Harris,1,11,1,0,True,1
779,2,Harris,2,44,2,0,True,1
779,3,Harris,2,51,2,0,True,1
779,4,Harris,2,48,2,0,True,1
779,5,Harris,2,33,2,0,True,1
779,6,Harris,2,24,2,0,True,1
779,7,Harris,4,49,4,0,True,1
780,0,Harris,0,4,0,0,True,1
780,1,Harris,0,5,0,0,True,1
780,2,Harris,0,2,0,0,True,1
780,3,Harris,0,32,0,0,True,1
780,4,Harris,0,30,0,0,True,1
780,5,Harris,0,20,0,0,True,1
780,6,Harris,0,13,0,0,True,1
780,7,Harris,5,45,5,0,True,1
780,8,Harris,0,23,0,0,True,1
781,0,Harris,0,5,0,0,True,1
781,1,Harris,0,9,0,0,True,1
781,2,Harris,0,30,0,0,True,1
781,3,Harris,0,12,0,0,True,1
781,4,Harris,0,24,0,0,True,1
781,5,Harris,0,15,0,0,True,1
781,6,Harris,1,23,1,0,True,1
781,7,Harris,0,3,0,0,True,1
782,0,Harris,2,24,2,0,True,1
782,1,Harris,1,27,1,0,True,1
782,2,Harris,1,14,1,0,True,1
782,3,Harris,1,42,1,0,True,1
782,4,Harris,1,1,1,0,True,1
782,5,Harris,1,28,1,0,True,1
782,6,Harris,0,10,0,0,True,1
782,7,Harris,1,16,1,0,True,1
783,0,Harris,0,1,0,0,True,1
783,1,Harris,0,21,0,0,True,1
783,2,Harris,0,20,0,0,True,1
783,3,Harris,2,26,2,0,True,1
783,4,Harris,1,27,1,0,True,1
783,5,Harris,0,20,0,0,True,1
783,6,Harris,1,16,1,0,True,1
783,7,Harris,0,5,0,0,True,1
784,0,Harris,0,5,0,0,True,1
784,1,Harris,3,38,3,0,True,1
784,2,Harris,0,25,0,0,True,1
784,3,Harris,2,36,2,0,True,1
784,4,Harris,0,13,0,0,True,1
784,5,Harris,2,16,2,0,True,1
784,6,Harris,0,5,0,0,True,1
785,0,Harris,0,6,0,0,True,1
785,1,Harris,0,13,0,0,True,1
785,2,Harris,0,4,0,0,True,1
785,3,Harris,0,6,0,0,True,1
785,4,Harris,0,8,0,0,True,1
785,5,Harris,1,9,1,0,True,1
785,6,Harris,1,5,1,0,True,1
785,7,Harris,2,12,2,0,True,1
786,0,Harris,0,3,0,0,True,1
786,1,Harris,0,19,0,0,True,1
786,2,Harris,0,11,0,0,True,1
786,3,Harris,0,41,0,0,True,1
786,4,Harris,2,45,2,0,True,1
786,5,Harris,0,17,0,0,True,1
786,6,Harris,0,24,0,0,True,1
786,7,Harris,0,48,0,0,True,1
787,0,Harris,1,53,1,0,True,1
787,1,Harris,1,10,1,0,True,1
787,2,Harris,2,51,2,0,True,1
787,3,Harris,0,1,0,0,True,1
787,4,Harris,0,4,0,0,True,1
787,5,Harris,0,13,0,0,True,1
787,6,Harris,0,16,0,0,True,1
788,0,Harris,0,12,0,0,True,1
788,1,Harris,2,37,2,0,True,1
788,2,Harris,0,15,0,0,True,1
788,3,Harris,0,4,0,0,True,1
788,4,Harris,0,18,0,0,True,1
788,5,Harris,1,9,1,0,True,1
788,6,Harris,0,20,0,0,True,1
788,7,Harris,0,13,0,0,True,1
788,8,Harris,0,16,0,0,True,1
789,0,Harris,2,2,2,0,True,1
789,1,Harris,2,22,2,0,True,1
789,2,Harris,0,56,0,0,True,1
789,3,Harris,1,50,1,0,True,1
789,4,Harris,3,57,3,0,True,1
789,5,Harris,2,31,2,0,True,1
789,6,Harris,2,15,2,0,True,1
790,0,Harris,2,9,2,0,True,1
790,1,Harris,0,10,0,0,True,1
790,2,Harris,1,24,1,0,True,1
790,3,Harris,1,56,1,0,True,1
790,4,Harris,2,20,2,0,True,1
790,5,Harris,2,13,2,0,True,1
790,6,Harris,0,15,0,0,True,1
790,7,Harris,0,19,0,0,True,1
790,8,Harris,1,30,1,0,True,1
791,0,Harris,0,48,0,0,True,1
791,1,Harris,0,50,0,0,True,1
791,2,Harris,0,37,0,0,True,1
791,3,Harris,0,36,0,0,True,1
791,4,Harris,0,23,0,0,True,1
791,5,Harris,0,16,0,0,True,1
791,6,Harris,1,40,1,0,True,1
792,0,Harris,0,14,0,0,True,1
792,1,Harris,0,0,0,0,True,1
792,2,Harris,0,13,0,0,True,1
792,3,Harris,0,10,0,0,True,1
792,4,Harris,0,22,0,0,True,1
792,5,Harris,0,35,0,0,True,1
793,0,Harris,1,53,1,0,True,1
793,1,Harris,2,17,2,0,True,1
793,2,Harris,4,50,4,0,True,1
793,3,Harris,2,43,2,0,True,1
793,4,Harris,2,49,2,0,True,1
793,5,Harris,4,42,4,0,True,1
793,6,Harris,4,52,4,0,True,1
793,7,Harris,2,43,2,0,True,1
794,0,Harris,0,0,0,0,True,1
794,1,Harris,0,38,0,0,True,1
794,2,Harris,0,10,0,0,True,1
794,3,Harris,0,14,0,0,True,1
794,4,Harris,3,44,3,0,True,1
794,5,Harris,0,21,0,0,True,1
794,6,Harris,0,5,0,0,True,1
794,7,Harris,0,5,0,0,True,1
794,8,Harris,0,5,0,0,True,1
795,0,Harris,2,15,2,0,True,1
795,1,Harris,1,9,1,0,True,1
795,2,Harris,0,39,0,0,True,1
795,3,Harris,0,27,0,0,True,1
795,4,Harris,0,2,0,0,True,1
795,5,Harris,1,3,1,0,True,1
795,6,Harris,2,31,2,0,True,1
796,0,Harris,0,3,0,0,True,1
796,1,Harris,0,14,0,0,True,1
796,2,Harris,0,35,0,0,True,1
796,3,Harris,0,5,0,0,True,1
796,4,Harris,0,22,0,0,True,1
796,5,Harris,0,39,0,0,True,1
796,6,Harris,0,3,0,0,True,1
796,7,Harris,0,7,0,0,True,1
796,8,Harris,0,14,0,0,True,1
797,0,Harris,1,21,1,0,True,1
797,1,Harris,0,3,0,0,True,1
797,2,Harris,2,12,2,0,True,1
797,3,Harris,0,19,0,0,True,1
797,4,Harris,2,7,2,0,True,1
797,5,Harris,3,49,3,0,True,1
797,6,Harris,0,9,0,0,True,1
797,7,Harris,0,8,0,0,True,1
797,8,Harris,0,13,0,0,True,1
798,0,Harris,1,9,1,0,True,1
798,1,Harris,1,43,1,0,True,1
798,2,Harris,1,9,1,0,True,1
798,3,Harris,1,9,1,0,True,1
798,4,Harris,0,7,0,0,True,1
798,5,Harris,0,14,0,0,True,1
798,6,Harris,1,14,1,0,True,1
798,7,Harris,2,11,2,0,True,1
799,0,Harris,2,41,2,0,True,1
799,1,Harris,0,22,0,0,True,1
799,2,Harris,1,9,1,0,True,1
799,3,Harris,0,21,0,0,True,1
799,4,Harris,1,9,1,0,True,1
799,5,Harris,0,9,0,0,True,1
799,6,Harris,0,19,0,0,True,1
800,0,Harris,0,20,0,0,True,1
800,1,Harris,0,17,0,0,True,1
800,2,Harris,0,5,0,0,True,1
800,3,Harris,1,3,1,0,True,1
800,4,Harris,0,10,0,0,True,1
800,5,Harris,0,20,0,0,True,1
800,6,Harris,1,17,1,0,True,1
800,7,Harris,0,9,0,0,True,1
800,8,Harris,0,11,0,0,True,1
800,9,Harris,0,16,0,0,True,1
801,0,Harris,0,7,0,0,True,1
801,1,Harris,0,30,0,0,True,1
801,2,Harris,0,4,0,0,True,1
801,3,Harris,0,3,0,0,True,1
801,4,Harris,0,14,0,0,True,1
801,5,Harris,0,8,0,0,True,1
801,6,Harris,0,4,0,0,True,1
801,7,Harris,0,1,0,0,True,1
801,8,Harris,0,13,0,0,True,1
801,9,Harris,0,33,0,0,True,1
802,0,Harris,1,58,1,0,True,1
802,1,Harris,2,28,2,0,True,1
802,2,Harris,0,12,0,0,True,1
802,3,Harris,2,6,2,0,True,1
802,4,Harris,0,2,0,0,True,1
802,5,Harris,1,17,1,0,True,1
803,0,Harris,1,25,1,0,True,1
803,1,Harris,2,32,2,0,True,1
803,2,Harris,2,50,2,0,True,1
803,3,Harris,2,45,2,0,True,1
803,4,Harris,2,10,2,0,True,1
803,5,Harris,2,15,2,0,True,1
803,6,Harris,2,39,2,0,True,1
804,0,Harris,2,30,2,0,True,1
804,1,Harris,0,6,0,0,True,1
804,2,Harris,0,55,0,0,True,1
804,3,Harris,0,10,0,0,True,1
804,4,Harris,0,23,0,0,True,1
804,5,Harris,0,27,0,0,True,1
804,6,Harris,0,18,0,0,True,1
804,7,Harris,0,22,0,0,True,1
804,8,Harris,2,25,2,0,True,1
805,0,Harris,0,10,0,0,True,1
805,1,Harris,0,30,0,0,True,1
805,2,Harris,1,41,1,0,True,1
805,3,Harris,0,27,0,0,True,1
805,4,Harris,0,3,0,0,True,1
805,5,Harris,0,8,0,0,True,1
805,6,Harris,0,18,0,0,True,1
806,0,Harris,0,11,0,0,True,1
806,1,Harris,0,4,0,0,True,1
806,2,Harris,1,49,1,0,True,1
806,3,Harris,1,39,1,0,True,1
806,4,Harris,1,19,1,0,True,1
806,5,Harris,1,32,1,0,True,1
806,6,Harris,0,2,0,0,True,1
807,0,Harris,0,8,0,0,True,1
807,1,Harris,0,26,0,0,True,1
807,2,Harris,0,25,0,0,True,1
807,3,Harris,0,8,0,0,True,1
807,4,Harris,0,31,0,0,True,1
807,5,Harris,1,6,1,0,True,1
807,6,Harris,0,6,0,0,True,1
807,7,Harris,1,22,1,0,True,1
808,0,Harris,0,13,0,0,True,1
808,1,Harris,0,21,0,0,True,1
808,2,Harris,0,11,0,0,True,1
808,3,Harris,0,15,0,0,True,1
808,4,Harris,0,27,0,0,True,1
808,5,Harris,0,12,0,0,True,1
808,6,Harris,0,7,0,0,True,1
808,7,Harris,0,18,0,0,True,1
808,8,Harris,0,22,0,0,True,1
809,0,Harris,1,13,1,0,True,1
809,1,Harris,1,28,1,0,True,1
809,2,Harris,3,29,3,0,True,1
809,3,Harris,2,36,2,0,True,1
809,4,Harris,4,49,4,0,True,1
809,5,Harris,2,31,2,0,True,1
809,6,Harris,0,10,0,0,True,1
809,7,Harris,0,7,0,0,True,1
810,0,Harris,1,40,1,0,True,1
810,1,Harris,0,24,0,0,True,1
810,2,Harris,1,49,1,0,True,1
810,3,Harris,0,5,0,0,True,1
810,4,Harris,0,16,0,0,True,1
810,5,Harris,0,0,0,0,True,1
810,6,Harris,0,49,0,0,True,1
810,7,Harris,0,24,0,0,True,1
811,0,Harris,1,24,1,0,True,1
811,1,Harris,1,47,1,0,True,1
811,2,Harris,0,33,0,0,True,1
811,3,Harris,0,10,0,0,True,1
811,4,Harris,0,24,0,0,True,1
811,5,Harris,1,32,1,0,True,1
811,6,Harris,2,35,2,0,True,1
811,7,Harris,1,50,1,0,True,1
811,8,Harris,1,18,1,0,True,1
812,0,Harris,0,7,0,0,True,1
812,1,Harris,1,44,1,0,True,1
812,2,Harris,2,12,2,0,True,1
812,3,Harris,0,23,0,0,True,1
812,4,Harris,2,13,2,0,True,1
813,0,Harris,3,22,3,0,True,1
813,1,Harris,0,18,0,0,True,1
813,2,Harris,0,4,0,0,True,1
813,3,Harris,0,11,0,0,True,1
813,4,Harris,0,14,0,0,True,1
813,5,Harris,1,2,1,0,True,1
813,6,Harris,0,5,0,0,True,1
813,7,Harris,0,5,0,0,True,1
813,8,Harris,0,4,0,0,True,1
813,9,Harris,0,22,0,0,True,1
814,0,Harris,2,21,2,0,True,1
814,1,Harris,0,55,0,0,True,1
814,2,Harris,0,14,0,0,True,1
814,3,Harris,0,21,0,0,True,1
814,4,Harris,0,29,0,0,True,1
814,5,Harris,0,11,0,0,True,1
814,6,Harris,0,15,0,0,True,1
814,7,Harris,0,7,0,0,True,1
815,0,Harris,0,4,0,0,True,1
815,1,Harris,0,9,0,0,True,1
815,2,Harris,2,13,2,0,True,1
815,3,Harris,2,30,2,0,True,1
815,4,Harris,0,7,0,0,True,1
815,5,Harris,0,7,0,0,True,1
815,6,Harris,0,5,0,0,True,1
815,7,Harris,0,7,0,0,True,1
816,0,Harris,2,17,2,0,True,1
816,1,Harris,0,10,0,0,True,1
816,2,Harris,1,8,1,0,True,1
816,3,Harris,1,32,1,0,True,1
816,4,Harris,1,11,1,0,True,1
816,5,Harris,1,23,1,0,True,1
816,6,Harris,1,2,1,0,True,1
817,0,Harris,4,39,4,0,True,1
817,1,Harris,4,33,4,0,True,1
817,2,Harris,2,49,2,0,True,1
817,3,Harris,4,35,4,0,True,1
817,4,Harris,1,11,1,0,True,1
817,5,Harris,2,15,2,0,True,1
817,6,Harris,2,20,2,0,True,1
817,7,Harris,2,17,2,0,True,1
818,0,Harris,0,10,0,0,True,1
818,1,Harris,0,15,0,0,True,1
818,2,Harris,0,14,0,0,True,1
818,3,Harris,3,52,3,0,True,1
818,4,Harris,0,6,0,0,True,1
818,5,Harris,0,25,0,0,True,1
818,6,Harris,0,18,0,0,True,1
819,0,Harris,0,30,0,0,True,1
819,1,Harris,0,17,0,0,True,1
819,2,Harris,0,5,0,0,True,1
819,3,Harris,0,3,0,0,True,1
819,4,Harris,0,15,0,0,True,1
819,5,Harris,0,29,0,0,True,1
819,6,Harris,0,25,0,0,True,1
819,7,Harris,0,3,0,0,True,1
819,8,Harris,0,63,0,0,True,1
820,0,Harris,2,19,2,0,True,1
820,1,Harris,2,36,2,0,True,1
820,2,Harris,3,11,3,0,True,1
820,3,Harris,0,6,0,0,True,1
820,4,Harris,0,7,0,0,True,1
820,5,Harris,0,22,0,0,True,1
820,6,Harris,0,24,0,0,True,1
820,7,Harris,2,14,2,0,True,1
821,0,Harris,0,20,0,0,True,1
821,1,Harris,0,45,0,0,True,1
821,2,Harris,0,16,0,0,True,1
821,3,Harris,0,9,0,0,True,1
821,4,Harris,0,36,0,0,True,1
821,5,Harris,0,2,0,0,True,1
821,6,Harris,0,8,0,0,True,1
821,7,Harris,0,15,0,0,True,1
821,8,Harris,0,27,0,0,True,1
821,9,Harris,2,34,2,0,True,1
822,0,Harris,0,15,0,0,True,1
822,1,Harris,0,7,0,0,True,1
822,2,Harris,0,6,0,0,True,1
822,3,Harris,0,2,0,0,True,1
822,4,Harris,0,1,0,0,True,1
822,5,Harris,0,47,0,0,True,1
822,6,Harris,0,58,0,0,True,1
822,7,Harris,1,11,1,0,True,1
822,8,Harris,0,6,0,0,True,1
823,0,Harris,0,7,0,0,True,1
823,1,Harris,0,34,0,0,True,1
823,2,Harris,0,41,0,0,True,1
823,3,Harris,1,9,1,0,True,1
823,4,Harris,2,10,2,0,True,1
823,5,Harris,0,50,0,0,True,1
823,6,Harris,0,18,0,0,True,1
823,7,Harris,0,48,0,0,True,1
823,8,Harris,0,39,0,0,True,1
824,0,Harris,2,8,2,0,True,1
824,1,Harris,0,6,0,0,True,1
824,2,Harris,1,27,1,0,True,1
824,3,Harris,2,11,2,0,True,1
824,4,Harris,0,15,0,0,True,1
824,5,Harris,1,8,1,0,True,1
824,6,Harris,1,16,1,0,True,1
825,0,Harris,0,23,0,0,True,1
825,1,Harris,0,26,0,0,True,1
825,2,Harris,0,1,0,0,True,1
825,3,Harris,1,46,1,0,True,1
825,4,Harris,0,8,0,0,True,1
825,5,Harris,0,14,0,0,True,1
825,6,Harris,2,50,2,0,True,1
825,7,Harris,0,0,0,0,True,1
826,0,Harris,1,9,1,0,True,1
826,1,Harris,0,6,0,0,True,1
826,2,Harris,0,11,0,0,True,1
826,3,Harris,0,37,0,0,True,1
826,4,Harris,0,17,0,0,True,1
826,5,Harris,0,12,0,0,True,1
826,6,Harris,0,9,0,0,True,1
827,0,Harris,0,21,0,0,True,1
827,1,Harris,0,52,0,0,True,1
827,2,Harris,0,14,0,0,True,1
827,3,Harris,0,13,0,0,True,1
827,4,Harris,0,28,0,0,True,1
827,5,Harris,0,12,0,0,True,1
827,6,Harris,2,25,2,0,True,1
827,7,Harris,2,40,2,0,True,1
827,8,Harris,0,1,0,0,True,1
828,0,Harris,0,4,0,0,True,1
828,1,Harris,0,1,0,0,True,1
828,2,Harris,3,26,3,0,True,1
828,3,Harris,0,53,0,0,True,1
828,4,Harris,2,31,2,0,True,1
828,5,Harris,0,47,0,0,True,1
828,6,Harris,5,32,5,0,True,1
828,7,Harris,1,46,1,0,True,1
829,0,Harris,0,21,0,0,True,1
829,1,Harris,0,13,0,0,True,1
829,2,Harris,0,40,0,0,True,1
829,3,Harris,2,33,2,0,True,1
829,4,Harris,0,15,0,0,True,1
829,5,Harris,0,4,0,0,True,1
830,0,Harris,0,3,0,0,True,1
830,1,Harris,0,6,0,0,True,1
830,2,Harris,0,1,0,0,True,1
830,3,Harris,0,18,0,0,True,1
830,4,Harris,0,12,0,0,True,1
830,5,Harris,1,41,1,0,True,1
830,6,Harris,0,8,0,0,True,1
830,7,Harris,1,53,1,0,True,1
830,8,Harris,0,14,0,0,True,1
831,0,Harris,0,14,0,0,True,1
831,1,Harris,0,36,0,0,True,1
831,2,Harris,0,23,0,0,True,1
831,3,Harris,0,19,0,0,True,1
831,4,Harris,1,37,1,0,True,1
831,5,Harris,1,18,1,0,True,1
831,6,Harris,0,10,0,0,True,1
831,7,Harris,0,8,0,0,True,1
832,0,Harris,0,29,0,0,True,1
832,1,Harris,0,13,0,0,True,1
832,2,Harris,0,10,0,0,True,1
832,3,Harris,0,14,0,0,True,1
832,4,Harris,0,8,0,0,True,1
832,5,Harris,0,9,0,0,True,1
832,6,Harris,2,6,2,0,True,1
832,7,Harris,0,12,0,0,True,1
832,8,Harris,0,18,0,0,True,1
833,0,Harris,0,23,0,0,True,1
833,1,Harris,0,8,0,0,True,1
833,2,Harris,0,15,0,0,True,1
833,3,Harris,0,20,0,0,True,1
833,4,Harris,2,9,2,0,True,1
833,5,Harris,0,7,0,0,True,1
833,6,Harris,1,6,1,0,True,1
834,0,Harris,0,11,0,0,True,1
834,1,Harris,0,11,0,0,True,1
834,2,Harris,0,3,0,0,True,1
834,3,Harris,0,1,0,0,True,1
834,4,Harris,0,16,0,0,True,1
834,5,Harris,0,6,0,0,True,1
834,6,Harris,0,6,0,0,True,1
835,0,Harris,0,20,0,0,True,1
835,1,Harris,0,17,0,0,True,1
835,2,Harris,0,20,0,0,True,1
835,3,Harris,0,28,0,0,True,1
835,4,Harris,0,15,0,0,True,1
835,5,Harris,0,4,0,0,True,1
835,6,Harris,0,13,0,0,True,1
835,7,Harris,0,11,0,0,True,1
835,8,Harris,0,30,0,0,True,1
836,0,Harris,0,1,0,0,True,1
836,1,Harris,1,38,1,0,True,1
836,2,Harris,0,10,0,0,True,1
836,3,Harris,0,25,0,0,True,1
836,4,Harris,0,5,0,0,True,1
836,5,Harris,4,55,4,0,True,1
836,6,Harris,0,14,0,0,True,1
837,0,Harris,0,4,0,0,True,1
837,1,Harris,0,6,0,0,True,1
837,2,Harris,0,23,0,0,True,1
837,3,Harris,1,53,1,0,True,1
837,4,Harris,1,16,1,0,True,1
837,5,Harris,3,53,3,0,True,1
837,6,Harris,2,51,2,0,True,1
837,7,Harris,0,5,0,0,True,1
838,0,Harris,0,1,0,0,True,1
838,1,Harris,3,35,3,0,True,1
838,2,Harris,1,58,1,0,True,1
838,3,Harris,2,42,2,0,True,1
838,4,Harris,0,2,0,0,True,1
838,5,Harris,0,50,0,0,True,1
838,6,Harris,0,50,0,0,True,1
839,0,Harris,4,41,4,0,True,1
839,1,Harris,1,6,1,0,True,1
839,2,Harris,2,46,2,0,True,1
839,3,Harris,1,35,1,0,True,1
839,4,Harris,1,31,1,0,True,1
839,5,Harris,2,39,2,0,True,1
839,6,Harris,1,54,1,0,True,1
839,7,Harris,1,63,1,0,True,1
840,0,Harris,1,49,1,0,True,1
840,1,Harris,0,18,0,0,True,1
840,2,Harris,0,55,0,0,True,1
840,3,Harris,0,57,0,0,True,1
840,4,Harris,2,50,2,0,True,1
840,5,Harris,2,58,2,0,True,1
840,6,Harris,0,25,0,0,True,1
841,0,Harris,3,35,3,0,True,1
841,1,Harris,1,5,1,0,True,1
841,2,Harris,2,36,2,0,True,1
841,3,Harris,0,4,0,0,True,1
841,4,Harris,2,50,2,0,True,1
842,0,Harris,0,20,0,0,True,1
842,1,Harris,0,9,0,0,True,1
842,2,Harris,2,42,2,0,True,1
842,3,Harris,0,21,0,0,True,1
842,4,Harris,0,2,0,0,True,1
842,5,Harris,0,11,0,0,True,1
842,6,Harris,0,20,0,0,True,1
842,7,Harris,0,16,0,0,True,1
843,0,Harris,0,27,0,0,True,1
843,1,Harris,3,34,3,0,True,1
843,2,Harris,0,52,0,0,True,1
843,3,Harris,0,4,0,0,True,1
843,4,Harris,0,23,0,0,True,1
843,5,Harris,0,3,0,0,True,1
843,6,Harris,0,25,0,0,True,1
843,7,Harris,0,0,0,0,True,1
844,0,Harris,0,23,0,0,True,1
844,1,Harris,0,7,0,0,True,1
844,2,Harris,0,16,0,0,True,1
844,3,Harris,0,16,0,0,True,1
844,4,Harris,0,12,0,0,True,1
844,5,Harris,0,13,0,0,True,1
844,6,Harris,0,2,0,0,True,1
844,7,Harris,0,12,0,0,True,1
844,8,Harris,0,13,0,0,True,1
845,0,Harris,2,14,2,0,True,1
845,1,Harris,0,13,0,0,True,1
845,2,Harris,0,28,0,0,True,1
845,3,Harris,0,1,0,0,True,1
845,4,Harris,1,43,1,0,True,1
845,5,Harris,1,52,1,0,True,1
845,6,Harris,1,19,1,0,True,1
846,0,Harris,2,3,2,0,True,1
846,1,Harris,2,18,2,0,True,1
846,2,Harris,1,21,1,0,True,1
846,3,Harris,2,12,2,0,True,1
846,4,Harris,2,15,2,0,True,1
846,5,Harris,2,50,2,0,True,1
846,6,Harris,4,46,4,0,True,1
847,0,Harris,2,17,2,0,True,1
847,1,Harris,2,37,2,0,True,1
847,2,Harris,1,39,1,0,True,1
847,3,Harris,4,42,4,0,True,1
847,4,Harris,3,37,3,0,True,1
847,5,Harris,2,41,2,0,True,1
847,6,Harris,1,8,1,0,True,1
848,0,Harris,1,19,1,0,True,1
848,1,Harris,2,37,2,0,True,1
848,2,Harris,4,20,4,0,True,1
848,3,Harris,1,24,1,0,True,1
848,4,Harris,2,2,2,0,True,1
848,5,Harris,1,17,1,0,True,1
848,6,Harris,2,22,2,0,True,1
849,0,Harris,2,18,2,0,True,1
849,1,Harris,2,11,2,0,True,1
849,2,Harris,1,16,1,0,True,1
849,3,Harris,3,56,3,0,True,1
849,4,Harris,2,6,2,0,True,1
849,5,Harris,2,49,2,0,True,1
849,6,Harris,3,54,3,0,True,1
849,7,Harris,3,56,3,0,True,1
849,8,Harris,2,18,2,0,True,1
850,0,Harris,4,29,4,0,True,1
850,1,Harris,2,36,2,0,True,1
850,2,Harris,2,32,2,0,True,1
850,3,Harris,2,38,2,0,True,1
850,4,Harris,3,12,3,0,True,1
850,5,Harris,3,42,3,0,True,1
850,6,Harris,2,48,2,0,True,1
850,7,Harris,1,35,1,0,True,1
851,0,Harris,2,2,2,0,True,1
851,1,Harris,1,13,1,0,True,1
851,2,Harris,2,5,2,0,True,1
851,3,Harris,2,4,2,0,True,1
851,4,Harris,2,2,2,0,True,1
851,5,Harris,2,1,1,1,False,1
851,6,Harris,2,7,2,0,True,1
851,7,Harris,2,4,2,0,True,1
852,0,Harris,1,28,1,0,True,1
852,1,Harris,0,15,0,0,True,1
852,2,Harris,0,6,0,0,True,1
852,3,Harris,0,4,0,0,True,1
852,4,Harris,4,49,4,0,True,1
852,5,Harris,2,58,2,0,True,1
852,6,Harris,0,6,0,0,True,1
853,0,Harris,1,0,0,1,False,1
853,1,Harris,4,31,4,0,True,1
853,2,Harris,2,5,2,0,True,1
853,3,Harris,2,10,2,0,True,1
853,4,Harris,3,22,3,0,True,1
853,5,Harris,6,11,6,0,True,1
854,0,Harris,0,6,0,0,True,1
854,1,Harris,2,5,2,0,True,1
854,2,Harris,0,26,0,0,True,1
854,3,Harris,2,25,2,0,True,1
854,4,Harris,0,17,0,0,True,1
854,5,Harris,0,29,0,0,True,1
855,0,Harris,2,7,2,0,True,1
855,1,Harris,2,35,2,0,True,1
855,2,Harris,2,29,2,0,True,1
855,3,Harris,2,49,2,0,True,1
855,4,Harris,1,55,1,0,True,1
855,5,Harris,3,45,3,0,True,1
855,6,Harris,5,37,5,0,True,1
855,7,Harris,3,29,3,0,True,1
855,8,Harris,0,3,0,0,True,1
856,0,Harris,2,31,2,0,True,1
856,1,Harris,1,14,1,0,True,1
856,2,Harris,2,50,2,0,True,1
856,3,Harris,1,21,1,0,True,1
856,4,Harris,1,29,1,0,True,1
856,5,Harris,1,15,1,0,True,1
856,6,Harris,1,16,1,0,True,1
857,0,Harris,0,7,0,0,True,1
857,1,Harris,1,20,1,0,True,1
857,2,Harris,1,14,1,0,True,1
857,3,Harris,1,24,1,0,True,1
857,4,Harris,1,17,1,0,True,1
857,5,Harris,2,30,2,0,True,1
857,6,Harris,2,10,2,0,True,1
858,0,Harris,0,10,0,0,True,1
858,1,Harris,2,11,2,0,True,1
858,2,Harris,1,32,1,0,True,1
858,3,Harris,1,11,1,0,True,1
858,4,Harris,2,50,2,0,True,1
858,5,Harris,0,5,0,0,True,1
858,6,Harris,0,11,0,0,True,1
858,7,Harris,0,17,0,0,True,1
859,0,Harris,2,7,2,0,True,1
859,1,Harris,2,9,2,0,True,1
859,2,Harris,1,4,1,0,True,1
859,3,Harris,2,18,2,0,True,1
859,4,Harris,2,13,2,0,True,1
859,5,Harris,2,20,2,0,True,1
859,6,Harris,2,10,2,0,True,1
859,7,Harris,2,20,2,0,True,1
860,0,Harris,0,8,0,0,True,1
860,1,Harris,2,50,2,0,True,1
860,2,Harris,2,50,2,0,True,1
860,3,Harris,2,45,2,0,True,1
860,4,Harris,2,14,2,0,True,1
860,5,Harris,0,5,0,0,True,1
860,6,Harris,0,19,0,0,True,1
861,0,Harris,3,33,3,0,True,1
861,1,Harris,1,53,1,0,True,1
861,2,Harris,3,48,3,0,True,1
861,3,Harris,1,5,1,0,True,1
861,4,Harris,1,55,1,0,True,1
861,5,Harris,2,17,2,0,True,1
861,6,Harris,0,7,0,0,True,1
862,0,Harris,0,16,0,0,True,1
862,1,Harris,2,26,2,0,True,1
862,2,Harris,6,43,6,0,True,1
862,3,Harris,0,4,0,0,True,1
862,4,Harris,0,13,0,0,True,1
862,5,Harris,0,5,0,0,True,1
862,6,Harris,0,12,0,0,True,1
863,0,Harris,3,25,3,0,True,1
863,1,Harris,1,23,1,0,True,1
863,2,Harris,0,8,0,0,True,1
863,3,Harris,1,23,1,0,True,1
863,4,Harris,1,35,1,0,True,1
863,5,Harris,1,51,1,0,True,1
863,6,Harris,0,6,0,0,True,1
864,0,Harris,1,22,1,0,True,1
864,1,Harris,3,24,3,0,True,1
864,2,Harris,1,12,1,0,True,1
864,3,Harris,2,56,2,0,True,1
864,4,Harris,0,3,0,0,True,1
864,5,Harris,0,17,0,0,True,1
864,6,Harris,0,5,0,0,True,1
865,0,Harris,1,16,1,0,True,1
865,1,Harris,0,19,0,0,True,1
865,2,Harris,2,31,2,0,True,1
865,3,Harris,2,16,2,0,True,1
865,4,Harris,2,54,2,0,True,1
865,5,Harris,2,48,2,0,True,1
866,0,Harris,2,9,2,0,True,1
866,1,Harris,0,5,0,0,True,1
866,2,Harris,3,3,3,0,True,1
866,3,Harris,2,1,1,1,False,1
866,4,Harris,2,10,2,0,True,1
866,5,Harris,0,8,0,0,True,1
866,6,Harris,3,32,3,0,True,1
867,0,Harris,2,6,2,0,True,1
867,1,Harris,2,5,2,0,True,1
867,2,Harris,2,3,2,0,True,1
867,3,Harris,2,6,2,0,True,1
867,4,Harris,2,2,2,0,True,1
867,5,Harris,2,9,2,0,True,1
868,0,Harris,2,32,2,0,True,1
868,1,Harris,4,39,4,0,True,1
868,2,Harris,2,3,2,0,True,1
868,3,Harris,1,11,1,0,True,1
868,4,Harris,2,2,2,0,True,1
868,5,Harris,2,50,2,0,True,1
869,0,Harris,1,14,1,0,True,1
869,1,Harris,0,8,0,0,True,1
869,2,Harris,0,5,0,0,True,1
869,3,Harris,1,17,1,0,True,1
869,4,Harris,1,6,1,0,True,1
869,5,Harris,2,7,2,0,True,1
869,6,Harris,0,5,0,0,True,1
870,0,Harris,5,28,5,0,True,1
870,1,Harris,0,2,0,0,True,1
870,2,Harris,1,21,1,0,True,1
870,3,Harris,2,5,2,0,True,1
870,4,Harris,1,25,1,0,True,1
870,5,Harris,1,14,1,0,True,1
870,6,Harris,2,32,2,0,True,1
871,0,Harris,0,13,0,0,True,1
871,1,Harris,1,6,1,0,True,1
871,2,Harris,0,5,0,0,True,1
871,3,Harris,1,8,1,0,True,1
871,4,Harris,1,16,1,0,True,1
871,5,Harris,1,8,1,0,True,1
871,6,Harris,0,13,0,0,True,1
871,7,Harris,2,28,2,0,True,1
872,0,Harris,0,3,0,0,True,1
872,1,Harris,0,10,0,0,True,1
872,2,Harris,0,5,0,0,True,1
872,3,Harris,0,2,0,0,True,1
872,4,Harris,0,8,0,0,True,1
872,5,Harris,0,12,0,0,True,1
872,6,Harris,0,16,0,0,True,1
872,7,Harris,0,17,0,0,True,1
872,8,Harris,1,3,1,0,True,1
873,0,Harris,1,36,1,0,True,1
873,1,Harris,2,13,2,0,True,1
873,2,Harris,1,6,1,0,True,1
873,3,Harris,1,37,1,0,True,1
873,4,Harris,1,11,1,0,True,1
873,5,Harris,2,47,2,0,True,1
873,6,Harris,1,14,1,0,True,1
873,7,Harris,2,26,2,0,True,1
874,0,Harris,0,20,0,0,True,1
874,1,Harris,0,3,0,0,True,1
874,2,Harris,0,9,0,0,True,1
874,3,Harris,0,7,0,0,True,1
874,4,Harris,0,15,0,0,True,1
874,5,Harris,0,22,0,0,True,1
874,6,Harris,0,23,0,0,True,1
874,7,Harris,1,6,1,0,True,1
874,8,Harris,0,14,0,0,True,1
875,0,Harris,0,13,0,0,True,1
875,1,Harris,0,9,0,0,True,1
875,2,Harris,0,7,0,0,True,1
875,3,Harris,0,4,0,0,True,1
875,4,Harris,0,15,0,0,True,1
875,5,Harris,0,5,0,0,True,1
875,6,Harris,0,3,0,0,True,1
875,7,Harris,0,8,0,0,True,1
876,0,Harris,0,8,0,0,True,1
876,1,Harris,0,4,0,0,True,1
876,2,Harris,1,17,1,0,True,1
876,3,Harris,3,39,3,0,True,1
876,4,Harris,1,16,1,0,True,1
876,5,Harris,0,16,0,0,True,1
876,6,Harris,1,25,1,0,True,1
876,7,Harris,1,10,1,0,True,1
876,8,Harris,0,22,0,0,True,1
877,0,Harris,1,12,1,0,True,1
877,1,Harris,1,9,1,0,True,1
877,2,Harris,1,16,1,0,True,1
877,3,Harris,3,16,3,0,True,1
877,4,Harris,0,17,0,0,True,1
877,5,Harris,0,17,0,0,True,1
877,6,Harris,1,7,1,0,True,1
878,0,Harris,0,6,0,0,True,1
878,1,Harris,1,12,1,0,True,1
878,2,Harris,2,11,2,0,True,1
878,3,Harris,2,21,2,0,True,1
878,4,Harris,2,10,2,0,True,1
878,5,Harris,0,11,0,0,True,1
878,6,Harris,0,2,0,0,True,1
878,7,Harris,1,36,1,0,True,1
879,0,Harris,0,3,0,0,True,1
879,1,Harris,0,26,0,0,True,1
879,2,Harris,1,30,1,0,True,1
879,3,Harris,0,10,0,0,True,1
879,4,Harris,2,15,2,0,True,1
879,5,Harris,2,52,2,0,True,1
879,6,Harris,4,21,4,0,True,1
879,7,Harris,2,29,2,0,True,1
880,0,Harris,2,51,2,0,True,1
880,1,Harris,2,55,2,0,True,1
880,2,Harris,1,3,1,0,True,1
880,3,Harris,1,6,1,0,True,1
880,4,Harris,1,2,1,0,True,1
880,5,Harris,1,3,1,0,True,1
880,6,Harris,1,18,1,0,True,1
881,0,Harris,1,43,1,0,True,1
881,1,Harris,1,12,1,0,True,1
881,2,Harris,1,14,1,0,True,1
881,3,Harris,1,7,1,0,True,1
881,4,Harris,2,30,2,0,True,1
881,5,Harris,2,26,2,0,True,1
881,6,Harris,2,8,2,0,True,1
881,7,Harris,0,0,0,0,True,1
882,0,Harris,1,19,1,0,True,1
882,1,Harris,0,8,0,0,True,1
882,2,Harris,0,38,0,0,True,1
882,3,Harris,1,54,1,0,True,1
882,4,Harris,0,24,0,0,True,1
882,5,Harris,0,57,0,0,True,1
882,6,Harris,2,20,2,0,True,1
882,7,Harris,0,62,0,0,True,1
883,0,Harris,1,3,1,0,True,1
883,1,Harris,2,10,2,0,True,1
883,2,Harris,0,6,0,0,True,1
883,3,Harris,0,12,0,0,True,1
883,4,Harris,2,22,2,0,True,1
883,5,Harris,1,5,1,0,True,1
884,0,Harris,1,11,1,0,True,1
884,1,Harris,0,10,0,0,True,1
884,2,Harris,0,9,0,0,True,1
884,3,Harris,2,5,2,0,True,1
884,4,Harris,3,27,3,0,True,1
884,5,Harris,1,5,1,0,True,1
884,6,Harris,1,3,1,0,True,1
885,0,Harris,5,13,5,0,True,1
885,1,Harris,1,10,1,0,True,1
885,2,Harris,2,7,2,0,True,1
885,3,Harris,2,12,2,0,True,1
885,4,Harris,2,10,2,0,True,1
885,5,Harris,3,6,3,0,True,1
886,0,Harris,0,26,0,0,True,1
886,1,Harris,2,8,2,0,True,1
886,2,Harris,2,5,2,0,True,1
886,3,Harris,2,18,2,0,True,1
886,4,Harris,2,9,2,0,True,1
886,5,Harris,2,14,2,0,True,1
887,0,Harris,2,29,2,0,True,1
887,1,Harris,1,62,1,0,True,1
887,2,Harris,0,9,0,0,True,1
887,3,Harris,2,20,2,0,True,1
887,4,Harris,0,7,0,0,True,1
887,5,Harris,0,5,0,0,True,1
887,6,Harris,0,8,0,0,True,1
887,7,Harris,0,3,0,0,True,1
887,8,Harris,0,13,0,0,True,1
888,0,Harris,1,51,1,0,True,1
888,1,Harris,1,5,1,0,True,1
888,2,Harris,2,14,2,0,True,1
888,3,Harris,2,40,2,0,True,1
888,4,Harris,2,29,2,0,True,1
888,5,Harris,0,13,0,0,True,1
889,0,Harris,0,29,0,0,True,1
889,1,Harris,2,25,2,0,True,1
889,2,Harris,1,31,1,0,True,1
889,3,Harris,0,17,0,0,True,1
889,4,Harris,0,37,0,0,True,1
889,5,Harris,0,29,0,0,True,1
889,6,Harris,2,53,2,0,True,1
0,0,Trump,1,1,1,0,True,2
0,1,Trump,1,37,1,0,True,2
0,2,Trump,2,29,2,0,True,2
0,3,Trump,1,8,1,0,True,2
0,4,Trump,2,21,2,0,True,2
0,5,Trump,1,17,1,0,True,2
0,6,Trump,4,53,4,0,True,2
0,7,Trump,0,13,0,0,True,2
1,0,Trump,0,10,0,0,True,2
1,1,Trump,0,8,0,0,True,2
1,2,Trump,1,8,1,0,True,2
1,3,Trump,2,18,2,0,True,2
1,4,Trump,0,10,0,0,True,2
1,5,Trump,1,31,1,0,True,2
1,6,Trump,0,2,0,0,True,2
1,7,Trump,0,16,0,0,True,2
1,8,Trump,0,16,0,0,True,2
2,0,Trump,2,28,2,0,True,2
2,1,Trump,2,30,2,0,True,2
2,2,Trump,2,46,2,0,True,2
2,3,Trump,1,30,1,0,True,2
2,4,Trump,2,51,2,0,True,2
2,5,Trump,0,3,0,0,True,2
2,6,Trump,0,6,0,0,True,2
3,0,Trump,2,34,2,0,True,2
3,1,Trump,1,12,1,0,True,2
3,2,Trump,1,42,1,0,True,2
3,3,Trump,1,6,1,0,True,2
3,4,Trump,1,10,1,0,True,2
3,5,Trump,0,4,0,0,True,2
3,6,Trump,0,22,0,0,True,2
3,7,Trump,0,7,0,0,True,2
3,8,Trump,1,8,1,0,True,2
4,0,Trump,1,4,1,0,True,2
4,1,Trump,0,46,0,0,True,2
4,2,Trump,1,21,1,0,True,2
4,3,Trump,0,10,0,0,True,2
4,4,Trump,2,24,2,0,True,2
4,5,Trump,1,14,1,0,True,2
4,6,Trump,2,13,2,0,True,2
4,7,Trump,1,5,1,0,True,2
5,0,Trump,1,9,1,0,True,2
5,1,Trump,2,16,2,0,True,2
5,2,Trump,1,4,1,0,True,2
5,3,Trump,2,1,1,1,False,2
5,4,Trump,1,14,1,0,True,2
5,5,Trump,1,8,1,0,True,2
6,0,Trump,2,4,2,0,True,2
6,1,Trump,1,10,1,0,True,2
6,2,Trump,3,18,3,0,True,2
6,3,Trump,2,15,2,0,True,2
6,4,Trump,2,16,2,0,True,2
6,5,Trump,2,11,2,0,True,2
6,6,Trump,2,22,2,0,True,2
6,7,Trump,1,19,1,0,True,2
6,8,Trump,2,31,2,0,True,2
7,0,Trump,2,11,2,0,True,2
7,1,Trump,1,17,1,0,True,2
7,2,Trump,1,20,1,0,True,2
7,3,Trump,2,11,2,0,True,2
7,4,Trump,1,5,1,0,True,2
7,5,Trump,0,4,0,0,True,2
7,6,Trump,1,4,1,0,True,2
7,7,Trump,0,2,0,0,True,2
8,0,Trump,1,10,1,0,True,2
8,1,Trump,1,2,1,0,True,2
8,2,Trump,1,6,1,0,True,2
8,3,Trump,0,10,0,0,True,2
8,4,Trump,1,4,1,0,True,2
8,5,Trump,1,9,1,0,True,2
8,6,Trump,1,8,1,0,True,2
8,7,Trump,1,17,1,0,True,2
9,0,Trump,1,8,1,0,True,2
9,1,Trump,1,20,1,0,True,2
9,2,Trump,0,1,0,0,True,2
9,3,Trump,1,7,1,0,True,2
9,4,Trump,1,23,1,0,True,2
9,5,Trump,1,6,1,0,True,2
9,6,Trump,2,26,2,0,True,2
9,7,Trump,0,14,0,0,True,2
10,0,Trump,1,8,1,0,True,2
10,1,Trump,1,0,0,1,False,2
10,2,Trump,1,8,1,0,True,2
10,3,Trump,1,13,1,0,True,2
10,4,Trump,1,13,1,0,True,2
10,5,Trump,1,3,1,0,True,2
10,6,Trump,1,7,1,0,True,2
11,0,Trump,1,32,1,0,True,2
11,1,Trump,0,4,0,0,True,2
11,2,Trump,2,58,2,0,True,2
11,3,Trump,1,8,1,0,True,2
11,4,Trump,0,7,0,0,True,2
11,5,Trump,1,4,1,0,True,2
11,6,Trump,1,20,1,0,True,2
12,0,Trump,1,32,1,0,True,2
12,1,Trump,1,26,1,0,True,2
12,2,Trump,2,6,2,0,True,2
12,3,Trump,1,6,1,0,True,2
12,4,Trump,0,13,0,0,True,2
12,5,Trump,1,12,1,0,True,2
12,6,Trump,0,28,0,0,True,2
12,7,Trump,0,7,0,0,True,2
13,0,Trump,1,32,1,0,True,2
13,1,Trump,1,1,1,0,True,2
13,2,Trump,1,30,1,0,True,2
13,3,Trump,0,4,0,0,True,2
13,4,Trump,0,4,0,0,True,2
13,5,Trump,1,7,1,0,True,2
13,6,Trump,2,6,2,0,True,2
13,7,Trump,0,8,0,0,True,2
14,0,Trump,1,58,1,0,True,2
14,1,Trump,1,12,1,0,True,2
14,2,Trump,1,15,1,0,True,2
14,3,Trump,2,44,2,0,True,2
14,4,Trump,2,52,2,0,True,2
14,5,Trump,2,50,2,0,True,2
14,6,Trump,2,9,2,0,True,2
15,0,Trump,0,3,0,0,True,2
15,1,Trump,0,15,0,0,True,2
15,2,Trump,0,9,0,0,True,2
15,3,Trump,1,7,1,0,True,2
15,4,Trump,0,2,0,0,True,2
15,5,Trump,1,17,1,0,True,2
15,6,Trump,0,4,0,0,True,2
15,7,Trump,2,15,2,0,True,2
16,0,Trump,1,32,1,0,True,2
16,1,Trump,1,7,1,0,True,2
16,2,Trump,1,0,0,1,False,2
16,3,Trump,2,6,2,0,True,2
16,4,Trump,2,17,2,0,True,2
16,5,Trump,2,1,1,1,False,2
16,6,Trump,1,17,1,0,True,2
16,7,Trump,2,15,2,0,True,2
17,0,Trump,2,4,2,0,True,2
17,1,Trump,2,13,2,0,True,2
17,2,Trump,2,6,2,0,True,2
17,3,Trump,1,7,1,0,True,2
17,4,Trump,1,2,1,0,True,2
17,5,Trump,0,0,0,0,True,2
17,6,Trump,0,0,0,0,True,2
18,0,Trump,1,16,1,0,True,2
18,1,Trump,1,11,1,0,True,2
18,2,Trump,1,8,1,0,True,2
18,3,Trump,4,34,4,0,True,2
18,4,Trump,2,20,2,0,True,2
18,5,Trump,14,23,14,0,True,2
19,0,Trump,0,5,0,0,True,2
19,1,Trump,1,1,1,0,True,2
19,2,Trump,0,5,0,0,True,2
19,3,Trump,1,6,1,0,True,2
19,4,Trump,0,5,0,0,True,2
19,5,Trump,1,17,1,0,True,2
19,6,Trump,1,6,1,0,True,2
19,7,Trump,2,7,2,0,True,2
20,0,Trump,0,25,0,0,True,2
20,1,Trump,1,54,1,0,True,2
20,2,Trump,1,16,1,0,True,2
20,3,Trump,0,43,0,0,True,2
20,4,Trump,1,21,1,0,True,2
20,5,Trump,1,56,1,0,True,2
20,6,Trump,1,13,1,0,True,2
20,7,Trump,2,20,2,0,True,2
21,0,Trump,1,4,1,0,True,2
21,1,Trump,0,28,0,0,True,2
21,2,Trump,3,12,3,0,True,2
21,3,Trump,1,2,1,0,True,2
21,4,Trump,1,23,1,0,True,2
21,5,Trump,1,8,1,0,True,2
21,6,Trump,1,18,1,0,True,2
22,0,Trump,3,50,3,0,True,2
22,1,Trump,1,9,1,0,True,2
22,2,Trump,1,11,1,0,True,2
22,3,Trump,1,13,1,0,True,2
22,4,Trump,2,11,2,0,True,2
22,5,Trump,1,30,1,0,True,2
22,6,Trump,0,3,0,0,True,2
22,7,Trump,0,12,0,0,True,2
23,0,Trump,0,21,0,0,True,2
23,1,Trump,2,13,2,0,True,2
23,2,Trump,0,21,0,0,True,2
23,3,Trump,0,25,0,0,True,2
23,4,Trump,1,0,0,1,False,2
23,5,Trump,1,7,1,0,True,2
23,6,Trump,1,20,1,0,True,2
24,0,Trump,1,8,1,0,True,2
24,1,Trump,1,9,1,0,True,2
24,2,Trump,1,8,1,0,True,2
24,3,Trump,2,23,2,0,True,2
24,4,Trump,3,29,3,0,True,2
24,5,Trump,1,11,1,0,True,2
25,0,Trump,0,13,0,0,True,2
25,1,Trump,1,5,1,0,True,2
25,2,Trump,1,10,1,0,True,2
25,3,Trump,1,4,1,0,True,2
25,4,Trump,1,17,1,0,True,2
25,5,Trump,1,6,1,0,True,2
25,6,Trump,1,26,1,0,True,2
25,7,Trump,0,3,0,0,True,2
26,0,Trump,0,9,0,0,True,2
26,1,Trump,2,17,2,0,True,2
26,2,Trump,2,7,2,0,True,2
26,3,Trump,2,5,2,0,True,2
26,4,Trump,1,16,1,0,True,2
26,5,Trump,0,9,0,0,True,2
26,6,Trump,1,8,1,0,True,2
27,0,Trump,1,31,1,0,True,2
27,1,Trump,1,9,1,0,True,2
27,2,Trump,1,18,1,0,True,2
27,3,Trump,0,15,0,0,True,2
27,4,Trump,1,5,1,0,True,2
27,5,Trump,1,36,1,0,True,2
27,6,Trump,4,24,4,0,True,2
28,0,Trump,0,25,0,0,True,2
28,1,Trump,1,1,1,0,True,2
28,2,Trump,1,4,1,0,True,2
28,3,Trump,1,2,1,0,True,2
28,4,Trump,1,9,1,0,True,2
28,5,Trump,0,6,0,0,True,2
28,6,Trump,1,15,1,0,True,2
29,0,Trump,2,14,2,0,True,2
29,1,Trump,1,1,1,0,True,2
29,2,Trump,1,6,1,0,True,2
29,3,Trump,2,3,2,0,True,2
29,4,Trump,1,16,1,0,True,2
29,5,Trump,1,20,1,0,True,2
30,0,Trump,0,9,0,0,True,2
30,1,Trump,1,31,1,0,True,2
30,2,Trump,1,2,1,0,True,2
30,3,Trump,1,6,1,0,True,2
30,4,Trump,1,9,1,0,True,2
30,5,Trump,0,0,0,0,True,2
30,6,Trump,1,6,1,0,True,2
31,0,Trump,1,0,0,1,False,2
31,1,Trump,1,0,0,1,False,2
31,2,Trump,1,8,1,0,True,2
31,3,Trump,1,13,1,0,True,2
31,4,Trump,2,11,2,0,True,2
31,5,Trump,2,14,2,0,True,2
31,6,Trump,1,5,1,0,True,2
31,7,Trump,2,17,2,0,True,2
32,0,Trump,1,14,1,0,True,2
32,1,Trump,1,19,1,0,True,2
32,2,Trump,0,17,0,0,True,2
32,3,Trump,0,4,0,0,True,2
32,4,Trump,2,11,2,0,True,2
32,5,Trump,1,9,1,0,True,2
32,6,Trump,2,50,2,0,True,2
33,0,Trump,3,19,3,0,True,2
33,1,Trump,2,20,2,0,True,2
33,2,Trump,1,17,1,0,True,2
33,3,Trump,1,6,1,0,True,2
33,4,Trump,0,12,0,0,True,2
33,5,Trump,2,23,2,0,True,2
34,0,Trump,0,25,0,0,True,2
34,1,Trump,0,15,0,0,True,2
34,2,Trump,1,7,1,0,True,2
34,3,Trump,0,10,0,0,True,2
34,4,Trump,1,6,1,0,True,2
34,5,Trump,0,1,0,0,True,2
34,6,Trump,0,11,0,0,True,2
34,7,Trump,0,9,0,0,True,2
34,8,Trump,0,17,0,0,True,2
35,0,Trump,1,2,1,0,True,2
35,1,Trump,0,8,0,0,True,2
35,2,Trump,2,46,2,0,True,2
35,3,Trump,1,12,1,0,True,2
35,4,Trump,1,8,1,0,True,2
35,5,Trump,2,2,2,0,True,2
35,6,Trump,3,18,3,0,True,2
35,7,Trump,0,0,0,0,True,2
36,0,Trump,2,48,2,0,True,2
36,1,Trump,3,30,3,0,True,2
36,2,Trump,2,42,2,0,True,2
36,3,Trump,2,32,2,0,True,2
36,4,Trump,0,35,0,0,True,2
36,5,Trump,0,54,0,0,True,2
36,6,Trump,0,13,0,0,True,2
36,7,Trump,0,15,0,0,True,2
37,0,Trump,2,26,2,0,True,2
37,1,Trump,1,24,1,0,True,2
37,2,Trump,0,7,0,0,True,2
37,3,Trump,1,21,1,0,True,2
37,4,Trump,0,19,0,0,True,2
37,5,Trump,2,41,2,0,True,2
38,0,Trump,1,0,0,1,False,2
38,1,Trump,1,6,1,0,True,2
38,2,Trump,1,2,1,0,True,2
38,3,Trump,1,6,1,0,True,2
38,4,Trump,1,7,1,0,True,2
38,5,Trump,1,5,1,0,True,2
39,0,Trump,2,47,2,0,True,2
39,1,Trump,0,23,0,0,True,2
39,2,Trump,4,16,4,0,True,2
39,3,Trump,1,11,1,0,True,2
39,4,Trump,0,11,0,0,True,2
39,5,Trump,0,10,0,0,True,2
39,6,Trump,0,1,0,0,True,2
39,7,Trump,2,35,2,0,True,2
40,0,Trump,1,10,1,0,True,2
40,1,Trump,1,4,1,0,True,2
40,2,Trump,1,3,1,0,True,2
40,3,Trump,1,9,1,0,True,2
40,4,Trump,2,11,2,0,True,2
40,5,Trump,0,3,0,0,True,2
40,6,Trump,2,13,2,0,True,2
40,7,Trump,0,16,0,0,True,2
41,0,Trump,0,7,0,0,True,2
41,1,Trump,1,32,1,0,True,2
41,2,Trump,0,18,0,0,True,2
41,3,Trump,1,2,1,0,True,2
41,4,Trump,1,2,1,0,True,2
41,5,Trump,0,10,0,0,True,2
41,6,Trump,3,19,3,0,True,2
41,7,Trump,0,3,0,0,True,2
42,0,Trump,0,31,0,0,True,2
42,1,Trump,1,0,0,1,False,2
42,2,Trump,1,17,1,0,True,2
42,3,Trump,0,1,0,0,True,2
42,4,Trump,1,11,1,0,True,2
42,5,Trump,1,38,1,0,True,2
43,0,Trump,1,13,1,0,True,2
43,1,Trump,1,14,1,0,True,2
43,2,Trump,1,6,1,0,True,2
43,3,Trump,1,4,1,0,True,2
43,4,Trump,1,50,1,0,True,2
43,5,Trump,1,8,1,0,True,2
43,6,Trump,2,12,2,0,True,2
43,7,Trump,2,21,2,0,True,2
44,0,Trump,0,9,0,0,True,2
44,1,Trump,0,10,0,0,True,2
44,2,Trump,0,5,0,0,True,2
44,3,Trump,2,22,2,0,True,2
44,4,Trump,0,5,0,0,True,2
44,5,Trump,1,20,1,0,True,2
45,0,Trump,1,15,1,0,True,2
45,1,Trump,0,15,0,0,True,2
45,2,Trump,1,9,1,0,True,2
45,3,Trump,1,6,1,0,True,2
45,4,Trump,0,13,0,0,True,2
45,5,Trump,1,33,1,0,True,2
46,0,Trump,4,16,4,0,True,2
46,1,Trump,2,14,2,0,True,2
46,2,Trump,1,30,1,0,True,2
46,3,Trump,0,8,0,0,True,2
46,4,Trump,1,36,1,0,True,2
46,5,Trump,1,9,1,0,True,2
46,6,Trump,0,15,0,0,True,2
46,7,Trump,1,21,1,0,True,2
46,8,Trump,1,47,1,0,True,2
47,0,Trump,2,7,2,0,True,2
47,1,Trump,0,5,0,0,True,2
47,2,Trump,0,2,0,0,True,2
47,3,Trump,1,37,1,0,True,2
47,4,Trump,2,13,2,0,True,2
47,5,Trump,1,6,1,0,True,2
47,6,Trump,0,27,0,0,True,2
47,7,Trump,2,12,2,0,True,2
47,8,Trump,1,22,1,0,True,2
48,0,Trump,1,20,1,0,True,2
48,1,Trump,1,4,1,0,True,2
48,2,Trump,1,47,1,0,True,2
48,3,Trump,0,27,0,0,True,2
48,4,Trump,0,8,0,0,True,2
48,5,Trump,1,22,1,0,True,2
48,6,Trump,2,55,2,0,True,2
49,0,Trump,1,24,1,0,True,2
49,1,Trump,1,0,0,1,False,2
49,2,Trump,1,7,1,0,True,2
49,3,Trump,1,0,0,1,False,2
49,4,Trump,1,6,1,0,True,2
49,5,Trump,0,9,0,0,True,2
49,6,Trump,1,30,1,0,True,2
50,0,Trump,6,34,6,0,True,2
50,1,Trump,4,2,2,2,False,2
50,2,Trump,7,3,3,4,False,2
50,3,Trump,2,1,1,1,False,2
50,4,Trump,1,0,0,1,False,2
50,5,Trump,4,2,2,2,False,2
51,0,Trump,1,0,0,1,False,2
51,1,Trump,1,4,1,0,True,2
51,2,Trump,1,4,1,0,True,2
51,3,Trump,1,16,1,0,True,2
51,4,Trump,1,6,1,0,True,2
51,5,Trump,2,11,2,0,True,2
52,0,Trump,1,1,1,0,True,2
52,1,Trump,0,7,0,0,True,2
52,2,Trump,0,32,0,0,True,2
52,3,Trump,0,22,0,0,True,2
52,4,Trump,1,26,1,0,True,2
52,5,Trump,1,19,1,0,True,2
52,6,Trump,0,12,0,0,True,2
53,0,Trump,1,3,1,0,True,2
53,1,Trump,1,22,1,0,True,2
53,2,Trump,1,45,1,0,True,2
53,3,Trump,1,6,1,0,True,2
53,4,Trump,1,19,1,0,True,2
53,5,Trump,0,6,0,0,True,2
53,6,Trump,0,2,0,0,True,2
53,7,Trump,1,17,1,0,True,2
54,0,Trump,1,19,1,0,True,2
54,1,Trump,2,58,2,0,True,2
54,2,Trump,2,21,2,0,True,2
54,3,Trump,1,5,1,0,True,2
54,4,Trump,1,7,1,0,True,2
54,5,Trump,3,42,3,0,True,2
54,6,Trump,1,31,1,0,True,2
54,7,Trump,1,5,1,0,True,2
54,8,Trump,0,15,0,0,True,2
55,0,Trump,0,16,0,0,True,2
55,1,Trump,0,3,0,0,True,2
55,2,Trump,3,35,3,0,True,2
55,3,Trump,2,11,2,0,True,2
55,4,Trump,0,6,0,0,True,2
55,5,Trump,2,50,2,0,True,2
55,6,Trump,0,2,0,0,True,2
55,7,Trump,0,3,0,0,True,2
55,8,Trump,0,6,0,0,True,2
56,0,Trump,1,25,1,0,True,2
56,1,Trump,1,36,1,0,True,2
56,2,Trump,1,13,1,0,True,2
56,3,Trump,1,42,1,0,True,2
56,4,Trump,1,3,1,0,True,2
56,5,Trump,0,2,0,0,True,2
56,6,Trump,0,37,0,0,True,2
56,7,Trump,1,8,1,0,True,2
57,0,Trump,1,8,1,0,True,2
57,1,Trump,3,11,3,0,True,2
57,2,Trump,0,2,0,0,True,2
57,3,Trump,2,11,2,0,True,2
57,4,Trump,0,9,0,0,True,2
57,5,Trump,1,10,1,0,True,2
57,6,Trump,0,19,0,0,True,2
57,7,Trump,0,6,0,0,True,2
58,0,Trump,0,12,0,0,True,2
58,1,Trump,0,4,0,0,True,2
58,2,Trump,1,6,1,0,True,2
58,3,Trump,1,38,1,0,True,2
58,4,Trump,1,17,1,0,True,2
58,5,Trump,1,14,1,0,True,2
58,6,Trump,0,15,0,0,True,2
59,0,Trump,2,23,2,0,True,2
59,1,Trump,1,17,1,0,True,2
59,2,Trump,1,1,1,0,True,2
59,3,Trump,1,40,1,0,True,2
59,4,Trump,1,24,1,0,True,2
60,0,Trump,1,4,1,0,True,2
60,1,Trump,1,12,1,0,True,2
60,2,Trump,0,22,0,0,True,2
60,3,Trump,0,4,0,0,True,2
60,4,Trump,1,13,1,0,True,2
60,5,Trump,2,11,2,0,True,2
60,6,Trump,0,10,0,0,True,2
61,0,Trump,2,6,2,0,True,2
61,1,Trump,1,11,1,0,True,2
61,2,Trump,0,6,0,0,True,2
61,3,Trump,1,21,1,0,True,2
61,4,Trump,2,52,2,0,True,2
61,5,Trump,0,7,0,0,True,2
61,6,Trump,1,45,1,0,True,2
61,7,Trump,0,3,0,0,True,2
62,0,Trump,2,15,2,0,True,2
62,1,Trump,2,34,2,0,True,2
62,2,Trump,1,5,1,0,True,2
62,3,Trump,1,4,1,0,True,2
62,4,Trump,2,26,2,0,True,2
62,5,Trump,2,23,2,0,True,2
62,6,Trump,1,3,1,0,True,2
62,7,Trump,1,5,1,0,True,2
62,8,Trump,2,0,0,2,False,2
63,0,Trump,1,4,1,0,True,2
63,1,Trump,1,6,1,0,True,2
63,2,Trump,2,11,2,0,True,2
63,3,Trump,1,9,1,0,True,2
63,4,Trump,1,15,1,0,True,2
63,5,Trump,1,7,1,0,True,2
63,6,Trump,2,7,2,0,True,2
63,7,Trump,2,16,2,0,True,2
63,8,Trump,1,4,1,0,True,2
63,9,Trump,1,12,1,0,True,2
64,0,Trump,1,0,0,1,False,2
64,1,Trump,1,16,1,0,True,2
64,2,Trump,0,3,0,0,True,2
64,3,Trump,1,4,1,0,True,2
64,4,Trump,1,40,1,0,True,2
64,5,Trump,1,9,1,0,True,2
64,6,Trump,2,5,2,0,True,2
65,0,Trump,1,6,1,0,True,2
65,1,Trump,1,14,1,0,True,2
65,2,Trump,1,13,1,0,True,2
65,3,Trump,1,22,1,0,True,2
65,4,Trump,1,1,1,0,True,2
65,5,Trump,1,13,1,0,True,2
65,6,Trump,1,3,1,0,True,2
66,0,Trump,0,46,0,0,True,2
66,1,Trump,0,12,0,0,True,2
66,2,Trump,2,6,2,0,True,2
66,3,Trump,0,13,0,0,True,2
66,4,Trump,1,48,1,0,True,2
66,5,Trump,1,14,1,0,True,2
66,6,Trump,0,15,0,0,True,2
66,7,Trump,0,29,0,0,True,2
67,0,Trump,1,46,1,0,True,2
67,1,Trump,2,11,2,0,True,2
67,2,Trump,1,13,1,0,True,2
67,3,Trump,1,14,1,0,True,2
67,4,Trump,1,21,1,0,True,2
67,5,Trump,0,30,0,0,True,2
67,6,Trump,0,20,0,0,True,2
68,0,Trump,1,3,1,0,True,2
68,1,Trump,0,5,0,0,True,2
68,2,Trump,1,17,1,0,True,2
68,3,Trump,2,10,2,0,True,2
68,4,Trump,1,44,1,0,True,2
68,5,Trump,1,8,1,0,True,2
68,6,Trump,2,11,2,0,True,2
68,7,Trump,2,11,2,0,True,2
69,0,Trump,1,0,0,1,False,2
69,1,Trump,0,5,0,0,True,2
69,2,Trump,1,57,1,0,True,2
69,3,Trump,1,4,1,0,True,2
69,4,Trump,1,3,1,0,True,2
69,5,Trump,1,3,1,0,True,2
69,6,Trump,0,4,0,0,True,2
70,0,Trump,0,21,0,0,True,2
70,1,Trump,3,48,3,0,True,2
70,2,Trump,1,50,1,0,True,2
70,3,Trump,0,14,0,0,True,2
70,4,Trump,1,24,1,0,True,2
70,5,Trump,0,21,0,0,True,2
70,6,Trump,2,38,2,0,True,2
70,7,Trump,3,48,3,0,True,2
70,8,Trump,1,36,1,0,True,2
71,0,Trump,0,4,0,0,True,2
71,1,Trump,0,22,0,0,True,2
71,2,Trump,0,13,0,0,True,2
71,3,Trump,0,11,0,0,True,2
71,4,Trump,2,5,2,0,True,2
71,5,Trump,1,12,1,0,True,2
71,6,Trump,1,13,1,0,True,2
71,7,Trump,1,8,1,0,True,2
72,0,Trump,2,64,2,0,True,2
72,1,Trump,1,5,1,0,True,2
72,2,Trump,1,8,1,0,True,2
72,3,Trump,1,22,1,0,True,2
72,4,Trump,1,3,1,0,True,2
72,5,Trump,0,1,0,0,True,2
72,6,Trump,0,2,0,0,True,2
72,7,Trump,0,0,0,0,True,2
73,0,Trump,1,8,1,0,True,2
73,1,Trump,0,5,0,0,True,2
73,2,Trump,1,8,1,0,True,2
73,3,Trump,1,21,1,0,True,2
73,4,Trump,2,42,2,0,True,2
73,5,Trump,1,17,1,0,True,2
73,6,Trump,1,16,1,0,True,2
74,0,Trump,0,4,0,0,True,2
74,1,Trump,0,4,0,0,True,2
74,2,Trump,1,6,1,0,True,2
74,3,Trump,1,0,0,1,False,2
74,4,Trump,1,3,1,0,True,2
74,5,Trump,0,9,0,0,True,2
74,6,Trump,1,10,1,0,True,2
74,7,Trump,0,5,0,0,True,2
75,0,Trump,1,15,1,0,True,2
75,1,Trump,1,11,1,0,True,2
75,2,Trump,1,12,1,0,True,2
75,3,Trump,0,35,0,0,True,2
75,4,Trump,0,8,0,0,True,2
75,5,Trump,1,46,1,0,True,2
75,6,Trump,1,26,1,0,True,2
76,0,Trump,1,17,1,0,True,2
76,1,Trump,1,22,1,0,True,2
76,2,Trump,0,26,0,0,True,2
76,3,Trump,1,6,1,0,True,2
76,4,Trump,0,4,0,0,True,2
76,5,Trump,4,7,4,0,True,2
76,6,Trump,1,18,1,0,True,2
76,7,Trump,0,9,0,0,True,2
76,8,Trump,0,0,0,0,True,2
77,0,Trump,2,11,2,0,True,2
77,1,Trump,1,24,1,0,True,2
77,2,Trump,1,3,1,0,True,2
77,3,Trump,0,6,0,0,True,2
77,4,Trump,1,6,1,0,True,2
77,5,Trump,1,22,1,0,True,2
77,6,Trump,1,14,1,0,True,2
77,7,Trump,0,11,0,0,True,2
78,0,Trump,2,30,2,0,True,2
78,1,Trump,1,8,1,0,True,2
78,2,Trump,2,6,2,0,True,2
78,3,Trump,0,12,0,0,True,2
78,4,Trump,2,46,2,0,True,2
78,5,Trump,1,43,1,0,True,2
79,0,Trump,1,22,1,0,True,2
79,1,Trump,1,15,1,0,True,2
79,2,Trump,0,29,0,0,True,2
79,3,Trump,0,3,0,0,True,2
79,4,Trump,1,12,1,0,True,2
79,5,Trump,0,8,0,0,True,2
79,6,Trump,0,16,0,0,True,2
80,0,Trump,1,6,1,0,True,2
80,1,Trump,1,8,1,0,True,2
80,2,Trump,0,2,0,0,True,2
80,3,Trump,2,11,2,0,True,2
80,4,Trump,0,7,0,0,True,2
80,5,Trump,1,3,1,0,True,2
80,6,Trump,1,13,1,0,True,2
81,0,Trump,0,38,0,0,True,2
81,1,Trump,1,16,1,0,True,2
81,2,Trump,4,47,4,0,True,2
81,3,Trump,2,16,2,0,True,2
81,4,Trump,0,10,0,0,True,2
81,5,Trump,3,17,3,0,True,2
81,6,Trump,1,35,1,0,True,2
81,7,Trump,0,18,0,0,True,2
82,0,Trump,0,8,0,0,True,2
82,1,Trump,1,8,1,0,True,2
82,2,Trump,0,1,0,0,True,2
82,3,Trump,2,54,2,0,True,2
82,4,Trump,1,12,1,0,True,2
82,5,Trump,1,17,1,0,True,2
82,6,Trump,1,10,1,0,True,2
82,7,Trump,0,7,0,0,True,2
83,0,Trump,1,45,1,0,True,2
83,1,Trump,2,19,2,0,True,2
83,2,Trump,1,27,1,0,True,2
83,3,Trump,1,16,1,0,True,2
83,4,Trump,1,14,1,0,True,2
83,5,Trump,0,48,0,0,True,2
83,6,Trump,0,10,0,0,True,2
84,0,Trump,0,4,0,0,True,2
84,1,Trump,0,46,0,0,True,2
84,2,Trump,1,1,1,0,True,2
84,3,Trump,0,5,0,0,True,2
84,4,Trump,2,13,2,0,True,2
84,5,Trump,1,17,1,0,True,2
84,6,Trump,1,9,1,0,True,2
84,7,Trump,1,9,1,0,True,2
84,8,Trump,0,28,0,0,True,2
85,0,Trump,1,7,1,0,True,2
85,1,Trump,1,14,1,0,True,2
85,2,Trump,1,23,1,0,True,2
85,3,Trump,1,4,1,0,True,2
85,4,Trump,1,12,1,0,True,2
85,5,Trump,1,20,1,0,True,2
85,6,Trump,1,13,1,0,True,2
85,7,Trump,1,43,1,0,True,2
86,0,Trump,1,15,1,0,True,2
86,1,Trump,0,4,0,0,True,2
86,2,Trump,1,17,1,0,True,2
86,3,Trump,2,11,2,0,True,2
86,4,Trump,2,5,2,0,True,2
86,5,Trump,0,3,0,0,True,2
86,6,Trump,1,18,1,0,True,2
87,0,Trump,1,13,1,0,True,2
87,1,Trump,1,4,1,0,True,2
87,2,Trump,2,11,2,0,True,2
87,3,Trump,2,35,2,0,True,2
87,4,Trump,1,43,1,0,True,2
87,5,Trump,1,43,1,0,True,2
88,0,Trump,0,23,0,0,True,2
88,1,Trump,0,34,0,0,True,2
88,2,Trump,3,24,3,0,True,2
88,3,Trump,2,13,2,0,True,2
88,4,Trump,1,49,1,0,True,2
88,5,Trump,1,21,1,0,True,2
88,6,Trump,2,41,2,0,True,2
89,0,Trump,1,54,1,0,True,2
89,1,Trump,1,23,1,0,True,2
89,2,Trump,1,31,1,0,True,2
89,3,Trump,1,7,1,0,True,2
89,4,Trump,1,5,1,0,True,2
89,5,Trump,1,22,1,0,True,2
89,6,Trump,1,6,1,0,True,2
90,0,Trump,2,26,2,0,True,2
90,1,Trump,2,9,2,0,True,2
90,2,Trump,2,12,2,0,True,2
90,3,Trump,1,22,1,0,True,2
90,4,Trump,1,16,1,0,True,2
90,5,Trump,0,19,0,0,True,2
90,6,Trump,1,13,1,0,True,2
90,7,Trump,1,14,1,0,True,2
90,8,Trump,1,15,1,0,True,2
91,0,Trump,0,6,0,0,True,2
91,1,Trump,0,16,0,0,True,2
91,2,Trump,2,23,2,0,True,2
91,3,Trump,2,20,2,0,True,2
91,4,Trump,1,6,1,0,True,2
91,5,Trump,2,11,2,0,True,2
91,6,Trump,0,6,0,0,True,2
92,0,Trump,0,4,0,0,True,2
92,1,Trump,2,16,2,0,True,2
92,2,Trump,1,5,1,0,True,2
92,3,Trump,1,7,1,0,True,2
92,4,Trump,1,26,1,0,True,2
92,5,Trump,1,26,1,0,True,2
92,6,Trump,0,37,0,0,True,2
93,0,Trump,1,50,1,0,True,2
93,1,Trump,1,0,0,1,False,2
93,2,Trump,1,24,1,0,True,2
93,3,Trump,1,16,1,0,True,2
93,4,Trump,1,34,1,0,True,2
93,5,Trump,2,50,2,0,True,2
94,0,Trump,0,54,0,0,True,2
94,1,Trump,1,13,1,0,True,2
94,2,Trump,1,1,1,0,True,2
94,3,Trump,1,1,1,0,True,2
94,4,Trump,1,15,1,0,True,2
94,5,Trump,0,4,0,0,True,2
94,6,Trump,1,31,1,0,True,2
95,0,Trump,0,10,0,0,True,2
95,1,Trump,2,29,2,0,True,2
95,2,Trump,0,1,0,0,True,2
95,3,Trump,1,44,1,0,True,2
95,4,Trump,1,2,1,0,True,2
95,5,Trump,0,3,0,0,True,2
95,6,Trump,0,11,0,0,True,2
95,7,Trump,0,11,0,0,True,2
95,8,Trump,0,3,0,0,True,2
96,0,Trump,1,5,1,0,True,2
96,1,Trump,1,5,1,0,True,2
96,2,Trump,0,5,0,0,True,2
96,3,Trump,1,4,1,0,True,2
96,4,Trump,1,4,1,0,True,2
96,5,Trump,1,11,1,0,True,2
97,0,Trump,1,30,1,0,True,2
97,1,Trump,1,7,1,0,True,2
97,2,Trump,1,17,1,0,True,2
97,3,Trump,0,3,0,0,True,2
97,4,Trump,1,31,1,0,True,2
97,5,Trump,1,36,1,0,True,2
97,6,Trump,0,4,0,0,True,2
97,7,Trump,2,11,2,0,True,2
98,0,Trump,1,4,1,0,True,2
98,1,Trump,1,9,1,0,True,2
98,2,Trump,1,7,1,0,True,2
98,3,Trump,1,17,1,0,True,2
98,4,Trump,1,6,1,0,True,2
98,5,Trump,2,31,2,0,True,2
98,6,Trump,2,11,2,0,True,2
99,0,Trump,0,6,0,0,True,2
99,1,Trump,1,16,1,0,True,2
99,2,Trump,0,14,0,0,True,2
99,3,Trump,2,8,2,0,True,2
99,4,Trump,1,15,1,0,True,2
99,5,Trump,2,19,2,0,True,2
99,6,Trump,0,5,0,0,True,2
99,7,Trump,1,11,1,0,True,2
99,8,Trump,1,18,1,0,True,2
100,0,Trump,1,19,1,0,True,2
100,1,Trump,1,35,1,0,True,2
100,2,Trump,0,36,0,0,True,2
100,3,Trump,0,18,0,0,True,2
100,4,Trump,1,14,1,0,True,2
100,5,Trump,0,3,0,0,True,2
100,6,Trump,1,30,1,0,True,2
100,7,Trump,0,9,0,0,True,2
100,8,Trump,0,4,0,0,True,2
101,0,Trump,2,28,2,0,True,2
101,1,Trump,2,11,2,0,True,2
101,2,Trump,1,50,1,0,True,2
101,3,Trump,1,54,1,0,True,2
101,4,Trump,4,16,4,0,True,2
101,5,Trump,2,50,2,0,True,2
101,6,Trump,0,4,0,0,True,2
102,0,Trump,1,27,1,0,True,2
102,1,Trump,2,20,2,0,True,2
102,2,Trump,0,15,0,0,True,2
102,3,Trump,2,28,2,0,True,2
102,4,Trump,1,26,1,0,True,2
102,5,Trump,0,14,0,0,True,2
102,6,Trump,2,11,2,0,True,2
102,7,Trump,1,9,1,0,True,2
103,0,Trump,1,12,1,0,True,2
103,1,Trump,1,13,1,0,True,2
103,2,Trump,1,6,1,0,True,2
103,3,Trump,1,9,1,0,True,2
103,4,Trump,1,28,1,0,True,2
103,5,Trump,2,28,2,0,True,2
104,0,Trump,1,17,1,0,True,2
104,1,Trump,1,20,1,0,True,2
104,2,Trump,1,27,1,0,True,2
104,3,Trump,0,2,0,0,True,2
104,4,Trump,1,1,1,0,True,2
104,5,Trump,0,0,0,0,True,2
105,0,Trump,1,20,1,0,True,2
105,1,Trump,2,11,2,0,True,2
105,2,Trump,1,4,1,0,True,2
105,3,Trump,2,1,1,1,False,2
105,4,Trump,1,15,1,0,True,2
105,5,Trump,1,31,1,0,True,2
105,6,Trump,2,4,2,0,True,2
106,0,Trump,1,8,1,0,True,2
106,1,Trump,1,10,1,0,True,2
106,2,Trump,0,13,0,0,True,2
106,3,Trump,2,7,2,0,True,2
106,4,Trump,1,12,1,0,True,2
106,5,Trump,2,7,2,0,True,2
106,6,Trump,1,9,1,0,True,2
106,7,Trump,2,4,2,0,True,2
106,8,Trump,1,14,1,0,True,2
107,0,Trump,1,18,1,0,True,2
107,1,Trump,1,6,1,0,True,2
107,2,Trump,2,11,2,0,True,2
107,3,Trump,2,5,2,0,True,2
107,4,Trump,1,19,1,0,True,2
107,5,Trump,1,8,1,0,True,2
107,6,Trump,1,17,1,0,True,2
108,0,Trump,2,9,2,0,True,2
108,1,Trump,2,9,2,0,True,2
108,2,Trump,3,9,3,0,True,2
108,3,Trump,3,12,3,0,True,2
108,4,Trump,5,6,5,0,True,2
108,5,Trump,5,9,5,0,True,2
108,6,Trump,1,10,1,0,True,2
109,0,Trump,2,25,2,0,True,2
109,1,Trump,3,41,3,0,True,2
109,2,Trump,1,26,1,0,True,2
109,3,Trump,2,12,2,0,True,2
109,4,Trump,3,40,3,0,True,2
109,5,Trump,0,8,0,0,True,2
109,6,Trump,0,20,0,0,True,2
109,7,Trump,2,16,2,0,True,2
109,8,Trump,0,6,0,0,True,2
109,9,Trump,0,10,0,0,True,2
110,0,Trump,1,35,1,0,True,2
110,1,Trump,1,28,1,0,True,2
110,2,Trump,3,43,3,0,True,2
110,3,Trump,1,4,1,0,True,2
110,4,Trump,0,11,0,0,True,2
110,5,Trump,0,27,0,0,True,2
110,6,Trump,1,19,1,0,True,2
110,7,Trump,0,23,0,0,True,2
111,0,Trump,2,15,2,0,True,2
111,1,Trump,1,13,1,0,True,2
111,2,Trump,1,18,1,0,True,2
111,3,Trump,1,32,1,0,True,2
111,4,Trump,2,8,2,0,True,2
111,5,Trump,3,5,3,0,True,2
111,6,Trump,0,1,0,0,True,2
111,7,Trump,0,3,0,0,True,2
112,0,Trump,1,12,1,0,True,2
112,1,Trump,1,7,1,0,True,2
112,2,Trump,1,51,1,0,True,2
112,3,Trump,0,9,0,0,True,2
112,4,Trump,0,50,0,0,True,2
112,5,Trump,0,14,0,0,True,2
112,6,Trump,1,21,1,0,True,2
112,7,Trump,1,19,1,0,True,2
113,0,Trump,1,21,1,0,True,2
113,1,Trump,1,38,1,0,True,2
113,2,Trump,1,8,1,0,True,2
113,3,Trump,1,17,1,0,True,2
113,4,Trump,0,5,0,0,True,2
113,5,Trump,1,13,1,0,True,2
113,6,Trump,1,18,1,0,True,2
113,7,Trump,1,50,1,0,True,2
114,0,Trump,0,17,0,0,True,2
114,1,Trump,0,7,0,0,True,2
114,2,Trump,2,12,2,0,True,2
114,3,Trump,2,34,2,0,True,2
114,4,Trump,1,15,1,0,True,2
114,5,Trump,0,4,0,0,True,2
114,6,Trump,1,11,1,0,True,2
115,0,Trump,0,17,0,0,True,2
115,1,Trump,0,13,0,0,True,2
115,2,Trump,0,9,0,0,True,2
115,3,Trump,0,22,0,0,True,2
115,4,Trump,0,32,0,0,True,2
115,5,Trump,0,46,0,0,True,2
115,6,Trump,1,12,1,0,True,2
116,0,Trump,1,54,1,0,True,2
116,1,Trump,1,49,1,0,True,2
116,2,Trump,1,9,1,0,True,2
116,3,Trump,1,27,1,0,True,2
116,4,Trump,1,35,1,0,True,2
116,5,Trump,1,12,1,0,True,2
116,6,Trump,1,8,1,0,True,2
117,0,Trump,1,44,1,0,True,2
117,1,Trump,1,49,1,0,True,2
117,2,Trump,0,4,0,0,True,2
117,3,Trump,1,5,1,0,True,2
117,4,Trump,2,40,2,0,True,2
117,5,Trump,0,0,0,0,True,2
117,6,Trump,1,21,1,0,True,2
117,7,Trump,1,53,1,0,True,2
117,8,Trump,1,48,1,0,True,2
117,9,Trump,1,8,1,0,True,2
118,0,Trump,0,4,0,0,True,2
118,1,Trump,3,38,3,0,True,2
118,2,Trump,2,3,2,0,True,2
118,3,Trump,1,5,1,0,True,2
118,4,Trump,0,6,0,0,True,2
118,5,Trump,1,5,1,0,True,2
118,6,Trump,1,19,1,0,True,2
118,7,Trump,0,18,0,0,True,2
119,0,Trump,1,14,1,0,True,2
119,1,Trump,1,12,1,0,True,2
119,2,Trump,1,35,1,0,True,2
119,3,Trump,1,36,1,0,True,2
119,4,Trump,1,40,1,0,True,2
119,5,Trump,0,4,0,0,True,2
119,6,Trump,1,23,1,0,True,2
119,7,Trump,1,13,1,0,True,2
120,0,Trump,3,16,3,0,True,2
120,1,Trump,3,10,3,0,True,2
120,2,Trump,4,7,4,0,True,2
120,3,Trump,4,14,4,0,True,2
120,4,Trump,3,21,3,0,True,2
120,5,Trump,3,16,3,0,True,2
120,6,Trump,4,14,4,0,True,2
120,7,Trump,0,13,0,0,True,2
121,0,Trump,1,4,1,0,True,2
121,1,Trump,0,3,0,0,True,2
121,2,Trump,2,11,2,0,True,2
121,3,Trump,0,9,0,0,True,2
121,4,Trump,1,9,1,0,True,2
121,5,Trump,0,6,0,0,True,2
121,6,Trump,1,20,1,0,True,2
121,7,Trump,0,17,0,0,True,2
121,8,Trump,1,0,0,1,False,2
122,0,Trump,1,7,1,0,True,2
122,1,Trump,1,54,1,0,True,2
122,2,Trump,2,19,2,0,True,2
122,3,Trump,3,13,3,0,True,2
122,4,Trump,2,30,2,0,True,2
122,5,Trump,2,22,2,0,True,2
123,0,Trump,0,19,0,0,True,2
123,1,Trump,0,25,0,0,True,2
123,2,Trump,1,45,1,0,True,2
123,3,Trump,1,53,1,0,True,2
123,4,Trump,0,48,0,0,True,2
123,5,Trump,0,33,0,0,True,2
123,6,Trump,0,5,0,0,True,2
124,0,Trump,1,9,1,0,True,2
124,1,Trump,1,13,1,0,True,2
124,2,Trump,2,27,2,0,True,2
124,3,Trump,0,4,0,0,True,2
124,4,Trump,1,24,1,0,True,2
124,5,Trump,3,29,3,0,True,2
124,6,Trump,1,9,1,0,True,2
124,7,Trump,2,11,2,0,True,2
125,0,Trump,1,6,1,0,True,2
125,1,Trump,2,6,2,0,True,2
125,2,Trump,2,6,2,0,True,2
125,3,Trump,2,6,2,0,True,2
125,4,Trump,0,5,0,0,True,2
125,5,Trump,2,4,2,0,True,2
125,6,Trump,2,2,2,0,True,2
126,0,Trump,3,27,3,0,True,2
126,1,Trump,2,17,2,0,True,2
126,2,Trump,3,17,3,0,True,2
126,3,Trump,2,8,2,0,True,2
126,4,Trump,3,16,3,0,True,2
126,5,Trump,1,6,1,0,True,2
126,6,Trump,2,10,2,0,True,2
127,0,Trump,0,17,0,0,True,2
127,1,Trump,1,20,1,0,True,2
127,2,Trump,1,15,1,0,True,2
127,3,Trump,1,17,1,0,True,2
127,4,Trump,1,14,1,0,True,2
127,5,Trump,1,13,1,0,True,2
127,6,Trump,0,15,0,0,True,2
127,7,Trump,0,2,0,0,True,2
128,0,Trump,0,10,0,0,True,2
128,1,Trump,2,18,2,0,True,2
128,2,Trump,1,33,1,0,True,2
128,3,Trump,1,17,1,0,True,2
128,4,Trump,0,19,0,0,True,2
128,5,Trump,2,8,2,0,True,2
128,6,Trump,1,28,1,0,True,2
129,0,Trump,0,10,0,0,True,2
129,1,Trump,2,11,2,0,True,2
129,2,Trump,1,12,1,0,True,2
129,3,Trump,0,41,0,0,True,2
129,4,Trump,0,13,0,0,True,2
129,5,Trump,1,12,1,0,True,2
129,6,Trump,2,20,2,0,True,2
130,0,Trump,1,20,1,0,True,2
130,1,Trump,1,21,1,0,True,2
130,2,Trump,1,8,1,0,True,2
130,3,Trump,1,3,1,0,True,2
130,4,Trump,1,3,1,0,True,2
130,5,Trump,1,23,1,0,True,2
130,6,Trump,0,2,0,0,True,2
131,0,Trump,1,17,1,0,True,2
131,1,Trump,2,6,2,0,True,2
131,2,Trump,1,5,1,0,True,2
131,3,Trump,2,41,2,0,True,2
131,4,Trump,0,9,0,0,True,2
131,5,Trump,0,22,0,0,True,2
131,6,Trump,1,29,1,0,True,2
132,0,Trump,2,12,2,0,True,2
132,1,Trump,2,18,2,0,True,2
132,2,Trump,1,61,1,0,True,2
132,3,Trump,2,13,2,0,True,2
132,4,Trump,1,48,1,0,True,2
132,5,Trump,1,5,1,0,True,2
132,6,Trump,1,10,1,0,True,2
133,0,Trump,0,2,0,0,True,2
133,1,Trump,2,24,2,0,True,2
133,2,Trump,0,2,0,0,True,2
133,3,Trump,0,3,0,0,True,2
133,4,Trump,1,25,1,0,True,2
133,5,Trump,0,10,0,0,True,2
134,0,Trump,1,15,1,0,True,2
134,1,Trump,1,16,1,0,True,2
134,2,Trump,1,28,1,0,True,2
134,3,Trump,2,16,2,0,True,2
134,4,Trump,2,10,2,0,True,2
134,5,Trump,1,8,1,0,True,2
134,6,Trump,1,6,1,0,True,2
134,7,Trump,0,0,0,0,True,2
135,0,Trump,1,30,1,0,True,2
135,1,Trump,0,12,0,0,True,2
135,2,Trump,1,13,1,0,True,2
135,3,Trump,1,6,1,0,True,2
135,4,Trump,1,13,1,0,True,2
135,5,Trump,1,8,1,0,True,2
135,6,Trump,1,2,1,0,True,2
135,7,Trump,0,4,0,0,True,2
136,0,Trump,0,3,0,0,True,2
136,1,Trump,0,10,0,0,True,2
136,2,Trump,0,10,0,0,True,2
136,3,Trump,0,11,0,0,True,2
136,4,Trump,0,47,0,0,True,2
136,5,Trump,0,32,0,0,True,2
136,6,Trump,0,2,0,0,True,2
136,7,Trump,1,16,1,0,True,2
136,8,Trump,1,34,1,0,True,2
137,0,Trump,0,8,0,0,True,2
137,1,Trump,1,14,1,0,True,2
137,2,Trump,2,16,2,0,True,2
137,3,Trump,0,8,0,0,True,2
137,4,Trump,1,22,1,0,True,2
137,5,Trump,1,8,1,0,True,2
137,6,Trump,4,48,4,0,True,2
138,0,Trump,4,24,4,0,True,2
138,1,Trump,1,11,1,0,True,2
138,2,Trump,2,16,2,0,True,2
138,3,Trump,1,21,1,0,True,2
138,4,Trump,2,6,2,0,True,2
138,5,Trump,2,6,2,0,True,2
139,0,Trump,0,3,0,0,True,2
139,1,Trump,0,5,0,0,True,2
139,2,Trump,2,6,2,0,True,2
139,3,Trump,0,4,0,0,True,2
139,4,Trump,2,7,2,0,True,2
139,5,Trump,2,2,2,0,True,2
139,6,Trump,0,9,0,0,True,2
139,7,Trump,1,4,1,0,True,2
139,8,Trump,1,25,1,0,True,2
139,9,Trump,2,8,2,0,True,2
140,0,Trump,1,9,1,0,True,2
140,1,Trump,0,3,0,0,True,2
140,2,Trump,0,5,0,0,True,2
140,3,Trump,0,17,0,0,True,2
140,4,Trump,2,15,2,0,True,2
140,5,Trump,1,8,1,0,True,2
140,6,Trump,2,9,2,0,True,2
141,0,Trump,2,11,2,0,True,2
141,1,Trump,2,10,2,0,True,2
141,2,Trump,1,20,1,0,True,2
141,3,Trump,1,6,1,0,True,2
141,4,Trump,0,15,0,0,True,2
141,5,Trump,0,18,0,0,True,2
141,6,Trump,0,7,0,0,True,2
142,0,Trump,1,38,1,0,True,2
142,1,Trump,1,23,1,0,True,2
142,2,Trump,1,3,1,0,True,2
142,3,Trump,5,40,5,0,True,2
142,4,Trump,1,41,1,0,True,2
142,5,Trump,1,9,1,0,True,2
142,6,Trump,2,50,2,0,True,2
142,7,Trump,0,10,0,0,True,2
142,8,Trump,1,12,1,0,True,2
143,0,Trump,0,20,0,0,True,2
143,1,Trump,1,14,1,0,True,2
143,2,Trump,1,21,1,0,True,2
143,3,Trump,1,18,1,0,True,2
143,4,Trump,0,10,0,0,True,2
143,5,Trump,0,19,0,0,True,2
144,0,Trump,3,43,3,0,True,2
144,1,Trump,0,4,0,0,True,2
144,2,Trump,2,19,2,0,True,2
144,3,Trump,1,6,1,0,True,2
144,4,Trump,0,18,0,0,True,2
144,5,Trump,1,7,1,0,True,2
144,6,Trump,1,53,1,0,True,2
145,0,Trump,1,36,1,0,True,2
145,1,Trump,0,12,0,0,True,2
145,2,Trump,0,2,0,0,True,2
145,3,Trump,1,5,1,0,True,2
145,4,Trump,1,10,1,0,True,2
145,5,Trump,1,5,1,0,True,2
145,6,Trump,2,4,2,0,True,2
145,7,Trump,1,5,1,0,True,2
146,0,Trump,1,2,1,0,True,2
146,1,Trump,1,8,1,0,True,2
146,2,Trump,1,29,1,0,True,2
146,3,Trump,1,5,1,0,True,2
146,4,Trump,1,1,1,0,True,2
146,5,Trump,2,3,2,0,True,2
146,6,Trump,2,8,2,0,True,2
147,0,Trump,0,18,0,0,True,2
147,1,Trump,2,28,2,0,True,2
147,2,Trump,0,6,0,0,True,2
147,3,Trump,0,5,0,0,True,2
147,4,Trump,2,5,2,0,True,2
147,5,Trump,2,4,2,0,True,2
147,6,Trump,2,14,2,0,True,2
148,0,Trump,4,16,4,0,True,2
148,1,Trump,2,8,2,0,True,2
148,2,Trump,0,2,0,0,True,2
148,3,Trump,2,10,2,0,True,2
148,4,Trump,1,6,1,0,True,2
149,0,Trump,1,57,1,0,True,2
149,1,Trump,1,12,1,0,True,2
149,2,Trump,2,20,2,0,True,2
149,3,Trump,1,14,1,0,True,2
149,4,Trump,2,37,2,0,True,2
149,5,Trump,0,5,0,0,True,2
149,6,Trump,1,6,1,0,True,2
150,0,Trump,3,9,3,0,True,2
150,1,Trump,0,6,0,0,True,2
150,2,Trump,0,13,0,0,True,2
150,3,Trump,1,14,1,0,True,2
150,4,Trump,1,1,1,0,True,2
150,5,Trump,0,4,0,0,True,2
151,0,Trump,1,20,1,0,True,2
151,1,Trump,1,6,1,0,True,2
151,2,Trump,0,14,0,0,True,2
151,3,Trump,0,7,0,0,True,2
151,4,Trump,2,28,2,0,True,2
151,5,Trump,1,10,1,0,True,2
151,6,Trump,0,4,0,0,True,2
152,0,Trump,1,12,1,0,True,2
152,1,Trump,1,18,1,0,True,2
152,2,Trump,1,8,1,0,True,2
152,3,Trump,1,2,1,0,True,2
152,4,Trump,1,23,1,0,True,2
152,5,Trump,0,12,0,0,True,2
153,0,Trump,2,5,2,0,True,2
153,1,Trump,3,38,3,0,True,2
153,2,Trump,1,17,1,0,True,2
153,3,Trump,0,13,0,0,True,2
153,4,Trump,2,11,2,0,True,2
153,5,Trump,1,6,1,0,True,2
153,6,Trump,1,13,1,0,True,2
153,7,Trump,3,6,3,0,True,2
154,0,Trump,1,26,1,0,True,2
154,1,Trump,0,32,0,0,True,2
154,2,Trump,0,28,0,0,True,2
154,3,Trump,1,55,1,0,True,2
154,4,Trump,0,20,0,0,True,2
154,5,Trump,2,34,2,0,True,2
154,6,Trump,1,41,1,0,True,2
155,0,Trump,2,29,2,0,True,2
155,1,Trump,0,17,0,0,True,2
155,2,Trump,1,35,1,0,True,2
155,3,Trump,3,24,3,0,True,2
155,4,Trump,2,32,2,0,True,2
155,5,Trump,1,23,1,0,True,2
155,6,Trump,0,40,0,0,True,2
156,0,Trump,1,23,1,0,True,2
156,1,Trump,2,30,2,0,True,2
156,2,Trump,1,19,1,0,True,2
156,3,Trump,1,11,1,0,True,2
156,4,Trump,1,39,1,0,True,2
156,5,Trump,1,9,1,0,True,2
157,0,Trump,1,1,1,0,True,2
157,1,Trump,1,2,1,0,True,2
157,2,Trump,0,4,0,0,True,2
157,3,Trump,1,4,1,0,True,2
157,4,Trump,2,9,2,0,True,2
157,5,Trump,0,28,0,0,True,2
158,0,Trump,0,0,0,0,True,2
158,1,Trump,1,45,1,0,True,2
158,2,Trump,1,28,1,0,True,2
158,3,Trump,3,28,3,0,True,2
158,4,Trump,0,1,0,0,True,2
158,5,Trump,2,9,2,0,True,2
158,6,Trump,1,22,1,0,True,2
158,7,Trump,1,37,1,0,True,2
158,8,Trump,1,31,1,0,True,2
159,0,Trump,1,10,1,0,True,2
159,1,Trump,0,13,0,0,True,2
159,2,Trump,1,7,1,0,True,2
159,3,Trump,2,9,2,0,True,2
159,4,Trump,1,29,1,0,True,2
159,5,Trump,1,15,1,0,True,2
159,6,Trump,2,9,2,0,True,2
159,7,Trump,1,8,1,0,True,2
160,0,Trump,0,1,0,0,True,2
160,1,Trump,0,12,0,0,True,2
160,2,Trump,1,27,1,0,True,2
160,3,Trump,1,9,1,0,True,2
160,4,Trump,0,12,0,0,True,2
160,5,Trump,0,10,0,0,True,2
160,6,Trump,2,38,2,0,True,2
160,7,Trump,0,2,0,0,True,2
160,8,Trump,1,31,1,0,True,2
161,0,Trump,1,12,1,0,True,2
161,1,Trump,1,27,1,0,True,2
161,2,Trump,3,22,3,0,True,2
161,3,Trump,1,10,1,0,True,2
161,4,Trump,1,12,1,0,True,2
161,5,Trump,2,10,2,0,True,2
161,6,Trump,1,12,1,0,True,2
162,0,Trump,0,19,0,0,True,2
162,1,Trump,1,16,1,0,True,2
162,2,Trump,1,12,1,0,True,2
162,3,Trump,1,3,1,0,True,2
162,4,Trump,0,4,0,0,True,2
162,5,Trump,2,12,2,0,True,2
162,6,Trump,0,3,0,0,True,2
162,7,Trump,1,6,1,0,True,2
163,0,Trump,2,4,2,0,True,2
163,1,Trump,0,8,0,0,True,2
163,2,Trump,2,58,2,0,True,2
163,3,Trump,0,7,0,0,True,2
163,4,Trump,1,8,1,0,True,2
163,5,Trump,2,16,2,0,True,2
163,6,Trump,1,9,1,0,True,2
163,7,Trump,1,6,1,0,True,2
164,0,Trump,1,12,1,0,True,2
164,1,Trump,1,9,1,0,True,2
164,2,Trump,1,30,1,0,True,2
164,3,Trump,2,3,2,0,True,2
164,4,Trump,1,24,1,0,True,2
164,5,Trump,2,23,2,0,True,2
165,0,Trump,0,17,0,0,True,2
165,1,Trump,0,3,0,0,True,2
165,2,Trump,0,35,0,0,True,2
165,3,Trump,0,4,0,0,True,2
165,4,Trump,0,4,0,0,True,2
165,5,Trump,0,42,0,0,True,2
165,6,Trump,0,8,0,0,True,2
165,7,Trump,2,26,2,0,True,2
166,0,Trump,0,5,0,0,True,2
166,1,Trump,1,22,1,0,True,2
166,2,Trump,0,4,0,0,True,2
166,3,Trump,1,27,1,0,True,2
166,4,Trump,0,12,0,0,True,2
166,5,Trump,1,21,1,0,True,2
166,6,Trump,1,29,1,0,True,2
166,7,Trump,2,25,2,0,True,2
167,0,Trump,2,34,2,0,True,2
167,1,Trump,0,3,0,0,True,2
167,2,Trump,0,9,0,0,True,2
167,3,Trump,0,15,0,0,True,2
167,4,Trump,1,18,1,0,True,2
167,5,Trump,1,6,1,0,True,2
167,6,Trump,2,11,2,0,True,2
168,0,Trump,0,16,0,0,True,2
168,1,Trump,0,5,0,0,True,2
168,2,Trump,0,0,0,0,True,2
168,3,Trump,1,37,1,0,True,2
168,4,Trump,0,3,0,0,True,2
168,5,Trump,0,16,0,0,True,2
168,6,Trump,2,38,2,0,True,2
168,7,Trump,1,37,1,0,True,2
169,0,Trump,1,7,1,0,True,2
169,1,Trump,1,14,1,0,True,2
169,2,Trump,2,8,2,0,True,2
169,3,Trump,2,6,2,0,True,2
169,4,Trump,2,28,2,0,True,2
169,5,Trump,2,14,2,0,True,2
169,6,Trump,1,11,1,0,True,2
169,7,Trump,1,19,1,0,True,2
170,0,Trump,0,6,0,0,True,2
170,1,Trump,0,50,0,0,True,2
170,2,Trump,0,4,0,0,True,2
170,3,Trump,0,0,0,0,True,2
170,4,Trump,0,17,0,0,True,2
170,5,Trump,2,52,2,0,True,2
170,6,Trump,0,20,0,0,True,2
170,7,Trump,0,35,0,0,True,2
171,0,Trump,2,29,2,0,True,2
171,1,Trump,0,17,0,0,True,2
171,2,Trump,0,29,0,0,True,2
171,3,Trump,1,31,1,0,True,2
171,4,Trump,0,16,0,0,True,2
171,5,Trump,0,4,0,0,True,2
171,6,Trump,0,2,0,0,True,2
171,7,Trump,2,21,2,0,True,2
172,0,Trump,1,8,1,0,True,2
172,1,Trump,0,8,0,0,True,2
172,2,Trump,0,11,0,0,True,2
172,3,Trump,1,25,1,0,True,2
172,4,Trump,0,16,0,0,True,2
172,5,Trump,1,20,1,0,True,2
172,6,Trump,1,14,1,0,True,2
172,7,Trump,0,13,0,0,True,2
173,0,Trump,2,9,2,0,True,2
173,1,Trump,1,24,1,0,True,2
173,2,Trump,0,4,0,0,True,2
173,3,Trump,2,16,2,0,True,2
173,4,Trump,0,23,0,0,True,2
173,5,Trump,2,11,2,0,True,2
173,6,Trump,0,0,0,0,True,2
173,7,Trump,0,0,0,0,True,2
174,0,Trump,1,16,1,0,True,2
174,1,Trump,2,26,2,0,True,2
174,2,Trump,0,8,0,0,True,2
174,3,Trump,1,12,1,0,True,2
174,4,Trump,2,30,2,0,True,2
174,5,Trump,1,7,1,0,True,2
174,6,Trump,2,32,2,0,True,2
174,7,Trump,2,13,2,0,True,2
175,0,Trump,0,18,0,0,True,2
175,1,Trump,1,37,1,0,True,2
175,2,Trump,0,2,0,0,True,2
175,3,Trump,1,32,1,0,True,2
175,4,Trump,1,19,1,0,True,2
175,5,Trump,0,21,0,0,True,2
175,6,Trump,0,0,0,0,True,2
176,0,Trump,1,7,1,0,True,2
176,1,Trump,2,11,2,0,True,2
176,2,Trump,1,15,1,0,True,2
176,3,Trump,1,6,1,0,True,2
176,4,Trump,2,5,2,0,True,2
176,5,Trump,1,44,1,0,True,2
177,0,Trump,2,12,2,0,True,2
177,1,Trump,1,10,1,0,True,2
177,2,Trump,1,8,1,0,True,2
177,3,Trump,1,11,1,0,True,2
177,4,Trump,1,4,1,0,True,2
177,5,Trump,0,8,0,0,True,2
177,6,Trump,1,29,1,0,True,2
178,0,Trump,0,5,0,0,True,2
178,1,Trump,2,48,2,0,True,2
178,2,Trump,3,48,3,0,True,2
178,3,Trump,1,29,1,0,True,2
178,4,Trump,2,9,2,0,True,2
178,5,Trump,1,55,1,0,True,2
179,0,Trump,0,23,0,0,True,2
179,1,Trump,0,9,0,0,True,2
179,2,Trump,1,38,1,0,True,2
179,3,Trump,1,34,1,0,True,2
179,4,Trump,1,26,1,0,True,2
179,5,Trump,2,42,2,0,True,2
179,6,Trump,1,31,1,0,True,2
179,7,Trump,1,27,1,0,True,2
180,0,Trump,0,13,0,0,True,2
180,1,Trump,0,11,0,0,True,2
180,2,Trump,0,20,0,0,True,2
180,3,Trump,0,16,0,0,True,2
180,4,Trump,0,20,0,0,True,2
180,5,Trump,0,16,0,0,True,2
180,6,Trump,0,13,0,0,True,2
181,0,Trump,1,22,1,0,True,2
181,1,Trump,1,12,1,0,True,2
181,2,Trump,1,15,1,0,True,2
181,3,Trump,0,18,0,0,True,2
181,4,Trump,0,2,0,0,True,2
181,5,Trump,1,25,1,0,True,2
181,6,Trump,1,14,1,0,True,2
181,7,Trump,1,8,1,0,True,2
181,8,Trump,1,17,1,0,True,2
182,0,Trump,0,9,0,0,True,2
182,1,Trump,0,13,0,0,True,2
182,2,Trump,1,41,1,0,True,2
182,3,Trump,0,8,0,0,True,2
182,4,Trump,1,17,1,0,True,2
182,5,Trump,0,12,0,0,True,2
182,6,Trump,1,44,1,0,True,2
183,0,Trump,0,9,0,0,True,2
183,1,Trump,2,26,2,0,True,2
183,2,Trump,1,15,1,0,True,2
183,3,Trump,1,11,1,0,True,2
183,4,Trump,0,0,0,0,True,2
183,5,Trump,1,10,1,0,True,2
183,6,Trump,0,43,0,0,True,2
184,0,Trump,1,4,1,0,True,2
184,1,Trump,0,26,0,0,True,2
184,2,Trump,1,2,1,0,True,2
184,3,Trump,2,7,2,0,True,2
184,4,Trump,1,4,1,0,True,2
184,5,Trump,1,2,1,0,True,2
184,6,Trump,1,21,1,0,True,2
184,7,Trump,1,11,1,0,True,2
184,8,Trump,1,9,1,0,True,2
185,0,Trump,0,11,0,0,True,2
185,1,Trump,1,20,1,0,True,2
185,2,Trump,1,9,1,0,True,2
185,3,Trump,1,10,1,0,True,2
185,4,Trump,0,7,0,0,True,2
185,5,Trump,2,27,2,0,True,2
185,6,Trump,0,5,0,0,True,2
186,0,Trump,0,21,0,0,True,2
186,1,Trump,0,10,0,0,True,2
186,2,Trump,2,35,2,0,True,2
186,3,Trump,1,49,1,0,True,2
186,4,Trump,0,15,0,0,True,2
186,5,Trump,4,44,4,0,True,2
186,6,Trump,0,4,0,0,True,2
186,7,Trump,0,10,0,0,True,2
187,0,Trump,0,14,0,0,True,2
187,1,Trump,0,3,0,0,True,2
187,2,Trump,0,14,0,0,True,2
187,3,Trump,0,14,0,0,True,2
187,4,Trump,0,15,0,0,True,2
187,5,Trump,0,18,0,0,True,2
187,6,Trump,1,8,1,0,True,2
187,7,Trump,0,12,0,0,True,2
188,0,Trump,0,3,0,0,True,2
188,1,Trump,0,12,0,0,True,2
188,2,Trump,10,42,10,0,True,2
188,3,Trump,0,15,0,0,True,2
188,4,Trump,2,6,2,0,True,2
188,5,Trump,1,45,1,0,True,2
188,6,Trump,1,10,1,0,True,2
188,7,Trump,1,14,1,0,True,2
189,0,Trump,0,25,0,0,True,2
189,1,Trump,1,26,1,0,True,2
189,2,Trump,1,6,1,0,True,2
189,3,Trump,1,9,1,0,True,2
189,4,Trump,1,33,1,0,True,2
189,5,Trump,0,8,0,0,True,2
189,6,Trump,1,11,1,0,True,2
190,0,Trump,0,51,0,0,True,2
190,1,Trump,1,32,1,0,True,2
190,2,Trump,1,51,1,0,True,2
190,3,Trump,1,22,1,0,True,2
190,4,Trump,0,14,0,0,True,2
190,5,Trump,0,38,0,0,True,2
190,6,Trump,1,43,1,0,True,2
191,0,Trump,2,28,2,0,True,2
191,1,Trump,4,11,4,0,True,2
191,2,Trump,2,16,2,0,True,2
191,3,Trump,1,27,1,0,True,2
191,4,Trump,1,40,1,0,True,2
191,5,Trump,2,1,1,1,False,2
192,0,Trump,1,21,1,0,True,2
192,1,Trump,1,32,1,0,True,2
192,2,Trump,1,9,1,0,True,2
192,3,Trump,1,4,1,0,True,2
192,4,Trump,1,11,1,0,True,2
192,5,Trump,1,15,1,0,True,2
192,6,Trump,1,18,1,0,True,2
193,0,Trump,1,46,1,0,True,2
193,1,Trump,0,12,0,0,True,2
193,2,Trump,1,17,1,0,True,2
193,3,Trump,0,24,0,0,True,2
193,4,Trump,1,38,1,0,True,2
193,5,Trump,1,51,1,0,True,2
193,6,Trump,0,7,0,0,True,2
194,0,Trump,1,15,1,0,True,2
194,1,Trump,0,16,0,0,True,2
194,2,Trump,0,12,0,0,True,2
194,3,Trump,1,41,1,0,True,2
194,4,Trump,0,14,0,0,True,2
194,5,Trump,0,17,0,0,True,2
194,6,Trump,1,16,1,0,True,2
194,7,Trump,0,17,0,0,True,2
194,8,Trump,0,5,0,0,True,2
195,0,Trump,1,9,1,0,True,2
195,1,Trump,1,22,1,0,True,2
195,2,Trump,0,3,0,0,True,2
195,3,Trump,1,26,1,0,True,2
195,4,Trump,1,13,1,0,True,2
195,5,Trump,0,17,0,0,True,2
195,6,Trump,1,10,1,0,True,2
195,7,Trump,0,12,0,0,True,2
196,0,Trump,1,31,1,0,True,2
196,1,Trump,1,41,1,0,True,2
196,2,Trump,1,49,1,0,True,2
196,3,Trump,1,51,1,0,True,2
196,4,Trump,1,19,1,0,True,2
196,5,Trump,0,11,0,0,True,2
197,0,Trump,1,21,1,0,True,2
197,1,Trump,1,18,1,0,True,2
197,2,Trump,1,19,1,0,True,2
197,3,Trump,1,9,1,0,True,2
197,4,Trump,1,41,1,0,True,2
197,5,Trump,2,13,2,0,True,2
197,6,Trump,1,8,1,0,True,2
197,7,Trump,1,11,1,0,True,2
197,8,Trump,1,25,1,0,True,2
198,0,Trump,1,30,1,0,True,2
198,1,Trump,0,0,0,0,True,2
198,2,Trump,0,48,0,0,True,2
198,3,Trump,2,26,2,0,True,2
198,4,Trump,1,25,1,0,True,2
198,5,Trump,1,54,1,0,True,2
198,6,Trump,1,26,1,0,True,2
199,0,Trump,2,16,2,0,True,2
199,1,Trump,1,7,1,0,True,2
199,2,Trump,0,4,0,0,True,2
199,3,Trump,0,6,0,0,True,2
199,4,Trump,0,1,0,0,True,2
199,5,Trump,1,30,1,0,True,2
199,6,Trump,0,3,0,0,True,2
199,7,Trump,1,10,1,0,True,2
199,8,Trump,1,15,1,0,True,2
200,0,Trump,0,3,0,0,True,2
200,1,Trump,0,29,0,0,True,2
200,2,Trump,0,5,0,0,True,2
200,3,Trump,0,25,0,0,True,2
200,4,Trump,0,6,0,0,True,2
200,5,Trump,0,21,0,0,True,2
200,6,Trump,0,11,0,0,True,2
200,7,Trump,1,24,1,0,True,2
201,0,Trump,0,28,0,0,True,2
201,1,Trump,1,8,1,0,True,2
201,2,Trump,1,16,1,0,True,2
201,3,Trump,0,24,0,0,True,2
201,4,Trump,2,36,2,0,True,2
201,5,Trump,0,2,0,0,True,2
201,6,Trump,0,7,0,0,True,2
201,7,Trump,1,33,1,0,True,2
202,0,Trump,4,54,4,0,True,2
202,1,Trump,1,61,1,0,True,2
202,2,Trump,1,50,1,0,True,2
202,3,Trump,1,33,1,0,True,2
202,4,Trump,2,34,2,0,True,2
202,5,Trump,2,48,2,0,True,2
203,0,Trump,1,41,1,0,True,2
203,1,Trump,2,15,2,0,True,2
203,2,Trump,0,10,0,0,True,2
203,3,Trump,0,6,0,0,True,2
203,4,Trump,0,19,0,0,True,2
203,5,Trump,0,7,0,0,True,2
203,6,Trump,0,2,0,0,True,2
203,7,Trump,0,35,0,0,True,2
203,8,Trump,0,17,0,0,True,2
204,0,Trump,0,23,0,0,True,2
204,1,Trump,1,38,1,0,True,2
205,0,Trump,2,51,2,0,True,2
205,1,Trump,1,7,1,0,True,2
205,2,Trump,1,33,1,0,True,2
205,3,Trump,2,11,2,0,True,2
205,4,Trump,0,3,0,0,True,2
205,5,Trump,1,17,1,0,True,2
205,6,Trump,0,3,0,0,True,2
205,7,Trump,0,0,0,0,True,2
206,0,Trump,1,27,1,0,True,2
206,1,Trump,2,33,2,0,True,2
206,2,Trump,1,17,1,0,True,2
206,3,Trump,0,18,0,0,True,2
206,4,Trump,1,17,1,0,True,2
206,5,Trump,1,29,1,0,True,2
206,6,Trump,1,3,1,0,True,2
206,7,Trump,1,9,1,0,True,2
207,0,Trump,0,1,0,0,True,2
207,1,Trump,0,19,0,0,True,2
207,2,Trump,1,20,1,0,True,2
207,3,Trump,0,8,0,0,True,2
207,4,Trump,2,34,2,0,True,2
207,5,Trump,0,18,0,0,True,2
208,0,Trump,2,19,2,0,True,2
208,1,Trump,1,6,1,0,True,2
208,2,Trump,1,3,1,0,True,2
208,3,Trump,1,11,1,0,True,2
208,4,Trump,0,5,0,0,True,2
208,5,Trump,0,42,0,0,True,2
208,6,Trump,4,16,4,0,True,2
208,7,Trump,0,6,0,0,True,2
208,8,Trump,0,14,0,0,True,2
209,0,Trump,0,5,0,0,True,2
209,1,Trump,0,4,0,0,True,2
209,2,Trump,1,8,1,0,True,2
209,3,Trump,1,58,1,0,True,2
209,4,Trump,1,54,1,0,True,2
209,5,Trump,2,19,2,0,True,2
209,6,Trump,1,10,1,0,True,2
210,0,Trump,0,2,0,0,True,2
210,1,Trump,1,11,1,0,True,2
210,2,Trump,3,38,3,0,True,2
210,3,Trump,2,24,2,0,True,2
210,4,Trump,1,38,1,0,True,2
210,5,Trump,0,24,0,0,True,2
210,6,Trump,2,41,2,0,True,2
210,7,Trump,1,35,1,0,True,2
211,0,Trump,1,4,1,0,True,2
211,1,Trump,0,3,0,0,True,2
211,2,Trump,1,6,1,0,True,2
211,3,Trump,1,8,1,0,True,2
211,4,Trump,2,50,2,0,True,2
211,5,Trump,1,13,1,0,True,2
212,0,Trump,0,22,0,0,True,2
212,1,Trump,0,3,0,0,True,2
212,2,Trump,0,4,0,0,True,2
212,3,Trump,1,36,1,0,True,2
212,4,Trump,1,4,1,0,True,2
212,5,Trump,0,2,0,0,True,2
213,0,Trump,1,35,1,0,True,2
213,1,Trump,1,26,1,0,True,2
213,2,Trump,1,34,1,0,True,2
213,3,Trump,1,19,1,0,True,2
213,4,Trump,1,22,1,0,True,2
213,5,Trump,2,22,2,0,True,2
213,6,Trump,1,31,1,0,True,2
214,0,Trump,1,19,1,0,True,2
214,1,Trump,2,22,2,0,True,2
214,2,Trump,0,3,0,0,True,2
214,3,Trump,1,12,1,0,True,2
214,4,Trump,0,5,0,0,True,2
214,5,Trump,1,16,1,0,True,2
214,6,Trump,1,6,1,0,True,2
215,0,Trump,2,37,2,0,True,2
215,1,Trump,2,38,2,0,True,2
215,2,Trump,2,46,2,0,True,2
215,3,Trump,2,44,2,0,True,2
215,4,Trump,2,47,2,0,True,2
215,5,Trump,2,41,2,0,True,2
215,6,Trump,2,38,2,0,True,2
216,0,Trump,2,18,2,0,True,2
216,1,Trump,2,39,2,0,True,2
216,2,Trump,2,29,2,0,True,2
216,3,Trump,1,20,1,0,True,2
216,4,Trump,0,28,0,0,True,2
216,5,Trump,1,30,1,0,True,2
216,6,Trump,1,11,1,0,True,2
217,0,Trump,1,41,1,0,True,2
217,1,Trump,1,11,1,0,True,2
217,2,Trump,1,29,1,0,True,2
217,3,Trump,2,28,2,0,True,2
217,4,Trump,2,23,2,0,True,2
217,5,Trump,1,13,1,0,True,2
218,0,Trump,0,19,0,0,True,2
218,1,Trump,0,40,0,0,True,2
218,2,Trump,0,2,0,0,True,2
218,3,Trump,0,61,0,0,True,2
218,4,Trump,0,55,0,0,True,2
218,5,Trump,2,52,2,0,True,2
218,6,Trump,0,57,0,0,True,2
218,7,Trump,0,3,0,0,True,2
219,0,Trump,0,7,0,0,True,2
219,1,Trump,0,9,0,0,True,2
219,2,Trump,0,8,0,0,True,2
219,3,Trump,0,48,0,0,True,2
219,4,Trump,1,24,1,0,True,2
219,5,Trump,1,8,1,0,True,2
219,6,Trump,1,11,1,0,True,2
219,7,Trump,1,12,1,0,True,2
220,0,Trump,2,43,2,0,True,2
220,1,Trump,0,1,0,0,True,2
220,2,Trump,1,0,0,1,False,2
220,3,Trump,0,3,0,0,True,2
220,4,Trump,0,2,0,0,True,2
220,5,Trump,2,6,2,0,True,2
220,6,Trump,0,3,0,0,True,2
221,0,Trump,1,20,1,0,True,2
221,1,Trump,0,12,0,0,True,2
221,2,Trump,1,12,1,0,True,2
221,3,Trump,2,30,2,0,True,2
221,4,Trump,1,11,1,0,True,2
221,5,Trump,1,19,1,0,True,2
221,6,Trump,2,39,2,0,True,2
222,0,Trump,1,13,1,0,True,2
222,1,Trump,2,17,2,0,True,2
222,2,Trump,1,8,1,0,True,2
222,3,Trump,1,13,1,0,True,2
222,4,Trump,1,13,1,0,True,2
222,5,Trump,0,28,0,0,True,2
223,0,Trump,0,9,0,0,True,2
223,1,Trump,2,30,2,0,True,2
223,2,Trump,0,54,0,0,True,2
223,3,Trump,0,6,0,0,True,2
223,4,Trump,1,44,1,0,True,2
223,5,Trump,1,12,1,0,True,2
223,6,Trump,0,20,0,0,True,2
223,7,Trump,0,39,0,0,True,2
224,0,Trump,0,4,0,0,True,2
224,1,Trump,1,11,1,0,True,2
224,2,Trump,1,16,1,0,True,2
224,3,Trump,1,37,1,0,True,2
224,4,Trump,1,15,1,0,True,2
224,5,Trump,0,8,0,0,True,2
225,0,Trump,0,13,0,0,True,2
225,1,Trump,0,8,0,0,True,2
225,2,Trump,2,54,2,0,True,2
225,3,Trump,0,55,0,0,True,2
225,4,Trump,0,28,0,0,True,2
225,5,Trump,1,28,1,0,True,2
225,6,Trump,1,8,1,0,True,2
226,0,Trump,0,5,0,0,True,2
226,1,Trump,1,17,1,0,True,2
226,2,Trump,0,15,0,0,True,2
226,3,Trump,1,6,1,0,True,2
226,4,Trump,1,29,1,0,True,2
226,5,Trump,2,7,2,0,True,2
226,6,Trump,1,12,1,0,True,2
227,0,Trump,1,4,1,0,True,2
227,1,Trump,1,17,1,0,True,2
227,2,Trump,1,13,1,0,True,2
227,3,Trump,2,5,2,0,True,2
227,4,Trump,1,10,1,0,True,2
227,5,Trump,1,13,1,0,True,2
227,6,Trump,1,1,1,0,True,2
227,7,Trump,0,4,0,0,True,2
228,0,Trump,0,3,0,0,True,2
228,1,Trump,2,56,2,0,True,2
228,2,Trump,0,9,0,0,True,2
228,3,Trump,0,4,0,0,True,2
228,4,Trump,0,8,0,0,True,2
228,5,Trump,1,12,1,0,True,2
228,6,Trump,0,47,0,0,True,2
228,7,Trump,1,22,1,0,True,2
229,0,Trump,1,4,1,0,True,2
229,1,Trump,1,15,1,0,True,2
229,2,Trump,0,11,0,0,True,2
229,3,Trump,1,17,1,0,True,2
229,4,Trump,0,39,0,0,True,2
229,5,Trump,1,13,1,0,True,2
229,6,Trump,2,20,2,0,True,2
229,7,Trump,1,26,1,0,True,2
229,8,Trump,1,22,1,0,True,2
229,9,Trump,0,24,0,0,True,2
230,0,Trump,0,25,0,0,True,2
230,1,Trump,0,19,0,0,True,2
230,2,Trump,0,19,0,0,True,2
230,3,Trump,0,8,0,0,True,2
230,4,Trump,0,45,0,0,True,2
230,5,Trump,0,20,0,0,True,2
230,6,Trump,0,11,0,0,True,2
231,0,Trump,2,37,2,0,True,2
231,1,Trump,1,4,1,0,True,2
231,2,Trump,1,9,1,0,True,2
231,3,Trump,1,44,1,0,True,2
231,4,Trump,1,15,1,0,True,2
231,5,Trump,1,15,1,0,True,2
231,6,Trump,1,25,1,0,True,2
231,7,Trump,0,1,0,0,True,2
232,0,Trump,2,21,2,0,True,2
232,1,Trump,1,16,1,0,True,2
232,2,Trump,1,51,1,0,True,2
232,3,Trump,2,39,2,0,True,2
232,4,Trump,0,2,0,0,True,2
232,5,Trump,1,21,1,0,True,2
232,6,Trump,0,5,0,0,True,2
232,7,Trump,0,10,0,0,True,2
233,0,Trump,2,24,2,0,True,2
233,1,Trump,4,38,4,0,True,2
233,2,Trump,2,3,2,0,True,2
233,3,Trump,1,19,1,0,True,2
233,4,Trump,3,11,3,0,True,2
233,5,Trump,1,12,1,0,True,2
234,0,Trump,1,22,1,0,True,2
234,1,Trump,0,5,0,0,True,2
234,2,Trump,0,6,0,0,True,2
234,3,Trump,0,8,0,0,True,2
234,4,Trump,0,6,0,0,True,2
234,5,Trump,1,13,1,0,True,2
234,6,Trump,1,19,1,0,True,2
234,7,Trump,0,1,0,0,True,2
235,0,Trump,0,18,0,0,True,2
235,1,Trump,2,44,2,0,True,2
235,2,Trump,0,18,0,0,True,2
235,3,Trump,0,24,0,0,True,2
235,4,Trump,0,40,0,0,True,2
235,5,Trump,0,6,0,0,True,2
235,6,Trump,0,5,0,0,True,2
236,0,Trump,1,2,1,0,True,2
236,1,Trump,1,26,1,0,True,2
236,2,Trump,0,39,0,0,True,2
236,3,Trump,0,2,0,0,True,2
236,4,Trump,2,21,2,0,True,2
236,5,Trump,0,14,0,0,True,2
237,0,Trump,0,7,0,0,True,2
237,1,Trump,3,45,3,0,True,2
237,2,Trump,1,55,1,0,True,2
237,3,Trump,1,19,1,0,True,2
237,4,Trump,0,7,0,0,True,2
237,5,Trump,1,44,1,0,True,2
237,6,Trump,1,47,1,0,True,2
238,0,Trump,0,25,0,0,True,2
238,1,Trump,0,7,0,0,True,2
238,2,Trump,0,5,0,0,True,2
238,3,Trump,1,7,1,0,True,2
238,4,Trump,0,26,0,0,True,2
238,5,Trump,0,18,0,0,True,2
238,6,Trump,0,10,0,0,True,2
238,7,Trump,1,41,1,0,True,2
239,0,Trump,0,29,0,0,True,2
239,1,Trump,1,22,1,0,True,2
239,2,Trump,0,9,0,0,True,2
239,3,Trump,1,17,1,0,True,2
239,4,Trump,1,32,1,0,True,2
239,5,Trump,1,8,1,0,True,2
239,6,Trump,2,21,2,0,True,2
239,7,Trump,1,54,1,0,True,2
239,8,Trump,0,19,0,0,True,2
240,0,Trump,1,49,1,0,True,2
240,1,Trump,1,35,1,0,True,2
240,2,Trump,1,46,1,0,True,2
240,3,Trump,1,36,1,0,True,2
240,4,Trump,1,38,1,0,True,2
240,5,Trump,1,18,1,0,True,2
241,0,Trump,1,8,1,0,True,2
241,1,Trump,1,18,1,0,True,2
241,2,Trump,0,17,0,0,True,2
241,3,Trump,1,9,1,0,True,2
241,4,Trump,1,15,1,0,True,2
241,5,Trump,1,10,1,0,True,2
241,6,Trump,0,13,0,0,True,2
241,7,Trump,1,10,1,0,True,2
242,0,Trump,1,4,1,0,True,2
242,1,Trump,1,8,1,0,True,2
242,2,Trump,1,26,1,0,True,2
242,3,Trump,2,19,2,0,True,2
242,4,Trump,1,17,1,0,True,2
242,5,Trump,1,6,1,0,True,2
242,6,Trump,1,8,1,0,True,2
243,0,Trump,1,4,1,0,True,2
243,1,Trump,0,11,0,0,True,2
243,2,Trump,2,25,2,0,True,2
243,3,Trump,1,12,1,0,True,2
243,4,Trump,1,13,1,0,True,2
243,5,Trump,1,37,1,0,True,2
243,6,Trump,1,28,1,0,True,2
243,7,Trump,1,6,1,0,True,2
244,0,Trump,1,24,1,0,True,2
244,1,Trump,1,30,1,0,True,2
244,2,Trump,1,26,1,0,True,2
244,3,Trump,2,28,2,0,True,2
244,4,Trump,2,19,2,0,True,2
244,5,Trump,2,9,2,0,True,2
244,6,Trump,1,13,1,0,True,2
245,0,Trump,0,11,0,0,True,2
245,1,Trump,2,16,2,0,True,2
245,2,Trump,1,6,1,0,True,2
245,3,Trump,1,20,1,0,True,2
245,4,Trump,1,8,1,0,True,2
245,5,Trump,4,29,4,0,True,2
245,6,Trump,1,33,1,0,True,2
246,0,Trump,0,5,0,0,True,2
246,1,Trump,0,10,0,0,True,2
246,2,Trump,2,23,2,0,True,2
246,3,Trump,0,23,0,0,True,2
246,4,Trump,2,12,2,0,True,2
246,5,Trump,0,17,0,0,True,2
246,6,Trump,1,17,1,0,True,2
246,7,Trump,1,26,1,0,True,2
246,8,Trump,1,10,1,0,True,2
247,0,Trump,2,9,2,0,True,2
247,1,Trump,1,32,1,0,True,2
247,2,Trump,0,53,0,0,True,2
247,3,Trump,2,32,2,0,True,2
247,4,Trump,2,24,2,0,True,2
247,5,Trump,1,52,1,0,True,2
247,6,Trump,1,8,1,0,True,2
248,0,Trump,1,12,1,0,True,2
248,1,Trump,2,22,2,0,True,2
248,2,Trump,1,6,1,0,True,2
248,3,Trump,0,26,0,0,True,2
248,4,Trump,1,25,1,0,True,2
248,5,Trump,0,41,0,0,True,2
248,6,Trump,2,38,2,0,True,2
249,0,Trump,1,2,1,0,True,2
249,1,Trump,0,24,0,0,True,2
249,2,Trump,1,40,1,0,True,2
249,3,Trump,0,2,0,0,True,2
249,4,Trump,0,3,0,0,True,2
249,5,Trump,0,26,0,0,True,2
249,6,Trump,0,27,0,0,True,2
249,7,Trump,1,53,1,0,True,2
250,0,Trump,1,21,1,0,True,2
250,1,Trump,2,34,2,0,True,2
250,2,Trump,1,1,1,0,True,2
250,3,Trump,0,2,0,0,True,2
250,4,Trump,0,4,0,0,True,2
250,5,Trump,0,17,0,0,True,2
250,6,Trump,0,15,0,0,True,2
250,7,Trump,1,10,1,0,True,2
250,8,Trump,2,50,2,0,True,2
251,0,Trump,0,3,0,0,True,2
251,1,Trump,1,7,1,0,True,2
251,2,Trump,0,2,0,0,True,2
251,3,Trump,1,3,1,0,True,2
251,4,Trump,1,11,1,0,True,2
251,5,Trump,1,14,1,0,True,2
251,6,Trump,1,15,1,0,True,2
252,0,Trump,1,33,1,0,True,2
252,1,Trump,0,10,0,0,True,2
252,2,Trump,1,44,1,0,True,2
252,3,Trump,1,32,1,0,True,2
252,4,Trump,1,45,1,0,True,2
252,5,Trump,1,15,1,0,True,2
252,6,Trump,1,31,1,0,True,2
252,7,Trump,1,13,1,0,True,2
253,0,Trump,0,8,0,0,True,2
253,1,Trump,2,8,2,0,True,2
253,2,Trump,1,48,1,0,True,2
253,3,Trump,1,15,1,0,True,2
253,4,Trump,2,54,2,0,True,2
253,5,Trump,1,47,1,0,True,2
253,6,Trump,1,18,1,0,True,2
253,7,Trump,0,20,0,0,True,2
253,8,Trump,0,10,0,0,True,2
253,9,Trump,0,27,0,0,True,2
254,0,Trump,1,3,1,0,True,2
254,1,Trump,1,17,1,0,True,2
254,2,Trump,1,26,1,0,True,2
254,3,Trump,1,6,1,0,True,2
254,4,Trump,1,3,1,0,True,2
255,0,Trump,0,55,0,0,True,2
255,1,Trump,0,6,0,0,True,2
255,2,Trump,0,6,0,0,True,2
255,3,Trump,1,5,1,0,True,2
255,4,Trump,0,5,0,0,True,2
255,5,Trump,0,15,0,0,True,2
256,0,Trump,1,42,1,0,True,2
256,1,Trump,1,17,1,0,True,2
256,2,Trump,0,10,0,0,True,2
256,3,Trump,1,25,1,0,True,2
256,4,Trump,1,4,1,0,True,2
256,5,Trump,2,24,2,0,True,2
256,6,Trump,2,40,2,0,True,2
256,7,Trump,0,5,0,0,True,2
257,0,Trump,2,11,2,0,True,2
257,1,Trump,1,15,1,0,True,2
257,2,Trump,0,33,0,0,True,2
257,3,Trump,1,7,1,0,True,2
257,4,Trump,0,10,0,0,True,2
257,5,Trump,2,15,2,0,True,2
257,6,Trump,0,5,0,0,True,2
258,0,Trump,2,11,2,0,True,2
258,1,Trump,1,19,1,0,True,2
258,2,Trump,0,15,0,0,True,2
258,3,Trump,1,9,1,0,True,2
258,4,Trump,2,15,2,0,True,2
258,5,Trump,1,13,1,0,True,2
258,6,Trump,3,38,3,0,True,2
258,7,Trump,1,25,1,0,True,2
259,0,Trump,2,16,2,0,True,2
259,1,Trump,0,10,0,0,True,2
259,2,Trump,3,44,3,0,True,2
259,3,Trump,1,11,1,0,True,2
259,4,Trump,2,50,2,0,True,2
259,5,Trump,0,3,0,0,True,2
259,6,Trump,2,21,2,0,True,2
259,7,Trump,0,27,0,0,True,2
260,0,Trump,1,12,1,0,True,2
260,1,Trump,1,15,1,0,True,2
260,2,Trump,1,41,1,0,True,2
260,3,Trump,0,7,0,0,True,2
260,4,Trump,1,6,1,0,True,2
260,5,Trump,1,6,1,0,True,2
260,6,Trump,1,12,1,0,True,2
261,0,Trump,2,23,2,0,True,2
261,1,Trump,1,15,1,0,True,2
261,2,Trump,2,34,2,0,True,2
261,3,Trump,2,25,2,0,True,2
261,4,Trump,2,13,2,0,True,2
261,5,Trump,3,11,3,0,True,2
261,6,Trump,3,36,3,0,True,2
261,7,Trump,2,29,2,0,True,2
262,0,Trump,1,17,1,0,True,2
262,1,Trump,1,12,1,0,True,2
262,2,Trump,0,4,0,0,True,2
262,3,Trump,1,5,1,0,True,2
262,4,Trump,1,18,1,0,True,2
262,5,Trump,2,11,2,0,True,2
262,6,Trump,2,38,2,0,True,2
263,0,Trump,1,29,1,0,True,2
263,1,Trump,0,5,0,0,True,2
263,2,Trump,1,34,1,0,True,2
263,3,Trump,0,4,0,0,True,2
263,4,Trump,0,49,0,0,True,2
263,5,Trump,0,38,0,0,True,2
263,6,Trump,0,1,0,0,True,2
264,0,Trump,2,21,2,0,True,2
264,1,Trump,0,3,0,0,True,2
264,2,Trump,1,12,1,0,True,2
264,3,Trump,0,17,0,0,True,2
264,4,Trump,1,7,1,0,True,2
264,5,Trump,2,12,2,0,True,2
264,6,Trump,1,14,1,0,True,2
264,7,Trump,1,19,1,0,True,2
265,0,Trump,1,20,1,0,True,2
265,1,Trump,1,42,1,0,True,2
265,2,Trump,0,3,0,0,True,2
265,3,Trump,0,30,0,0,True,2
265,4,Trump,1,19,1,0,True,2
265,5,Trump,1,17,1,0,True,2
265,6,Trump,0,17,0,0,True,2
266,0,Trump,0,23,0,0,True,2
266,1,Trump,2,14,2,0,True,2
266,2,Trump,1,37,1,0,True,2
266,3,Trump,0,3,0,0,True,2
266,4,Trump,2,19,2,0,True,2
266,5,Trump,2,11,2,0,True,2
267,0,Trump,1,16,1,0,True,2
267,1,Trump,1,12,1,0,True,2
267,2,Trump,1,40,1,0,True,2
267,3,Trump,1,13,1,0,True,2
267,4,Trump,0,4,0,0,True,2
267,5,Trump,4,48,4,0,True,2
267,6,Trump,1,11,1,0,True,2
268,0,Trump,0,12,0,0,True,2
268,1,Trump,0,18,0,0,True,2
268,2,Trump,0,34,0,0,True,2
268,3,Trump,2,39,2,0,True,2
268,4,Trump,0,27,0,0,True,2
268,5,Trump,1,24,1,0,True,2
269,0,Trump,2,19,2,0,True,2
269,1,Trump,1,11,1,0,True,2
269,2,Trump,1,13,1,0,True,2
269,3,Trump,1,5,1,0,True,2
269,4,Trump,1,14,1,0,True,2
269,5,Trump,1,13,1,0,True,2
270,0,Trump,0,6,0,0,True,2
270,1,Trump,1,3,1,0,True,2
270,2,Trump,1,21,1,0,True,2
270,3,Trump,1,28,1,0,True,2
270,4,Trump,1,10,1,0,True,2
270,5,Trump,0,27,0,0,True,2
270,6,Trump,1,17,1,0,True,2
270,7,Trump,0,3,0,0,True,2
271,0,Trump,1,15,1,0,True,2
271,1,Trump,2,20,2,0,True,2
271,2,Trump,1,17,1,0,True,2
271,3,Trump,1,15,1,0,True,2
271,4,Trump,1,0,0,1,False,2
271,5,Trump,1,3,1,0,True,2
271,6,Trump,2,11,2,0,True,2
272,0,Trump,1,26,1,0,True,2
272,1,Trump,1,19,1,0,True,2
272,2,Trump,2,7,2,0,True,2
272,3,Trump,2,36,2,0,True,2
272,4,Trump,0,10,0,0,True,2
272,5,Trump,1,33,1,0,True,2
272,6,Trump,1,13,1,0,True,2
273,0,Trump,2,23,2,0,True,2
273,1,Trump,1,13,1,0,True,2
273,2,Trump,1,9,1,0,True,2
273,3,Trump,1,11,1,0,True,2
273,4,Trump,2,22,2,0,True,2
273,5,Trump,2,29,2,0,True,2
274,0,Trump,1,17,1,0,True,2
274,1,Trump,0,2,0,0,True,2
274,2,Trump,0,3,0,0,True,2
274,3,Trump,2,10,2,0,True,2
274,4,Trump,1,6,1,0,True,2
274,5,Trump,2,3,2,0,True,2
274,6,Trump,1,10,1,0,True,2
275,0,Trump,1,51,1,0,True,2
275,1,Trump,5,48,5,0,True,2
275,2,Trump,0,9,0,0,True,2
275,3,Trump,0,9,0,0,True,2
275,4,Trump,3,41,3,0,True,2
275,5,Trump,2,33,2,0,True,2
275,6,Trump,2,45,2,0,True,2
276,0,Trump,2,34,2,0,True,2
276,1,Trump,1,25,1,0,True,2
276,2,Trump,1,18,1,0,True,2
276,3,Trump,2,10,2,0,True,2
276,4,Trump,1,19,1,0,True,2
276,5,Trump,1,16,1,0,True,2
276,6,Trump,0,5,0,0,True,2
277,0,Trump,0,10,0,0,True,2
277,1,Trump,2,12,2,0,True,2
277,2,Trump,1,34,1,0,True,2
277,3,Trump,1,8,1,0,True,2
277,4,Trump,1,15,1,0,True,2
277,5,Trump,1,3,1,0,True,2
277,6,Trump,0,5,0,0,True,2
278,0,Trump,2,15,2,0,True,2
278,1,Trump,1,31,1,0,True,2
278,2,Trump,1,6,1,0,True,2
278,3,Trump,0,12,0,0,True,2
278,4,Trump,1,11,1,0,True,2
278,5,Trump,1,7,1,0,True,2
278,6,Trump,0,6,0,0,True,2
279,0,Trump,1,9,1,0,True,2
279,1,Trump,0,22,0,0,True,2
279,2,Trump,1,8,1,0,True,2
279,3,Trump,1,27,1,0,True,2
279,4,Trump,1,18,1,0,True,2
279,5,Trump,1,12,1,0,True,2
279,6,Trump,2,50,2,0,True,2
280,0,Trump,2,14,2,0,True,2
280,1,Trump,1,6,1,0,True,2
280,2,Trump,2,20,2,0,True,2
280,3,Trump,1,9,1,0,True,2
280,4,Trump,2,3,2,0,True,2
280,5,Trump,2,6,2,0,True,2
280,6,Trump,2,6,2,0,True,2
281,0,Trump,2,23,2,0,True,2
281,1,Trump,2,16,2,0,True,2
281,2,Trump,0,19,0,0,True,2
281,3,Trump,0,46,0,0,True,2
281,4,Trump,2,6,2,0,True,2
281,5,Trump,0,0,0,0,True,2
281,6,Trump,1,21,1,0,True,2
282,0,Trump,1,11,1,0,True,2
282,1,Trump,0,2,0,0,True,2
282,2,Trump,0,15,0,0,True,2
282,3,Trump,1,19,1,0,True,2
282,4,Trump,0,17,0,0,True,2
282,5,Trump,0,21,0,0,True,2
282,6,Trump,1,8,1,0,True,2
282,7,Trump,0,11,0,0,True,2
283,0,Trump,4,45,4,0,True,2
283,1,Trump,0,10,0,0,True,2
283,2,Trump,1,7,1,0,True,2
283,3,Trump,0,57,0,0,True,2
283,4,Trump,1,13,1,0,True,2
283,5,Trump,1,16,1,0,True,2
283,6,Trump,0,17,0,0,True,2
284,0,Trump,0,7,0,0,True,2
284,1,Trump,0,17,0,0,True,2
284,2,Trump,1,3,1,0,True,2
284,3,Trump,1,9,1,0,True,2
284,4,Trump,1,21,1,0,True,2
284,5,Trump,0,9,0,0,True,2
284,6,Trump,0,4,0,0,True,2
284,7,Trump,0,4,0,0,True,2
284,8,Trump,1,8,1,0,True,2
285,0,Trump,1,11,1,0,True,2
285,1,Trump,0,23,0,0,True,2
285,2,Trump,0,10,0,0,True,2
285,3,Trump,1,11,1,0,True,2
285,4,Trump,0,12,0,0,True,2
285,5,Trump,1,12,1,0,True,2
285,6,Trump,0,4,0,0,True,2
285,7,Trump,2,41,2,0,True,2
286,0,Trump,0,3,0,0,True,2
286,1,Trump,0,6,0,0,True,2
286,2,Trump,1,15,1,0,True,2
286,3,Trump,0,17,0,0,True,2
286,4,Trump,0,15,0,0,True,2
286,5,Trump,0,30,0,0,True,2
286,6,Trump,0,30,0,0,True,2
286,7,Trump,0,4,0,0,True,2
287,0,Trump,1,19,1,0,True,2
287,1,Trump,2,19,2,0,True,2
287,2,Trump,1,16,1,0,True,2
287,3,Trump,2,13,2,0,True,2
287,4,Trump,2,40,2,0,True,2
287,5,Trump,0,3,0,0,True,2
287,6,Trump,0,15,0,0,True,2
287,7,Trump,1,18,1,0,True,2
287,8,Trump,0,1,0,0,True,2
288,0,Trump,2,12,2,0,True,2
288,1,Trump,1,14,1,0,True,2
288,2,Trump,2,23,2,0,True,2
288,3,Trump,3,38,3,0,True,2
288,4,Trump,1,29,1,0,True,2
288,5,Trump,1,54,1,0,True,2
288,6,Trump,1,10,1,0,True,2
288,7,Trump,1,42,1,0,True,2
288,8,Trump,1,15,1,0,True,2
289,0,Trump,1,26,1,0,True,2
289,1,Trump,1,12,1,0,True,2
289,2,Trump,1,10,1,0,True,2
289,3,Trump,1,26,1,0,True,2
289,4,Trump,1,8,1,0,True,2
289,5,Trump,0,9,0,0,True,2
289,6,Trump,1,38,1,0,True,2
290,0,Trump,1,10,1,0,True,2
290,1,Trump,1,19,1,0,True,2
290,2,Trump,2,20,2,0,True,2
290,3,Trump,1,20,1,0,True,2
290,4,Trump,1,11,1,0,True,2
290,5,Trump,1,12,1,0,True,2
290,6,Trump,1,57,1,0,True,2
290,7,Trump,0,18,0,0,True,2
291,0,Trump,2,28,2,0,True,2
291,1,Trump,2,25,2,0,True,2
291,2,Trump,2,33,2,0,True,2
291,3,Trump,2,32,2,0,True,2
291,4,Trump,0,27,0,0,True,2
291,5,Trump,2,25,2,0,True,2
291,6,Trump,2,25,2,0,True,2
292,0,Trump,1,13,1,0,True,2
292,1,Trump,1,16,1,0,True,2
292,2,Trump,1,13,1,0,True,2
292,3,Trump,1,20,1,0,True,2
292,4,Trump,1,18,1,0,True,2
292,5,Trump,2,19,2,0,True,2
292,6,Trump,2,17,2,0,True,2
293,0,Trump,1,5,1,0,True,2
293,1,Trump,1,11,1,0,True,2
293,2,Trump,1,9,1,0,True,2
293,3,Trump,0,3,0,0,True,2
293,4,Trump,0,13,0,0,True,2
293,5,Trump,2,16,2,0,True,2
293,6,Trump,1,6,1,0,True,2
293,7,Trump,1,11,1,0,True,2
294,0,Trump,1,9,1,0,True,2
294,1,Trump,1,12,1,0,True,2
294,2,Trump,1,17,1,0,True,2
294,3,Trump,2,11,2,0,True,2
294,4,Trump,0,7,0,0,True,2
294,5,Trump,1,23,1,0,True,2
295,0,Trump,1,8,1,0,True,2
295,1,Trump,1,20,1,0,True,2
295,2,Trump,2,11,2,0,True,2
295,3,Trump,3,37,3,0,True,2
295,4,Trump,2,32,2,0,True,2
295,5,Trump,4,36,4,0,True,2
295,6,Trump,1,33,1,0,True,2
296,0,Trump,1,12,1,0,True,2
296,1,Trump,0,6,0,0,True,2
296,2,Trump,1,65,1,0,True,2
296,3,Trump,1,11,1,0,True,2
296,4,Trump,1,12,1,0,True,2
296,5,Trump,1,13,1,0,True,2
296,6,Trump,0,9,0,0,True,2
296,7,Trump,2,48,2,0,True,2
296,8,Trump,1,11,1,0,True,2
297,0,Trump,0,16,0,0,True,2
297,1,Trump,0,5,0,0,True,2
297,2,Trump,0,4,0,0,True,2
297,3,Trump,0,7,0,0,True,2
297,4,Trump,1,12,1,0,True,2
297,5,Trump,0,7,0,0,True,2
297,6,Trump,0,1,0,0,True,2
297,7,Trump,1,28,1,0,True,2
298,0,Trump,0,39,0,0,True,2
298,1,Trump,0,48,0,0,True,2
298,2,Trump,1,10,1,0,True,2
298,3,Trump,0,5,0,0,True,2
298,4,Trump,0,27,0,0,True,2
298,5,Trump,0,7,0,0,True,2
298,6,Trump,1,13,1,0,True,2
298,7,Trump,0,1,0,0,True,2
299,0,Trump,1,17,1,0,True,2
299,1,Trump,1,22,1,0,True,2
299,2,Trump,0,28,0,0,True,2
299,3,Trump,1,21,1,0,True,2
299,4,Trump,0,2,0,0,True,2
299,5,Trump,1,15,1,0,True,2
299,6,Trump,1,23,1,0,True,2
299,7,Trump,2,11,2,0,True,2
299,8,Trump,1,4,1,0,True,2
300,0,Trump,1,39,1,0,True,2
300,1,Trump,1,38,1,0,True,2
300,2,Trump,0,44,0,0,True,2
300,3,Trump,0,34,0,0,True,2
300,4,Trump,0,24,0,0,True,2
300,5,Trump,0,22,0,0,True,2
300,6,Trump,0,7,0,0,True,2
300,7,Trump,0,23,0,0,True,2
301,0,Trump,1,25,1,0,True,2
301,1,Trump,2,7,2,0,True,2
301,2,Trump,2,30,2,0,True,2
301,3,Trump,2,16,2,0,True,2
301,4,Trump,2,20,2,0,True,2
301,5,Trump,1,16,1,0,True,2
301,6,Trump,2,6,2,0,True,2
301,7,Trump,1,20,1,0,True,2
302,0,Trump,0,8,0,0,True,2
302,1,Trump,1,17,1,0,True,2
302,2,Trump,0,15,0,0,True,2
302,3,Trump,0,2,0,0,True,2
302,4,Trump,1,4,1,0,True,2
302,5,Trump,1,32,1,0,True,2
302,6,Trump,1,55,1,0,True,2
302,7,Trump,2,9,2,0,True,2
303,0,Trump,2,17,2,0,True,2
303,1,Trump,3,33,3,0,True,2
303,2,Trump,0,11,0,0,True,2
303,3,Trump,1,22,1,0,True,2
303,4,Trump,2,33,2,0,True,2
304,0,Trump,0,16,0,0,True,2
304,1,Trump,1,5,1,0,True,2
304,2,Trump,1,19,1,0,True,2
304,3,Trump,1,8,1,0,True,2
304,4,Trump,1,23,1,0,True,2
304,5,Trump,0,22,0,0,True,2
304,6,Trump,0,0,0,0,True,2
305,0,Trump,0,11,0,0,True,2
305,1,Trump,0,8,0,0,True,2
305,2,Trump,1,11,1,0,True,2
305,3,Trump,0,5,0,0,True,2
305,4,Trump,1,17,1,0,True,2
305,5,Trump,0,7,0,0,True,2
305,6,Trump,1,17,1,0,True,2
305,7,Trump,0,2,0,0,True,2
305,8,Trump,0,15,0,0,True,2
306,0,Trump,0,25,0,0,True,2
306,1,Trump,0,9,0,0,True,2
306,2,Trump,0,17,0,0,True,2
306,3,Trump,1,35,1,0,True,2
306,4,Trump,1,18,1,0,True,2
306,5,Trump,2,47,2,0,True,2
306,6,Trump,1,25,1,0,True,2
306,7,Trump,1,39,1,0,True,2
307,0,Trump,1,0,0,1,False,2
307,1,Trump,1,9,1,0,True,2
307,2,Trump,2,4,2,0,True,2
307,3,Trump,1,0,0,1,False,2
307,4,Trump,1,0,0,1,False,2
307,5,Trump,1,0,0,1,False,2
307,6,Trump,1,0,0,1,False,2
308,0,Trump,0,50,0,0,True,2
308,1,Trump,0,14,0,0,True,2
308,2,Trump,0,17,0,0,True,2
308,3,Trump,0,45,0,0,True,2
308,4,Trump,0,15,0,0,True,2
308,5,Trump,0,48,0,0,True,2
309,0,Trump,1,39,1,0,True,2
309,1,Trump,1,11,1,0,True,2
309,2,Trump,2,17,2,0,True,2
309,3,Trump,1,8,1,0,True,2
309,4,Trump,1,20,1,0,True,2
309,5,Trump,2,46,2,0,True,2
309,6,Trump,2,2,2,0,True,2
309,7,Trump,2,22,2,0,True,2
310,0,Trump,2,27,2,0,True,2
310,1,Trump,2,7,2,0,True,2
310,2,Trump,1,33,1,0,True,2
310,3,Trump,0,26,0,0,True,2
310,4,Trump,1,30,1,0,True,2
310,5,Trump,2,28,2,0,True,2
310,6,Trump,0,6,0,0,True,2
310,7,Trump,1,15,1,0,True,2
311,0,Trump,1,2,1,0,True,2
311,1,Trump,1,22,1,0,True,2
311,2,Trump,4,18,4,0,True,2
311,3,Trump,0,18,0,0,True,2
311,4,Trump,0,22,0,0,True,2
311,5,Trump,1,13,1,0,True,2
311,6,Trump,1,31,1,0,True,2
312,0,Trump,1,42,1,0,True,2
312,1,Trump,1,7,1,0,True,2
312,2,Trump,1,25,1,0,True,2
312,3,Trump,1,8,1,0,True,2
312,4,Trump,0,6,0,0,True,2
312,5,Trump,0,5,0,0,True,2
312,6,Trump,1,10,1,0,True,2
312,7,Trump,0,40,0,0,True,2
312,8,Trump,0,19,0,0,True,2
313,0,Trump,0,2,0,0,True,2
313,1,Trump,0,4,0,0,True,2
313,2,Trump,0,3,0,0,True,2
313,3,Trump,0,3,0,0,True,2
313,4,Trump,0,6,0,0,True,2
313,5,Trump,0,6,0,0,True,2
313,6,Trump,0,9,0,0,True,2
313,7,Trump,0,23,0,0,True,2
313,8,Trump,0,5,0,0,True,2
314,0,Trump,0,4,0,0,True,2
314,1,Trump,1,17,1,0,True,2
314,2,Trump,1,21,1,0,True,2
314,3,Trump,1,51,1,0,True,2
314,4,Trump,0,9,0,0,True,2
314,5,Trump,0,18,0,0,True,2
314,6,Trump,0,7,0,0,True,2
314,7,Trump,0,6,0,0,True,2
315,0,Trump,0,9,0,0,True,2
315,1,Trump,1,19,1,0,True,2
315,2,Trump,1,4,1,0,True,2
315,3,Trump,1,12,1,0,True,2
315,4,Trump,0,18,0,0,True,2
315,5,Trump,3,48,3,0,True,2
315,6,Trump,0,6,0,0,True,2
316,0,Trump,1,58,1,0,True,2
316,1,Trump,1,12,1,0,True,2
316,2,Trump,0,48,0,0,True,2
316,3,Trump,0,16,0,0,True,2
316,4,Trump,1,34,1,0,True,2
317,0,Trump,1,10,1,0,True,2
317,1,Trump,1,6,1,0,True,2
317,2,Trump,1,20,1,0,True,2
317,3,Trump,1,34,1,0,True,2
317,4,Trump,1,22,1,0,True,2
317,5,Trump,0,21,0,0,True,2
318,0,Trump,2,37,2,0,True,2
318,1,Trump,1,9,1,0,True,2
318,2,Trump,4,58,4,0,True,2
318,3,Trump,1,22,1,0,True,2
318,4,Trump,0,11,0,0,True,2
318,5,Trump,1,46,1,0,True,2
318,6,Trump,2,23,2,0,True,2
319,0,Trump,1,47,1,0,True,2
319,1,Trump,1,8,1,0,True,2
319,2,Trump,0,4,0,0,True,2
319,3,Trump,1,19,1,0,True,2
319,4,Trump,1,18,1,0,True,2
319,5,Trump,1,14,1,0,True,2
319,6,Trump,0,15,0,0,True,2
319,7,Trump,1,10,1,0,True,2
320,0,Trump,0,19,0,0,True,2
320,1,Trump,0,7,0,0,True,2
320,2,Trump,0,27,0,0,True,2
320,3,Trump,2,56,2,0,True,2
320,4,Trump,0,33,0,0,True,2
320,5,Trump,0,19,0,0,True,2
320,6,Trump,0,13,0,0,True,2
320,7,Trump,0,24,0,0,True,2
320,8,Trump,0,17,0,0,True,2
321,0,Trump,0,6,0,0,True,2
321,1,Trump,0,0,0,0,True,2
321,2,Trump,0,21,0,0,True,2
321,3,Trump,1,4,1,0,True,2
321,4,Trump,0,27,0,0,True,2
321,5,Trump,2,50,2,0,True,2
322,0,Trump,1,21,1,0,True,2
322,1,Trump,2,18,2,0,True,2
322,2,Trump,1,21,1,0,True,2
322,3,Trump,1,18,1,0,True,2
322,4,Trump,1,15,1,0,True,2
322,5,Trump,1,10,1,0,True,2
322,6,Trump,1,12,1,0,True,2
322,7,Trump,0,10,0,0,True,2
323,0,Trump,1,5,1,0,True,2
323,1,Trump,0,7,0,0,True,2
323,2,Trump,1,14,1,0,True,2
323,3,Trump,0,8,0,0,True,2
323,4,Trump,0,5,0,0,True,2
323,5,Trump,0,5,0,0,True,2
323,6,Trump,2,5,2,0,True,2
323,7,Trump,0,8,0,0,True,2
324,0,Trump,1,38,1,0,True,2
324,1,Trump,0,27,0,0,True,2
324,2,Trump,0,10,0,0,True,2
324,3,Trump,1,9,1,0,True,2
324,4,Trump,1,13,1,0,True,2
324,5,Trump,0,26,0,0,True,2
324,6,Trump,2,31,2,0,True,2
325,0,Trump,0,7,0,0,True,2
325,1,Trump,1,21,1,0,True,2
325,2,Trump,3,26,3,0,True,2
325,3,Trump,1,36,1,0,True,2
325,4,Trump,0,9,0,0,True,2
325,5,Trump,1,18,1,0,True,2
325,6,Trump,1,22,1,0,True,2
326,0,Trump,0,25,0,0,True,2
326,1,Trump,3,11,3,0,True,2
326,2,Trump,1,37,1,0,True,2
326,3,Trump,2,6,2,0,True,2
326,4,Trump,1,35,1,0,True,2
326,5,Trump,1,36,1,0,True,2
326,6,Trump,0,6,0,0,True,2
326,7,Trump,1,35,1,0,True,2
327,0,Trump,1,24,1,0,True,2
327,1,Trump,1,42,1,0,True,2
327,2,Trump,2,29,2,0,True,2
327,3,Trump,1,34,1,0,True,2
327,4,Trump,0,23,0,0,True,2
327,5,Trump,0,15,0,0,True,2
327,6,Trump,0,11,0,0,True,2
327,7,Trump,0,9,0,0,True,2
328,0,Trump,2,12,2,0,True,2
328,1,Trump,2,47,2,0,True,2
328,2,Trump,1,21,1,0,True,2
328,3,Trump,2,9,2,0,True,2
328,4,Trump,0,17,0,0,True,2
328,5,Trump,1,16,1,0,True,2
328,6,Trump,0,8,0,0,True,2
328,7,Trump,0,2,0,0,True,2
328,8,Trump,1,11,1,0,True,2
329,0,Trump,0,1,0,0,True,2
329,1,Trump,0,15,0,0,True,2
329,2,Trump,0,17,0,0,True,2
329,3,Trump,0,16,0,0,True,2
329,4,Trump,0,12,0,0,True,2
329,5,Trump,0,2,0,0,True,2
329,6,Trump,0,3,0,0,True,2
330,0,Trump,1,17,1,0,True,2
330,1,Trump,0,12,0,0,True,2
330,2,Trump,0,17,0,0,True,2
330,3,Trump,0,15,0,0,True,2
330,4,Trump,1,7,1,0,True,2
330,5,Trump,0,3,0,0,True,2
330,6,Trump,1,16,1,0,True,2
330,7,Trump,0,24,0,0,True,2
331,0,Trump,0,23,0,0,True,2
331,1,Trump,1,10,1,0,True,2
331,2,Trump,1,26,1,0,True,2
331,3,Trump,1,16,1,0,True,2
331,4,Trump,1,8,1,0,True,2
331,5,Trump,0,13,0,0,True,2
332,0,Trump,0,21,0,0,True,2
332,1,Trump,0,7,0,0,True,2
332,2,Trump,1,54,1,0,True,2
332,3,Trump,14,43,14,0,True,2
332,4,Trump,0,6,0,0,True,2
332,5,Trump,0,25,0,0,True,2
332,6,Trump,1,55,1,0,True,2
333,0,Trump,1,5,1,0,True,2
333,1,Trump,2,46,2,0,True,2
333,2,Trump,1,8,1,0,True,2
333,3,Trump,1,22,1,0,True,2
333,4,Trump,2,58,2,0,True,2
333,5,Trump,1,44,1,0,True,2
333,6,Trump,1,14,1,0,True,2
333,7,Trump,1,13,1,0,True,2
334,0,Trump,2,51,2,0,True,2
334,1,Trump,0,7,0,0,True,2
334,2,Trump,1,25,1,0,True,2
334,3,Trump,2,32,2,0,True,2
334,4,Trump,2,48,2,0,True,2
334,5,Trump,2,27,2,0,True,2
334,6,Trump,2,41,2,0,True,2
334,7,Trump,1,29,1,0,True,2
335,0,Trump,1,28,1,0,True,2
335,1,Trump,2,34,2,0,True,2
335,2,Trump,0,30,0,0,True,2
335,3,Trump,3,38,3,0,True,2
335,4,Trump,1,51,1,0,True,2
335,5,Trump,0,20,0,0,True,2
335,6,Trump,0,23,0,0,True,2
336,0,Trump,0,5,0,0,True,2
336,1,Trump,0,9,0,0,True,2
336,2,Trump,0,9,0,0,True,2
336,3,Trump,0,12,0,0,True,2
336,4,Trump,0,30,0,0,True,2
336,5,Trump,0,24,0,0,True,2
336,6,Trump,2,50,2,0,True,2
336,7,Trump,1,23,1,0,True,2
337,0,Trump,1,11,1,0,True,2
337,1,Trump,1,36,1,0,True,2
337,2,Trump,1,51,1,0,True,2
337,3,Trump,1,2,1,0,True,2
337,4,Trump,1,11,1,0,True,2
337,5,Trump,1,4,1,0,True,2
338,0,Trump,1,28,1,0,True,2
338,1,Trump,0,21,0,0,True,2
338,2,Trump,0,20,0,0,True,2
338,3,Trump,1,27,1,0,True,2
338,4,Trump,1,11,1,0,True,2
338,5,Trump,2,30,2,0,True,2
338,6,Trump,2,6,2,0,True,2
339,0,Trump,0,5,0,0,True,2
339,1,Trump,1,5,1,0,True,2
339,2,Trump,2,14,2,0,True,2
339,3,Trump,1,10,1,0,True,2
339,4,Trump,1,15,1,0,True,2
339,5,Trump,1,6,1,0,True,2
339,6,Trump,1,20,1,0,True,2
339,7,Trump,2,3,2,0,True,2
339,8,Trump,0,5,0,0,True,2
340,0,Trump,1,17,1,0,True,2
340,1,Trump,0,4,0,0,True,2
340,2,Trump,0,6,0,0,True,2
340,3,Trump,1,29,1,0,True,2
340,4,Trump,0,8,0,0,True,2
340,5,Trump,1,9,1,0,True,2
340,6,Trump,1,5,1,0,True,2
340,7,Trump,2,12,2,0,True,2
341,0,Trump,0,19,0,0,True,2
341,1,Trump,0,3,0,0,True,2
341,2,Trump,0,41,0,0,True,2
341,3,Trump,2,45,2,0,True,2
341,4,Trump,0,24,0,0,True,2
341,5,Trump,0,48,0,0,True,2
342,0,Trump,1,46,1,0,True,2
342,1,Trump,0,9,0,0,True,2
342,2,Trump,0,1,0,0,True,2
342,3,Trump,1,53,1,0,True,2
342,4,Trump,0,13,0,0,True,2
342,5,Trump,0,20,0,0,True,2
342,6,Trump,0,16,0,0,True,2
343,0,Trump,1,28,1,0,True,2
343,1,Trump,2,37,2,0,True,2
343,2,Trump,1,20,1,0,True,2
343,3,Trump,0,4,0,0,True,2
343,4,Trump,0,18,0,0,True,2
343,5,Trump,1,9,1,0,True,2
343,6,Trump,0,16,0,0,True,2
344,0,Trump,1,14,1,0,True,2
344,1,Trump,1,33,1,0,True,2
344,2,Trump,1,26,1,0,True,2
344,3,Trump,1,26,1,0,True,2
344,4,Trump,1,15,1,0,True,2
344,5,Trump,0,23,0,0,True,2
344,6,Trump,1,20,1,0,True,2
344,7,Trump,1,32,1,0,True,2
344,8,Trump,2,20,2,0,True,2
345,0,Trump,0,34,0,0,True,2
345,1,Trump,1,14,1,0,True,2
345,2,Trump,1,36,1,0,True,2
345,3,Trump,2,20,2,0,True,2
345,4,Trump,1,22,1,0,True,2
345,5,Trump,0,19,0,0,True,2
345,6,Trump,2,20,2,0,True,2
345,7,Trump,0,0,0,0,True,2
346,0,Trump,0,48,0,0,True,2
346,1,Trump,0,37,0,0,True,2
346,2,Trump,0,36,0,0,True,2
346,3,Trump,0,40,0,0,True,2
346,4,Trump,0,16,0,0,True,2
346,5,Trump,2,38,2,0,True,2
346,6,Trump,1,39,1,0,True,2
347,0,Trump,0,14,0,0,True,2
347,1,Trump,0,26,0,0,True,2
347,2,Trump,0,0,0,0,True,2
347,3,Trump,0,13,0,0,True,2
347,4,Trump,0,10,0,0,True,2
347,5,Trump,0,22,0,0,True,2
347,6,Trump,0,35,0,0,True,2
348,0,Trump,3,54,3,0,True,2
348,1,Trump,0,41,0,0,True,2
348,2,Trump,0,15,0,0,True,2
348,3,Trump,1,27,1,0,True,2
348,4,Trump,0,21,0,0,True,2
348,5,Trump,2,32,2,0,True,2
348,6,Trump,0,10,0,0,True,2
348,7,Trump,0,58,0,0,True,2
348,8,Trump,0,25,0,0,True,2
349,0,Trump,0,0,0,0,True,2
349,1,Trump,0,56,0,0,True,2
349,2,Trump,2,29,2,0,True,2
349,3,Trump,0,38,0,0,True,2
349,4,Trump,0,14,0,0,True,2
349,5,Trump,3,44,3,0,True,2
349,6,Trump,0,54,0,0,True,2
349,7,Trump,0,5,0,0,True,2
350,0,Trump,1,17,1,0,True,2
350,1,Trump,2,15,2,0,True,2
350,2,Trump,2,19,2,0,True,2
350,3,Trump,2,15,2,0,True,2
350,4,Trump,2,13,2,0,True,2
350,5,Trump,1,3,1,0,True,2
350,6,Trump,1,7,1,0,True,2
350,7,Trump,1,5,1,0,True,2
351,0,Trump,0,3,0,0,True,2
351,1,Trump,1,54,1,0,True,2
351,2,Trump,1,48,1,0,True,2
351,3,Trump,1,10,1,0,True,2
351,4,Trump,1,30,1,0,True,2
351,5,Trump,1,26,1,0,True,2
351,6,Trump,0,6,0,0,True,2
351,7,Trump,0,3,0,0,True,2
352,0,Trump,1,21,1,0,True,2
352,1,Trump,2,24,2,0,True,2
352,2,Trump,0,3,0,0,True,2
352,3,Trump,1,5,1,0,True,2
352,4,Trump,1,10,1,0,True,2
352,5,Trump,2,10,2,0,True,2
352,6,Trump,2,17,2,0,True,2
352,7,Trump,0,0,0,0,True,2
353,0,Trump,0,9,0,0,True,2
353,1,Trump,1,15,1,0,True,2
353,2,Trump,1,8,1,0,True,2
353,3,Trump,1,9,1,0,True,2
353,4,Trump,1,33,1,0,True,2
353,5,Trump,2,25,2,0,True,2
353,6,Trump,1,14,1,0,True,2
354,0,Trump,0,5,0,0,True,2
354,1,Trump,1,14,1,0,True,2
354,2,Trump,1,9,1,0,True,2
354,3,Trump,1,9,1,0,True,2
354,4,Trump,1,42,1,0,True,2
354,5,Trump,1,16,1,0,True,2
354,6,Trump,1,12,1,0,True,2
355,0,Trump,1,16,1,0,True,2
355,1,Trump,2,46,2,0,True,2
355,2,Trump,2,46,2,0,True,2
355,3,Trump,1,7,1,0,True,2
355,4,Trump,1,12,1,0,True,2
355,5,Trump,1,3,1,0,True,2
355,6,Trump,0,20,0,0,True,2
355,7,Trump,1,17,1,0,True,2
356,0,Trump,0,4,0,0,True,2
356,1,Trump,0,3,0,0,True,2
356,2,Trump,0,4,0,0,True,2
356,3,Trump,0,13,0,0,True,2
356,4,Trump,3,9,3,0,True,2
356,5,Trump,2,2,2,0,True,2
356,6,Trump,0,52,0,0,True,2
357,0,Trump,1,30,1,0,True,2
357,1,Trump,1,46,1,0,True,2
357,2,Trump,2,28,2,0,True,2
357,3,Trump,0,12,0,0,True,2
357,4,Trump,2,6,2,0,True,2
357,5,Trump,1,5,1,0,True,2
357,6,Trump,0,21,0,0,True,2
358,0,Trump,1,26,1,0,True,2
358,1,Trump,2,11,2,0,True,2
358,2,Trump,2,33,2,0,True,2
358,3,Trump,1,15,1,0,True,2
358,4,Trump,3,53,3,0,True,2
358,5,Trump,0,37,0,0,True,2
358,6,Trump,2,43,2,0,True,2
358,7,Trump,1,21,1,0,True,2
358,8,Trump,0,0,0,0,True,2
359,0,Trump,2,30,2,0,True,2
359,1,Trump,3,39,3,0,True,2
359,2,Trump,1,17,1,0,True,2
359,3,Trump,1,22,1,0,True,2
359,4,Trump,1,45,1,0,True,2
359,5,Trump,1,32,1,0,True,2
359,6,Trump,0,18,0,0,True,2
359,7,Trump,3,11,3,0,True,2
360,0,Trump,0,10,0,0,True,2
360,1,Trump,1,41,1,0,True,2
360,2,Trump,0,27,0,0,True,2
360,3,Trump,0,21,0,0,True,2
360,4,Trump,0,8,0,0,True,2
360,5,Trump,1,16,1,0,True,2
361,0,Trump,0,13,0,0,True,2
361,1,Trump,1,6,1,0,True,2
361,2,Trump,0,21,0,0,True,2
361,3,Trump,1,5,1,0,True,2
361,4,Trump,0,2,0,0,True,2
361,5,Trump,1,28,1,0,True,2
362,0,Trump,0,8,0,0,True,2
362,1,Trump,1,14,1,0,True,2
362,2,Trump,0,8,0,0,True,2
362,3,Trump,1,17,1,0,True,2
362,4,Trump,1,15,1,0,True,2
362,5,Trump,1,6,1,0,True,2
362,6,Trump,0,6,0,0,True,2
362,7,Trump,1,36,1,0,True,2
363,0,Trump,0,21,0,0,True,2
363,1,Trump,0,14,0,0,True,2
363,2,Trump,0,11,0,0,True,2
363,3,Trump,1,16,1,0,True,2
363,4,Trump,0,48,0,0,True,2
363,5,Trump,1,8,1,0,True,2
363,6,Trump,0,22,0,0,True,2
364,0,Trump,1,18,1,0,True,2
364,1,Trump,1,35,1,0,True,2
364,2,Trump,1,12,1,0,True,2
364,3,Trump,2,8,2,0,True,2
364,4,Trump,2,21,2,0,True,2
364,5,Trump,0,15,0,0,True,2
365,0,Trump,1,15,1,0,True,2
365,1,Trump,1,42,1,0,True,2
365,2,Trump,2,55,2,0,True,2
365,3,Trump,0,16,0,0,True,2
365,4,Trump,0,0,0,0,True,2
365,5,Trump,0,20,0,0,True,2
366,0,Trump,1,48,1,0,True,2
366,1,Trump,0,33,0,0,True,2
366,2,Trump,0,10,0,0,True,2
366,3,Trump,0,10,0,0,True,2
366,4,Trump,1,19,1,0,True,2
366,5,Trump,0,24,0,0,True,2
366,6,Trump,0,38,0,0,True,2
366,7,Trump,0,23,0,0,True,2
367,0,Trump,0,31,0,0,True,2
367,1,Trump,2,12,2,0,True,2
367,2,Trump,2,29,2,0,True,2
367,3,Trump,0,21,0,0,True,2
367,4,Trump,1,31,1,0,True,2
367,5,Trump,2,13,2,0,True,2
368,0,Trump,0,4,0,0,True,2
368,1,Trump,1,51,1,0,True,2
368,2,Trump,1,6,1,0,True,2
368,3,Trump,1,12,1,0,True,2
368,4,Trump,1,2,1,0,True,2
368,5,Trump,0,5,0,0,True,2
369,0,Trump,1,5,1,0,True,2
369,1,Trump,1,45,1,0,True,2
369,2,Trump,0,14,0,0,True,2
369,3,Trump,0,29,0,0,True,2
369,4,Trump,0,11,0,0,True,2
369,5,Trump,0,15,0,0,True,2
369,6,Trump,2,49,2,0,True,2
369,7,Trump,2,48,2,0,True,2
370,0,Trump,1,11,1,0,True,2
370,1,Trump,0,7,0,0,True,2
370,2,Trump,1,6,1,0,True,2
370,3,Trump,1,15,1,0,True,2
370,4,Trump,1,18,1,0,True,2
370,5,Trump,0,2,0,0,True,2
370,6,Trump,1,8,1,0,True,2
371,0,Trump,1,5,1,0,True,2
371,1,Trump,2,17,2,0,True,2
371,2,Trump,1,30,1,0,True,2
371,3,Trump,3,46,3,0,True,2
371,4,Trump,2,44,2,0,True,2
371,5,Trump,1,8,1,0,True,2
371,6,Trump,0,4,0,0,True,2
372,0,Trump,1,27,1,0,True,2
372,1,Trump,0,6,0,0,True,2
372,2,Trump,4,43,4,0,True,2
372,3,Trump,4,33,4,0,True,2
372,4,Trump,1,54,1,0,True,2
372,5,Trump,1,7,1,0,True,2
372,6,Trump,1,29,1,0,True,2
372,7,Trump,0,16,0,0,True,2
373,0,Trump,0,15,0,0,True,2
373,1,Trump,2,32,2,0,True,2
373,2,Trump,1,16,1,0,True,2
373,3,Trump,0,6,0,0,True,2
373,4,Trump,2,15,2,0,True,2
373,5,Trump,0,4,0,0,True,2
373,6,Trump,1,54,1,0,True,2
374,0,Trump,2,14,2,0,True,2
374,1,Trump,1,26,1,0,True,2
374,2,Trump,2,34,2,0,True,2
374,3,Trump,0,15,0,0,True,2
374,4,Trump,0,2,0,0,True,2
374,5,Trump,1,12,1,0,True,2
374,6,Trump,1,17,1,0,True,2
374,7,Trump,2,14,2,0,True,2
375,0,Trump,0,19,0,0,True,2
375,1,Trump,1,6,1,0,True,2
375,2,Trump,1,20,1,0,True,2
375,3,Trump,1,16,1,0,True,2
375,4,Trump,0,22,0,0,True,2
375,5,Trump,1,5,1,0,True,2
375,6,Trump,1,30,1,0,True,2
375,7,Trump,1,33,1,0,True,2
375,8,Trump,1,8,1,0,True,2
375,9,Trump,1,9,1,0,True,2
376,0,Trump,1,26,1,0,True,2
376,1,Trump,0,20,0,0,True,2
376,2,Trump,1,38,1,0,True,2
376,3,Trump,0,8,0,0,True,2
376,4,Trump,1,9,1,0,True,2
376,5,Trump,1,36,1,0,True,2
376,6,Trump,1,24,1,0,True,2
377,0,Trump,0,2,0,0,True,2
377,1,Trump,0,7,0,0,True,2
377,2,Trump,0,6,0,0,True,2
377,3,Trump,1,35,1,0,True,2
377,4,Trump,0,47,0,0,True,2
377,5,Trump,0,58,0,0,True,2
377,6,Trump,0,23,0,0,True,2
377,7,Trump,1,12,1,0,True,2
377,8,Trump,1,11,1,0,True,2
377,9,Trump,0,6,0,0,True,2
378,0,Trump,0,7,0,0,True,2
378,1,Trump,1,14,1,0,True,2
378,2,Trump,1,9,1,0,True,2
378,3,Trump,2,10,2,0,True,2
378,4,Trump,1,28,1,0,True,2
378,5,Trump,3,13,3,0,True,2
378,6,Trump,2,47,2,0,True,2
379,0,Trump,1,6,1,0,True,2
379,1,Trump,1,10,1,0,True,2
379,2,Trump,1,2,1,0,True,2
379,3,Trump,1,22,1,0,True,2
379,4,Trump,0,6,0,0,True,2
379,5,Trump,1,16,1,0,True,2
379,6,Trump,2,11,2,0,True,2
379,7,Trump,0,15,0,0,True,2
380,0,Trump,0,23,0,0,True,2
380,1,Trump,2,12,2,0,True,2
380,2,Trump,2,22,2,0,True,2
380,3,Trump,1,33,1,0,True,2
380,4,Trump,0,14,0,0,True,2
380,5,Trump,2,50,2,0,True,2
380,6,Trump,1,3,1,0,True,2
381,0,Trump,2,24,2,0,True,2
381,1,Trump,1,9,1,0,True,2
381,2,Trump,2,12,2,0,True,2
381,3,Trump,1,53,1,0,True,2
381,4,Trump,0,19,0,0,True,2
381,5,Trump,0,12,0,0,True,2
381,6,Trump,1,11,1,0,True,2
382,0,Trump,0,14,0,0,True,2
382,1,Trump,0,13,0,0,True,2
382,2,Trump,0,38,0,0,True,2
382,3,Trump,0,28,0,0,True,2
382,4,Trump,2,50,2,0,True,2
382,5,Trump,0,12,0,0,True,2
382,6,Trump,0,15,0,0,True,2
382,7,Trump,0,1,0,0,True,2
383,0,Trump,0,4,0,0,True,2
383,1,Trump,1,28,1,0,True,2
383,2,Trump,1,33,1,0,True,2
383,3,Trump,1,31,1,0,True,2
383,4,Trump,1,14,1,0,True,2
383,5,Trump,0,53,0,0,True,2
383,6,Trump,1,41,1,0,True,2
383,7,Trump,1,44,1,0,True,2
384,0,Trump,2,31,2,0,True,2
384,1,Trump,0,21,0,0,True,2
384,2,Trump,1,36,1,0,True,2
384,3,Trump,1,20,1,0,True,2
384,4,Trump,1,46,1,0,True,2
384,5,Trump,2,41,2,0,True,2
384,6,Trump,1,21,1,0,True,2
385,0,Trump,0,5,0,0,True,2
385,1,Trump,1,53,1,0,True,2
385,2,Trump,1,9,1,0,True,2
385,3,Trump,2,41,2,0,True,2
385,4,Trump,0,1,0,0,True,2
385,5,Trump,0,12,0,0,True,2
385,6,Trump,1,15,1,0,True,2
385,7,Trump,0,8,0,0,True,2
385,8,Trump,2,51,2,0,True,2
386,0,Trump,0,14,0,0,True,2
386,1,Trump,1,43,1,0,True,2
386,2,Trump,2,32,2,0,True,2
386,3,Trump,1,17,1,0,True,2
386,4,Trump,1,37,1,0,True,2
386,5,Trump,1,18,1,0,True,2
386,6,Trump,1,35,1,0,True,2
387,0,Trump,0,29,0,0,True,2
387,1,Trump,0,8,0,0,True,2
387,2,Trump,0,7,0,0,True,2
387,3,Trump,0,14,0,0,True,2
387,4,Trump,1,27,1,0,True,2
387,5,Trump,2,6,2,0,True,2
387,6,Trump,0,12,0,0,True,2
387,7,Trump,3,24,3,0,True,2
388,0,Trump,2,47,2,0,True,2
388,1,Trump,0,8,0,0,True,2
388,2,Trump,0,23,0,0,True,2
388,3,Trump,0,15,0,0,True,2
388,4,Trump,1,17,1,0,True,2
388,5,Trump,0,20,0,0,True,2
388,6,Trump,1,6,1,0,True,2
389,0,Trump,2,31,2,0,True,2
389,1,Trump,0,11,0,0,True,2
389,2,Trump,0,11,0,0,True,2
389,3,Trump,0,3,0,0,True,2
389,4,Trump,2,8,2,0,True,2
389,5,Trump,2,27,2,0,True,2
389,6,Trump,0,6,0,0,True,2
389,7,Trump,0,0,0,0,True,2
390,0,Trump,1,53,1,0,True,2
390,1,Trump,1,43,1,0,True,2
390,2,Trump,2,45,2,0,True,2
390,3,Trump,3,26,3,0,True,2
390,4,Trump,2,40,2,0,True,2
390,5,Trump,0,20,0,0,True,2
390,6,Trump,1,50,1,0,True,2
390,7,Trump,0,4,0,0,True,2
391,0,Trump,1,9,1,0,True,2
391,1,Trump,1,17,1,0,True,2
391,2,Trump,1,40,1,0,True,2
391,3,Trump,2,17,2,0,True,2
391,4,Trump,0,10,0,0,True,2
391,5,Trump,0,14,0,0,True,2
392,0,Trump,0,41,0,0,True,2
392,1,Trump,1,17,1,0,True,2
392,2,Trump,1,4,1,0,True,2
392,3,Trump,2,48,2,0,True,2
392,4,Trump,1,29,1,0,True,2
392,5,Trump,1,17,1,0,True,2
392,6,Trump,2,12,2,0,True,2
392,7,Trump,3,14,3,0,True,2
393,0,Trump,2,27,2,0,True,2
393,1,Trump,0,1,0,0,True,2
393,2,Trump,1,58,1,0,True,2
393,3,Trump,3,49,3,0,True,2
393,4,Trump,2,42,2,0,True,2
393,5,Trump,1,26,1,0,True,2
394,0,Trump,2,29,2,0,True,2
394,1,Trump,1,20,1,0,True,2
394,2,Trump,1,7,1,0,True,2
394,3,Trump,2,39,2,0,True,2
394,4,Trump,1,17,1,0,True,2
394,5,Trump,1,43,1,0,True,2
394,6,Trump,0,13,0,0,True,2
394,7,Trump,2,13,2,0,True,2
395,0,Trump,0,18,0,0,True,2
395,1,Trump,0,57,0,0,True,2
395,2,Trump,0,52,0,0,True,2
395,3,Trump,2,19,2,0,True,2
395,4,Trump,0,56,0,0,True,2
395,5,Trump,0,25,0,0,True,2
395,6,Trump,0,15,0,0,True,2
395,7,Trump,0,24,0,0,True,2
396,0,Trump,1,27,1,0,True,2
396,1,Trump,1,18,1,0,True,2
396,2,Trump,1,4,1,0,True,2
396,3,Trump,2,29,2,0,True,2
396,4,Trump,1,31,1,0,True,2
396,5,Trump,2,8,2,0,True,2
396,6,Trump,1,39,1,0,True,2
396,7,Trump,2,50,2,0,True,2
396,8,Trump,2,12,2,0,True,2
397,0,Trump,0,20,0,0,True,2
397,1,Trump,1,54,1,0,True,2
397,2,Trump,1,45,1,0,True,2
397,3,Trump,0,6,0,0,True,2
397,4,Trump,0,21,0,0,True,2
397,5,Trump,0,2,0,0,True,2
397,6,Trump,0,15,0,0,True,2
397,7,Trump,1,8,1,0,True,2
398,0,Trump,0,27,0,0,True,2
398,1,Trump,3,34,3,0,True,2
398,2,Trump,0,4,0,0,True,2
398,3,Trump,0,23,0,0,True,2
398,4,Trump,0,3,0,0,True,2
398,5,Trump,1,29,1,0,True,2
398,6,Trump,0,0,0,0,True,2
399,0,Trump,0,23,0,0,True,2
399,1,Trump,1,28,1,0,True,2
399,2,Trump,0,7,0,0,True,2
399,3,Trump,1,28,1,0,True,2
399,4,Trump,0,31,0,0,True,2
399,5,Trump,0,16,0,0,True,2
399,6,Trump,0,12,0,0,True,2
399,7,Trump,0,13,0,0,True,2
400,0,Trump,1,31,1,0,True,2
400,1,Trump,1,20,1,0,True,2
400,2,Trump,1,15,1,0,True,2
400,3,Trump,1,26,1,0,True,2
400,4,Trump,0,1,0,0,True,2
400,5,Trump,1,41,1,0,True,2
400,6,Trump,0,3,0,0,True,2
401,0,Trump,1,53,1,0,True,2
401,1,Trump,0,18,0,0,True,2
401,2,Trump,2,26,2,0,True,2
401,3,Trump,1,7,1,0,True,2
401,4,Trump,1,43,1,0,True,2
401,5,Trump,2,12,2,0,True,2
401,6,Trump,1,25,1,0,True,2
402,0,Trump,1,16,1,0,True,2
402,1,Trump,2,28,2,0,True,2
402,2,Trump,1,9,1,0,True,2
402,3,Trump,4,5,4,0,True,2
402,4,Trump,3,55,3,0,True,2
402,5,Trump,3,37,3,0,True,2
402,6,Trump,1,36,1,0,True,2
402,7,Trump,3,29,3,0,True,2
403,0,Trump,2,37,2,0,True,2
403,1,Trump,1,47,1,0,True,2
403,2,Trump,0,1,0,0,True,2
403,3,Trump,3,41,3,0,True,2
403,4,Trump,0,19,0,0,True,2
403,5,Trump,2,26,2,0,True,2
403,6,Trump,3,36,3,0,True,2
403,7,Trump,3,15,3,0,True,2
403,8,Trump,1,26,1,0,True,2
404,0,Trump,1,7,1,0,True,2
404,1,Trump,2,48,2,0,True,2
404,2,Trump,2,18,2,0,True,2
404,3,Trump,2,11,2,0,True,2
404,4,Trump,0,10,0,0,True,2
404,5,Trump,1,11,1,0,True,2
404,6,Trump,2,16,2,0,True,2
404,7,Trump,1,6,1,0,True,2
404,8,Trump,0,20,0,0,True,2
405,0,Trump,2,22,2,0,True,2
405,1,Trump,2,26,2,0,True,2
405,2,Trump,1,12,1,0,True,2
405,3,Trump,2,46,2,0,True,2
405,4,Trump,1,1,1,0,True,2
405,5,Trump,2,23,2,0,True,2
405,6,Trump,1,0,0,1,False,2
406,0,Trump,0,17,0,0,True,2
406,1,Trump,0,4,0,0,True,2
406,2,Trump,0,14,0,0,True,2
406,3,Trump,2,3,2,0,True,2
406,4,Trump,0,3,0,0,True,2
406,5,Trump,1,9,1,0,True,2
406,6,Trump,1,4,1,0,True,2
406,7,Trump,0,5,0,0,True,2
407,0,Trump,0,15,0,0,True,2
407,1,Trump,0,29,0,0,True,2
407,2,Trump,1,19,1,0,True,2
407,3,Trump,0,4,0,0,True,2
407,4,Trump,0,17,0,0,True,2
407,5,Trump,4,49,4,0,True,2
407,6,Trump,0,21,0,0,True,2
407,7,Trump,1,36,1,0,True,2
407,8,Trump,1,29,1,0,True,2
408,0,Trump,2,28,2,0,True,2
408,1,Trump,0,3,0,0,True,2
408,2,Trump,0,1,0,0,True,2
408,3,Trump,0,16,0,0,True,2
408,4,Trump,1,8,1,0,True,2
408,5,Trump,0,2,0,0,True,2
408,6,Trump,1,25,1,0,True,2
408,7,Trump,6,11,6,0,True,2
409,0,Trump,0,24,0,0,True,2
409,1,Trump,0,15,0,0,True,2
409,2,Trump,0,6,0,0,True,2
409,3,Trump,2,30,2,0,True,2
409,4,Trump,0,26,0,0,True,2
409,5,Trump,0,17,0,0,True,2
410,0,Trump,3,29,3,0,True,2
410,1,Trump,2,35,2,0,True,2
410,2,Trump,0,40,0,0,True,2
410,3,Trump,2,23,2,0,True,2
410,4,Trump,1,37,1,0,True,2
410,5,Trump,2,49,2,0,True,2
410,6,Trump,3,45,3,0,True,2
410,7,Trump,0,3,0,0,True,2
411,0,Trump,1,19,1,0,True,2
411,1,Trump,0,13,0,0,True,2
411,2,Trump,1,12,1,0,True,2
411,3,Trump,1,25,1,0,True,2
411,4,Trump,1,3,1,0,True,2
411,5,Trump,0,10,0,0,True,2
411,6,Trump,0,10,0,0,True,2
412,0,Trump,0,6,0,0,True,2
412,1,Trump,1,46,1,0,True,2
412,2,Trump,0,7,0,0,True,2
412,3,Trump,0,18,0,0,True,2
412,4,Trump,0,22,0,0,True,2
412,5,Trump,1,13,1,0,True,2
412,6,Trump,2,30,2,0,True,2
412,7,Trump,2,10,2,0,True,2
412,8,Trump,0,23,0,0,True,2
413,0,Trump,1,12,1,0,True,2
413,1,Trump,2,11,2,0,True,2
413,2,Trump,2,17,2,0,True,2
413,3,Trump,1,50,1,0,True,2
413,4,Trump,1,27,1,0,True,2
413,5,Trump,1,45,1,0,True,2
413,6,Trump,1,18,1,0,True,2
413,7,Trump,1,37,1,0,True,2
414,0,Trump,0,3,0,0,True,2
414,1,Trump,1,3,1,0,True,2
414,2,Trump,0,4,0,0,True,2
414,3,Trump,1,19,1,0,True,2
414,4,Trump,2,7,2,0,True,2
414,5,Trump,0,7,0,0,True,2
414,6,Trump,1,3,1,0,True,2
415,0,Trump,2,11,2,0,True,2
415,1,Trump,2,4,2,0,True,2
415,2,Trump,1,5,1,0,True,2
415,3,Trump,1,6,1,0,True,2
415,4,Trump,2,15,2,0,True,2
415,5,Trump,1,13,1,0,True,2
415,6,Trump,1,17,1,0,True,2
415,7,Trump,1,10,1,0,True,2
415,8,Trump,2,3,2,0,True,2
416,0,Trump,0,13,0,0,True,2
416,1,Trump,0,12,0,0,True,2
416,2,Trump,0,41,0,0,True,2
416,3,Trump,1,24,1,0,True,2
416,4,Trump,0,7,0,0,True,2
416,5,Trump,1,14,1,0,True,2
416,6,Trump,0,46,0,0,True,2
416,7,Trump,1,49,1,0,True,2
416,8,Trump,0,7,0,0,True,2
417,0,Trump,0,7,0,0,True,2
417,1,Trump,2,26,2,0,True,2
417,2,Trump,1,3,1,0,True,2
417,3,Trump,6,43,6,0,True,2
417,4,Trump,0,4,0,0,True,2
417,5,Trump,1,28,1,0,True,2
417,6,Trump,0,5,0,0,True,2
417,7,Trump,1,3,1,0,True,2
417,8,Trump,2,26,2,0,True,2
418,0,Trump,0,48,0,0,True,2
418,1,Trump,1,14,1,0,True,2
418,2,Trump,1,3,1,0,True,2
418,3,Trump,0,13,0,0,True,2
418,4,Trump,0,3,0,0,True,2
418,5,Trump,2,47,2,0,True,2
418,6,Trump,1,13,1,0,True,2
419,0,Trump,0,20,0,0,True,2
419,1,Trump,2,9,2,0,True,2
419,2,Trump,1,18,1,0,True,2
419,3,Trump,1,15,1,0,True,2
419,4,Trump,0,3,0,0,True,2
419,5,Trump,0,17,0,0,True,2
419,6,Trump,0,5,0,0,True,2
420,0,Trump,0,8,0,0,True,2
420,1,Trump,1,55,1,0,True,2
420,2,Trump,0,24,0,0,True,2
420,3,Trump,0,54,0,0,True,2
420,4,Trump,1,16,1,0,True,2
420,5,Trump,4,10,4,0,True,2
420,6,Trump,2,27,2,0,True,2
420,7,Trump,2,16,2,0,True,2
420,8,Trump,2,48,2,0,True,2
421,0,Trump,0,5,0,0,True,2
421,1,Trump,0,26,0,0,True,2
421,2,Trump,2,15,2,0,True,2
421,3,Trump,0,8,0,0,True,2
421,4,Trump,0,7,0,0,True,2
421,5,Trump,0,21,0,0,True,2
421,6,Trump,1,2,1,0,True,2
421,7,Trump,0,16,0,0,True,2
421,8,Trump,0,42,0,0,True,2
422,0,Trump,1,23,1,0,True,2
422,1,Trump,2,9,2,0,True,2
422,2,Trump,2,10,2,0,True,2
422,3,Trump,1,12,1,0,True,2
422,4,Trump,1,19,1,0,True,2
422,5,Trump,0,0,0,0,True,2
422,6,Trump,0,0,0,0,True,2
422,7,Trump,0,0,0,0,True,2
423,0,Trump,0,24,0,0,True,2
423,1,Trump,1,35,1,0,True,2
423,2,Trump,0,3,0,0,True,2
423,3,Trump,2,26,2,0,True,2
423,4,Trump,0,18,0,0,True,2
423,5,Trump,0,18,0,0,True,2
423,6,Trump,1,36,1,0,True,2
423,7,Trump,2,2,2,0,True,2
423,8,Trump,2,15,2,0,True,2
423,9,Trump,0,9,0,0,True,2
424,0,Trump,1,17,1,0,True,2
424,1,Trump,0,5,0,0,True,2
424,2,Trump,1,17,1,0,True,2
424,3,Trump,1,6,1,0,True,2
424,4,Trump,1,6,1,0,True,2
424,5,Trump,2,7,2,0,True,2
424,6,Trump,1,5,1,0,True,2
425,0,Trump,0,8,0,0,True,2
425,1,Trump,1,45,1,0,True,2
425,2,Trump,0,2,0,0,True,2
425,3,Trump,1,11,1,0,True,2
425,4,Trump,2,29,2,0,True,2
425,5,Trump,1,12,1,0,True,2
425,6,Trump,0,11,0,0,True,2
426,0,Trump,1,6,1,0,True,2
426,1,Trump,4,26,4,0,True,2
426,2,Trump,1,8,1,0,True,2
426,3,Trump,0,13,0,0,True,2
426,4,Trump,2,10,2,0,True,2
426,5,Trump,5,31,5,0,True,2
426,6,Trump,1,10,1,0,True,2
426,7,Trump,1,10,1,0,True,2
426,8,Trump,2,8,2,0,True,2
427,0,Trump,0,6,0,0,True,2
427,1,Trump,0,5,0,0,True,2
427,2,Trump,1,8,1,0,True,2
427,3,Trump,0,12,0,0,True,2
427,4,Trump,0,9,0,0,True,2
427,5,Trump,1,4,1,0,True,2
427,6,Trump,1,3,1,0,True,2
428,0,Trump,0,1,0,0,True,2
428,1,Trump,2,30,2,0,True,2
428,2,Trump,0,12,0,0,True,2
428,3,Trump,1,25,1,0,True,2
428,4,Trump,2,46,2,0,True,2
428,5,Trump,1,40,1,0,True,2
428,6,Trump,1,25,1,0,True,2
428,7,Trump,2,11,2,0,True,2
428,8,Trump,2,43,2,0,True,2
429,0,Trump,0,20,0,0,True,2
429,1,Trump,3,9,3,0,True,2
429,2,Trump,0,15,0,0,True,2
429,3,Trump,2,23,2,0,True,2
429,4,Trump,1,21,1,0,True,2
429,5,Trump,1,20,1,0,True,2
430,0,Trump,1,17,1,0,True,2
430,1,Trump,0,9,0,0,True,2
430,2,Trump,0,4,0,0,True,2
430,3,Trump,0,15,0,0,True,2
430,4,Trump,1,15,1,0,True,2
430,5,Trump,0,3,0,0,True,2
430,6,Trump,0,0,0,0,True,2
430,7,Trump,0,8,0,0,True,2
430,8,Trump,0,6,0,0,True,2
431,0,Trump,1,9,1,0,True,2
431,1,Trump,2,14,2,0,True,2
431,2,Trump,1,33,1,0,True,2
431,3,Trump,1,17,1,0,True,2
431,4,Trump,1,16,1,0,True,2
431,5,Trump,2,22,2,0,True,2
431,6,Trump,1,10,1,0,True,2
431,7,Trump,1,5,1,0,True,2
431,8,Trump,1,9,1,0,True,2
432,0,Trump,1,12,1,0,True,2
432,1,Trump,1,9,1,0,True,2
432,2,Trump,3,16,3,0,True,2
432,3,Trump,1,9,1,0,True,2
432,4,Trump,1,7,1,0,True,2
432,5,Trump,1,9,1,0,True,2
433,0,Trump,1,4,1,0,True,2
433,1,Trump,1,14,1,0,True,2
433,2,Trump,0,6,0,0,True,2
433,3,Trump,1,10,1,0,True,2
433,4,Trump,0,2,0,0,True,2
433,5,Trump,1,3,1,0,True,2
433,6,Trump,0,5,0,0,True,2
433,7,Trump,2,11,2,0,True,2
434,0,Trump,1,17,1,0,True,2
434,1,Trump,1,16,1,0,True,2
434,2,Trump,1,12,1,0,True,2
434,3,Trump,0,26,0,0,True,2
434,4,Trump,2,29,2,0,True,2
434,5,Trump,4,21,4,0,True,2
434,6,Trump,2,11,2,0,True,2
434,7,Trump,0,14,0,0,True,2
434,8,Trump,0,34,0,0,True,2
434,9,Trump,1,28,1,0,True,2
435,0,Trump,1,41,1,0,True,2
435,1,Trump,1,27,1,0,True,2
435,2,Trump,2,55,2,0,True,2
435,3,Trump,1,20,1,0,True,2
435,4,Trump,2,6,2,0,True,2
435,5,Trump,2,34,2,0,True,2
435,6,Trump,1,4,1,0,True,2
435,7,Trump,2,40,2,0,True,2
436,0,Trump,1,20,1,0,True,2
436,1,Trump,1,13,1,0,True,2
436,2,Trump,4,40,4,0,True,2
436,3,Trump,1,11,1,0,True,2
436,4,Trump,1,30,1,0,True,2
436,5,Trump,1,8,1,0,True,2
436,6,Trump,1,18,1,0,True,2
436,7,Trump,1,14,1,0,True,2
437,0,Trump,1,14,1,0,True,2
437,1,Trump,1,54,1,0,True,2
437,2,Trump,1,31,1,0,True,2
437,3,Trump,3,51,3,0,True,2
437,4,Trump,1,41,1,0,True,2
437,5,Trump,2,20,2,0,True,2
437,6,Trump,1,22,1,0,True,2
437,7,Trump,0,62,0,0,True,2
438,0,Trump,1,5,1,0,True,2
438,1,Trump,1,3,1,0,True,2
438,2,Trump,0,6,0,0,True,2
438,3,Trump,1,1,1,0,True,2
438,4,Trump,1,6,1,0,True,2
439,0,Trump,1,2,1,0,True,2
439,1,Trump,2,20,2,0,True,2
439,2,Trump,1,10,1,0,True,2
439,3,Trump,2,43,2,0,True,2
439,4,Trump,2,55,2,0,True,2
439,5,Trump,0,2,0,0,True,2
439,6,Trump,2,11,2,0,True,2
439,7,Trump,0,0,0,0,True,2
440,0,Trump,3,13,3,0,True,2
440,1,Trump,1,8,1,0,True,2
440,2,Trump,2,7,2,0,True,2
440,3,Trump,4,12,4,0,True,2
440,4,Trump,2,10,2,0,True,2
440,5,Trump,4,21,4,0,True,2
440,6,Trump,5,4,4,1,False,2
440,7,Trump,1,15,1,0,True,2
440,8,Trump,2,6,2,0,True,2
440,9,Trump,1,5,1,0,True,2
441,0,Trump,1,24,1,0,True,2
441,1,Trump,2,9,2,0,True,2
441,2,Trump,0,14,0,0,True,2
441,3,Trump,1,21,1,0,True,2
441,4,Trump,1,5,1,0,True,2
441,5,Trump,1,17,1,0,True,2
441,6,Trump,0,8,0,0,True,2
441,7,Trump,2,48,2,0,True,2
441,8,Trump,1,6,1,0,True,2
442,0,Trump,1,2,1,0,True,2
442,1,Trump,0,10,0,0,True,2
442,2,Trump,0,3,0,0,True,2
442,3,Trump,1,6,1,0,True,2
442,4,Trump,0,13,0,0,True,2
442,5,Trump,1,6,1,0,True,2
442,6,Trump,1,2,1,0,True,2
443,0,Trump,1,8,1,0,True,2
443,1,Trump,1,30,1,0,True,2
443,2,Trump,1,20,1,0,True,2
443,3,Trump,3,42,3,0,True,2
443,4,Trump,1,12,1,0,True,2
443,5,Trump,1,45,1,0,True,2
443,6,Trump,0,6,0,0,True,2
443,7,Trump,0,14,0,0,True,2
444,0,Trump,2,25,2,0,True,2
444,1,Trump,2,52,2,0,True,2
444,2,Trump,1,31,1,0,True,2
444,3,Trump,0,37,0,0,True,2
444,4,Trump,2,32,2,0,True,2
444,5,Trump,2,53,2,0,True,2
445,0,Harris,2,29,2,0,True,2
445,1,Harris,0,4,0,0,True,2
445,2,Harris,0,3,0,0,True,2
445,3,Harris,0,3,0,0,True,2
445,4,Harris,0,13,0,0,True,2
445,5,Harris,2,26,2,0,True,2
445,6,Harris,0,4,0,0,True,2
446,0,Harris,2,11,2,0,True,2
446,1,Harris,1,10,1,0,True,2
446,2,Harris,0,11,0,0,True,2
446,3,Harris,0,8,0,0,True,2
446,4,Harris,0,10,0,0,True,2
446,5,Harris,3,40,3,0,True,2
446,6,Harris,0,2,0,0,True,2
446,7,Harris,0,16,0,0,True,2
447,0,Harris,2,46,2,0,True,2
447,1,Harris,0,44,0,0,True,2
447,2,Harris,0,11,0,0,True,2
447,3,Harris,0,3,0,0,True,2
447,4,Harris,0,6,0,0,True,2
447,5,Harris,0,6,0,0,True,2
447,6,Harris,0,15,0,0,True,2
447,7,Harris,0,0,0,0,True,2
447,8,Harris,0,1,0,0,True,2
448,0,Harris,0,10,0,0,True,2
448,1,Harris,1,0,0,1,False,2
448,2,Harris,0,5,0,0,True,2
448,3,Harris,0,22,0,0,True,2
448,4,Harris,2,46,2,0,True,2
448,5,Harris,2,51,2,0,True,2
449,0,Harris,0,38,0,0,True,2
449,1,Harris,1,4,1,0,True,2
449,2,Harris,0,10,0,0,True,2
449,3,Harris,2,24,2,0,True,2
449,4,Harris,0,18,0,0,True,2
449,5,Harris,0,3,0,0,True,2
449,6,Harris,0,17,0,0,True,2
449,7,Harris,0,0,0,0,True,2
449,8,Harris,0,2,0,0,True,2
450,0,Harris,0,4,0,0,True,2
450,1,Harris,0,17,0,0,True,2
450,2,Harris,2,9,2,0,True,2
450,3,Harris,0,3,0,0,True,2
450,4,Harris,1,4,1,0,True,2
450,5,Harris,0,4,0,0,True,2
450,6,Harris,0,16,0,0,True,2
450,7,Harris,1,22,1,0,True,2
450,8,Harris,0,5,0,0,True,2
451,0,Harris,0,18,0,0,True,2
451,1,Harris,0,27,0,0,True,2
451,2,Harris,0,33,0,0,True,2
451,3,Harris,2,51,2,0,True,2
451,4,Harris,0,11,0,0,True,2
451,5,Harris,0,23,0,0,True,2
451,6,Harris,0,11,0,0,True,2
451,7,Harris,0,21,0,0,True,2
451,8,Harris,1,19,1,0,True,2
452,0,Harris,2,15,2,0,True,2
452,1,Harris,1,5,1,0,True,2
452,2,Harris,2,11,2,0,True,2
452,3,Harris,2,8,2,0,True,2
452,4,Harris,2,50,2,0,True,2
452,5,Harris,0,2,0,0,True,2
453,0,Harris,1,19,1,0,True,2
453,1,Harris,2,20,2,0,True,2
453,2,Harris,2,2,2,0,True,2
453,3,Harris,1,6,1,0,True,2
453,4,Harris,2,4,2,0,True,2
453,5,Harris,1,50,1,0,True,2
453,6,Harris,2,17,2,0,True,2
453,7,Harris,2,13,2,0,True,2
453,8,Harris,3,42,3,0,True,2
454,0,Harris,0,22,0,0,True,2
454,1,Harris,1,19,1,0,True,2
454,2,Harris,2,25,2,0,True,2
454,3,Harris,1,30,1,0,True,2
454,4,Harris,2,35,2,0,True,2
454,5,Harris,2,53,2,0,True,2
454,6,Harris,4,40,4,0,True,2
455,0,Harris,0,16,0,0,True,2
455,1,Harris,0,9,0,0,True,2
455,2,Harris,0,4,0,0,True,2
455,3,Harris,1,26,1,0,True,2
455,4,Harris,0,18,0,0,True,2
455,5,Harris,0,16,0,0,True,2
455,6,Harris,0,4,0,0,True,2
455,7,Harris,2,45,2,0,True,2
455,8,Harris,0,8,0,0,True,2
456,0,Harris,0,24,0,0,True,2
456,1,Harris,0,39,0,0,True,2
456,2,Harris,0,4,0,0,True,2
456,3,Harris,0,13,0,0,True,2
456,4,Harris,0,21,0,0,True,2
456,5,Harris,0,8,0,0,True,2
456,6,Harris,0,4,0,0,True,2
456,7,Harris,1,20,1,0,True,2
456,8,Harris,2,43,2,0,True,2
457,0,Harris,2,54,2,0,True,2
457,1,Harris,0,29,0,0,True,2
457,2,Harris,0,20,0,0,True,2
457,3,Harris,2,36,2,0,True,2
457,4,Harris,2,9,2,0,True,2
457,5,Harris,0,13,0,0,True,2
457,6,Harris,2,15,2,0,True,2
457,7,Harris,0,5,0,0,True,2
458,0,Harris,0,23,0,0,True,2
458,1,Harris,0,12,0,0,True,2
458,2,Harris,0,4,0,0,True,2
458,3,Harris,0,4,0,0,True,2
458,4,Harris,2,9,2,0,True,2
458,5,Harris,0,7,0,0,True,2
458,6,Harris,0,6,0,0,True,2
458,7,Harris,3,44,3,0,True,2
458,8,Harris,0,8,0,0,True,2
459,0,Harris,0,22,0,0,True,2
459,1,Harris,0,4,0,0,True,2
459,2,Harris,0,14,0,0,True,2
459,3,Harris,2,29,2,0,True,2
459,4,Harris,0,4,0,0,True,2
459,5,Harris,0,30,0,0,True,2
459,6,Harris,2,50,2,0,True,2
459,7,Harris,0,12,0,0,True,2
460,0,Harris,1,15,1,0,True,2
460,1,Harris,0,7,0,0,True,2
460,2,Harris,2,26,2,0,True,2
460,3,Harris,0,2,0,0,True,2
460,4,Harris,0,24,0,0,True,2
460,5,Harris,0,17,0,0,True,2
460,6,Harris,0,4,0,0,True,2
460,7,Harris,2,31,2,0,True,2
460,8,Harris,0,15,0,0,True,2
461,0,Harris,0,4,0,0,True,2
461,1,Harris,2,36,2,0,True,2
461,2,Harris,1,22,1,0,True,2
461,3,Harris,1,38,1,0,True,2
461,4,Harris,1,0,0,1,False,2
461,5,Harris,2,45,2,0,True,2
461,6,Harris,1,55,1,0,True,2
461,7,Harris,0,19,0,0,True,2
462,0,Harris,1,2,1,0,True,2
462,1,Harris,1,7,1,0,True,2
462,2,Harris,2,20,2,0,True,2
462,3,Harris,0,0,0,0,True,2
462,4,Harris,0,0,0,0,True,2
463,0,Harris,0,3,0,0,True,2
463,1,Harris,1,1,1,0,True,2
463,2,Harris,1,8,1,0,True,2
463,3,Harris,2,12,2,0,True,2
463,4,Harris,5,50,5,0,True,2
463,5,Harris,4,45,4,0,True,2
463,6,Harris,1,24,1,0,True,2
464,0,Harris,0,5,0,0,True,2
464,1,Harris,0,5,0,0,True,2
464,2,Harris,1,9,1,0,True,2
464,3,Harris,0,5,0,0,True,2
464,4,Harris,0,4,0,0,True,2
464,5,Harris,0,10,0,0,True,2
465,0,Harris,0,36,0,0,True,2
465,1,Harris,0,2,0,0,True,2
465,2,Harris,0,25,0,0,True,2
465,3,Harris,0,14,0,0,True,2
465,4,Harris,0,4,0,0,True,2
465,5,Harris,0,2,0,0,True,2
465,6,Harris,0,41,0,0,True,2
465,7,Harris,2,19,2,0,True,2
465,8,Harris,0,9,0,0,True,2
466,0,Harris,1,4,1,0,True,2
466,1,Harris,0,28,0,0,True,2
466,2,Harris,3,12,3,0,True,2
466,3,Harris,0,20,0,0,True,2
466,4,Harris,0,5,0,0,True,2
466,5,Harris,2,34,2,0,True,2
466,6,Harris,0,11,0,0,True,2
466,7,Harris,1,18,1,0,True,2
467,0,Harris,0,6,0,0,True,2
467,1,Harris,1,9,1,0,True,2
467,2,Harris,0,27,0,0,True,2
467,3,Harris,2,11,2,0,True,2
467,4,Harris,0,12,0,0,True,2
467,5,Harris,0,3,0,0,True,2
467,6,Harris,0,5,0,0,True,2
467,7,Harris,2,8,2,0,True,2
467,8,Harris,0,12,0,0,True,2
468,0,Harris,0,21,0,0,True,2
468,1,Harris,2,13,2,0,True,2
468,2,Harris,0,21,0,0,True,2
468,3,Harris,0,25,0,0,True,2
468,4,Harris,1,0,0,1,False,2
468,5,Harris,0,4,0,0,True,2
468,6,Harris,0,4,0,0,True,2
469,0,Harris,2,21,2,0,True,2
469,1,Harris,1,23,1,0,True,2
469,2,Harris,1,16,1,0,True,2
469,3,Harris,2,14,2,0,True,2
469,4,Harris,2,5,2,0,True,2
469,5,Harris,2,3,2,0,True,2
470,0,Harris,0,13,0,0,True,2
470,1,Harris,1,25,1,0,True,2
470,2,Harris,0,15,0,0,True,2
470,3,Harris,0,8,0,0,True,2
470,4,Harris,2,50,2,0,True,2
470,5,Harris,2,25,2,0,True,2
470,6,Harris,1,19,1,0,True,2
471,0,Harris,0,9,0,0,True,2
471,1,Harris,0,42,0,0,True,2
471,2,Harris,1,16,1,0,True,2
471,3,Harris,2,22,2,0,True,2
471,4,Harris,0,9,0,0,True,2
471,5,Harris,0,6,0,0,True,2
471,6,Harris,0,18,0,0,True,2
471,7,Harris,1,16,1,0,True,2
472,0,Harris,2,18,2,0,True,2
472,1,Harris,2,25,2,0,True,2
472,2,Harris,1,5,1,0,True,2
472,3,Harris,0,6,0,0,True,2
472,4,Harris,4,16,4,0,True,2
472,5,Harris,1,36,1,0,True,2
473,0,Harris,0,25,0,0,True,2
473,1,Harris,0,18,0,0,True,2
473,2,Harris,3,49,3,0,True,2
473,3,Harris,0,6,0,0,True,2
473,4,Harris,0,11,0,0,True,2
473,5,Harris,1,15,1,0,True,2
473,6,Harris,0,9,0,0,True,2
473,7,Harris,0,18,0,0,True,2
474,0,Harris,0,24,0,0,True,2
474,1,Harris,0,2,0,0,True,2
474,2,Harris,0,2,0,0,True,2
474,3,Harris,0,3,0,0,True,2
474,4,Harris,0,27,0,0,True,2
474,5,Harris,0,17,0,0,True,2
474,6,Harris,0,12,0,0,True,2
474,7,Harris,0,21,0,0,True,2
474,8,Harris,0,18,0,0,True,2
474,9,Harris,2,13,2,0,True,2
475,0,Harris,2,36,2,0,True,2
475,1,Harris,0,14,0,0,True,2
475,2,Harris,0,25,0,0,True,2
475,3,Harris,0,5,0,0,True,2
475,4,Harris,0,4,0,0,True,2
475,5,Harris,0,12,0,0,True,2
475,6,Harris,2,26,2,0,True,2
475,7,Harris,2,49,2,0,True,2
475,8,Harris,0,46,0,0,True,2
476,0,Harris,2,24,2,0,True,2
476,1,Harris,3,44,3,0,True,2
476,2,Harris,2,25,2,0,True,2
476,3,Harris,3,18,3,0,True,2
476,4,Harris,2,3,2,0,True,2
476,5,Harris,1,13,1,0,True,2
476,6,Harris,2,47,2,0,True,2
477,0,Harris,0,22,0,0,True,2
477,1,Harris,0,4,0,0,True,2
477,2,Harris,2,11,2,0,True,2
477,3,Harris,0,10,0,0,True,2
477,4,Harris,2,34,2,0,True,2
477,5,Harris,2,3,2,0,True,2
477,6,Harris,2,50,2,0,True,2
478,0,Harris,0,18,0,0,True,2
478,1,Harris,2,8,2,0,True,2
478,2,Harris,0,12,0,0,True,2
478,3,Harris,2,28,2,0,True,2
478,4,Harris,1,15,1,0,True,2
478,5,Harris,1,12,1,0,True,2
479,0,Harris,0,25,0,0,True,2
479,1,Harris,0,7,0,0,True,2
479,2,Harris,0,2,0,0,True,2
479,3,Harris,2,29,2,0,True,2
479,4,Harris,0,10,0,0,True,2
479,5,Harris,0,1,0,0,True,2
479,6,Harris,1,48,1,0,True,2
479,7,Harris,0,11,0,0,True,2
479,8,Harris,0,9,0,0,True,2
479,9,Harris,0,17,0,0,True,2
480,0,Harris,0,8,0,0,True,2
480,1,Harris,2,15,2,0,True,2
480,2,Harris,2,2,2,0,True,2
480,3,Harris,1,1,1,0,True,2
480,4,Harris,2,17,2,0,True,2
480,5,Harris,3,23,3,0,True,2
480,6,Harris,1,8,1,0,True,2
480,7,Harris,1,9,1,0,True,2
480,8,Harris,3,10,3,0,True,2
481,0,Harris,0,0,0,0,True,2
481,1,Harris,0,7,0,0,True,2
481,2,Harris,0,35,0,0,True,2
481,3,Harris,0,54,0,0,True,2
481,4,Harris,0,23,0,0,True,2
481,5,Harris,0,50,0,0,True,2
481,6,Harris,0,13,0,0,True,2
481,7,Harris,0,27,0,0,True,2
481,8,Harris,0,15,0,0,True,2
481,9,Harris,0,39,0,0,True,2
482,0,Harris,0,7,0,0,True,2
482,1,Harris,1,37,1,0,True,2
482,2,Harris,1,21,1,0,True,2
482,3,Harris,0,1,0,0,True,2
482,4,Harris,0,13,0,0,True,2
482,5,Harris,0,18,0,0,True,2
482,6,Harris,0,11,0,0,True,2
482,7,Harris,0,19,0,0,True,2
483,0,Harris,0,2,0,0,True,2
483,1,Harris,0,4,0,0,True,2
483,2,Harris,0,20,0,0,True,2
483,3,Harris,0,9,0,0,True,2
483,4,Harris,1,2,1,0,True,2
483,5,Harris,0,10,0,0,True,2
483,6,Harris,0,1,0,0,True,2
483,7,Harris,1,6,1,0,True,2
483,8,Harris,0,11,0,0,True,2
483,9,Harris,0,2,0,0,True,2
484,0,Harris,0,23,0,0,True,2
484,1,Harris,0,25,0,0,True,2
484,2,Harris,0,3,0,0,True,2
484,3,Harris,0,16,0,0,True,2
484,4,Harris,4,35,4,0,True,2
484,5,Harris,0,11,0,0,True,2
484,6,Harris,0,10,0,0,True,2
484,7,Harris,0,14,0,0,True,2
484,8,Harris,1,37,1,0,True,2
484,9,Harris,0,0,0,0,True,2
485,0,Harris,0,2,0,0,True,2
485,1,Harris,0,22,0,0,True,2
485,2,Harris,0,3,0,0,True,2
485,3,Harris,0,20,0,0,True,2
485,4,Harris,2,16,2,0,True,2
485,5,Harris,0,12,0,0,True,2
485,6,Harris,0,16,0,0,True,2
485,7,Harris,1,16,1,0,True,2
486,0,Harris,0,7,0,0,True,2
486,1,Harris,0,5,0,0,True,2
486,2,Harris,0,18,0,0,True,2
486,3,Harris,0,8,0,0,True,2
486,4,Harris,0,11,0,0,True,2
486,5,Harris,0,3,0,0,True,2
486,6,Harris,0,2,0,0,True,2
486,7,Harris,0,2,0,0,True,2
486,8,Harris,0,23,0,0,True,2
486,9,Harris,0,25,0,0,True,2
487,0,Harris,0,31,0,0,True,2
487,1,Harris,3,35,3,0,True,2
487,2,Harris,3,36,3,0,True,2
487,3,Harris,0,1,0,0,True,2
487,4,Harris,0,1,0,0,True,2
487,5,Harris,0,23,0,0,True,2
487,6,Harris,1,38,1,0,True,2
487,7,Harris,0,13,0,0,True,2
488,0,Harris,0,1,0,0,True,2
488,1,Harris,1,4,1,0,True,2
488,2,Harris,2,15,2,0,True,2
488,3,Harris,3,35,3,0,True,2
488,4,Harris,2,50,2,0,True,2
489,0,Harris,0,9,0,0,True,2
489,1,Harris,0,8,0,0,True,2
489,2,Harris,0,10,0,0,True,2
489,3,Harris,0,4,0,0,True,2
489,4,Harris,0,5,0,0,True,2
489,5,Harris,0,13,0,0,True,2
489,6,Harris,0,5,0,0,True,2
489,7,Harris,0,5,0,0,True,2
489,8,Harris,0,19,0,0,True,2
490,0,Harris,0,23,0,0,True,2
490,1,Harris,0,10,0,0,True,2
490,2,Harris,0,16,0,0,True,2
490,3,Harris,2,16,2,0,True,2
490,4,Harris,0,21,0,0,True,2
490,5,Harris,0,37,0,0,True,2
490,6,Harris,0,4,0,0,True,2
490,7,Harris,0,5,0,0,True,2
490,8,Harris,0,7,0,0,True,2
491,0,Harris,0,19,0,0,True,2
491,1,Harris,0,1,0,0,True,2
491,2,Harris,0,14,0,0,True,2
491,3,Harris,0,15,0,0,True,2
491,4,Harris,2,22,2,0,True,2
491,5,Harris,0,12,0,0,True,2
491,6,Harris,0,17,0,0,True,2
491,7,Harris,0,33,0,0,True,2
491,8,Harris,1,23,1,0,True,2
492,0,Harris,2,9,2,0,True,2
492,1,Harris,2,7,2,0,True,2
492,2,Harris,1,0,0,1,False,2
492,3,Harris,2,12,2,0,True,2
492,4,Harris,2,26,2,0,True,2
493,0,Harris,0,51,0,0,True,2
493,1,Harris,0,27,0,0,True,2
493,2,Harris,0,33,0,0,True,2
493,3,Harris,0,8,0,0,True,2
493,4,Harris,0,15,0,0,True,2
493,5,Harris,1,13,1,0,True,2
493,6,Harris,2,55,2,0,True,2
494,0,Harris,0,19,0,0,True,2
494,1,Harris,0,8,0,0,True,2
494,2,Harris,0,25,0,0,True,2
494,3,Harris,0,17,0,0,True,2
494,4,Harris,0,10,0,0,True,2
494,5,Harris,0,21,0,0,True,2
494,6,Harris,3,35,3,0,True,2
494,7,Harris,0,22,0,0,True,2
494,8,Harris,0,9,0,0,True,2
495,0,Harris,2,18,2,0,True,2
495,1,Harris,4,9,4,0,True,2
495,2,Harris,5,13,5,0,True,2
495,3,Harris,4,26,4,0,True,2
495,4,Harris,8,10,8,0,True,2
495,5,Harris,10,17,10,0,True,2
495,6,Harris,12,16,12,0,True,2
495,7,Harris,7,9,7,0,True,2
495,8,Harris,3,18,3,0,True,2
496,0,Harris,0,3,0,0,True,2
496,1,Harris,0,6,0,0,True,2
496,2,Harris,1,16,1,0,True,2
496,3,Harris,0,6,0,0,True,2
496,4,Harris,0,10,0,0,True,2
496,5,Harris,0,5,0,0,True,2
496,6,Harris,0,2,0,0,True,2
496,7,Harris,1,13,1,0,True,2
496,8,Harris,2,11,2,0,True,2
497,0,Harris,0,24,0,0,True,2
497,1,Harris,0,7,0,0,True,2
497,2,Harris,0,32,0,0,True,2
497,3,Harris,0,22,0,0,True,2
497,4,Harris,0,12,0,0,True,2
497,5,Harris,0,2,0,0,True,2
497,6,Harris,0,6,0,0,True,2
497,7,Harris,0,12,0,0,True,2
498,0,Harris,2,56,2,0,True,2
498,1,Harris,0,15,0,0,True,2
498,2,Harris,0,18,0,0,True,2
498,3,Harris,0,3,0,0,True,2
498,4,Harris,0,6,0,0,True,2
498,5,Harris,2,29,2,0,True,2
498,6,Harris,0,10,0,0,True,2
498,7,Harris,0,3,0,0,True,2
499,0,Harris,2,21,2,0,True,2
499,1,Harris,2,14,2,0,True,2
499,2,Harris,1,28,1,0,True,2
499,3,Harris,1,38,1,0,True,2
499,4,Harris,0,15,0,0,True,2
499,5,Harris,2,12,2,0,True,2
499,6,Harris,0,4,0,0,True,2
499,7,Harris,1,23,1,0,True,2
500,0,Harris,0,16,0,0,True,2
500,1,Harris,2,15,2,0,True,2
500,2,Harris,0,3,0,0,True,2
500,3,Harris,2,11,2,0,True,2
500,4,Harris,4,46,4,0,True,2
500,5,Harris,2,50,2,0,True,2
500,6,Harris,0,3,0,0,True,2
500,7,Harris,1,26,1,0,True,2
501,0,Harris,1,45,1,0,True,2
501,1,Harris,0,4,0,0,True,2
501,2,Harris,0,20,0,0,True,2
501,3,Harris,2,29,2,0,True,2
501,4,Harris,0,25,0,0,True,2
501,5,Harris,1,8,1,0,True,2
501,6,Harris,0,4,0,0,True,2
502,0,Harris,0,22,0,0,True,2
502,1,Harris,2,29,2,0,True,2
502,2,Harris,2,26,2,0,True,2
502,3,Harris,0,1,0,0,True,2
502,4,Harris,2,11,2,0,True,2
502,5,Harris,0,10,0,0,True,2
502,6,Harris,0,5,0,0,True,2
502,7,Harris,0,9,0,0,True,2
502,8,Harris,1,10,1,0,True,2
503,0,Harris,0,12,0,0,True,2
503,1,Harris,0,5,0,0,True,2
503,2,Harris,0,9,0,0,True,2
503,3,Harris,0,4,0,0,True,2
503,4,Harris,0,11,0,0,True,2
503,5,Harris,0,11,0,0,True,2
503,6,Harris,0,5,0,0,True,2
503,7,Harris,0,15,0,0,True,2
504,0,Harris,2,23,2,0,True,2
504,1,Harris,1,17,1,0,True,2
504,2,Harris,0,3,0,0,True,2
504,3,Harris,0,10,0,0,True,2
504,4,Harris,1,1,1,0,True,2
504,5,Harris,1,40,1,0,True,2
504,6,Harris,1,24,1,0,True,2
504,7,Harris,0,7,0,0,True,2
505,0,Harris,0,9,0,0,True,2
505,1,Harris,0,22,0,0,True,2
505,2,Harris,0,4,0,0,True,2
505,3,Harris,1,13,1,0,True,2
505,4,Harris,0,15,0,0,True,2
505,5,Harris,2,11,2,0,True,2
505,6,Harris,0,10,0,0,True,2
506,0,Harris,0,42,0,0,True,2
506,1,Harris,0,6,0,0,True,2
506,2,Harris,0,30,0,0,True,2
506,3,Harris,0,5,0,0,True,2
506,4,Harris,0,3,0,0,True,2
506,5,Harris,0,7,0,0,True,2
506,6,Harris,4,48,4,0,True,2
506,7,Harris,0,4,0,0,True,2
506,8,Harris,1,52,1,0,True,2
507,0,Harris,2,19,2,0,True,2
507,1,Harris,2,4,2,0,True,2
507,2,Harris,3,7,3,0,True,2
507,3,Harris,2,4,2,0,True,2
507,4,Harris,2,6,2,0,True,2
507,5,Harris,2,0,0,2,False,2
508,0,Harris,3,44,3,0,True,2
508,1,Harris,0,11,0,0,True,2
508,2,Harris,2,11,2,0,True,2
508,3,Harris,1,12,1,0,True,2
508,4,Harris,2,10,2,0,True,2
508,5,Harris,1,9,1,0,True,2
508,6,Harris,1,16,1,0,True,2
508,7,Harris,2,10,2,0,True,2
508,8,Harris,1,12,1,0,True,2
508,9,Harris,1,11,1,0,True,2
509,0,Harris,1,16,1,0,True,2
509,1,Harris,2,16,2,0,True,2
509,2,Harris,2,20,2,0,True,2
509,3,Harris,2,25,2,0,True,2
509,4,Harris,0,4,0,0,True,2
509,5,Harris,1,9,1,0,True,2
509,6,Harris,2,5,2,0,True,2
510,0,Harris,2,15,2,0,True,2
510,1,Harris,2,47,2,0,True,2
510,2,Harris,2,2,2,0,True,2
510,3,Harris,2,0,0,2,False,2
510,4,Harris,2,32,2,0,True,2
510,5,Harris,2,12,2,0,True,2
510,6,Harris,2,17,2,0,True,2
511,0,Harris,0,12,0,0,True,2
511,1,Harris,0,16,0,0,True,2
511,2,Harris,1,35,1,0,True,2
511,3,Harris,0,4,0,0,True,2
511,4,Harris,0,15,0,0,True,2
511,5,Harris,0,23,0,0,True,2
511,6,Harris,0,29,0,0,True,2
511,7,Harris,2,29,2,0,True,2
512,0,Harris,0,1,0,0,True,2
512,1,Harris,1,46,1,0,True,2
512,2,Harris,0,7,0,0,True,2
512,3,Harris,2,11,2,0,True,2
512,4,Harris,1,13,1,0,True,2
512,5,Harris,0,4,0,0,True,2
512,6,Harris,0,6,0,0,True,2
512,7,Harris,0,2,0,0,True,2
512,8,Harris,0,30,0,0,True,2
513,0,Harris,0,4,0,0,True,2
513,1,Harris,0,17,0,0,True,2
513,2,Harris,0,5,0,0,True,2
513,3,Harris,0,3,0,0,True,2
513,4,Harris,0,19,0,0,True,2
513,5,Harris,0,5,0,0,True,2
513,6,Harris,2,20,2,0,True,2
513,7,Harris,2,11,2,0,True,2
513,8,Harris,9,42,9,0,True,2
514,0,Harris,0,5,0,0,True,2
514,1,Harris,0,25,0,0,True,2
514,2,Harris,0,9,0,0,True,2
514,3,Harris,0,15,0,0,True,2
514,4,Harris,0,10,0,0,True,2
514,5,Harris,2,19,2,0,True,2
514,6,Harris,0,4,0,0,True,2
514,7,Harris,0,25,0,0,True,2
514,8,Harris,0,4,0,0,True,2
515,0,Harris,0,20,0,0,True,2
515,1,Harris,0,21,0,0,True,2
515,2,Harris,0,17,0,0,True,2
515,3,Harris,0,21,0,0,True,2
515,4,Harris,0,5,0,0,True,2
515,5,Harris,0,3,0,0,True,2
515,6,Harris,0,7,0,0,True,2
516,0,Harris,0,4,0,0,True,2
516,1,Harris,0,22,0,0,True,2
516,2,Harris,0,1,0,0,True,2
516,3,Harris,0,13,0,0,True,2
516,4,Harris,0,14,0,0,True,2
516,5,Harris,0,11,0,0,True,2
516,6,Harris,0,5,0,0,True,2
516,7,Harris,0,3,0,0,True,2
516,8,Harris,0,4,0,0,True,2
516,9,Harris,0,26,0,0,True,2
517,0,Harris,1,7,1,0,True,2
517,1,Harris,1,9,1,0,True,2
517,2,Harris,2,8,2,0,True,2
517,3,Harris,3,24,3,0,True,2
517,4,Harris,1,8,1,0,True,2
517,5,Harris,2,24,2,0,True,2
517,6,Harris,0,4,0,0,True,2
517,7,Harris,2,11,2,0,True,2
518,0,Harris,1,8,1,0,True,2
518,1,Harris,0,5,0,0,True,2
518,2,Harris,0,37,0,0,True,2
518,3,Harris,0,10,0,0,True,2
518,4,Harris,0,15,0,0,True,2
518,5,Harris,0,3,0,0,True,2
518,6,Harris,0,27,0,0,True,2
518,7,Harris,0,3,0,0,True,2
519,0,Harris,0,3,0,0,True,2
519,1,Harris,0,4,0,0,True,2
519,2,Harris,0,4,0,0,True,2
519,3,Harris,1,3,1,0,True,2
519,4,Harris,0,9,0,0,True,2
519,5,Harris,0,12,0,0,True,2
519,6,Harris,0,8,0,0,True,2
519,7,Harris,0,5,0,0,True,2
519,8,Harris,2,36,2,0,True,2
520,0,Harris,1,24,1,0,True,2
520,1,Harris,0,3,0,0,True,2
520,2,Harris,0,5,0,0,True,2
520,3,Harris,5,44,5,0,True,2
520,4,Harris,0,17,0,0,True,2
520,5,Harris,0,8,0,0,True,2
520,6,Harris,0,21,0,0,True,2
521,0,Harris,0,7,0,0,True,2
521,1,Harris,0,4,0,0,True,2
521,2,Harris,0,9,0,0,True,2
521,3,Harris,2,29,2,0,True,2
521,4,Harris,2,14,2,0,True,2
521,5,Harris,2,10,2,0,True,2
521,6,Harris,2,45,2,0,True,2
522,0,Harris,2,11,2,0,True,2
522,1,Harris,0,6,0,0,True,2
522,2,Harris,2,54,2,0,True,2
522,3,Harris,2,31,2,0,True,2
522,4,Harris,2,45,2,0,True,2
522,5,Harris,5,5,5,0,True,2
522,6,Harris,1,2,1,0,True,2
522,7,Harris,2,26,2,0,True,2
523,0,Harris,0,29,0,0,True,2
523,1,Harris,1,8,1,0,True,2
523,2,Harris,0,5,0,0,True,2
523,3,Harris,0,18,0,0,True,2
523,4,Harris,0,13,0,0,True,2
523,5,Harris,0,3,0,0,True,2
523,6,Harris,0,12,0,0,True,2
523,7,Harris,0,4,0,0,True,2
523,8,Harris,0,10,0,0,True,2
524,0,Harris,0,25,0,0,True,2
524,1,Harris,0,27,0,0,True,2
524,2,Harris,0,17,0,0,True,2
524,3,Harris,0,3,0,0,True,2
524,4,Harris,0,4,0,0,True,2
524,5,Harris,0,2,0,0,True,2
524,6,Harris,0,12,0,0,True,2
524,7,Harris,0,11,0,0,True,2
524,8,Harris,0,16,0,0,True,2
525,0,Harris,2,31,2,0,True,2
525,1,Harris,2,11,2,0,True,2
525,2,Harris,2,51,2,0,True,2
525,3,Harris,0,22,0,0,True,2
525,4,Harris,0,7,0,0,True,2
525,5,Harris,2,50,2,0,True,2
525,6,Harris,1,9,1,0,True,2
525,7,Harris,0,5,0,0,True,2
526,0,Harris,0,38,0,0,True,2
526,1,Harris,0,10,0,0,True,2
526,2,Harris,0,11,0,0,True,2
526,3,Harris,0,12,0,0,True,2
526,4,Harris,0,26,0,0,True,2
526,5,Harris,1,33,1,0,True,2
526,6,Harris,0,22,0,0,True,2
526,7,Harris,0,15,0,0,True,2
526,8,Harris,0,18,0,0,True,2
527,0,Harris,0,44,0,0,True,2
527,1,Harris,0,8,0,0,True,2
527,2,Harris,0,18,0,0,True,2
527,3,Harris,0,8,0,0,True,2
527,4,Harris,0,1,0,0,True,2
527,5,Harris,0,4,0,0,True,2
527,6,Harris,0,1,0,0,True,2
527,7,Harris,0,7,0,0,True,2
527,8,Harris,2,15,2,0,True,2
527,9,Harris,0,8,0,0,True,2
528,0,Harris,2,36,2,0,True,2
528,1,Harris,0,55,0,0,True,2
528,2,Harris,0,5,0,0,True,2
528,3,Harris,2,50,2,0,True,2
528,4,Harris,1,16,1,0,True,2
528,5,Harris,0,10,0,0,True,2
528,6,Harris,0,28,0,0,True,2
528,7,Harris,1,22,1,0,True,2
529,0,Harris,0,4,0,0,True,2
529,1,Harris,1,4,1,0,True,2
529,2,Harris,0,5,0,0,True,2
529,3,Harris,0,25,0,0,True,2
529,4,Harris,0,6,0,0,True,2
529,5,Harris,0,1,0,0,True,2
529,6,Harris,0,7,0,0,True,2
529,7,Harris,0,11,0,0,True,2
529,8,Harris,0,3,0,0,True,2
530,0,Harris,0,6,0,0,True,2
530,1,Harris,0,10,0,0,True,2
530,2,Harris,0,2,0,0,True,2
530,3,Harris,0,18,0,0,True,2
530,4,Harris,0,5,0,0,True,2
530,5,Harris,0,1,0,0,True,2
530,6,Harris,0,1,0,0,True,2
530,7,Harris,0,3,0,0,True,2
531,0,Harris,0,5,0,0,True,2
531,1,Harris,0,4,0,0,True,2
531,2,Harris,0,1,0,0,True,2
531,3,Harris,0,15,0,0,True,2
531,4,Harris,2,21,2,0,True,2
531,5,Harris,2,11,2,0,True,2
531,6,Harris,2,50,2,0,True,2
531,7,Harris,2,25,2,0,True,2
531,8,Harris,0,3,0,0,True,2
532,0,Harris,1,4,1,0,True,2
532,1,Harris,2,11,2,0,True,2
532,2,Harris,0,17,0,0,True,2
532,3,Harris,0,4,0,0,True,2
532,4,Harris,1,31,1,0,True,2
532,5,Harris,0,19,0,0,True,2
532,6,Harris,0,6,0,0,True,2
533,0,Harris,0,23,0,0,True,2
533,1,Harris,0,34,0,0,True,2
533,2,Harris,0,17,0,0,True,2
533,3,Harris,0,16,0,0,True,2
533,4,Harris,1,21,1,0,True,2
534,0,Harris,2,44,2,0,True,2
534,1,Harris,4,7,4,0,True,2
534,2,Harris,3,35,3,0,True,2
534,3,Harris,2,30,2,0,True,2
534,4,Harris,4,39,4,0,True,2
534,5,Harris,4,48,4,0,True,2
534,6,Harris,1,5,1,0,True,2
535,0,Harris,2,11,2,0,True,2
535,1,Harris,0,5,0,0,True,2
535,2,Harris,2,4,2,0,True,2
535,3,Harris,2,9,2,0,True,2
535,4,Harris,2,8,2,0,True,2
535,5,Harris,1,7,1,0,True,2
535,6,Harris,1,12,1,0,True,2
535,7,Harris,3,12,3,0,True,2
536,0,Harris,0,26,0,0,True,2
536,1,Harris,0,6,0,0,True,2
536,2,Harris,0,16,0,0,True,2
536,3,Harris,2,26,2,0,True,2
536,4,Harris,0,11,0,0,True,2
536,5,Harris,0,9,0,0,True,2
536,6,Harris,2,29,2,0,True,2
536,7,Harris,0,4,0,0,True,2
536,8,Harris,2,11,2,0,True,2
536,9,Harris,0,3,0,0,True,2
537,0,Harris,0,2,0,0,True,2
537,1,Harris,1,9,1,0,True,2
537,2,Harris,0,9,0,0,True,2
537,3,Harris,1,5,1,0,True,2
537,4,Harris,0,17,0,0,True,2
537,5,Harris,0,5,0,0,True,2
537,6,Harris,0,27,0,0,True,2
537,7,Harris,0,3,0,0,True,2
537,8,Harris,0,26,0,0,True,2
538,0,Harris,1,0,0,1,False,2
538,1,Harris,1,48,1,0,True,2
538,2,Harris,0,10,0,0,True,2
538,3,Harris,0,7,0,0,True,2
538,4,Harris,0,6,0,0,True,2
538,5,Harris,0,14,0,0,True,2
538,6,Harris,0,0,0,0,True,2
539,0,Harris,1,14,1,0,True,2
539,1,Harris,1,3,1,0,True,2
539,2,Harris,1,1,1,0,True,2
539,3,Harris,1,3,1,0,True,2
539,4,Harris,1,5,1,0,True,2
539,5,Harris,1,5,1,0,True,2
540,0,Harris,0,5,0,0,True,2
540,1,Harris,0,3,0,0,True,2
540,2,Harris,0,1,0,0,True,2
540,3,Harris,1,44,1,0,True,2
540,4,Harris,0,3,0,0,True,2
540,5,Harris,2,25,2,0,True,2
540,6,Harris,0,11,0,0,True,2
540,7,Harris,0,11,0,0,True,2
540,8,Harris,3,18,3,0,True,2
541,0,Harris,0,3,0,0,True,2
541,1,Harris,1,8,1,0,True,2
541,2,Harris,1,4,1,0,True,2
541,3,Harris,1,0,0,1,False,2
541,4,Harris,2,13,2,0,True,2
541,5,Harris,0,33,0,0,True,2
541,6,Harris,2,17,2,0,True,2
541,7,Harris,1,4,1,0,True,2
542,0,Harris,2,20,2,0,True,2
542,1,Harris,0,3,0,0,True,2
542,2,Harris,2,14,2,0,True,2
542,3,Harris,1,46,1,0,True,2
542,4,Harris,0,8,0,0,True,2
542,5,Harris,0,4,0,0,True,2
542,6,Harris,2,11,2,0,True,2
543,0,Harris,0,8,0,0,True,2
543,1,Harris,1,6,1,0,True,2
543,2,Harris,2,25,2,0,True,2
543,3,Harris,2,29,2,0,True,2
543,4,Harris,2,11,2,0,True,2
543,5,Harris,0,16,0,0,True,2
543,6,Harris,1,19,1,0,True,2
544,0,Harris,0,14,0,0,True,2
544,1,Harris,0,38,0,0,True,2
544,2,Harris,0,8,0,0,True,2
544,3,Harris,0,4,0,0,True,2
544,4,Harris,2,14,2,0,True,2
544,5,Harris,1,8,1,0,True,2
544,6,Harris,0,3,0,0,True,2
544,7,Harris,0,5,0,0,True,2
544,8,Harris,2,15,2,0,True,2
545,0,Harris,1,16,1,0,True,2
545,1,Harris,2,20,2,0,True,2
545,2,Harris,3,8,3,0,True,2
545,3,Harris,1,19,1,0,True,2
545,4,Harris,0,36,0,0,True,2
545,5,Harris,2,7,2,0,True,2
545,6,Harris,0,4,0,0,True,2
545,7,Harris,1,38,1,0,True,2
546,0,Harris,2,28,2,0,True,2
546,1,Harris,2,9,2,0,True,2
546,2,Harris,2,49,2,0,True,2
546,3,Harris,2,50,2,0,True,2
546,4,Harris,2,38,2,0,True,2
546,5,Harris,2,8,2,0,True,2
546,6,Harris,2,25,2,0,True,2
547,0,Harris,2,13,2,0,True,2
547,1,Harris,2,20,2,0,True,2
547,2,Harris,2,28,2,0,True,2
547,3,Harris,1,18,1,0,True,2
547,4,Harris,2,12,2,0,True,2
547,5,Harris,1,9,1,0,True,2
548,0,Harris,0,34,0,0,True,2
548,1,Harris,0,8,0,0,True,2
548,2,Harris,0,3,0,0,True,2
548,3,Harris,2,29,2,0,True,2
548,4,Harris,0,8,0,0,True,2
548,5,Harris,2,29,2,0,True,2
548,6,Harris,2,28,2,0,True,2
548,7,Harris,0,4,0,0,True,2
548,8,Harris,2,25,2,0,True,2
549,0,Harris,3,44,3,0,True,2
549,1,Harris,2,15,2,0,True,2
549,2,Harris,1,20,1,0,True,2
549,3,Harris,0,2,0,0,True,2
549,4,Harris,1,1,1,0,True,2
549,5,Harris,0,4,0,0,True,2
549,6,Harris,0,0,0,0,True,2
550,0,Harris,2,14,2,0,True,2
550,1,Harris,2,3,2,0,True,2
550,2,Harris,2,7,2,0,True,2
550,3,Harris,1,15,1,0,True,2
550,4,Harris,3,12,3,0,True,2
550,5,Harris,3,27,3,0,True,2
550,6,Harris,1,2,1,0,True,2
551,0,Harris,1,5,1,0,True,2
551,1,Harris,1,23,1,0,True,2
551,2,Harris,2,0,0,2,False,2
551,3,Harris,2,4,2,0,True,2
551,4,Harris,2,4,2,0,True,2
551,5,Harris,1,16,1,0,True,2
551,6,Harris,1,17,1,0,True,2
552,0,Harris,1,9,1,0,True,2
552,1,Harris,2,25,2,0,True,2
552,2,Harris,4,41,4,0,True,2
552,3,Harris,1,29,1,0,True,2
552,4,Harris,3,24,3,0,True,2
552,5,Harris,1,43,1,0,True,2
552,6,Harris,2,17,2,0,True,2
552,7,Harris,4,46,4,0,True,2
552,8,Harris,2,17,2,0,True,2
553,0,Harris,0,12,0,0,True,2
553,1,Harris,2,9,2,0,True,2
553,2,Harris,3,11,3,0,True,2
553,3,Harris,2,9,2,0,True,2
553,4,Harris,3,9,3,0,True,2
553,5,Harris,4,9,4,0,True,2
554,0,Harris,1,40,1,0,True,2
554,1,Harris,1,43,1,0,True,2
554,2,Harris,1,25,1,0,True,2
554,3,Harris,2,13,2,0,True,2
554,4,Harris,2,24,2,0,True,2
554,5,Harris,2,17,2,0,True,2
554,6,Harris,3,50,3,0,True,2
554,7,Harris,1,32,1,0,True,2
555,0,Harris,0,42,0,0,True,2
555,1,Harris,2,51,2,0,True,2
555,2,Harris,2,48,2,0,True,2
555,3,Harris,3,43,3,0,True,2
555,4,Harris,0,11,0,0,True,2
555,5,Harris,0,23,0,0,True,2
555,6,Harris,0,7,0,0,True,2
555,7,Harris,0,3,0,0,True,2
556,0,Harris,1,12,1,0,True,2
556,1,Harris,1,3,1,0,True,2
556,2,Harris,1,6,1,0,True,2
556,3,Harris,2,3,2,0,True,2
556,4,Harris,3,4,3,0,True,2
556,5,Harris,3,5,3,0,True,2
556,6,Harris,2,3,2,0,True,2
557,0,Harris,0,12,0,0,True,2
557,1,Harris,1,10,1,0,True,2
557,2,Harris,1,18,1,0,True,2
557,3,Harris,0,9,0,0,True,2
557,4,Harris,0,50,0,0,True,2
557,5,Harris,0,15,0,0,True,2
557,6,Harris,0,14,0,0,True,2
557,7,Harris,1,52,1,0,True,2
557,8,Harris,0,8,0,0,True,2
558,0,Harris,1,8,1,0,True,2
558,1,Harris,0,7,0,0,True,2
558,2,Harris,1,15,1,0,True,2
558,3,Harris,0,25,0,0,True,2
558,4,Harris,0,5,0,0,True,2
558,5,Harris,0,6,0,0,True,2
558,6,Harris,0,6,0,0,True,2
558,7,Harris,0,5,0,0,True,2
558,8,Harris,1,10,1,0,True,2
559,0,Harris,0,6,0,0,True,2
559,1,Harris,0,17,0,0,True,2
559,2,Harris,0,7,0,0,True,2
559,3,Harris,0,2,0,0,True,2
559,4,Harris,0,28,0,0,True,2
559,5,Harris,0,24,0,0,True,2
559,6,Harris,0,4,0,0,True,2
559,7,Harris,0,10,0,0,True,2
560,0,Harris,1,34,1,0,True,2
560,1,Harris,2,13,2,0,True,2
560,2,Harris,0,9,0,0,True,2
560,3,Harris,1,12,1,0,True,2
560,4,Harris,3,27,3,0,True,2
560,5,Harris,2,12,2,0,True,2
560,6,Harris,1,6,1,0,True,2
561,0,Harris,0,3,0,0,True,2
561,1,Harris,0,23,0,0,True,2
561,2,Harris,0,7,0,0,True,2
561,3,Harris,0,7,0,0,True,2
561,4,Harris,3,51,3,0,True,2
561,5,Harris,0,9,0,0,True,2
561,6,Harris,1,37,1,0,True,2
561,7,Harris,2,12,2,0,True,2
562,0,Harris,4,31,4,0,True,2
562,1,Harris,0,27,0,0,True,2
562,2,Harris,0,4,0,0,True,2
562,3,Harris,0,7,0,0,True,2
562,4,Harris,1,23,1,0,True,2
562,5,Harris,2,38,2,0,True,2
562,6,Harris,1,5,1,0,True,2
562,7,Harris,0,5,0,0,True,2
563,0,Harris,0,18,0,0,True,2
563,1,Harris,2,57,2,0,True,2
563,2,Harris,0,6,0,0,True,2
563,3,Harris,0,3,0,0,True,2
563,4,Harris,0,18,0,0,True,2
563,5,Harris,2,8,2,0,True,2
564,0,Harris,2,50,2,0,True,2
564,1,Harris,0,20,0,0,True,2
564,2,Harris,1,8,1,0,True,2
564,3,Harris,1,12,1,0,True,2
564,4,Harris,0,27,0,0,True,2
564,5,Harris,1,35,1,0,True,2
564,6,Harris,1,40,1,0,True,2
564,7,Harris,0,4,0,0,True,2
565,0,Harris,2,10,2,0,True,2
565,1,Harris,5,15,5,0,True,2
565,2,Harris,3,35,3,0,True,2
565,3,Harris,7,18,7,0,True,2
565,4,Harris,0,18,0,0,True,2
565,5,Harris,0,13,0,0,True,2
566,0,Harris,1,1,1,0,True,2
566,1,Harris,2,11,2,0,True,2
566,2,Harris,2,9,2,0,True,2
566,3,Harris,0,2,0,0,True,2
566,4,Harris,0,9,0,0,True,2
566,5,Harris,0,2,0,0,True,2
566,6,Harris,0,17,0,0,True,2
566,7,Harris,0,9,0,0,True,2
566,8,Harris,0,5,0,0,True,2
567,0,Harris,1,24,1,0,True,2
567,1,Harris,2,40,2,0,True,2
567,2,Harris,1,33,1,0,True,2
567,3,Harris,4,45,4,0,True,2
567,4,Harris,4,30,4,0,True,2
567,5,Harris,1,19,1,0,True,2
567,6,Harris,0,12,0,0,True,2
568,0,Harris,4,23,4,0,True,2
568,1,Harris,0,25,0,0,True,2
568,2,Harris,1,32,1,0,True,2
568,3,Harris,0,33,0,0,True,2
568,4,Harris,0,4,0,0,True,2
568,5,Harris,0,3,0,0,True,2
568,6,Harris,0,5,0,0,True,2
569,0,Harris,0,5,0,0,True,2
569,1,Harris,0,14,0,0,True,2
569,2,Harris,0,9,0,0,True,2
569,3,Harris,0,4,0,0,True,2
569,4,Harris,2,44,2,0,True,2
569,5,Harris,1,26,1,0,True,2
569,6,Harris,2,24,2,0,True,2
569,7,Harris,0,3,0,0,True,2
569,8,Harris,0,5,0,0,True,2
570,0,Harris,2,12,2,0,True,2
570,1,Harris,5,22,5,0,True,2
570,2,Harris,2,43,2,0,True,2
570,3,Harris,2,5,2,0,True,2
570,4,Harris,1,3,1,0,True,2
570,5,Harris,4,9,4,0,True,2
571,0,Harris,2,12,2,0,True,2
571,1,Harris,1,43,1,0,True,2
571,2,Harris,3,17,3,0,True,2
571,3,Harris,4,19,4,0,True,2
571,4,Harris,1,18,1,0,True,2
571,5,Harris,3,30,3,0,True,2
571,6,Harris,4,16,4,0,True,2
571,7,Harris,3,16,3,0,True,2
572,0,Harris,0,17,0,0,True,2
572,1,Harris,0,15,0,0,True,2
572,2,Harris,1,25,1,0,True,2
572,3,Harris,0,11,0,0,True,2
572,4,Harris,0,21,0,0,True,2
572,5,Harris,0,15,0,0,True,2
572,6,Harris,0,2,0,0,True,2
572,7,Harris,0,1,0,0,True,2
573,0,Harris,1,43,1,0,True,2
573,1,Harris,2,35,2,0,True,2
573,2,Harris,1,28,1,0,True,2
573,3,Harris,2,25,2,0,True,2
573,4,Harris,2,6,2,0,True,2
573,5,Harris,1,15,1,0,True,2
573,6,Harris,1,4,1,0,True,2
573,7,Harris,0,14,0,0,True,2
574,0,Harris,0,10,0,0,True,2
574,1,Harris,2,11,2,0,True,2
574,2,Harris,1,12,1,0,True,2
574,3,Harris,2,28,2,0,True,2
574,4,Harris,0,32,0,0,True,2
574,5,Harris,4,36,4,0,True,2
574,6,Harris,2,13,2,0,True,2
574,7,Harris,0,4,0,0,True,2
575,0,Harris,1,22,1,0,True,2
575,1,Harris,1,3,1,0,True,2
575,2,Harris,1,3,1,0,True,2
575,3,Harris,1,42,1,0,True,2
575,4,Harris,1,31,1,0,True,2
575,5,Harris,4,20,4,0,True,2
575,6,Harris,1,11,1,0,True,2
575,7,Harris,0,2,0,0,True,2
576,0,Harris,2,6,2,0,True,2
576,1,Harris,1,5,1,0,True,2
576,2,Harris,3,32,3,0,True,2
576,3,Harris,2,16,2,0,True,2
576,4,Harris,0,9,0,0,True,2
576,5,Harris,0,22,0,0,True,2
576,6,Harris,3,13,3,0,True,2
577,0,Harris,0,10,0,0,True,2
577,1,Harris,4,34,4,0,True,2
577,2,Harris,2,34,2,0,True,2
577,3,Harris,1,14,1,0,True,2
577,4,Harris,2,10,2,0,True,2
577,5,Harris,3,51,3,0,True,2
578,0,Harris,0,2,0,0,True,2
578,1,Harris,0,2,0,0,True,2
578,2,Harris,0,2,0,0,True,2
578,3,Harris,0,3,0,0,True,2
578,4,Harris,1,25,1,0,True,2
578,5,Harris,0,10,0,0,True,2
579,0,Harris,2,14,2,0,True,2
579,1,Harris,2,21,2,0,True,2
579,2,Harris,3,45,3,0,True,2
579,3,Harris,5,26,5,0,True,2
579,4,Harris,2,14,2,0,True,2
579,5,Harris,1,10,1,0,True,2
579,6,Harris,3,8,3,0,True,2
580,0,Harris,0,25,0,0,True,2
580,1,Harris,1,19,1,0,True,2
580,2,Harris,0,12,0,0,True,2
580,3,Harris,2,25,2,0,True,2
580,4,Harris,0,11,0,0,True,2
580,5,Harris,1,5,1,0,True,2
580,6,Harris,2,26,2,0,True,2
580,7,Harris,0,19,0,0,True,2
581,0,Harris,1,50,1,0,True,2
581,1,Harris,0,10,0,0,True,2
581,2,Harris,0,11,0,0,True,2
581,3,Harris,0,47,0,0,True,2
581,4,Harris,0,2,0,0,True,2
581,5,Harris,0,5,0,0,True,2
581,6,Harris,0,28,0,0,True,2
582,0,Harris,2,10,2,0,True,2
582,1,Harris,2,18,2,0,True,2
582,2,Harris,2,9,2,0,True,2
582,3,Harris,1,6,1,0,True,2
582,4,Harris,2,13,2,0,True,2
582,5,Harris,1,14,1,0,True,2
582,6,Harris,2,3,2,0,True,2
582,7,Harris,2,15,2,0,True,2
583,0,Harris,2,25,2,0,True,2
583,1,Harris,2,3,2,0,True,2
583,2,Harris,2,12,2,0,True,2
583,3,Harris,1,4,1,0,True,2
583,4,Harris,5,31,5,0,True,2
583,5,Harris,1,38,1,0,True,2
583,6,Harris,5,22,5,0,True,2
584,0,Harris,2,5,2,0,True,2
584,1,Harris,2,2,2,0,True,2
584,2,Harris,2,2,2,0,True,2
584,3,Harris,1,14,1,0,True,2
584,4,Harris,2,3,2,0,True,2
585,0,Harris,0,33,0,0,True,2
585,1,Harris,0,3,0,0,True,2
585,2,Harris,0,17,0,0,True,2
585,3,Harris,1,0,0,1,False,2
585,4,Harris,0,3,0,0,True,2
585,5,Harris,1,5,1,0,True,2
585,6,Harris,0,8,0,0,True,2
585,7,Harris,0,10,0,0,True,2
586,0,Harris,2,26,2,0,True,2
586,1,Harris,0,10,0,0,True,2
586,2,Harris,0,14,0,0,True,2
586,3,Harris,0,6,0,0,True,2
586,4,Harris,0,15,0,0,True,2
586,5,Harris,0,7,0,0,True,2
586,6,Harris,2,47,2,0,True,2
586,7,Harris,2,50,2,0,True,2
586,8,Harris,1,18,1,0,True,2
587,0,Harris,1,58,1,0,True,2
587,1,Harris,2,49,2,0,True,2
587,2,Harris,1,19,1,0,True,2
587,3,Harris,1,14,1,0,True,2
587,4,Harris,1,47,1,0,True,2
587,5,Harris,0,12,0,0,True,2
587,6,Harris,0,10,0,0,True,2
587,7,Harris,0,6,0,0,True,2
587,8,Harris,0,3,0,0,True,2
588,0,Harris,1,27,1,0,True,2
588,1,Harris,0,20,0,0,True,2
588,2,Harris,0,38,0,0,True,2
588,3,Harris,0,10,0,0,True,2
588,4,Harris,0,19,0,0,True,2
589,0,Harris,1,46,1,0,True,2
589,1,Harris,3,43,3,0,True,2
589,2,Harris,3,49,3,0,True,2
589,3,Harris,1,45,1,0,True,2
589,4,Harris,0,4,0,0,True,2
589,5,Harris,0,4,0,0,True,2
589,6,Harris,2,18,2,0,True,2
589,7,Harris,0,5,0,0,True,2
590,0,Harris,1,36,1,0,True,2
590,1,Harris,0,2,0,0,True,2
590,2,Harris,2,3,2,0,True,2
590,3,Harris,1,5,1,0,True,2
590,4,Harris,2,2,2,0,True,2
590,5,Harris,2,14,2,0,True,2
591,0,Harris,1,2,1,0,True,2
591,1,Harris,2,46,2,0,True,2
591,2,Harris,1,1,1,0,True,2
591,3,Harris,2,15,2,0,True,2
591,4,Harris,2,20,2,0,True,2
591,5,Harris,2,13,2,0,True,2
592,0,Harris,2,23,2,0,True,2
592,1,Harris,0,9,0,0,True,2
592,2,Harris,2,28,2,0,True,2
592,3,Harris,0,6,0,0,True,2
592,4,Harris,0,4,0,0,True,2
592,5,Harris,2,4,2,0,True,2
593,0,Harris,2,44,2,0,True,2
593,1,Harris,0,4,0,0,True,2
593,2,Harris,0,23,0,0,True,2
593,3,Harris,1,27,1,0,True,2
593,4,Harris,0,12,0,0,True,2
593,5,Harris,0,4,0,0,True,2
593,6,Harris,2,10,2,0,True,2
593,7,Harris,0,17,0,0,True,2
594,0,Harris,0,2,0,0,True,2
594,1,Harris,0,12,0,0,True,2
594,2,Harris,2,20,2,0,True,2
594,3,Harris,0,23,0,0,True,2
594,4,Harris,0,5,0,0,True,2
594,5,Harris,1,6,1,0,True,2
594,6,Harris,2,20,2,0,True,2
595,0,Harris,0,1,0,0,True,2
595,1,Harris,0,6,0,0,True,2
595,2,Harris,0,13,0,0,True,2
595,3,Harris,0,7,0,0,True,2
595,4,Harris,0,4,0,0,True,2
596,0,Harris,1,20,1,0,True,2
596,1,Harris,0,17,0,0,True,2
596,2,Harris,0,14,0,0,True,2
596,3,Harris,0,7,0,0,True,2
596,4,Harris,0,3,0,0,True,2
596,5,Harris,0,13,0,0,True,2
596,6,Harris,0,8,0,0,True,2
596,7,Harris,0,8,0,0,True,2
596,8,Harris,0,4,0,0,True,2
597,0,Harris,0,2,0,0,True,2
597,1,Harris,0,25,0,0,True,2
597,2,Harris,1,18,1,0,True,2
597,3,Harris,0,10,0,0,True,2
597,4,Harris,0,11,0,0,True,2
597,5,Harris,0,2,0,0,True,2
597,6,Harris,0,6,0,0,True,2
597,7,Harris,0,52,0,0,True,2
597,8,Harris,0,12,0,0,True,2
597,9,Harris,2,34,2,0,True,2
598,0,Harris,0,22,0,0,True,2
598,1,Harris,0,12,0,0,True,2
598,2,Harris,0,25,0,0,True,2
598,3,Harris,3,44,3,0,True,2
598,4,Harris,0,4,0,0,True,2
598,5,Harris,0,18,0,0,True,2
598,6,Harris,2,16,2,0,True,2
598,7,Harris,4,16,4,0,True,2
599,0,Harris,1,50,1,0,True,2
599,1,Harris,0,32,0,0,True,2
599,2,Harris,0,28,0,0,True,2
599,3,Harris,0,39,0,0,True,2
599,4,Harris,0,34,0,0,True,2
599,5,Harris,1,55,1,0,True,2
599,6,Harris,0,20,0,0,True,2
600,0,Harris,1,23,1,0,True,2
600,1,Harris,0,17,0,0,True,2
600,2,Harris,0,27,0,0,True,2
600,3,Harris,0,10,0,0,True,2
600,4,Harris,0,6,0,0,True,2
600,5,Harris,0,9,0,0,True,2
600,6,Harris,0,5,0,0,True,2
600,7,Harris,1,23,1,0,True,2
601,0,Harris,2,24,2,0,True,2
601,1,Harris,2,13,2,0,True,2
601,2,Harris,2,19,2,0,True,2
601,3,Harris,3,20,3,0,True,2
601,4,Harris,2,21,2,0,True,2
601,5,Harris,2,28,2,0,True,2
601,6,Harris,2,26,2,0,True,2
602,0,Harris,2,12,2,0,True,2
602,1,Harris,2,26,2,0,True,2
602,2,Harris,0,25,0,0,True,2
602,3,Harris,2,32,2,0,True,2
602,4,Harris,0,10,0,0,True,2
602,5,Harris,0,24,0,0,True,2
602,6,Harris,0,28,0,0,True,2
602,7,Harris,3,14,3,0,True,2
603,0,Harris,0,2,0,0,True,2
603,1,Harris,1,46,1,0,True,2
603,2,Harris,0,50,0,0,True,2
603,3,Harris,0,23,0,0,True,2
603,4,Harris,0,5,0,0,True,2
603,5,Harris,0,6,0,0,True,2
603,6,Harris,0,40,0,0,True,2
603,7,Harris,0,1,0,0,True,2
603,8,Harris,0,1,0,0,True,2
603,9,Harris,0,7,0,0,True,2
604,0,Harris,0,8,0,0,True,2
604,1,Harris,0,13,0,0,True,2
604,2,Harris,0,10,0,0,True,2
604,3,Harris,2,9,2,0,True,2
604,4,Harris,0,29,0,0,True,2
604,5,Harris,2,51,2,0,True,2
604,6,Harris,0,6,0,0,True,2
605,0,Harris,0,2,0,0,True,2
605,1,Harris,0,1,0,0,True,2
605,2,Harris,0,12,0,0,True,2
605,3,Harris,0,4,0,0,True,2
605,4,Harris,0,16,0,0,True,2
605,5,Harris,0,2,0,0,True,2
605,6,Harris,0,12,0,0,True,2
605,7,Harris,0,10,0,0,True,2
605,8,Harris,0,4,0,0,True,2
606,0,Harris,2,39,2,0,True,2
606,1,Harris,1,6,1,0,True,2
606,2,Harris,2,35,2,0,True,2
606,3,Harris,2,17,2,0,True,2
606,4,Harris,1,3,1,0,True,2
606,5,Harris,1,42,1,0,True,2
606,6,Harris,4,21,4,0,True,2
606,7,Harris,2,17,2,0,True,2
606,8,Harris,1,12,1,0,True,2
606,9,Harris,2,10,2,0,True,2
607,0,Harris,1,16,1,0,True,2
607,1,Harris,1,9,1,0,True,2
607,2,Harris,0,23,0,0,True,2
607,3,Harris,2,14,2,0,True,2
607,4,Harris,0,4,0,0,True,2
607,5,Harris,0,2,0,0,True,2
607,6,Harris,1,24,1,0,True,2
607,7,Harris,2,29,2,0,True,2
608,0,Harris,2,26,2,0,True,2
608,1,Harris,0,8,0,0,True,2
608,2,Harris,2,29,2,0,True,2
608,3,Harris,0,13,0,0,True,2
608,4,Harris,0,25,0,0,True,2
608,5,Harris,0,20,0,0,True,2
608,6,Harris,1,6,1,0,True,2
608,7,Harris,0,2,0,0,True,2
609,0,Harris,1,12,1,0,True,2
609,1,Harris,0,7,0,0,True,2
609,2,Harris,0,1,0,0,True,2
609,3,Harris,1,49,1,0,True,2
609,4,Harris,0,5,0,0,True,2
609,5,Harris,1,24,1,0,True,2
609,6,Harris,2,23,2,0,True,2
610,0,Harris,0,3,0,0,True,2
610,1,Harris,0,35,0,0,True,2
610,2,Harris,0,25,0,0,True,2
610,3,Harris,0,4,0,0,True,2
610,4,Harris,0,23,0,0,True,2
610,5,Harris,0,8,0,0,True,2
610,6,Harris,0,0,0,0,True,2
610,7,Harris,0,8,0,0,True,2
611,0,Harris,2,24,2,0,True,2
611,1,Harris,0,5,0,0,True,2
611,2,Harris,0,26,0,0,True,2
611,3,Harris,0,4,0,0,True,2
611,4,Harris,0,2,0,0,True,2
611,5,Harris,0,12,0,0,True,2
611,6,Harris,0,18,0,0,True,2
612,0,Harris,0,8,0,0,True,2
612,1,Harris,0,5,0,0,True,2
612,2,Harris,0,3,0,0,True,2
612,3,Harris,0,9,0,0,True,2
612,4,Harris,0,15,0,0,True,2
612,5,Harris,0,6,0,0,True,2
612,6,Harris,2,11,2,0,True,2
612,7,Harris,0,8,0,0,True,2
613,0,Harris,0,16,0,0,True,2
613,1,Harris,0,1,0,0,True,2
613,2,Harris,0,5,0,0,True,2
613,3,Harris,0,3,0,0,True,2
613,4,Harris,0,0,0,0,True,2
613,5,Harris,0,46,0,0,True,2
613,6,Harris,0,3,0,0,True,2
613,7,Harris,0,1,0,0,True,2
614,0,Harris,0,6,0,0,True,2
614,1,Harris,0,23,0,0,True,2
614,2,Harris,0,2,0,0,True,2
614,3,Harris,6,42,6,0,True,2
614,4,Harris,2,28,2,0,True,2
614,5,Harris,0,2,0,0,True,2
614,6,Harris,1,11,1,0,True,2
614,7,Harris,0,4,0,0,True,2
614,8,Harris,0,13,0,0,True,2
615,0,Harris,0,6,0,0,True,2
615,1,Harris,0,50,0,0,True,2
615,2,Harris,0,4,0,0,True,2
615,3,Harris,0,0,0,0,True,2
615,4,Harris,0,17,0,0,True,2
615,5,Harris,0,20,0,0,True,2
616,0,Harris,0,19,0,0,True,2
616,1,Harris,0,5,0,0,True,2
616,2,Harris,1,31,1,0,True,2
616,3,Harris,0,16,0,0,True,2
616,4,Harris,0,23,0,0,True,2
616,5,Harris,0,5,0,0,True,2
616,6,Harris,0,4,0,0,True,2
616,7,Harris,0,2,0,0,True,2
616,8,Harris,0,21,0,0,True,2
617,0,Harris,0,8,0,0,True,2
617,1,Harris,0,11,0,0,True,2
617,2,Harris,2,30,2,0,True,2
617,3,Harris,0,3,0,0,True,2
617,4,Harris,0,16,0,0,True,2
617,5,Harris,0,13,0,0,True,2
617,6,Harris,1,46,1,0,True,2
617,7,Harris,0,16,0,0,True,2
618,0,Harris,0,25,0,0,True,2
618,1,Harris,0,23,0,0,True,2
618,2,Harris,0,12,0,0,True,2
618,3,Harris,0,4,0,0,True,2
618,4,Harris,0,15,0,0,True,2
618,5,Harris,0,4,0,0,True,2
618,6,Harris,0,23,0,0,True,2
618,7,Harris,2,25,2,0,True,2
618,8,Harris,0,15,0,0,True,2
619,0,Harris,2,59,2,0,True,2
619,1,Harris,2,23,2,0,True,2
619,2,Harris,2,35,2,0,True,2
619,3,Harris,3,9,3,0,True,2
619,4,Harris,2,11,2,0,True,2
619,5,Harris,2,8,2,0,True,2
620,0,Harris,3,32,3,0,True,2
620,1,Harris,0,18,0,0,True,2
620,2,Harris,0,18,0,0,True,2
620,3,Harris,0,4,0,0,True,2
620,4,Harris,0,0,0,0,True,2
620,5,Harris,0,2,0,0,True,2
620,6,Harris,0,13,0,0,True,2
620,7,Harris,1,45,1,0,True,2
621,0,Harris,0,3,0,0,True,2
621,1,Harris,0,11,0,0,True,2
621,2,Harris,0,6,0,0,True,2
621,3,Harris,0,12,0,0,True,2
621,4,Harris,0,9,0,0,True,2
621,5,Harris,0,1,0,0,True,2
621,6,Harris,0,47,0,0,True,2
621,7,Harris,1,55,1,0,True,2
621,8,Harris,0,1,0,0,True,2
622,0,Harris,0,4,0,0,True,2
622,1,Harris,0,8,0,0,True,2
622,2,Harris,0,9,0,0,True,2
622,3,Harris,0,12,0,0,True,2
622,4,Harris,0,8,0,0,True,2
622,5,Harris,0,9,0,0,True,2
622,6,Harris,2,17,2,0,True,2
622,7,Harris,0,5,0,0,True,2
623,0,Harris,0,7,0,0,True,2
623,1,Harris,0,2,0,0,True,2
623,2,Harris,0,5,0,0,True,2
623,3,Harris,0,3,0,0,True,2
623,4,Harris,2,48,2,0,True,2
623,5,Harris,1,29,1,0,True,2
623,6,Harris,0,21,0,0,True,2
623,7,Harris,0,32,0,0,True,2
623,8,Harris,0,7,0,0,True,2
624,0,Harris,0,23,0,0,True,2
624,1,Harris,4,35,4,0,True,2
624,2,Harris,2,49,2,0,True,2
624,3,Harris,0,25,0,0,True,2
624,4,Harris,1,34,1,0,True,2
624,5,Harris,0,22,0,0,True,2
625,0,Harris,0,13,0,0,True,2
625,1,Harris,0,11,0,0,True,2
625,2,Harris,0,17,0,0,True,2
625,3,Harris,0,20,0,0,True,2
625,4,Harris,0,16,0,0,True,2
625,5,Harris,0,16,0,0,True,2
625,6,Harris,0,13,0,0,True,2
626,0,Harris,0,18,0,0,True,2
626,1,Harris,0,15,0,0,True,2
626,2,Harris,0,6,0,0,True,2
626,3,Harris,1,29,1,0,True,2
626,4,Harris,2,20,2,0,True,2
626,5,Harris,0,15,0,0,True,2
626,6,Harris,0,23,0,0,True,2
626,7,Harris,0,4,0,0,True,2
626,8,Harris,0,1,0,0,True,2
627,0,Harris,0,9,0,0,True,2
627,1,Harris,0,13,0,0,True,2
627,2,Harris,0,8,0,0,True,2
627,3,Harris,0,8,0,0,True,2
627,4,Harris,1,17,1,0,True,2
627,5,Harris,0,12,0,0,True,2
627,6,Harris,0,3,0,0,True,2
627,7,Harris,0,14,0,0,True,2
627,8,Harris,0,20,0,0,True,2
628,0,Harris,0,9,0,0,True,2
628,1,Harris,0,3,0,0,True,2
628,2,Harris,0,27,0,0,True,2
628,3,Harris,0,50,0,0,True,2
628,4,Harris,1,26,1,0,True,2
628,5,Harris,0,20,0,0,True,2
628,6,Harris,0,15,0,0,True,2
628,7,Harris,0,7,0,0,True,2
628,8,Harris,0,3,0,0,True,2
629,0,Harris,0,26,0,0,True,2
629,1,Harris,4,21,4,0,True,2
629,2,Harris,0,20,0,0,True,2
629,3,Harris,2,14,2,0,True,2
629,4,Harris,0,3,0,0,True,2
629,5,Harris,1,4,1,0,True,2
629,6,Harris,3,52,3,0,True,2
629,7,Harris,4,41,4,0,True,2
630,0,Harris,0,2,0,0,True,2
630,1,Harris,0,11,0,0,True,2
630,2,Harris,0,3,0,0,True,2
630,3,Harris,0,4,0,0,True,2
630,4,Harris,0,36,0,0,True,2
630,5,Harris,0,7,0,0,True,2
630,6,Harris,2,27,2,0,True,2
630,7,Harris,0,5,0,0,True,2
630,8,Harris,0,5,0,0,True,2
631,0,Harris,0,10,0,0,True,2
631,1,Harris,0,6,0,0,True,2
631,2,Harris,0,15,0,0,True,2
631,3,Harris,0,1,0,0,True,2
631,4,Harris,1,5,1,0,True,2
631,5,Harris,0,10,0,0,True,2
631,6,Harris,0,6,0,0,True,2
632,0,Harris,0,18,0,0,True,2
632,1,Harris,0,37,0,0,True,2
632,2,Harris,0,24,0,0,True,2
632,3,Harris,0,14,0,0,True,2
632,4,Harris,0,15,0,0,True,2
632,5,Harris,1,36,1,0,True,2
632,6,Harris,0,17,0,0,True,2
632,7,Harris,0,3,0,0,True,2
632,8,Harris,0,12,0,0,True,2
633,0,Harris,0,3,0,0,True,2
633,1,Harris,0,6,0,0,True,2
633,2,Harris,0,25,0,0,True,2
633,3,Harris,2,9,2,0,True,2
633,4,Harris,0,15,0,0,True,2
633,5,Harris,1,10,1,0,True,2
634,0,Harris,0,25,0,0,True,2
634,1,Harris,2,26,2,0,True,2
634,2,Harris,0,3,0,0,True,2
634,3,Harris,2,43,2,0,True,2
634,4,Harris,0,8,0,0,True,2
634,5,Harris,0,3,0,0,True,2
634,6,Harris,0,4,0,0,True,2
634,7,Harris,1,11,1,0,True,2
635,0,Harris,0,16,0,0,True,2
635,1,Harris,0,21,0,0,True,2
635,2,Harris,0,14,0,0,True,2
635,3,Harris,0,57,0,0,True,2
635,4,Harris,0,38,0,0,True,2
635,5,Harris,0,7,0,0,True,2
635,6,Harris,1,43,1,0,True,2
635,7,Harris,0,52,0,0,True,2
636,0,Harris,0,15,0,0,True,2
636,1,Harris,0,3,0,0,True,2
636,2,Harris,0,44,0,0,True,2
636,3,Harris,0,7,0,0,True,2
636,4,Harris,0,4,0,0,True,2
636,5,Harris,0,17,0,0,True,2
636,6,Harris,0,8,0,0,True,2
636,7,Harris,2,1,1,1,False,2
637,0,Harris,1,9,1,0,True,2
637,1,Harris,2,42,2,0,True,2
637,2,Harris,0,46,0,0,True,2
637,3,Harris,0,15,0,0,True,2
637,4,Harris,0,15,0,0,True,2
637,5,Harris,1,11,1,0,True,2
637,6,Harris,0,1,0,0,True,2
637,7,Harris,1,18,1,0,True,2
638,0,Harris,0,12,0,0,True,2
638,1,Harris,1,17,1,0,True,2
638,2,Harris,0,13,0,0,True,2
638,3,Harris,0,6,0,0,True,2
638,4,Harris,0,24,0,0,True,2
638,5,Harris,0,7,0,0,True,2
638,6,Harris,0,12,0,0,True,2
638,7,Harris,0,12,0,0,True,2
639,0,Harris,0,16,0,0,True,2
639,1,Harris,0,12,0,0,True,2
639,2,Harris,0,14,0,0,True,2
639,3,Harris,0,17,0,0,True,2
639,4,Harris,1,17,1,0,True,2
639,5,Harris,0,17,0,0,True,2
639,6,Harris,0,5,0,0,True,2
639,7,Harris,0,21,0,0,True,2
640,0,Harris,2,27,2,0,True,2
640,1,Harris,0,17,0,0,True,2
640,2,Harris,0,12,0,0,True,2
640,3,Harris,0,9,0,0,True,2
640,4,Harris,0,6,0,0,True,2
640,5,Harris,0,17,0,0,True,2
640,6,Harris,0,12,0,0,True,2
641,0,Harris,2,43,2,0,True,2
641,1,Harris,0,14,0,0,True,2
641,2,Harris,0,22,0,0,True,2
641,3,Harris,1,51,1,0,True,2
641,4,Harris,2,31,2,0,True,2
641,5,Harris,0,19,0,0,True,2
642,0,Harris,2,18,2,0,True,2
642,1,Harris,1,15,1,0,True,2
642,2,Harris,2,13,2,0,True,2
642,3,Harris,3,29,3,0,True,2
642,4,Harris,2,17,2,0,True,2
642,5,Harris,2,34,2,0,True,2
642,6,Harris,2,33,2,0,True,2
643,0,Harris,0,0,0,0,True,2
643,1,Harris,0,21,0,0,True,2
643,2,Harris,0,5,0,0,True,2
643,3,Harris,0,13,0,0,True,2
643,4,Harris,0,10,0,0,True,2
643,5,Harris,1,36,1,0,True,2
643,6,Harris,0,36,0,0,True,2
643,7,Harris,1,25,1,0,True,2
644,0,Harris,2,26,2,0,True,2
644,1,Harris,0,25,0,0,True,2
644,2,Harris,0,4,0,0,True,2
644,3,Harris,0,17,0,0,True,2
644,4,Harris,0,37,0,0,True,2
644,5,Harris,0,6,0,0,True,2
644,6,Harris,0,1,0,0,True,2
644,7,Harris,0,3,0,0,True,2
644,8,Harris,0,1,0,0,True,2
645,0,Harris,0,3,0,0,True,2
645,1,Harris,0,52,0,0,True,2
645,2,Harris,0,29,0,0,True,2
645,3,Harris,0,7,0,0,True,2
645,4,Harris,0,6,0,0,True,2
645,5,Harris,0,21,0,0,True,2
645,6,Harris,0,11,0,0,True,2
645,7,Harris,1,24,1,0,True,2
646,0,Harris,2,17,2,0,True,2
646,1,Harris,0,6,0,0,True,2
646,2,Harris,0,28,0,0,True,2
646,3,Harris,0,10,0,0,True,2
646,4,Harris,0,9,0,0,True,2
646,5,Harris,0,2,0,0,True,2
646,6,Harris,0,7,0,0,True,2
647,0,Harris,0,48,0,0,True,2
647,1,Harris,0,48,0,0,True,2
647,2,Harris,1,50,1,0,True,2
647,3,Harris,0,8,0,0,True,2
647,4,Harris,1,33,1,0,True,2
647,5,Harris,2,34,2,0,True,2
647,6,Harris,1,34,1,0,True,2
648,0,Harris,0,2,0,0,True,2
648,1,Harris,2,26,2,0,True,2
648,2,Harris,0,22,0,0,True,2
648,3,Harris,0,2,0,0,True,2
648,4,Harris,2,42,2,0,True,2
648,5,Harris,1,37,1,0,True,2
648,6,Harris,0,9,0,0,True,2
648,7,Harris,2,3,2,0,True,2
648,8,Harris,0,5,0,0,True,2
648,9,Harris,0,9,0,0,True,2
649,0,Harris,0,23,0,0,True,2
649,1,Harris,1,38,1,0,True,2
650,0,Harris,2,11,2,0,True,2
650,1,Harris,0,8,0,0,True,2
650,2,Harris,0,22,0,0,True,2
650,3,Harris,0,5,0,0,True,2
650,4,Harris,0,3,0,0,True,2
650,5,Harris,0,11,0,0,True,2
650,6,Harris,0,3,0,0,True,2
650,7,Harris,0,6,0,0,True,2
650,8,Harris,0,0,0,0,True,2
650,9,Harris,0,16,0,0,True,2
651,0,Harris,1,27,1,0,True,2
651,1,Harris,0,18,0,0,True,2
651,2,Harris,0,9,0,0,True,2
651,3,Harris,1,17,1,0,True,2
651,4,Harris,0,13,0,0,True,2
651,5,Harris,0,43,0,0,True,2
651,6,Harris,0,5,0,0,True,2
651,7,Harris,0,13,0,0,True,2
651,8,Harris,1,9,1,0,True,2
652,0,Harris,0,9,0,0,True,2
652,1,Harris,0,4,0,0,True,2
652,2,Harris,0,1,0,0,True,2
652,3,Harris,0,19,0,0,True,2
652,4,Harris,0,8,0,0,True,2
652,5,Harris,0,3,0,0,True,2
652,6,Harris,0,18,0,0,True,2
653,0,Harris,0,10,0,0,True,2
653,1,Harris,0,9,0,0,True,2
653,2,Harris,0,35,0,0,True,2
653,3,Harris,0,21,0,0,True,2
653,4,Harris,0,5,0,0,True,2
653,5,Harris,4,16,4,0,True,2
653,6,Harris,0,14,0,0,True,2
653,7,Harris,0,10,0,0,True,2
654,0,Harris,0,5,0,0,True,2
654,1,Harris,0,5,0,0,True,2
654,2,Harris,0,16,0,0,True,2
654,3,Harris,1,8,1,0,True,2
654,4,Harris,2,14,2,0,True,2
654,5,Harris,2,5,2,0,True,2
654,6,Harris,3,35,3,0,True,2
655,0,Harris,0,2,0,0,True,2
655,1,Harris,1,11,1,0,True,2
655,2,Harris,1,25,1,0,True,2
655,3,Harris,0,24,0,0,True,2
655,4,Harris,0,32,0,0,True,2
655,5,Harris,1,35,1,0,True,2
655,6,Harris,0,15,0,0,True,2
656,0,Harris,0,6,0,0,True,2
656,1,Harris,0,28,0,0,True,2
656,2,Harris,0,3,0,0,True,2
656,3,Harris,0,4,0,0,True,2
656,4,Harris,0,11,0,0,True,2
656,5,Harris,0,2,0,0,True,2
656,6,Harris,2,50,2,0,True,2
656,7,Harris,0,11,0,0,True,2
657,0,Harris,0,4,0,0,True,2
657,1,Harris,0,9,0,0,True,2
657,2,Harris,0,5,0,0,True,2
657,3,Harris,0,15,0,0,True,2
657,4,Harris,0,3,0,0,True,2
657,5,Harris,0,4,0,0,True,2
657,6,Harris,0,14,0,0,True,2
657,7,Harris,0,7,0,0,True,2
657,8,Harris,0,12,0,0,True,2
657,9,Harris,0,21,0,0,True,2
658,0,Harris,1,19,1,0,True,2
658,1,Harris,1,26,1,0,True,2
658,2,Harris,3,48,3,0,True,2
658,3,Harris,0,8,0,0,True,2
658,4,Harris,1,47,1,0,True,2
658,5,Harris,0,40,0,0,True,2
658,6,Harris,0,11,0,0,True,2
659,0,Harris,0,25,0,0,True,2
659,1,Harris,4,20,4,0,True,2
659,2,Harris,0,3,0,0,True,2
659,3,Harris,0,25,0,0,True,2
659,4,Harris,0,5,0,0,True,2
659,5,Harris,2,25,2,0,True,2
659,6,Harris,0,2,0,0,True,2
659,7,Harris,0,4,0,0,True,2
659,8,Harris,0,4,0,0,True,2
660,0,Harris,2,37,2,0,True,2
660,1,Harris,1,47,1,0,True,2
660,2,Harris,2,46,2,0,True,2
660,3,Harris,3,36,3,0,True,2
660,4,Harris,2,47,2,0,True,2
660,5,Harris,2,38,2,0,True,2
660,6,Harris,0,19,0,0,True,2
661,0,Harris,0,8,0,0,True,2
661,1,Harris,0,54,0,0,True,2
661,2,Harris,0,13,0,0,True,2
661,3,Harris,0,33,0,0,True,2
661,4,Harris,1,11,1,0,True,2
661,5,Harris,0,14,0,0,True,2
661,6,Harris,0,28,0,0,True,2
661,7,Harris,1,30,1,0,True,2
661,8,Harris,0,43,0,0,True,2
661,9,Harris,1,11,1,0,True,2
662,0,Harris,0,4,0,0,True,2
662,1,Harris,0,13,0,0,True,2
662,2,Harris,0,6,0,0,True,2
662,3,Harris,0,8,0,0,True,2
662,4,Harris,2,23,2,0,True,2
662,5,Harris,0,5,0,0,True,2
662,6,Harris,0,5,0,0,True,2
662,7,Harris,0,23,0,0,True,2
662,8,Harris,0,38,0,0,True,2
663,0,Harris,0,40,0,0,True,2
663,1,Harris,3,42,3,0,True,2
663,2,Harris,0,2,0,0,True,2
663,3,Harris,0,2,0,0,True,2
663,4,Harris,0,55,0,0,True,2
663,5,Harris,2,52,2,0,True,2
663,6,Harris,0,3,0,0,True,2
664,0,Harris,0,21,0,0,True,2
664,1,Harris,0,33,0,0,True,2
664,2,Harris,0,7,0,0,True,2
664,3,Harris,0,8,0,0,True,2
664,4,Harris,0,5,0,0,True,2
664,5,Harris,0,9,0,0,True,2
664,6,Harris,0,8,0,0,True,2
664,7,Harris,0,30,0,0,True,2
665,0,Harris,1,13,1,0,True,2
665,1,Harris,0,8,0,0,True,2
665,2,Harris,0,1,0,0,True,2
665,3,Harris,0,0,0,0,True,2
665,4,Harris,0,3,0,0,True,2
665,5,Harris,0,3,0,0,True,2
665,6,Harris,0,0,0,0,True,2
666,0,Harris,1,20,1,0,True,2
666,1,Harris,0,14,0,0,True,2
666,2,Harris,0,12,0,0,True,2
666,3,Harris,0,10,0,0,True,2
666,4,Harris,0,10,0,0,True,2
666,5,Harris,0,17,0,0,True,2
666,6,Harris,2,30,2,0,True,2
666,7,Harris,0,9,0,0,True,2
666,8,Harris,1,11,1,0,True,2
666,9,Harris,0,17,0,0,True,2
667,0,Harris,0,3,0,0,True,2
667,1,Harris,2,17,2,0,True,2
667,2,Harris,1,8,1,0,True,2
667,3,Harris,1,13,1,0,True,2
667,4,Harris,1,13,1,0,True,2
667,5,Harris,0,28,0,0,True,2
668,0,Harris,0,9,0,0,True,2
668,1,Harris,0,54,0,0,True,2
668,2,Harris,0,6,0,0,True,2
668,3,Harris,0,49,0,0,True,2
668,4,Harris,1,38,1,0,True,2
668,5,Harris,1,12,1,0,True,2
668,6,Harris,0,39,0,0,True,2
668,7,Harris,0,28,0,0,True,2
669,0,Harris,0,4,0,0,True,2
669,1,Harris,2,25,2,0,True,2
669,2,Harris,1,19,1,0,True,2
669,3,Harris,1,37,1,0,True,2
669,4,Harris,0,3,0,0,True,2
669,5,Harris,0,8,0,0,True,2
670,0,Harris,0,13,0,0,True,2
670,1,Harris,0,8,0,0,True,2
670,2,Harris,0,55,0,0,True,2
670,3,Harris,0,4,0,0,True,2
670,4,Harris,0,15,0,0,True,2
670,5,Harris,0,13,0,0,True,2
670,6,Harris,0,50,0,0,True,2
670,7,Harris,1,8,1,0,True,2
671,0,Harris,0,5,0,0,True,2
671,1,Harris,0,2,0,0,True,2
671,2,Harris,0,13,0,0,True,2
671,3,Harris,0,9,0,0,True,2
671,4,Harris,0,15,0,0,True,2
671,5,Harris,1,6,1,0,True,2
671,6,Harris,0,4,0,0,True,2
671,7,Harris,0,27,0,0,True,2
671,8,Harris,0,14,0,0,True,2
671,9,Harris,0,24,0,0,True,2
672,0,Harris,0,3,0,0,True,2
672,1,Harris,0,6,0,0,True,2
672,2,Harris,0,1,0,0,True,2
672,3,Harris,0,11,0,0,True,2
672,4,Harris,1,10,1,0,True,2
672,5,Harris,1,27,1,0,True,2
672,6,Harris,0,2,0,0,True,2
672,7,Harris,0,2,0,0,True,2
672,8,Harris,0,4,0,0,True,2
673,0,Harris,0,20,0,0,True,2
673,1,Harris,0,3,0,0,True,2
673,2,Harris,0,9,0,0,True,2
673,3,Harris,0,18,0,0,True,2
673,4,Harris,0,8,0,0,True,2
673,5,Harris,1,12,1,0,True,2
673,6,Harris,0,8,0,0,True,2
673,7,Harris,0,47,0,0,True,2
674,0,Harris,0,18,0,0,True,2
674,1,Harris,0,11,0,0,True,2
674,2,Harris,0,39,0,0,True,2
674,3,Harris,0,7,0,0,True,2
674,4,Harris,2,36,2,0,True,2
674,5,Harris,1,21,1,0,True,2
674,6,Harris,1,20,1,0,True,2
674,7,Harris,1,4,1,0,True,2
674,8,Harris,0,24,0,0,True,2
675,0,Harris,0,8,0,0,True,2
675,1,Harris,0,25,0,0,True,2
675,2,Harris,0,16,0,0,True,2
675,3,Harris,0,19,0,0,True,2
675,4,Harris,0,35,0,0,True,2
675,5,Harris,0,8,0,0,True,2
675,6,Harris,0,40,0,0,True,2
676,0,Harris,0,16,0,0,True,2
676,1,Harris,0,3,0,0,True,2
676,2,Harris,0,5,0,0,True,2
676,3,Harris,1,25,1,0,True,2
676,4,Harris,0,1,0,0,True,2
676,5,Harris,0,1,0,0,True,2
676,6,Harris,0,1,0,0,True,2
676,7,Harris,0,1,0,0,True,2
676,8,Harris,0,1,0,0,True,2
677,0,Harris,0,9,0,0,True,2
677,1,Harris,0,2,0,0,True,2
677,2,Harris,0,18,0,0,True,2
677,3,Harris,0,5,0,0,True,2
677,4,Harris,0,16,0,0,True,2
677,5,Harris,0,28,0,0,True,2
677,6,Harris,0,6,0,0,True,2
677,7,Harris,0,10,0,0,True,2
678,0,Harris,0,15,0,0,True,2
678,1,Harris,0,5,0,0,True,2
678,2,Harris,2,3,2,0,True,2
678,3,Harris,3,11,3,0,True,2
678,4,Harris,1,12,1,0,True,2
678,5,Harris,0,5,0,0,True,2
679,0,Harris,1,27,1,0,True,2
679,1,Harris,0,5,0,0,True,2
679,2,Harris,0,8,0,0,True,2
679,3,Harris,0,6,0,0,True,2
679,4,Harris,0,13,0,0,True,2
679,5,Harris,1,13,1,0,True,2
679,6,Harris,0,40,0,0,True,2
679,7,Harris,0,1,0,0,True,2
680,0,Harris,1,17,1,0,True,2
680,1,Harris,1,17,1,0,True,2
680,2,Harris,1,16,1,0,True,2
680,3,Harris,1,16,1,0,True,2
680,4,Harris,1,17,1,0,True,2
680,5,Harris,0,6,0,0,True,2
681,0,Harris,1,49,1,0,True,2
681,1,Harris,1,2,1,0,True,2
681,2,Harris,0,2,0,0,True,2
681,3,Harris,0,14,0,0,True,2
681,4,Harris,0,7,0,0,True,2
681,5,Harris,0,32,0,0,True,2
682,0,Harris,0,7,0,0,True,2
682,1,Harris,0,6,0,0,True,2
682,2,Harris,0,19,0,0,True,2
682,3,Harris,0,53,0,0,True,2
682,4,Harris,3,45,3,0,True,2
682,5,Harris,1,19,1,0,True,2
682,6,Harris,0,7,0,0,True,2
682,7,Harris,0,24,0,0,True,2
682,8,Harris,0,13,0,0,True,2
683,0,Harris,0,7,0,0,True,2
683,1,Harris,0,15,0,0,True,2
683,2,Harris,0,5,0,0,True,2
683,3,Harris,1,7,1,0,True,2
683,4,Harris,0,26,0,0,True,2
683,5,Harris,0,18,0,0,True,2
683,6,Harris,0,41,0,0,True,2
683,7,Harris,1,41,1,0,True,2
684,0,Harris,2,26,2,0,True,2
684,1,Harris,2,34,2,0,True,2
684,2,Harris,0,9,0,0,True,2
684,3,Harris,0,45,0,0,True,2
684,4,Harris,2,16,2,0,True,2
684,5,Harris,0,20,0,0,True,2
684,6,Harris,1,23,1,0,True,2
685,0,Harris,0,50,0,0,True,2
685,1,Harris,0,2,0,0,True,2
685,2,Harris,1,38,1,0,True,2
685,3,Harris,1,18,1,0,True,2
685,4,Harris,0,54,0,0,True,2
685,5,Harris,0,20,0,0,True,2
685,6,Harris,0,28,0,0,True,2
686,0,Harris,1,49,1,0,True,2
686,1,Harris,0,38,0,0,True,2
686,2,Harris,0,17,0,0,True,2
686,3,Harris,1,15,1,0,True,2
686,4,Harris,1,10,1,0,True,2
686,5,Harris,0,13,0,0,True,2
686,6,Harris,1,10,1,0,True,2
686,7,Harris,0,20,0,0,True,2
687,0,Harris,0,4,0,0,True,2
687,1,Harris,0,13,0,0,True,2
687,2,Harris,0,23,0,0,True,2
687,3,Harris,0,6,0,0,True,2
687,4,Harris,0,7,0,0,True,2
687,5,Harris,0,34,0,0,True,2
687,6,Harris,0,1,0,0,True,2
687,7,Harris,2,29,2,0,True,2
687,8,Harris,9,42,9,0,True,2
688,0,Harris,0,11,0,0,True,2
688,1,Harris,0,50,0,0,True,2
688,2,Harris,0,22,0,0,True,2
688,3,Harris,1,13,1,0,True,2
688,4,Harris,1,37,1,0,True,2
688,5,Harris,0,20,0,0,True,2
688,6,Harris,0,25,0,0,True,2
688,7,Harris,0,25,0,0,True,2
688,8,Harris,0,1,0,0,True,2
689,0,Harris,0,6,0,0,True,2
689,1,Harris,1,54,1,0,True,2
689,2,Harris,0,16,0,0,True,2
689,3,Harris,2,29,2,0,True,2
689,4,Harris,2,28,2,0,True,2
689,5,Harris,0,11,0,0,True,2
689,6,Harris,0,12,0,0,True,2
689,7,Harris,1,13,1,0,True,2
690,0,Harris,0,13,0,0,True,2
690,1,Harris,0,11,0,0,True,2
690,2,Harris,2,16,2,0,True,2
690,3,Harris,1,20,1,0,True,2
690,4,Harris,2,32,2,0,True,2
690,5,Harris,0,2,0,0,True,2
690,6,Harris,0,5,0,0,True,2
691,0,Harris,0,5,0,0,True,2
691,1,Harris,0,10,0,0,True,2
691,2,Harris,0,23,0,0,True,2
691,3,Harris,0,5,0,0,True,2
691,4,Harris,0,17,0,0,True,2
691,5,Harris,1,17,1,0,True,2
691,6,Harris,1,26,1,0,True,2
692,0,Harris,3,53,3,0,True,2
692,1,Harris,0,3,0,0,True,2
692,2,Harris,0,27,0,0,True,2
692,3,Harris,0,7,0,0,True,2
692,4,Harris,0,53,0,0,True,2
692,5,Harris,0,63,0,0,True,2
692,6,Harris,1,58,1,0,True,2
692,7,Harris,1,31,1,0,True,2
692,8,Harris,1,52,1,0,True,2
693,0,Harris,0,0,0,0,True,2
693,1,Harris,0,16,0,0,True,2
693,2,Harris,2,25,2,0,True,2
693,3,Harris,1,19,1,0,True,2
693,4,Harris,0,19,0,0,True,2
693,5,Harris,0,0,0,0,True,2
694,0,Harris,0,24,0,0,True,2
694,1,Harris,1,6,1,0,True,2
694,2,Harris,0,22,0,0,True,2
694,3,Harris,0,33,0,0,True,2
694,4,Harris,1,35,1,0,True,2
694,5,Harris,0,3,0,0,True,2
694,6,Harris,0,3,0,0,True,2
694,7,Harris,0,26,0,0,True,2
694,8,Harris,0,27,0,0,True,2
695,0,Harris,0,17,0,0,True,2
695,1,Harris,2,39,2,0,True,2
695,2,Harris,0,4,0,0,True,2
695,3,Harris,0,17,0,0,True,2
695,4,Harris,0,15,0,0,True,2
695,5,Harris,0,1,0,0,True,2
695,6,Harris,1,10,1,0,True,2
695,7,Harris,0,16,0,0,True,2
695,8,Harris,2,50,2,0,True,2
696,0,Harris,0,3,0,0,True,2
696,1,Harris,2,29,2,0,True,2
696,2,Harris,0,2,0,0,True,2
696,3,Harris,0,2,0,0,True,2
696,4,Harris,0,24,0,0,True,2
696,5,Harris,0,10,0,0,True,2
696,6,Harris,2,49,2,0,True,2
696,7,Harris,0,23,0,0,True,2
697,0,Harris,0,27,0,0,True,2
697,1,Harris,0,13,0,0,True,2
697,2,Harris,0,13,0,0,True,2
697,3,Harris,0,7,0,0,True,2
697,4,Harris,1,25,1,0,True,2
697,5,Harris,0,4,0,0,True,2
697,6,Harris,0,7,0,0,True,2
697,7,Harris,0,15,0,0,True,2
698,0,Harris,0,8,0,0,True,2
698,1,Harris,1,19,1,0,True,2
698,2,Harris,2,51,2,0,True,2
698,3,Harris,0,20,0,0,True,2
698,4,Harris,0,12,0,0,True,2
698,5,Harris,0,10,0,0,True,2
698,6,Harris,1,54,1,0,True,2
698,7,Harris,3,36,3,0,True,2
698,8,Harris,0,4,0,0,True,2
699,0,Harris,2,18,2,0,True,2
699,1,Harris,1,8,1,0,True,2
699,2,Harris,2,11,2,0,True,2
699,3,Harris,2,6,2,0,True,2
699,4,Harris,2,29,2,0,True,2
699,5,Harris,2,36,2,0,True,2
699,6,Harris,0,11,0,0,True,2
699,7,Harris,4,16,4,0,True,2
700,0,Harris,0,10,0,0,True,2
700,1,Harris,0,13,0,0,True,2
700,2,Harris,0,6,0,0,True,2
700,3,Harris,0,6,0,0,True,2
700,4,Harris,0,5,0,0,True,2
700,5,Harris,0,2,0,0,True,2
700,6,Harris,0,15,0,0,True,2
701,0,Harris,2,38,2,0,True,2
701,1,Harris,3,35,3,0,True,2
701,2,Harris,2,41,2,0,True,2
701,3,Harris,2,24,2,0,True,2
701,4,Harris,2,9,2,0,True,2
701,5,Harris,1,48,1,0,True,2
701,6,Harris,1,39,1,0,True,2
701,7,Harris,0,5,0,0,True,2
702,0,Harris,0,2,0,0,True,2
702,1,Harris,0,7,0,0,True,2
702,2,Harris,2,25,2,0,True,2
702,3,Harris,2,23,2,0,True,2
702,4,Harris,0,21,0,0,True,2
702,5,Harris,0,1,0,0,True,2
702,6,Harris,0,10,0,0,True,2
702,7,Harris,0,10,0,0,True,2
702,8,Harris,0,3,0,0,True,2
703,0,Harris,2,26,2,0,True,2
703,1,Harris,0,26,0,0,True,2
703,2,Harris,0,26,0,0,True,2
703,3,Harris,0,5,0,0,True,2
703,4,Harris,0,5,0,0,True,2
703,5,Harris,0,15,0,0,True,2
703,6,Harris,1,9,1,0,True,2
703,7,Harris,0,13,0,0,True,2
703,8,Harris,2,26,2,0,True,2
703,9,Harris,1,13,1,0,True,2
704,0,Harris,4,32,4,0,True,2
704,1,Harris,0,53,0,0,True,2
704,2,Harris,0,5,0,0,True,2
704,3,Harris,0,23,0,0,True,2
704,4,Harris,0,10,0,0,True,2
704,5,Harris,3,44,3,0,True,2
704,6,Harris,0,3,0,0,True,2
705,0,Harris,0,12,0,0,True,2
705,1,Harris,0,7,0,0,True,2
705,2,Harris,2,11,2,0,True,2
705,3,Harris,1,47,1,0,True,2
705,4,Harris,1,12,1,0,True,2
705,5,Harris,1,51,1,0,True,2
705,6,Harris,1,56,1,0,True,2
706,0,Harris,1,36,1,0,True,2
706,1,Harris,0,18,0,0,True,2
706,2,Harris,2,23,2,0,True,2
706,3,Harris,1,17,1,0,True,2
706,4,Harris,1,36,1,0,True,2
706,5,Harris,3,37,3,0,True,2
706,6,Harris,3,11,3,0,True,2
706,7,Harris,0,7,0,0,True,2
707,0,Harris,0,4,0,0,True,2
707,1,Harris,0,19,0,0,True,2
707,2,Harris,1,5,1,0,True,2
707,3,Harris,0,5,0,0,True,2
707,4,Harris,0,8,0,0,True,2
707,5,Harris,2,11,2,0,True,2
707,6,Harris,0,13,0,0,True,2
707,7,Harris,0,8,0,0,True,2
707,8,Harris,0,7,0,0,True,2
708,0,Harris,0,4,0,0,True,2
708,1,Harris,0,49,0,0,True,2
708,2,Harris,0,38,0,0,True,2
708,3,Harris,0,1,0,0,True,2
708,4,Harris,0,7,0,0,True,2
708,5,Harris,0,10,0,0,True,2
708,6,Harris,0,3,0,0,True,2
708,7,Harris,0,28,0,0,True,2
709,0,Harris,0,3,0,0,True,2
709,1,Harris,1,9,1,0,True,2
709,2,Harris,0,30,0,0,True,2
709,3,Harris,0,12,0,0,True,2
709,4,Harris,0,17,0,0,True,2
709,5,Harris,0,16,0,0,True,2
709,6,Harris,0,24,0,0,True,2
709,7,Harris,1,7,1,0,True,2
709,8,Harris,0,4,0,0,True,2
710,0,Harris,1,20,1,0,True,2
710,1,Harris,0,3,0,0,True,2
710,2,Harris,0,2,0,0,True,2
710,3,Harris,2,50,2,0,True,2
710,4,Harris,0,23,0,0,True,2
710,5,Harris,0,4,0,0,True,2
710,6,Harris,0,30,0,0,True,2
710,7,Harris,0,17,0,0,True,2
710,8,Harris,0,9,0,0,True,2
711,0,Harris,0,23,0,0,True,2
711,1,Harris,0,14,0,0,True,2
711,2,Harris,0,1,0,0,True,2
711,3,Harris,0,3,0,0,True,2
711,4,Harris,0,6,0,0,True,2
711,5,Harris,1,24,1,0,True,2
711,6,Harris,0,3,0,0,True,2
711,7,Harris,0,9,0,0,True,2
711,8,Harris,2,11,2,0,True,2
712,0,Harris,2,38,2,0,True,2
712,1,Harris,1,16,1,0,True,2
712,2,Harris,0,17,0,0,True,2
712,3,Harris,1,13,1,0,True,2
712,4,Harris,3,36,3,0,True,2
712,5,Harris,0,4,0,0,True,2
712,6,Harris,4,49,4,0,True,2
712,7,Harris,0,3,0,0,True,2
713,0,Harris,0,12,0,0,True,2
713,1,Harris,0,2,0,0,True,2
713,2,Harris,0,18,0,0,True,2
713,3,Harris,0,34,0,0,True,2
713,4,Harris,0,23,0,0,True,2
713,5,Harris,0,39,0,0,True,2
713,6,Harris,0,13,0,0,True,2
714,0,Harris,0,2,0,0,True,2
714,1,Harris,2,19,2,0,True,2
714,2,Harris,1,11,1,0,True,2
714,3,Harris,1,34,1,0,True,2
714,4,Harris,0,16,0,0,True,2
714,5,Harris,1,14,1,0,True,2
714,6,Harris,0,13,0,0,True,2
714,7,Harris,1,13,1,0,True,2
715,0,Harris,0,3,0,0,True,2
715,1,Harris,0,11,0,0,True,2
715,2,Harris,0,6,0,0,True,2
715,3,Harris,0,20,0,0,True,2
715,4,Harris,0,35,0,0,True,2
715,5,Harris,0,14,0,0,True,2
715,6,Harris,0,42,0,0,True,2
715,7,Harris,0,1,0,0,True,2
715,8,Harris,0,3,0,0,True,2
716,0,Harris,0,4,0,0,True,2
716,1,Harris,0,12,0,0,True,2
716,2,Harris,0,10,0,0,True,2
716,3,Harris,0,21,0,0,True,2
716,4,Harris,2,29,2,0,True,2
716,5,Harris,6,42,6,0,True,2
716,6,Harris,0,18,0,0,True,2
716,7,Harris,2,11,2,0,True,2
717,0,Harris,1,19,1,0,True,2
717,1,Harris,2,23,2,0,True,2
717,2,Harris,1,8,1,0,True,2
717,3,Harris,2,8,2,0,True,2
717,4,Harris,0,10,0,0,True,2
717,5,Harris,2,12,2,0,True,2
717,6,Harris,1,10,1,0,True,2
717,7,Harris,2,21,2,0,True,2
718,0,Harris,0,46,0,0,True,2
718,1,Harris,1,9,1,0,True,2
718,2,Harris,1,11,1,0,True,2
718,3,Harris,0,13,0,0,True,2
718,4,Harris,0,7,0,0,True,2
718,5,Harris,0,5,0,0,True,2
718,6,Harris,0,12,0,0,True,2
718,7,Harris,0,14,0,0,True,2
718,8,Harris,0,12,0,0,True,2
719,0,Harris,0,6,0,0,True,2
719,1,Harris,1,30,1,0,True,2
719,2,Harris,0,2,0,0,True,2
719,3,Harris,0,8,0,0,True,2
719,4,Harris,0,25,0,0,True,2
719,5,Harris,0,3,0,0,True,2
719,6,Harris,0,2,0,0,True,2
719,7,Harris,0,7,0,0,True,2
719,8,Harris,1,9,1,0,True,2
720,0,Harris,0,9,0,0,True,2
720,1,Harris,0,9,0,0,True,2
720,2,Harris,0,52,0,0,True,2
720,3,Harris,0,8,0,0,True,2
720,4,Harris,0,57,0,0,True,2
721,0,Harris,1,20,1,0,True,2
721,1,Harris,0,17,0,0,True,2
721,2,Harris,0,28,0,0,True,2
721,3,Harris,0,1,0,0,True,2
721,4,Harris,0,13,0,0,True,2
721,5,Harris,0,27,0,0,True,2
721,6,Harris,0,18,0,0,True,2
721,7,Harris,0,15,0,0,True,2
721,8,Harris,0,15,0,0,True,2
721,9,Harris,0,5,0,0,True,2
722,0,Harris,0,10,0,0,True,2
722,1,Harris,2,24,2,0,True,2
722,2,Harris,2,22,2,0,True,2
722,3,Harris,0,10,0,0,True,2
722,4,Harris,0,4,0,0,True,2
722,5,Harris,1,3,1,0,True,2
722,6,Harris,0,5,0,0,True,2
723,0,Harris,2,15,2,0,True,2
723,1,Harris,0,3,0,0,True,2
723,2,Harris,1,6,1,0,True,2
723,3,Harris,0,21,0,0,True,2
723,4,Harris,0,12,0,0,True,2
723,5,Harris,0,4,0,0,True,2
723,6,Harris,2,42,2,0,True,2
723,7,Harris,0,17,0,0,True,2
723,8,Harris,0,6,0,0,True,2
724,0,Harris,0,22,0,0,True,2
724,1,Harris,0,2,0,0,True,2
724,2,Harris,1,13,1,0,True,2
724,3,Harris,1,8,1,0,True,2
724,4,Harris,0,45,0,0,True,2
724,5,Harris,1,12,1,0,True,2
724,6,Harris,2,50,2,0,True,2
725,0,Harris,2,5,2,0,True,2
725,1,Harris,2,5,2,0,True,2
725,2,Harris,2,7,2,0,True,2
725,3,Harris,2,4,2,0,True,2
725,4,Harris,1,3,1,0,True,2
725,5,Harris,2,15,2,0,True,2
725,6,Harris,2,8,2,0,True,2
726,0,Harris,0,21,0,0,True,2
726,1,Harris,2,23,2,0,True,2
726,2,Harris,0,19,0,0,True,2
726,3,Harris,0,46,0,0,True,2
726,4,Harris,0,12,0,0,True,2
726,5,Harris,0,1,0,0,True,2
726,6,Harris,0,6,0,0,True,2
726,7,Harris,0,0,0,0,True,2
727,0,Harris,1,11,1,0,True,2
727,1,Harris,0,2,0,0,True,2
727,2,Harris,0,15,0,0,True,2
727,3,Harris,1,27,1,0,True,2
727,4,Harris,0,17,0,0,True,2
727,5,Harris,0,19,0,0,True,2
727,6,Harris,1,8,1,0,True,2
727,7,Harris,0,26,0,0,True,2
728,0,Harris,0,7,0,0,True,2
728,1,Harris,0,23,0,0,True,2
728,2,Harris,0,21,0,0,True,2
728,3,Harris,0,46,0,0,True,2
728,4,Harris,0,5,0,0,True,2
728,5,Harris,1,13,1,0,True,2
728,6,Harris,1,16,1,0,True,2
728,7,Harris,0,17,0,0,True,2
729,0,Harris,2,4,2,0,True,2
729,1,Harris,0,7,0,0,True,2
729,2,Harris,0,34,0,0,True,2
729,3,Harris,0,17,0,0,True,2
729,4,Harris,0,3,0,0,True,2
729,5,Harris,0,4,0,0,True,2
729,6,Harris,0,4,0,0,True,2
729,7,Harris,1,18,1,0,True,2
729,8,Harris,1,19,1,0,True,2
730,0,Harris,0,7,0,0,True,2
730,1,Harris,0,23,0,0,True,2
730,2,Harris,0,45,0,0,True,2
730,3,Harris,0,10,0,0,True,2
730,4,Harris,0,12,0,0,True,2
730,5,Harris,0,10,0,0,True,2
730,6,Harris,0,4,0,0,True,2
731,0,Harris,0,3,0,0,True,2
731,1,Harris,0,6,0,0,True,2
731,2,Harris,0,15,0,0,True,2
731,3,Harris,0,13,0,0,True,2
731,4,Harris,0,30,0,0,True,2
731,5,Harris,0,15,0,0,True,2
731,6,Harris,0,4,0,0,True,2
731,7,Harris,0,4,0,0,True,2
732,0,Harris,1,16,1,0,True,2
732,1,Harris,0,3,0,0,True,2
732,2,Harris,0,22,0,0,True,2
732,3,Harris,0,23,0,0,True,2
732,4,Harris,0,27,0,0,True,2
732,5,Harris,0,23,0,0,True,2
732,6,Harris,1,12,1,0,True,2
732,7,Harris,1,23,1,0,True,2
732,8,Harris,0,1,0,0,True,2
733,0,Harris,0,12,0,0,True,2
733,1,Harris,2,24,2,0,True,2
733,2,Harris,3,38,3,0,True,2
733,3,Harris,1,18,1,0,True,2
733,4,Harris,1,6,1,0,True,2
733,5,Harris,2,51,2,0,True,2
733,6,Harris,2,26,2,0,True,2
734,0,Harris,0,4,0,0,True,2
734,1,Harris,0,9,0,0,True,2
734,2,Harris,0,22,0,0,True,2
734,3,Harris,2,25,2,0,True,2
734,4,Harris,0,4,0,0,True,2
734,5,Harris,0,4,0,0,True,2
734,6,Harris,0,2,0,0,True,2
734,7,Harris,0,4,0,0,True,2
735,0,Harris,0,4,0,0,True,2
735,1,Harris,0,3,0,0,True,2
735,2,Harris,0,3,0,0,True,2
735,3,Harris,0,2,0,0,True,2
735,4,Harris,1,43,1,0,True,2
735,5,Harris,0,2,0,0,True,2
736,0,Harris,0,30,0,0,True,2
736,1,Harris,0,30,0,0,True,2
736,2,Harris,0,26,0,0,True,2
736,3,Harris,0,27,0,0,True,2
736,4,Harris,0,31,0,0,True,2
736,5,Harris,0,27,0,0,True,2
736,6,Harris,2,25,2,0,True,2
737,0,Harris,1,13,1,0,True,2
737,1,Harris,1,13,1,0,True,2
737,2,Harris,1,20,1,0,True,2
737,3,Harris,2,14,2,0,True,2
737,4,Harris,0,15,0,0,True,2
737,5,Harris,0,16,0,0,True,2
737,6,Harris,0,4,0,0,True,2
738,0,Harris,0,5,0,0,True,2
738,1,Harris,0,16,0,0,True,2
738,2,Harris,0,18,0,0,True,2
738,3,Harris,0,3,0,0,True,2
738,4,Harris,0,7,0,0,True,2
738,5,Harris,0,15,0,0,True,2
738,6,Harris,7,40,7,0,True,2
739,0,Harris,3,57,3,0,True,2
739,1,Harris,0,10,0,0,True,2
739,2,Harris,0,14,0,0,True,2
739,3,Harris,2,15,2,0,True,2
739,4,Harris,0,17,0,0,True,2
739,5,Harris,0,11,0,0,True,2
739,6,Harris,2,11,2,0,True,2
739,7,Harris,0,7,0,0,True,2
739,8,Harris,2,38,2,0,True,2
740,0,Harris,0,5,0,0,True,2
740,1,Harris,0,13,0,0,True,2
740,2,Harris,0,36,0,0,True,2
740,3,Harris,0,15,0,0,True,2
740,4,Harris,0,5,0,0,True,2
740,5,Harris,2,11,2,0,True,2
740,6,Harris,0,4,0,0,True,2
740,7,Harris,0,19,0,0,True,2
740,8,Harris,1,26,1,0,True,2
741,0,Harris,0,8,0,0,True,2
741,1,Harris,0,30,0,0,True,2
741,2,Harris,0,14,0,0,True,2
741,3,Harris,0,5,0,0,True,2
741,4,Harris,0,2,0,0,True,2
741,5,Harris,0,3,0,0,True,2
741,6,Harris,2,26,2,0,True,2
741,7,Harris,0,9,0,0,True,2
741,8,Harris,0,15,0,0,True,2
741,9,Harris,1,11,1,0,True,2
742,0,Harris,0,38,0,0,True,2
742,1,Harris,0,16,0,0,True,2
742,2,Harris,0,18,0,0,True,2
742,3,Harris,0,5,0,0,True,2
742,4,Harris,0,4,0,0,True,2
742,5,Harris,0,1,0,0,True,2
742,6,Harris,0,4,0,0,True,2
742,7,Harris,0,0,0,0,True,2
743,0,Harris,0,5,0,0,True,2
743,1,Harris,2,25,2,0,True,2
743,2,Harris,0,27,0,0,True,2
743,3,Harris,0,7,0,0,True,2
743,4,Harris,0,1,0,0,True,2
743,5,Harris,1,19,1,0,True,2
743,6,Harris,2,18,2,0,True,2
743,7,Harris,0,19,0,0,True,2
744,0,Harris,2,6,2,0,True,2
744,1,Harris,0,28,0,0,True,2
744,2,Harris,0,2,0,0,True,2
744,3,Harris,1,15,1,0,True,2
744,4,Harris,0,4,0,0,True,2
744,5,Harris,0,1,0,0,True,2
744,6,Harris,0,10,0,0,True,2
744,7,Harris,0,25,0,0,True,2
744,8,Harris,0,8,0,0,True,2
745,0,Harris,1,55,1,0,True,2
745,1,Harris,0,6,0,0,True,2
745,2,Harris,0,16,0,0,True,2
745,3,Harris,0,34,0,0,True,2
745,4,Harris,0,24,0,0,True,2
745,5,Harris,0,7,0,0,True,2
745,6,Harris,2,50,2,0,True,2
745,7,Harris,0,23,0,0,True,2
746,0,Harris,2,8,2,0,True,2
746,1,Harris,3,20,3,0,True,2
746,2,Harris,3,27,3,0,True,2
746,3,Harris,1,53,1,0,True,2
746,4,Harris,2,34,2,0,True,2
746,5,Harris,1,11,1,0,True,2
746,6,Harris,0,7,0,0,True,2
747,0,Harris,0,23,0,0,True,2
747,1,Harris,0,0,0,0,True,2
747,2,Harris,0,8,0,0,True,2
747,3,Harris,0,15,0,0,True,2
747,4,Harris,0,11,0,0,True,2
747,5,Harris,4,30,4,0,True,2
747,6,Harris,2,26,2,0,True,2
747,7,Harris,0,2,0,0,True,2
747,8,Harris,0,26,0,0,True,2
747,9,Harris,0,30,0,0,True,2
748,0,Harris,1,58,1,0,True,2
748,1,Harris,2,37,2,0,True,2
748,2,Harris,2,46,2,0,True,2
748,3,Harris,3,33,3,0,True,2
748,4,Harris,0,23,0,0,True,2
748,5,Harris,0,23,0,0,True,2
748,6,Harris,0,22,0,0,True,2
749,0,Harris,2,15,2,0,True,2
749,1,Harris,0,16,0,0,True,2
749,2,Harris,2,22,2,0,True,2
749,3,Harris,0,17,0,0,True,2
749,4,Harris,0,13,0,0,True,2
749,5,Harris,0,22,0,0,True,2
749,6,Harris,0,6,0,0,True,2
750,0,Harris,0,11,0,0,True,2
750,1,Harris,0,30,0,0,True,2
750,2,Harris,0,8,0,0,True,2
750,3,Harris,0,12,0,0,True,2
750,4,Harris,0,3,0,0,True,2
750,5,Harris,0,7,0,0,True,2
750,6,Harris,0,2,0,0,True,2
750,7,Harris,0,15,0,0,True,2
750,8,Harris,0,2,0,0,True,2
751,0,Harris,0,48,0,0,True,2
751,1,Harris,0,25,0,0,True,2
751,2,Harris,0,9,0,0,True,2
751,3,Harris,0,2,0,0,True,2
751,4,Harris,0,17,0,0,True,2
751,5,Harris,2,23,2,0,True,2
751,6,Harris,0,4,0,0,True,2
751,7,Harris,0,30,0,0,True,2
752,0,Harris,0,1,0,0,True,2
752,1,Harris,0,1,0,0,True,2
752,2,Harris,2,10,2,0,True,2
752,3,Harris,2,7,2,0,True,2
752,4,Harris,1,14,1,0,True,2
752,5,Harris,1,10,1,0,True,2
752,6,Harris,0,1,0,0,True,2
752,7,Harris,3,8,3,0,True,2
753,0,Harris,1,46,1,0,True,2
753,1,Harris,1,52,1,0,True,2
753,2,Harris,0,14,0,0,True,2
753,3,Harris,0,36,0,0,True,2
753,4,Harris,0,17,0,0,True,2
753,5,Harris,0,25,0,0,True,2
753,6,Harris,0,7,0,0,True,2
754,0,Harris,1,15,1,0,True,2
754,1,Harris,1,40,1,0,True,2
754,2,Harris,1,18,1,0,True,2
754,3,Harris,3,50,3,0,True,2
754,4,Harris,2,17,2,0,True,2
754,5,Harris,0,4,0,0,True,2
754,6,Harris,1,33,1,0,True,2
754,7,Harris,1,20,1,0,True,2
754,8,Harris,0,12,0,0,True,2
755,0,Harris,1,57,1,0,True,2
755,1,Harris,2,33,2,0,True,2
755,2,Harris,2,50,2,0,True,2
755,3,Harris,2,29,2,0,True,2
755,4,Harris,2,28,2,0,True,2
755,5,Harris,0,6,0,0,True,2
756,0,Harris,0,13,0,0,True,2
756,1,Harris,0,30,0,0,True,2
756,2,Harris,0,20,0,0,True,2
756,3,Harris,0,18,0,0,True,2
756,4,Harris,0,22,0,0,True,2
756,5,Harris,0,5,0,0,True,2
756,6,Harris,1,13,1,0,True,2
756,7,Harris,1,31,1,0,True,2
757,0,Harris,2,18,2,0,True,2
757,1,Harris,0,8,0,0,True,2
757,2,Harris,1,27,1,0,True,2
757,3,Harris,0,5,0,0,True,2
757,4,Harris,2,15,2,0,True,2
757,5,Harris,0,40,0,0,True,2
757,6,Harris,0,19,0,0,True,2
757,7,Harris,1,24,1,0,True,2
758,0,Harris,0,5,0,0,True,2
758,1,Harris,0,4,0,0,True,2
758,2,Harris,0,3,0,0,True,2
758,3,Harris,0,3,0,0,True,2
758,4,Harris,0,6,0,0,True,2
758,5,Harris,0,3,0,0,True,2
758,6,Harris,0,9,0,0,True,2
758,7,Harris,0,23,0,0,True,2
758,8,Harris,0,8,0,0,True,2
759,0,Harris,1,18,1,0,True,2
759,1,Harris,0,10,0,0,True,2
759,2,Harris,0,9,0,0,True,2
759,3,Harris,0,18,0,0,True,2
759,4,Harris,0,7,0,0,True,2
759,5,Harris,0,6,0,0,True,2
759,6,Harris,0,3,0,0,True,2
759,7,Harris,0,6,0,0,True,2
760,0,Harris,0,43,0,0,True,2
760,1,Harris,0,9,0,0,True,2
760,2,Harris,0,13,0,0,True,2
760,3,Harris,0,3,0,0,True,2
760,4,Harris,0,3,0,0,True,2
760,5,Harris,2,29,2,0,True,2
760,6,Harris,0,18,0,0,True,2
760,7,Harris,0,5,0,0,True,2
761,0,Harris,0,51,0,0,True,2
761,1,Harris,1,58,1,0,True,2
761,2,Harris,0,53,0,0,True,2
761,3,Harris,0,1,0,0,True,2
761,4,Harris,0,48,0,0,True,2
761,5,Harris,0,23,0,0,True,2
761,6,Harris,1,24,1,0,True,2
761,7,Harris,0,8,0,0,True,2
762,0,Harris,1,10,1,0,True,2
762,1,Harris,0,0,0,0,True,2
762,2,Harris,1,9,1,0,True,2
762,3,Harris,0,26,0,0,True,2
762,4,Harris,0,9,0,0,True,2
762,5,Harris,0,44,0,0,True,2
762,6,Harris,2,40,2,0,True,2
762,7,Harris,0,21,0,0,True,2
763,0,Harris,1,42,1,0,True,2
763,1,Harris,0,13,0,0,True,2
763,2,Harris,1,22,1,0,True,2
763,3,Harris,0,11,0,0,True,2
763,4,Harris,0,5,0,0,True,2
763,5,Harris,2,23,2,0,True,2
763,6,Harris,0,0,0,0,True,2
764,0,Harris,1,22,1,0,True,2
764,1,Harris,0,5,0,0,True,2
764,2,Harris,1,20,1,0,True,2
764,3,Harris,2,44,2,0,True,2
764,4,Harris,0,4,0,0,True,2
764,5,Harris,1,18,1,0,True,2
764,6,Harris,2,11,2,0,True,2
765,0,Harris,0,17,0,0,True,2
765,1,Harris,1,55,1,0,True,2
765,2,Harris,0,26,0,0,True,2
765,3,Harris,0,9,0,0,True,2
765,4,Harris,1,40,1,0,True,2
765,5,Harris,2,48,2,0,True,2
765,6,Harris,0,19,0,0,True,2
765,7,Harris,0,12,0,0,True,2
765,8,Harris,0,17,0,0,True,2
766,0,Harris,0,6,0,0,True,2
766,1,Harris,0,0,0,0,True,2
766,2,Harris,0,21,0,0,True,2
766,3,Harris,1,4,1,0,True,2
766,4,Harris,0,27,0,0,True,2
766,5,Harris,2,50,2,0,True,2
767,0,Harris,0,7,0,0,True,2
767,1,Harris,0,19,0,0,True,2
767,2,Harris,0,13,0,0,True,2
767,3,Harris,1,21,1,0,True,2
767,4,Harris,2,17,2,0,True,2
767,5,Harris,0,10,0,0,True,2
767,6,Harris,0,13,0,0,True,2
767,7,Harris,0,17,0,0,True,2
767,8,Harris,0,13,0,0,True,2
768,0,Harris,0,6,0,0,True,2
768,1,Harris,0,9,0,0,True,2
768,2,Harris,0,9,0,0,True,2
768,3,Harris,0,4,0,0,True,2
768,4,Harris,2,4,2,0,True,2
768,5,Harris,0,8,0,0,True,2
769,0,Harris,1,33,1,0,True,2
769,1,Harris,0,10,0,0,True,2
769,2,Harris,0,11,0,0,True,2
769,3,Harris,2,24,2,0,True,2
769,4,Harris,2,11,2,0,True,2
769,5,Harris,1,35,1,0,True,2
769,6,Harris,0,26,0,0,True,2
769,7,Harris,0,6,0,0,True,2
769,8,Harris,1,57,1,0,True,2
770,0,Harris,0,7,0,0,True,2
770,1,Harris,0,18,0,0,True,2
770,2,Harris,1,21,1,0,True,2
770,3,Harris,0,2,0,0,True,2
770,4,Harris,0,9,0,0,True,2
770,5,Harris,0,24,0,0,True,2
770,6,Harris,0,6,0,0,True,2
770,7,Harris,0,12,0,0,True,2
771,0,Harris,0,7,0,0,True,2
771,1,Harris,0,25,0,0,True,2
771,2,Harris,0,5,0,0,True,2
771,3,Harris,0,17,0,0,True,2
771,4,Harris,2,41,2,0,True,2
771,5,Harris,0,22,0,0,True,2
771,6,Harris,3,14,3,0,True,2
771,7,Harris,0,3,0,0,True,2
771,8,Harris,0,6,0,0,True,2
772,0,Harris,0,52,0,0,True,2
772,1,Harris,0,9,0,0,True,2
772,2,Harris,0,48,0,0,True,2
772,3,Harris,2,33,2,0,True,2
772,4,Harris,0,42,0,0,True,2
772,5,Harris,0,23,0,0,True,2
772,6,Harris,0,15,0,0,True,2
772,7,Harris,2,53,2,0,True,2
772,8,Harris,0,11,0,0,True,2
772,9,Harris,0,9,0,0,True,2
773,0,Harris,0,20,0,0,True,2
773,1,Harris,0,22,0,0,True,2
773,2,Harris,0,27,0,0,True,2
773,3,Harris,0,17,0,0,True,2
773,4,Harris,0,8,0,0,True,2
773,5,Harris,0,23,0,0,True,2
773,6,Harris,0,8,0,0,True,2
773,7,Harris,3,41,3,0,True,2
773,8,Harris,0,5,0,0,True,2
774,0,Harris,0,1,0,0,True,2
774,1,Harris,0,13,0,0,True,2
774,2,Harris,0,15,0,0,True,2
774,3,Harris,0,17,0,0,True,2
774,4,Harris,0,19,0,0,True,2
774,5,Harris,0,16,0,0,True,2
774,6,Harris,0,12,0,0,True,2
774,7,Harris,0,2,0,0,True,2
774,8,Harris,0,3,0,0,True,2
775,0,Harris,0,42,0,0,True,2
775,1,Harris,0,12,0,0,True,2
775,2,Harris,1,21,1,0,True,2
775,3,Harris,0,15,0,0,True,2
775,4,Harris,0,23,0,0,True,2
775,5,Harris,0,8,0,0,True,2
775,6,Harris,0,2,0,0,True,2
775,7,Harris,0,3,0,0,True,2
775,8,Harris,0,24,0,0,True,2
776,0,Harris,0,23,0,0,True,2
776,1,Harris,1,16,1,0,True,2
776,2,Harris,0,13,0,0,True,2
776,3,Harris,0,21,0,0,True,2
776,4,Harris,0,15,0,0,True,2
776,5,Harris,0,18,0,0,True,2
776,6,Harris,0,16,0,0,True,2
776,7,Harris,0,37,0,0,True,2
777,0,Harris,1,23,1,0,True,2
777,1,Harris,0,10,0,0,True,2
777,2,Harris,0,33,0,0,True,2
777,3,Harris,0,7,0,0,True,2
777,4,Harris,1,20,1,0,True,2
777,5,Harris,0,6,0,0,True,2
777,6,Harris,0,25,0,0,True,2
777,7,Harris,0,5,0,0,True,2
778,0,Harris,1,9,1,0,True,2
778,1,Harris,0,12,0,0,True,2
778,2,Harris,0,2,0,0,True,2
778,3,Harris,2,29,2,0,True,2
778,4,Harris,0,20,0,0,True,2
778,5,Harris,0,2,0,0,True,2
779,0,Harris,1,46,1,0,True,2
779,1,Harris,1,11,1,0,True,2
779,2,Harris,2,44,2,0,True,2
779,3,Harris,2,51,2,0,True,2
779,4,Harris,2,48,2,0,True,2
779,5,Harris,2,33,2,0,True,2
779,6,Harris,2,24,2,0,True,2
779,7,Harris,4,49,4,0,True,2
780,0,Harris,0,4,0,0,True,2
780,1,Harris,0,5,0,0,True,2
780,2,Harris,0,2,0,0,True,2
780,3,Harris,0,32,0,0,True,2
780,4,Harris,0,30,0,0,True,2
780,5,Harris,0,20,0,0,True,2
780,6,Harris,0,13,0,0,True,2
780,7,Harris,5,45,5,0,True,2
780,8,Harris,0,23,0,0,True,2
781,0,Harris,0,5,0,0,True,2
781,1,Harris,0,9,0,0,True,2
781,2,Harris,0,30,0,0,True,2
781,3,Harris,0,12,0,0,True,2
781,4,Harris,0,24,0,0,True,2
781,5,Harris,0,15,0,0,True,2
781,6,Harris,1,23,1,0,True,2
781,7,Harris,0,3,0,0,True,2
782,0,Harris,2,24,2,0,True,2
782,1,Harris,1,27,1,0,True,2
782,2,Harris,1,14,1,0,True,2
782,3,Harris,1,42,1,0,True,2
782,4,Harris,1,1,1,0,True,2
782,5,Harris,1,28,1,0,True,2
782,6,Harris,0,10,0,0,True,2
782,7,Harris,1,16,1,0,True,2
783,0,Harris,0,1,0,0,True,2
783,1,Harris,0,21,0,0,True,2
783,2,Harris,0,20,0,0,True,2
783,3,Harris,2,26,2,0,True,2
783,4,Harris,1,27,1,0,True,2
783,5,Harris,0,20,0,0,True,2
783,6,Harris,1,16,1,0,True,2
783,7,Harris,0,5,0,0,True,2
784,0,Harris,0,5,0,0,True,2
784,1,Harris,3,38,3,0,True,2
784,2,Harris,0,25,0,0,True,2
784,3,Harris,2,36,2,0,True,2
784,4,Harris,0,13,0,0,True,2
784,5,Harris,2,16,2,0,True,2
784,6,Harris,0,5,0,0,True,2
785,0,Harris,0,6,0,0,True,2
785,1,Harris,0,13,0,0,True,2
785,2,Harris,0,4,0,0,True,2
785,3,Harris,0,6,0,0,True,2
785,4,Harris,0,8,0,0,True,2
785,5,Harris,1,9,1,0,True,2
785,6,Harris,1,5,1,0,True,2
785,7,Harris,2,12,2,0,True,2
786,0,Harris,0,3,0,0,True,2
786,1,Harris,0,19,0,0,True,2
786,2,Harris,0,11,0,0,True,2
786,3,Harris,0,41,0,0,True,2
786,4,Harris,2,45,2,0,True,2
786,5,Harris,0,17,0,0,True,2
786,6,Harris,0,24,0,0,True,2
786,7,Harris,0,48,0,0,True,2
787,0,Harris,1,53,1,0,True,2
787,1,Harris,1,10,1,0,True,2
787,2,Harris,2,51,2,0,True,2
787,3,Harris,0,1,0,0,True,2
787,4,Harris,0,4,0,0,True,2
787,5,Harris,0,13,0,0,True,2
787,6,Harris,0,16,0,0,True,2
788,0,Harris,0,12,0,0,True,2
788,1,Harris,2,37,2,0,True,2
788,2,Harris,0,15,0,0,True,2
788,3,Harris,0,4,0,0,True,2
788,4,Harris,0,18,0,0,True,2
788,5,Harris,1,9,1,0,True,2
788,6,Harris,0,20,0,0,True,2
788,7,Harris,0,13,0,0,True,2
788,8,Harris,0,16,0,0,True,2
789,0,Harris,2,2,2,0,True,2
789,1,Harris,2,22,2,0,True,2
789,2,Harris,0,56,0,0,True,2
789,3,Harris,1,50,1,0,True,2
789,4,Harris,3,57,3,0,True,2
789,5,Harris,2,31,2,0,True,2
789,6,Harris,2,15,2,0,True,2
790,0,Harris,2,9,2,0,True,2
790,1,Harris,0,10,0,0,True,2
790,2,Harris,1,24,1,0,True,2
790,3,Harris,1,56,1,0,True,2
790,4,Harris,2,20,2,0,True,2
790,5,Harris,2,13,2,0,True,2
790,6,Harris,0,15,0,0,True,2
790,7,Harris,0,19,0,0,True,2
790,8,Harris,1,30,1,0,True,2
791,0,Harris,0,48,0,0,True,2
791,1,Harris,0,50,0,0,True,2
791,2,Harris,0,37,0,0,True,2
791,3,Harris,0,36,0,0,True,2
791,4,Harris,0,23,0,0,True,2
791,5,Harris,0,16,0,0,True,2
791,6,Harris,1,40,1,0,True,2
792,0,Harris,0,14,0,0,True,2
792,1,Harris,0,0,0,0,True,2
792,2,Harris,0,13,0,0,True,2
792,3,Harris,0,10,0,0,True,2
792,4,Harris,0,22,0,0,True,2
792,5,Harris,0,35,0,0,True,2
793,0,Harris,1,53,1,0,True,2
793,1,Harris,2,17,2,0,True,2
793,2,Harris,4,50,4,0,True,2
793,3,Harris,2,43,2,0,True,2
793,4,Harris,2,49,2,0,True,2
793,5,Harris,4,42,4,0,True,2
793,6,Harris,4,52,4,0,True,2
793,7,Harris,2,43,2,0,True,2
794,0,Harris,0,0,0,0,True,2
794,1,Harris,0,38,0,0,True,2
794,2,Harris,0,10,0,0,True,2
794,3,Harris,0,14,0,0,True,2
794,4,Harris,3,44,3,0,True,2
794,5,Harris,0,21,0,0,True,2
794,6,Harris,0,5,0,0,True,2
794,7,Harris,0,5,0,0,True,2
794,8,Harris,0,5,0,0,True,2
795,0,Harris,2,15,2,0,True,2
795,1,Harris,1,9,1,0,True,2
795,2,Harris,0,39,0,0,True,2
795,3,Harris,0,27,0,0,True,2
795,4,Harris,0,2,0,0,True,2
795,5,Harris,1,3,1,0,True,2
795,6,Harris,2,31,2,0,True,2
796,0,Harris,0,3,0,0,True,2
796,1,Harris,0,14,0,0,True,2
796,2,Harris,0,35,0,0,True,2
796,3,Harris,0,5,0,0,True,2
796,4,Harris,0,22,0,0,True,2
796,5,Harris,0,39,0,0,True,2
796,6,Harris,0,3,0,0,True,2
796,7,Harris,0,7,0,0,True,2
796,8,Harris,0,14,0,0,True,2
797,0,Harris,1,21,1,0,True,2
797,1,Harris,0,3,0,0,True,2
797,2,Harris,2,12,2,0,True,2
797,3,Harris,0,19,0,0,True,2
797,4,Harris,2,7,2,0,True,2
797,5,Harris,3,49,3,0,True,2
797,6,Harris,0,9,0,0,True,2
797,7,Harris,0,8,0,0,True,2
797,8,Harris,0,13,0,0,True,2
798,0,Harris,1,9,1,0,True,2
798,1,Harris,1,43,1,0,True,2
798,2,Harris,1,9,1,0,True,2
798,3,Harris,1,9,1,0,True,2
798,4,Harris,0,7,0,0,True,2
798,5,Harris,0,14,0,0,True,2
798,6,Harris,1,14,1,0,True,2
798,7,Harris,2,11,2,0,True,2
799,0,Harris,2,41,2,0,True,2
799,1,Harris,0,22,0,0,True,2
799,2,Harris,1,9,1,0,True,2
799,3,Harris,0,21,0,0,True,2
799,4,Harris,1,9,1,0,True,2
799,5,Harris,0,9,0,0,True,2
799,6,Harris,0,19,0,0,True,2
800,0,Harris,0,20,0,0,True,2
800,1,Harris,0,17,0,0,True,2
800,2,Harris,0,5,0,0,True,2
800,3,Harris,1,3,1,0,True,2
800,4,Harris,0,10,0,0,True,2
800,5,Harris,0,20,0,0,True,2
800,6,Harris,1,17,1,0,True,2
800,7,Harris,0,9,0,0,True,2
800,8,Harris,0,11,0,0,True,2
800,9,Harris,0,16,0,0,True,2
801,0,Harris,0,7,0,0,True,2
801,1,Harris,0,30,0,0,True,2
801,2,Harris,0,4,0,0,True,2
801,3,Harris,0,3,0,0,True,2
801,4,Harris,0,14,0,0,True,2
801,5,Harris,0,8,0,0,True,2
801,6,Harris,0,4,0,0,True,2
801,7,Harris,0,1,0,0,True,2
801,8,Harris,0,13,0,0,True,2
801,9,Harris,0,33,0,0,True,2
802,0,Harris,1,58,1,0,True,2
802,1,Harris,2,28,2,0,True,2
802,2,Harris,0,12,0,0,True,2
802,3,Harris,2,6,2,0,True,2
802,4,Harris,0,2,0,0,True,2
802,5,Harris,1,17,1,0,True,2
803,0,Harris,1,25,1,0,True,2
803,1,Harris,2,32,2,0,True,2
803,2,Harris,2,50,2,0,True,2
803,3,Harris,2,45,2,0,True,2
803,4,Harris,2,10,2,0,True,2
803,5,Harris,2,15,2,0,True,2
803,6,Harris,2,39,2,0,True,2
804,0,Harris,2,30,2,0,True,2
804,1,Harris,0,6,0,0,True,2
804,2,Harris,0,55,0,0,True,2
804,3,Harris,0,10,0,0,True,2
804,4,Harris,0,23,0,0,True,2
804,5,Harris,0,27,0,0,True,2
804,6,Harris,0,18,0,0,True,2
804,7,Harris,0,22,0,0,True,2
804,8,Harris,2,25,2,0,True,2
805,0,Harris,0,10,0,0,True,2
805,1,Harris,0,30,0,0,True,2
805,2,Harris,1,41,1,0,True,2
805,3,Harris,0,27,0,0,True,2
805,4,Harris,0,3,0,0,True,2
805,5,Harris,0,8,0,0,True,2
805,6,Harris,0,18,0,0,True,2
806,0,Harris,0,11,0,0,True,2
806,1,Harris,0,4,0,0,True,2
806,2,Harris,1,49,1,0,True,2
806,3,Harris,1,39,1,0,True,2
806,4,Harris,1,19,1,0,True,2
806,5,Harris,1,32,1,0,True,2
806,6,Harris,0,2,0,0,True,2
807,0,Harris,0,8,0,0,True,2
807,1,Harris,0,26,0,0,True,2
807,2,Harris,0,25,0,0,True,2
807,3,Harris,0,8,0,0,True,2
807,4,Harris,0,31,0,0,True,2
807,5,Harris,1,6,1,0,True,2
807,6,Harris,0,6,0,0,True,2
807,7,Harris,1,22,1,0,True,2
808,0,Harris,0,13,0,0,True,2
808,1,Harris,0,21,0,0,True,2
808,2,Harris,0,11,0,0,True,2
808,3,Harris,0,15,0,0,True,2
808,4,Harris,0,27,0,0,True,2
808,5,Harris,0,12,0,0,True,2
808,6,Harris,0,7,0,0,True,2
808,7,Harris,0,18,0,0,True,2
808,8,Harris,0,22,0,0,True,2
809,0,Harris,1,13,1,0,True,2
809,1,Harris,1,28,1,0,True,2
809,2,Harris,3,29,3,0,True,2
809,3,Harris,2,36,2,0,True,2
809,4,Harris,4,49,4,0,True,2
809,5,Harris,2,31,2,0,True,2
809,6,Harris,0,10,0,0,True,2
809,7,Harris,0,7,0,0,True,2
810,0,Harris,1,40,1,0,True,2
810,1,Harris,0,24,0,0,True,2
810,2,Harris,1,49,1,0,True,2
810,3,Harris,0,5,0,0,True,2
810,4,Harris,0,16,0,0,True,2
810,5,Harris,0,0,0,0,True,2
810,6,Harris,0,49,0,0,True,2
810,7,Harris,0,24,0,0,True,2
811,0,Harris,1,24,1,0,True,2
811,1,Harris,1,47,1,0,True,2
811,2,Harris,0,33,0,0,True,2
811,3,Harris,0,10,0,0,True,2
811,4,Harris,0,24,0,0,True,2
811,5,Harris,1,32,1,0,True,2
811,6,Harris,2,35,2,0,True,2
811,7,Harris,1,50,1,0,True,2
811,8,Harris,1,18,1,0,True,2
812,0,Harris,0,7,0,0,True,2
812,1,Harris,1,44,1,0,True,2
812,2,Harris,2,12,2,0,True,2
812,3,Harris,0,23,0,0,True,2
812,4,Harris,2,13,2,0,True,2
813,0,Harris,3,22,3,0,True,2
813,1,Harris,0,18,0,0,True,2
813,2,Harris,0,4,0,0,True,2
813,3,Harris,0,11,0,0,True,2
813,4,Harris,0,14,0,0,True,2
813,5,Harris,1,2,1,0,True,2
813,6,Harris,0,5,0,0,True,2
813,7,Harris,0,5,0,0,True,2
813,8,Harris,0,4,0,0,True,2
813,9,Harris,0,22,0,0,True,2
814,0,Harris,2,21,2,0,True,2
814,1,Harris,0,55,0,0,True,2
814,2,Harris,0,14,0,0,True,2
814,3,Harris,0,21,0,0,True,2
814,4,Harris,0,29,0,0,True,2
814,5,Harris,0,11,0,0,True,2
814,6,Harris,0,15,0,0,True,2
814,7,Harris,0,7,0,0,True,2
815,0,Harris,0,4,0,0,True,2
815,1,Harris,0,9,0,0,True,2
815,2,Harris,2,13,2,0,True,2
815,3,Harris,2,30,2,0,True,2
815,4,Harris,0,7,0,0,True,2
815,5,Harris,0,7,0,0,True,2
815,6,Harris,0,5,0,0,True,2
815,7,Harris,0,7,0,0,True,2
816,0,Harris,2,17,2,0,True,2
816,1,Harris,0,10,0,0,True,2
816,2,Harris,1,8,1,0,True,2
816,3,Harris,1,32,1,0,True,2
816,4,Harris,1,11,1,0,True,2
816,5,Harris,1,23,1,0,True,2
816,6,Harris,1,2,1,0,True,2
817,0,Harris,4,39,4,0,True,2
817,1,Harris,4,33,4,0,True,2
817,2,Harris,2,49,2,0,True,2
817,3,Harris,4,35,4,0,True,2
817,4,Harris,1,11,1,0,True,2
817,5,Harris,2,15,2,0,True,2
817,6,Harris,2,20,2,0,True,2
817,7,Harris,2,17,2,0,True,2
818,0,Harris,0,10,0,0,True,2
818,1,Harris,0,15,0,0,True,2
818,2,Harris,0,14,0,0,True,2
818,3,Harris,3,52,3,0,True,2
818,4,Harris,0,6,0,0,True,2
818,5,Harris,0,25,0,0,True,2
818,6,Harris,0,18,0,0,True,2
819,0,Harris,0,30,0,0,True,2
819,1,Harris,0,17,0,0,True,2
819,2,Harris,0,5,0,0,True,2
819,3,Harris,0,3,0,0,True,2
819,4,Harris,0,15,0,0,True,2
819,5,Harris,0,29,0,0,True,2
819,6,Harris,0,25,0,0,True,2
819,7,Harris,0,3,0,0,True,2
819,8,Harris,0,63,0,0,True,2
820,0,Harris,2,19,2,0,True,2
820,1,Harris,2,36,2,0,True,2
820,2,Harris,3,11,3,0,True,2
820,3,Harris,0,6,0,0,True,2
820,4,Harris,0,7,0,0,True,2
820,5,Harris,0,22,0,0,True,2
820,6,Harris,0,24,0,0,True,2
820,7,Harris,2,14,2,0,True,2
821,0,Harris,0,20,0,0,True,2
821,1,Harris,0,45,0,0,True,2
821,2,Harris,0,16,0,0,True,2
821,3,Harris,0,9,0,0,True,2
821,4,Harris,0,36,0,0,True,2
821,5,Harris,0,2,0,0,True,2
821,6,Harris,0,8,0,0,True,2
821,7,Harris,0,15,0,0,True,2
821,8,Harris,0,27,0,0,True,2
821,9,Harris,2,34,2,0,True,2
822,0,Harris,0,15,0,0,True,2
822,1,Harris,0,7,0,0,True,2
822,2,Harris,0,6,0,0,True,2
822,3,Harris,0,2,0,0,True,2
822,4,Harris,0,1,0,0,True,2
822,5,Harris,0,47,0,0,True,2
822,6,Harris,0,58,0,0,True,2
822,7,Harris,1,11,1,0,True,2
822,8,Harris,0,6,0,0,True,2
823,0,Harris,0,7,0,0,True,2
823,1,Harris,0,34,0,0,True,2
823,2,Harris,0,41,0,0,True,2
823,3,Harris,1,9,1,0,True,2
823,4,Harris,2,10,2,0,True,2
823,5,Harris,0,50,0,0,True,2
823,6,Harris,0,18,0,0,True,2
823,7,Harris,0,48,0,0,True,2
823,8,Harris,0,39,0,0,True,2
824,0,Harris,2,8,2,0,True,2
824,1,Harris,0,6,0,0,True,2
824,2,Harris,1,27,1,0,True,2
824,3,Harris,2,11,2,0,True,2
824,4,Harris,0,15,0,0,True,2
824,5,Harris,1,8,1,0,True,2
824,6,Harris,1,16,1,0,True,2
825,0,Harris,0,23,0,0,True,2
825,1,Harris,0,26,0,0,True,2
825,2,Harris,0,1,0,0,True,2
825,3,Harris,1,46,1,0,True,2
825,4,Harris,0,8,0,0,True,2
825,5,Harris,0,14,0,0,True,2
825,6,Harris,2,50,2,0,True,2
825,7,Harris,0,0,0,0,True,2
826,0,Harris,1,9,1,0,True,2
826,1,Harris,0,6,0,0,True,2
826,2,Harris,0,11,0,0,True,2
826,3,Harris,0,37,0,0,True,2
826,4,Harris,0,17,0,0,True,2
826,5,Harris,0,12,0,0,True,2
826,6,Harris,0,9,0,0,True,2
827,0,Harris,0,21,0,0,True,2
827,1,Harris,0,52,0,0,True,2
827,2,Harris,0,14,0,0,True,2
827,3,Harris,0,13,0,0,True,2
827,4,Harris,0,28,0,0,True,2
827,5,Harris,0,12,0,0,True,2
827,6,Harris,2,25,2,0,True,2
827,7,Harris,2,40,2,0,True,2
827,8,Harris,0,1,0,0,True,2
828,0,Harris,0,4,0,0,True,2
828,1,Harris,0,1,0,0,True,2
828,2,Harris,3,26,3,0,True,2
828,3,Harris,0,53,0,0,True,2
828,4,Harris,2,31,2,0,True,2
828,5,Harris,0,47,0,0,True,2
828,6,Harris,5,32,5,0,True,2
828,7,Harris,1,46,1,0,True,2
829,0,Harris,0,21,0,0,True,2
829,1,Harris,0,13,0,0,True,2
829,2,Harris,0,40,0,0,True,2
829,3,Harris,2,33,2,0,True,2
829,4,Harris,0,15,0,0,True,2
829,5,Harris,0,4,0,0,True,2
830,0,Harris,0,3,0,0,True,2
830,1,Harris,0,6,0,0,True,2
830,2,Harris,0,1,0,0,True,2
830,3,Harris,0,18,0,0,True,2
830,4,Harris,0,12,0,0,True,2
830,5,Harris,1,41,1,0,True,2
830,6,Harris,0,8,0,0,True,2
830,7,Harris,1,53,1,0,True,2
830,8,Harris,0,14,0,0,True,2
831,0,Harris,0,14,0,0,True,2
831,1,Harris,0,36,0,0,True,2
831,2,Harris,0,23,0,0,True,2
831,3,Harris,0,19,0,0,True,2
831,4,Harris,1,37,1,0,True,2
831,5,Harris,1,18,1,0,True,2
831,6,Harris,0,10,0,0,True,2
831,7,Harris,0,8,0,0,True,2
832,0,Harris,0,29,0,0,True,2
832,1,Harris,0,13,0,0,True,2
832,2,Harris,0,10,0,0,True,2
832,3,Harris,0,14,0,0,True,2
832,4,Harris,0,8,0,0,True,2
832,5,Harris,0,9,0,0,True,2
832,6,Harris,2,6,2,0,True,2
832,7,Harris,0,12,0,0,True,2
832,8,Harris,0,18,0,0,True,2
833,0,Harris,0,23,0,0,True,2
833,1,Harris,0,8,0,0,True,2
833,2,Harris,0,15,0,0,True,2
833,3,Harris,0,20,0,0,True,2
833,4,Harris,2,9,2,0,True,2
833,5,Harris,0,7,0,0,True,2
833,6,Harris,1,6,1,0,True,2
834,0,Harris,0,11,0,0,True,2
834,1,Harris,0,11,0,0,True,2
834,2,Harris,0,3,0,0,True,2
834,3,Harris,0,1,0,0,True,2
834,4,Harris,0,16,0,0,True,2
834,5,Harris,0,6,0,0,True,2
834,6,Harris,0,6,0,0,True,2
835,0,Harris,0,20,0,0,True,2
835,1,Harris,0,17,0,0,True,2
835,2,Harris,0,20,0,0,True,2
835,3,Harris,0,28,0,0,True,2
835,4,Harris,0,15,0,0,True,2
835,5,Harris,0,4,0,0,True,2
835,6,Harris,0,13,0,0,True,2
835,7,Harris,0,11,0,0,True,2
835,8,Harris,0,30,0,0,True,2
836,0,Harris,0,1,0,0,True,2
836,1,Harris,1,38,1,0,True,2
836,2,Harris,0,10,0,0,True,2
836,3,Harris,0,25,0,0,True,2
836,4,Harris,0,5,0,0,True,2
836,5,Harris,4,55,4,0,True,2
836,6,Harris,0,14,0,0,True,2
837,0,Harris,0,4,0,0,True,2
837,1,Harris,0,6,0,0,True,2
837,2,Harris,0,23,0,0,True,2
837,3,Harris,1,53,1,0,True,2
837,4,Harris,1,16,1,0,True,2
837,5,Harris,3,53,3,0,True,2
837,6,Harris,2,51,2,0,True,2
837,7,Harris,0,5,0,0,True,2
838,0,Harris,0,1,0,0,True,2
838,1,Harris,3,35,3,0,True,2
838,2,Harris,1,58,1,0,True,2
838,3,Harris,2,42,2,0,True,2
838,4,Harris,0,2,0,0,True,2
838,5,Harris,0,50,0,0,True,2
838,6,Harris,0,50,0,0,True,2
839,0,Harris,4,41,4,0,True,2
839,1,Harris,1,6,1,0,True,2
839,2,Harris,2,46,2,0,True,2
839,3,Harris,1,35,1,0,True,2
839,4,Harris,1,31,1,0,True,2
839,5,Harris,2,39,2,0,True,2
839,6,Harris,1,54,1,0,True,2
839,7,Harris,1,63,1,0,True,2
840,0,Harris,1,49,1,0,True,2
840,1,Harris,0,18,0,0,True,2
840,2,Harris,0,55,0,0,True,2
840,3,Harris,0,57,0,0,True,2
840,4,Harris,2,50,2,0,True,2
840,5,Harris,2,58,2,0,True,2
840,6,Harris,0,25,0,0,True,2
841,0,Harris,3,35,3,0,True,2
841,1,Harris,1,5,1,0,True,2
841,2,Harris,2,36,2,0,True,2
841,3,Harris,0,4,0,0,True,2
841,4,Harris,2,50,2,0,True,2
842,0,Harris,0,20,0,0,True,2
842,1,Harris,0,9,0,0,True,2
842,2,Harris,2,42,2,0,True,2
842,3,Harris,0,21,0,0,True,2
842,4,Harris,0,2,0,0,True,2
842,5,Harris,0,11,0,0,True,2
842,6,Harris,0,20,0,0,True,2
842,7,Harris,0,16,0,0,True,2
843,0,Harris,0,27,0,0,True,2
843,1,Harris,3,34,3,0,True,2
843,2,Harris,0,52,0,0,True,2
843,3,Harris,0,4,0,0,True,2
843,4,Harris,0,23,0,0,True,2
843,5,Harris,0,3,0,0,True,2
843,6,Harris,0,25,0,0,True,2
843,7,Harris,0,0,0,0,True,2
844,0,Harris,0,23,0,0,True,2
844,1,Harris,0,7,0,0,True,2
844,2,Harris,0,16,0,0,True,2
844,3,Harris,0,16,0,0,True,2
844,4,Harris,0,12,0,0,True,2
844,5,Harris,0,13,0,0,True,2
844,6,Harris,0,2,0,0,True,2
844,7,Harris,0,12,0,0,True,2
844,8,Harris,0,13,0,0,True,2
845,0,Harris,2,14,2,0,True,2
845,1,Harris,0,13,0,0,True,2
845,2,Harris,0,28,0,0,True,2
845,3,Harris,0,1,0,0,True,2
845,4,Harris,1,43,1,0,True,2
845,5,Harris,1,52,1,0,True,2
845,6,Harris,1,19,1,0,True,2
846,0,Harris,2,3,2,0,True,2
846,1,Harris,2,18,2,0,True,2
846,2,Harris,1,21,1,0,True,2
846,3,Harris,2,12,2,0,True,2
846,4,Harris,2,15,2,0,True,2
846,5,Harris,2,50,2,0,True,2
846,6,Harris,4,46,4,0,True,2
847,0,Harris,2,17,2,0,True,2
847,1,Harris,2,37,2,0,True,2
847,2,Harris,1,39,1,0,True,2
847,3,Harris,4,42,4,0,True,2
847,4,Harris,3,37,3,0,True,2
847,5,Harris,2,41,2,0,True,2
847,6,Harris,1,8,1,0,True,2
848,0,Harris,1,19,1,0,True,2
848,1,Harris,2,37,2,0,True,2
848,2,Harris,4,20,4,0,True,2
848,3,Harris,1,24,1,0,True,2
848,4,Harris,2,2,2,0,True,2
848,5,Harris,1,17,1,0,True,2
848,6,Harris,2,22,2,0,True,2
849,0,Harris,2,18,2,0,True,2
849,1,Harris,2,11,2,0,True,2
849,2,Harris,1,16,1,0,True,2
849,3,Harris,3,56,3,0,True,2
849,4,Harris,2,6,2,0,True,2
849,5,Harris,2,49,2,0,True,2
849,6,Harris,3,54,3,0,True,2
849,7,Harris,3,56,3,0,True,2
849,8,Harris,2,18,2,0,True,2
850,0,Harris,4,29,4,0,True,2
850,1,Harris,2,36,2,0,True,2
850,2,Harris,2,32,2,0,True,2
850,3,Harris,2,38,2,0,True,2
850,4,Harris,3,12,3,0,True,2
850,5,Harris,3,42,3,0,True,2
850,6,Harris,2,48,2,0,True,2
850,7,Harris,1,35,1,0,True,2
851,0,Harris,2,2,2,0,True,2
851,1,Harris,1,13,1,0,True,2
851,2,Harris,2,5,2,0,True,2
851,3,Harris,2,4,2,0,True,2
851,4,Harris,2,2,2,0,True,2
851,5,Harris,2,1,1,1,False,2
851,6,Harris,2,7,2,0,True,2
851,7,Harris,2,4,2,0,True,2
852,0,Harris,1,28,1,0,True,2
852,1,Harris,0,15,0,0,True,2
852,2,Harris,0,6,0,0,True,2
852,3,Harris,0,4,0,0,True,2
852,4,Harris,4,49,4,0,True,2
852,5,Harris,2,58,2,0,True,2
852,6,Harris,0,6,0,0,True,2
853,0,Harris,1,0,0,1,False,2
853,1,Harris,4,31,4,0,True,2
853,2,Harris,2,5,2,0,True,2
853,3,Harris,2,10,2,0,True,2
853,4,Harris,3,22,3,0,True,2
853,5,Harris,6,11,6,0,True,2
854,0,Harris,0,6,0,0,True,2
854,1,Harris,2,5,2,0,True,2
854,2,Harris,0,26,0,0,True,2
854,3,Harris,2,25,2,0,True,2
854,4,Harris,0,17,0,0,True,2
854,5,Harris,0,29,0,0,True,2
855,0,Harris,2,7,2,0,True,2
855,1,Harris,2,35,2,0,True,2
855,2,Harris,2,29,2,0,True,2
855,3,Harris,2,49,2,0,True,2
855,4,Harris,1,55,1,0,True,2
855,5,Harris,3,45,3,0,True,2
855,6,Harris,5,37,5,0,True,2
855,7,Harris,3,29,3,0,True,2
855,8,Harris,0,3,0,0,True,2
856,0,Harris,2,31,2,0,True,2
856,1,Harris,1,14,1,0,True,2
856,2,Harris,2,50,2,0,True,2
856,3,Harris,1,21,1,0,True,2
856,4,Harris,1,29,1,0,True,2
856,5,Harris,1,15,1,0,True,2
856,6,Harris,1,16,1,0,True,2
857,0,Harris,0,7,0,0,True,2
857,1,Harris,1,20,1,0,True,2
857,2,Harris,1,14,1,0,True,2
857,3,Harris,1,24,1,0,True,2
857,4,Harris,1,17,1,0,True,2
857,5,Harris,2,30,2,0,True,2
857,6,Harris,2,10,2,0,True,2
858,0,Harris,0,10,0,0,True,2
858,1,Harris,2,11,2,0,True,2
858,2,Harris,1,32,1,0,True,2
858,3,Harris,1,11,1,0,True,2
858,4,Harris,2,50,2,0,True,2
858,5,Harris,0,5,0,0,True,2
858,6,Harris,0,11,0,0,True,2
858,7,Harris,0,17,0,0,True,2
859,0,Harris,2,7,2,0,True,2
859,1,Harris,2,9,2,0,True,2
859,2,Harris,1,4,1,0,True,2
859,3,Harris,2,18,2,0,True,2
859,4,Harris,2,13,2,0,True,2
859,5,Harris,2,20,2,0,True,2
859,6,Harris,2,10,2,0,True,2
859,7,Harris,2,20,2,0,True,2
860,0,Harris,0,8,0,0,True,2
860,1,Harris,2,50,2,0,True,2
860,2,Harris,2,50,2,0,True,2
860,3,Harris,2,45,2,0,True,2
860,4,Harris,2,14,2,0,True,2
860,5,Harris,0,5,0,0,True,2
860,6,Harris,0,19,0,0,True,2
861,0,Harris,3,33,3,0,True,2
861,1,Harris,1,53,1,0,True,2
861,2,Harris,3,48,3,0,True,2
861,3,Harris,1,5,1,0,True,2
861,4,Harris,1,55,1,0,True,2
861,5,Harris,2,17,2,0,True,2
861,6,Harris,0,7,0,0,True,2
862,0,Harris,0,16,0,0,True,2
862,1,Harris,2,26,2,0,True,2
862,2,Harris,6,43,6,0,True,2
862,3,Harris,0,4,0,0,True,2
862,4,Harris,0,13,0,0,True,2
862,5,Harris,0,5,0,0,True,2
862,6,Harris,0,12,0,0,True,2
863,0,Harris,3,25,3,0,True,2
863,1,Harris,1,23,1,0,True,2
863,2,Harris,0,8,0,0,True,2
863,3,Harris,1,23,1,0,True,2
863,4,Harris,1,35,1,0,True,2
863,5,Harris,1,51,1,0,True,2
863,6,Harris,0,6,0,0,True,2
864,0,Harris,1,22,1,0,True,2
864,1,Harris,3,24,3,0,True,2
864,2,Harris,1,12,1,0,True,2
864,3,Harris,2,56,2,0,True,2
864,4,Harris,0,3,0,0,True,2
864,5,Harris,0,17,0,0,True,2
864,6,Harris,0,5,0,0,True,2
865,0,Harris,1,16,1,0,True,2
865,1,Harris,0,19,0,0,True,2
865,2,Harris,2,31,2,0,True,2
865,3,Harris,2,16,2,0,True,2
865,4,Harris,2,54,2,0,True,2
865,5,Harris,2,48,2,0,True,2
866,0,Harris,2,9,2,0,True,2
866,1,Harris,0,5,0,0,True,2
866,2,Harris,3,3,3,0,True,2
866,3,Harris,2,1,1,1,False,2
866,4,Harris,2,10,2,0,True,2
866,5,Harris,0,8,0,0,True,2
866,6,Harris,3,32,3,0,True,2
867,0,Harris,2,6,2,0,True,2
867,1,Harris,2,5,2,0,True,2
867,2,Harris,2,3,2,0,True,2
867,3,Harris,2,6,2,0,True,2
867,4,Harris,2,2,2,0,True,2
867,5,Harris,2,9,2,0,True,2
868,0,Harris,2,32,2,0,True,2
868,1,Harris,4,39,4,0,True,2
868,2,Harris,2,3,2,0,True,2
868,3,Harris,1,11,1,0,True,2
868,4,Harris,2,2,2,0,True,2
868,5,Harris,2,50,2,0,True,2
869,0,Harris,1,14,1,0,True,2
869,1,Harris,0,8,0,0,True,2
869,2,Harris,0,5,0,0,True,2
869,3,Harris,1,17,1,0,True,2
869,4,Harris,1,6,1,0,True,2
869,5,Harris,2,7,2,0,True,2
869,6,Harris,0,5,0,0,True,2
870,0,Harris,5,28,5,0,True,2
870,1,Harris,0,2,0,0,True,2
870,2,Harris,1,21,1,0,True,2
870,3,Harris,2,5,2,0,True,2
870,4,Harris,1,25,1,0,True,2
870,5,Harris,1,14,1,0,True,2
870,6,Harris,2,32,2,0,True,2
871,0,Harris,0,13,0,0,True,2
871,1,Harris,1,6,1,0,True,2
871,2,Harris,0,5,0,0,True,2
871,3,Harris,1,8,1,0,True,2
871,4,Harris,1,16,1,0,True,2
871,5,Harris,1,8,1,0,True,2
871,6,Harris,0,13,0,0,True,2
871,7,Harris,2,28,2,0,True,2
872,0,Harris,0,3,0,0,True,2
872,1,Harris,0,10,0,0,True,2
872,2,Harris,0,5,0,0,True,2
872,3,Harris,0,2,0,0,True,2
872,4,Harris,0,8,0,0,True,2
872,5,Harris,0,12,0,0,True,2
872,6,Harris,0,16,0,0,True,2
872,7,Harris,0,17,0,0,True,2
872,8,Harris,1,3,1,0,True,2
873,0,Harris,1,36,1,0,True,2
873,1,Harris,2,13,2,0,True,2
873,2,Harris,1,6,1,0,True,2
873,3,Harris,1,37,1,0,True,2
873,4,Harris,1,11,1,0,True,2
873,5,Harris,2,47,2,0,True,2
873,6,Harris,1,14,1,0,True,2
873,7,Harris,2,26,2,0,True,2
874,0,Harris,0,20,0,0,True,2
874,1,Harris,0,3,0,0,True,2
874,2,Harris,0,9,0,0,True,2
874,3,Harris,0,7,0,0,True,2
874,4,Harris,0,15,0,0,True,2
874,5,Harris,0,22,0,0,True,2
874,6,Harris,0,23,0,0,True,2
874,7,Harris,1,6,1,0,True,2
874,8,Harris,0,14,0,0,True,2
875,0,Harris,0,13,0,0,True,2
875,1,Harris,0,9,0,0,True,2
875,2,Harris,0,7,0,0,True,2
875,3,Harris,0,4,0,0,True,2
875,4,Harris,0,15,0,0,True,2
875,5,Harris,0,5,0,0,True,2
875,6,Harris,0,3,0,0,True,2
875,7,Harris,0,8,0,0,True,2
876,0,Harris,0,8,0,0,True,2
876,1,Harris,0,4,0,0,True,2
876,2,Harris,1,17,1,0,True,2
876,3,Harris,3,39,3,0,True,2
876,4,Harris,1,16,1,0,True,2
876,5,Harris,0,16,0,0,True,2
876,6,Harris,1,25,1,0,True,2
876,7,Harris,1,10,1,0,True,2
876,8,Harris,0,22,0,0,True,2
877,0,Harris,1,12,1,0,True,2
877,1,Harris,1,9,1,0,True,2
877,2,Harris,1,16,1,0,True,2
877,3,Harris,3,16,3,0,True,2
877,4,Harris,0,17,0,0,True,2
877,5,Harris,0,17,0,0,True,2
877,6,Harris,1,7,1,0,True,2
878,0,Harris,0,6,0,0,True,2
878,1,Harris,1,12,1,0,True,2
878,2,Harris,2,11,2,0,True,2
878,3,Harris,2,21,2,0,True,2
878,4,Harris,2,10,2,0,True,2
878,5,Harris,0,11,0,0,True,2
878,6,Harris,0,2,0,0,True,2
878,7,Harris,1,36,1,0,True,2
879,0,Harris,0,3,0,0,True,2
879,1,Harris,0,26,0,0,True,2
879,2,Harris,1,30,1,0,True,2
879,3,Harris,0,10,0,0,True,2
879,4,Harris,2,15,2,0,True,2
879,5,Harris,2,52,2,0,True,2
879,6,Harris,4,21,4,0,True,2
879,7,Harris,2,29,2,0,True,2
880,0,Harris,2,51,2,0,True,2
880,1,Harris,2,55,2,0,True,2
880,2,Harris,1,3,1,0,True,2
880,3,Harris,1,6,1,0,True,2
880,4,Harris,1,2,1,0,True,2
880,5,Harris,1,3,1,0,True,2
880,6,Harris,1,18,1,0,True,2
881,0,Harris,1,43,1,0,True,2
881,1,Harris,1,12,1,0,True,2
881,2,Harris,1,14,1,0,True,2
881,3,Harris,1,7,1,0,True,2
881,4,Harris,2,30,2,0,True,2
881,5,Harris,2,26,2,0,True,2
881,6,Harris,2,8,2,0,True,2
881,7,Harris,0,0,0,0,True,2
882,0,Harris,1,19,1,0,True,2
882,1,Harris,0,8,0,0,True,2
882,2,Harris,0,38,0,0,True,2
882,3,Harris,1,54,1,0,True,2
882,4,Harris,0,24,0,0,True,2
882,5,Harris,0,57,0,0,True,2
882,6,Harris,2,20,2,0,True,2
882,7,Harris,0,62,0,0,True,2
883,0,Harris,1,3,1,0,True,2
883,1,Harris,2,10,2,0,True,2
883,2,Harris,0,6,0,0,True,2
883,3,Harris,0,12,0,0,True,2
883,4,Harris,2,22,2,0,True,2
883,5,Harris,1,5,1,0,True,2
884,0,Harris,1,11,1,0,True,2
884,1,Harris,0,10,0,0,True,2
884,2,Harris,0,9,0,0,True,2
884,3,Harris,2,5,2,0,True,2
884,4,Harris,3,27,3,0,True,2
884,5,Harris,1,5,1,0,True,2
884,6,Harris,1,3,1,0,True,2
885,0,Harris,5,13,5,0,True,2
885,1,Harris,1,10,1,0,True,2
885,2,Harris,2,7,2,0,True,2
885,3,Harris,2,12,2,0,True,2
885,4,Harris,2,10,2,0,True,2
885,5,Harris,3,6,3,0,True,2
886,0,Harris,0,26,0,0,True,2
886,1,Harris,2,8,2,0,True,2
886,2,Harris,2,5,2,0,True,2
886,3,Harris,2,18,2,0,True,2
886,4,Harris,2,9,2,0,True,2
886,5,Harris,2,14,2,0,True,2
887,0,Harris,2,29,2,0,True,2
887,1,Harris,1,62,1,0,True,2
887,2,Harris,0,9,0,0,True,2
887,3,Harris,2,20,2,0,True,2
887,4,Harris,0,7,0,0,True,2
887,5,Harris,0,5,0,0,True,2
887,6,Harris,0,8,0,0,True,2
887,7,Harris,0,3,0,0,True,2
887,8,Harris,0,13,0,0,True,2
888,0,Harris,1,51,1,0,True,2
888,1,Harris,1,5,1,0,True,2
888,2,Harris,2,14,2,0,True,2
888,3,Harris,2,40,2,0,True,2
888,4,Harris,2,29,2,0,True,2
888,5,Harris,0,13,0,0,True,2
889,0,Harris,0,29,0,0,True,2
889,1,Harris,2,25,2,0,True,2
889,2,Harris,1,31,1,0,True,2
889,3,Harris,0,17,0,0,True,2
889,4,Harris,0,37,0,0,True,2
889,5,Harris,0,29,0,0,True,2
889,6,Harris,2,53,2,0,True,2
0,0,Trump,1,1,1,0,True,3
0,1,Trump,1,37,1,0,True,3
0,2,Trump,2,29,2,0,True,3
0,3,Trump,1,8,1,0,True,3
0,4,Trump,2,21,2,0,True,3
0,5,Trump,1,17,1,0,True,3
0,6,Trump,4,53,4,0,True,3
0,7,Trump,0,13,0,0,True,3
1,0,Trump,0,10,0,0,True,3
1,1,Trump,0,8,0,0,True,3
1,2,Trump,1,8,1,0,True,3
1,3,Trump,2,18,2,0,True,3
1,4,Trump,0,10,0,0,True,3
1,5,Trump,1,31,1,0,True,3
1,6,Trump,0,2,0,0,True,3
1,7,Trump,0,16,0,0,True,3
1,8,Trump,0,16,0,0,True,3
2,0,Trump,2,28,2,0,True,3
2,1,Trump,2,30,2,0,True,3
2,2,Trump,2,46,2,0,True,3
2,3,Trump,1,30,1,0,True,3
2,4,Trump,2,51,2,0,True,3
2,5,Trump,0,3,0,0,True,3
2,6,Trump,0,6,0,0,True,3
3,0,Trump,2,34,2,0,True,3
3,1,Trump,1,12,1,0,True,3
3,2,Trump,1,42,1,0,True,3
3,3,Trump,1,6,1,0,True,3
3,4,Trump,1,10,1,0,True,3
3,5,Trump,0,4,0,0,True,3
3,6,Trump,0,22,0,0,True,3
3,7,Trump,0,7,0,0,True,3
3,8,Trump,1,8,1,0,True,3
4,0,Trump,1,4,1,0,True,3
4,1,Trump,0,46,0,0,True,3
4,2,Trump,1,21,1,0,True,3
4,3,Trump,0,10,0,0,True,3
4,4,Trump,2,24,2,0,True,3
4,5,Trump,1,14,1,0,True,3
4,6,Trump,2,13,2,0,True,3
4,7,Trump,1,5,1,0,True,3
5,0,Trump,1,9,1,0,True,3
5,1,Trump,2,16,2,0,True,3
5,2,Trump,1,4,1,0,True,3
5,3,Trump,2,1,1,1,False,3
5,4,Trump,1,14,1,0,True,3
5,5,Trump,1,8,1,0,True,3
6,0,Trump,2,4,2,0,True,3
6,1,Trump,1,10,1,0,True,3
6,2,Trump,3,18,3,0,True,3
6,3,Trump,2,15,2,0,True,3
6,4,Trump,2,16,2,0,True,3
6,5,Trump,2,11,2,0,True,3
6,6,Trump,2,22,2,0,True,3
6,7,Trump,1,19,1,0,True,3
6,8,Trump,2,31,2,0,True,3
7,0,Trump,2,11,2,0,True,3
7,1,Trump,1,17,1,0,True,3
7,2,Trump,1,20,1,0,True,3
7,3,Trump,2,11,2,0,True,3
7,4,Trump,1,5,1,0,True,3
7,5,Trump,0,4,0,0,True,3
7,6,Trump,1,4,1,0,True,3
7,7,Trump,0,2,0,0,True,3
8,0,Trump,1,10,1,0,True,3
8,1,Trump,1,2,1,0,True,3
8,2,Trump,1,6,1,0,True,3
8,3,Trump,0,10,0,0,True,3
8,4,Trump,1,4,1,0,True,3
8,5,Trump,1,9,1,0,True,3
8,6,Trump,1,8,1,0,True,3
8,7,Trump,1,17,1,0,True,3
9,0,Trump,1,8,1,0,True,3
9,1,Trump,1,20,1,0,True,3
9,2,Trump,0,1,0,0,True,3
9,3,Trump,1,7,1,0,True,3
9,4,Trump,1,23,1,0,True,3
9,5,Trump,1,6,1,0,True,3
9,6,Trump,2,26,2,0,True,3
9,7,Trump,0,14,0,0,True,3
10,0,Trump,1,8,1,0,True,3
10,1,Trump,1,0,0,1,False,3
10,2,Trump,1,8,1,0,True,3
10,3,Trump,1,13,1,0,True,3
10,4,Trump,1,13,1,0,True,3
10,5,Trump,1,3,1,0,True,3
10,6,Trump,1,7,1,0,True,3
11,0,Trump,1,32,1,0,True,3
11,1,Trump,0,4,0,0,True,3
11,2,Trump,2,58,2,0,True,3
11,3,Trump,1,8,1,0,True,3
11,4,Trump,0,7,0,0,True,3
11,5,Trump,1,4,1,0,True,3
11,6,Trump,1,20,1,0,True,3
12,0,Trump,1,32,1,0,True,3
12,1,Trump,1,26,1,0,True,3
12,2,Trump,2,6,2,0,True,3
12,3,Trump,1,6,1,0,True,3
12,4,Trump,0,13,0,0,True,3
12,5,Trump,1,12,1,0,True,3
12,6,Trump,0,28,0,0,True,3
12,7,Trump,0,7,0,0,True,3
13,0,Trump,1,32,1,0,True,3
13,1,Trump,1,1,1,0,True,3
13,2,Trump,1,30,1,0,True,3
13,3,Trump,0,4,0,0,True,3
13,4,Trump,0,4,0,0,True,3
13,5,Trump,1,7,1,0,True,3
13,6,Trump,2,6,2,0,True,3
13,7,Trump,0,8,0,0,True,3
14,0,Trump,1,58,1,0,True,3
14,1,Trump,1,12,1,0,True,3
14,2,Trump,1,15,1,0,True,3
14,3,Trump,2,44,2,0,True,3
14,4,Trump,2,52,2,0,True,3
14,5,Trump,2,50,2,0,True,3
14,6,Trump,2,9,2,0,True,3
15,0,Trump,0,3,0,0,True,3
15,1,Trump,0,15,0,0,True,3
15,2,Trump,0,9,0,0,True,3
15,3,Trump,1,7,1,0,True,3
15,4,Trump,0,2,0,0,True,3
15,5,Trump,1,17,1,0,True,3
15,6,Trump,0,4,0,0,True,3
15,7,Trump,2,15,2,0,True,3
16,0,Trump,1,32,1,0,True,3
16,1,Trump,1,7,1,0,True,3
16,2,Trump,1,0,0,1,False,3
16,3,Trump,2,6,2,0,True,3
16,4,Trump,2,17,2,0,True,3
16,5,Trump,2,1,1,1,False,3
16,6,Trump,1,17,1,0,True,3
16,7,Trump,2,15,2,0,True,3
17,0,Trump,2,4,2,0,True,3
17,1,Trump,2,13,2,0,True,3
17,2,Trump,2,6,2,0,True,3
17,3,Trump,1,7,1,0,True,3
17,4,Trump,1,2,1,0,True,3
17,5,Trump,0,0,0,0,True,3
17,6,Trump,0,0,0,0,True,3
18,0,Trump,1,16,1,0,True,3
18,1,Trump,1,11,1,0,True,3
18,2,Trump,1,8,1,0,True,3
18,3,Trump,4,34,4,0,True,3
18,4,Trump,2,20,2,0,True,3
18,5,Trump,14,23,14,0,True,3
19,0,Trump,0,5,0,0,True,3
19,1,Trump,1,1,1,0,True,3
19,2,Trump,0,5,0,0,True,3
19,3,Trump,1,6,1,0,True,3
19,4,Trump,0,5,0,0,True,3
19,5,Trump,1,17,1,0,True,3
19,6,Trump,1,6,1,0,True,3
19,7,Trump,2,7,2,0,True,3
20,0,Trump,0,25,0,0,True,3
20,1,Trump,1,54,1,0,True,3
20,2,Trump,1,16,1,0,True,3
20,3,Trump,0,43,0,0,True,3
20,4,Trump,1,21,1,0,True,3
20,5,Trump,1,56,1,0,True,3
20,6,Trump,1,13,1,0,True,3
20,7,Trump,2,20,2,0,True,3
21,0,Trump,1,4,1,0,True,3
21,1,Trump,0,28,0,0,True,3
21,2,Trump,3,12,3,0,True,3
21,3,Trump,1,2,1,0,True,3
21,4,Trump,1,23,1,0,True,3
21,5,Trump,1,8,1,0,True,3
21,6,Trump,1,18,1,0,True,3
22,0,Trump,3,50,3,0,True,3
22,1,Trump,1,9,1,0,True,3
22,2,Trump,1,11,1,0,True,3
22,3,Trump,1,13,1,0,True,3
22,4,Trump,2,11,2,0,True,3
22,5,Trump,1,30,1,0,True,3
22,6,Trump,0,3,0,0,True,3
22,7,Trump,0,12,0,0,True,3
23,0,Trump,0,21,0,0,True,3
23,1,Trump,2,13,2,0,True,3
23,2,Trump,0,21,0,0,True,3
23,3,Trump,0,25,0,0,True,3
23,4,Trump,1,0,0,1,False,3
23,5,Trump,1,7,1,0,True,3
23,6,Trump,1,20,1,0,True,3
24,0,Trump,1,8,1,0,True,3
24,1,Trump,1,9,1,0,True,3
24,2,Trump,1,8,1,0,True,3
24,3,Trump,2,23,2,0,True,3
24,4,Trump,3,29,3,0,True,3
24,5,Trump,1,11,1,0,True,3
25,0,Trump,0,13,0,0,True,3
25,1,Trump,1,5,1,0,True,3
25,2,Trump,1,10,1,0,True,3
25,3,Trump,1,4,1,0,True,3
25,4,Trump,1,17,1,0,True,3
25,5,Trump,1,6,1,0,True,3
25,6,Trump,1,26,1,0,True,3
25,7,Trump,0,3,0,0,True,3
26,0,Trump,0,9,0,0,True,3
26,1,Trump,2,17,2,0,True,3
26,2,Trump,2,7,2,0,True,3
26,3,Trump,2,5,2,0,True,3
26,4,Trump,1,16,1,0,True,3
26,5,Trump,0,9,0,0,True,3
26,6,Trump,1,8,1,0,True,3
27,0,Trump,1,31,1,0,True,3
27,1,Trump,1,9,1,0,True,3
27,2,Trump,1,18,1,0,True,3
27,3,Trump,0,15,0,0,True,3
27,4,Trump,1,5,1,0,True,3
27,5,Trump,1,36,1,0,True,3
27,6,Trump,4,24,4,0,True,3
28,0,Trump,0,25,0,0,True,3
28,1,Trump,1,1,1,0,True,3
28,2,Trump,1,4,1,0,True,3
28,3,Trump,1,2,1,0,True,3
28,4,Trump,1,9,1,0,True,3
28,5,Trump,0,6,0,0,True,3
28,6,Trump,1,15,1,0,True,3
29,0,Trump,2,14,2,0,True,3
29,1,Trump,1,1,1,0,True,3
29,2,Trump,1,6,1,0,True,3
29,3,Trump,2,3,2,0,True,3
29,4,Trump,1,16,1,0,True,3
29,5,Trump,1,20,1,0,True,3
30,0,Trump,0,9,0,0,True,3
30,1,Trump,1,31,1,0,True,3
30,2,Trump,1,2,1,0,True,3
30,3,Trump,1,6,1,0,True,3
30,4,Trump,1,9,1,0,True,3
30,5,Trump,0,0,0,0,True,3
30,6,Trump,1,6,1,0,True,3
31,0,Trump,1,0,0,1,False,3
31,1,Trump,1,0,0,1,False,3
31,2,Trump,1,8,1,0,True,3
31,3,Trump,1,13,1,0,True,3
31,4,Trump,2,11,2,0,True,3
31,5,Trump,2,14,2,0,True,3
31,6,Trump,1,5,1,0,True,3
31,7,Trump,2,17,2,0,True,3
32,0,Trump,1,14,1,0,True,3
32,1,Trump,1,19,1,0,True,3
32,2,Trump,0,17,0,0,True,3
32,3,Trump,0,4,0,0,True,3
32,4,Trump,2,11,2,0,True,3
32,5,Trump,1,9,1,0,True,3
32,6,Trump,2,50,2,0,True,3
33,0,Trump,3,19,3,0,True,3
33,1,Trump,2,20,2,0,True,3
33,2,Trump,1,17,1,0,True,3
33,3,Trump,1,6,1,0,True,3
33,4,Trump,0,12,0,0,True,3
33,5,Trump,2,23,2,0,True,3
34,0,Trump,0,25,0,0,True,3
34,1,Trump,0,15,0,0,True,3
34,2,Trump,1,7,1,0,True,3
34,3,Trump,0,10,0,0,True,3
34,4,Trump,1,6,1,0,True,3
34,5,Trump,0,1,0,0,True,3
34,6,Trump,0,11,0,0,True,3
34,7,Trump,0,9,0,0,True,3
34,8,Trump,0,17,0,0,True,3
35,0,Trump,1,2,1,0,True,3
35,1,Trump,0,8,0,0,True,3
35,2,Trump,2,46,2,0,True,3
35,3,Trump,1,12,1,0,True,3
35,4,Trump,1,8,1,0,True,3
35,5,Trump,2,2,2,0,True,3
35,6,Trump,3,18,3,0,True,3
35,7,Trump,0,0,0,0,True,3
36,0,Trump,2,48,2,0,True,3
36,1,Trump,3,30,3,0,True,3
36,2,Trump,2,42,2,0,True,3
36,3,Trump,2,32,2,0,True,3
36,4,Trump,0,35,0,0,True,3
36,5,Trump,0,54,0,0,True,3
36,6,Trump,0,13,0,0,True,3
36,7,Trump,0,15,0,0,True,3
37,0,Trump,2,26,2,0,True,3
37,1,Trump,1,24,1,0,True,3
37,2,Trump,0,7,0,0,True,3
37,3,Trump,1,21,1,0,True,3
37,4,Trump,0,19,0,0,True,3
37,5,Trump,2,41,2,0,True,3
38,0,Trump,1,0,0,1,False,3
38,1,Trump,1,6,1,0,True,3
38,2,Trump,1,2,1,0,True,3
38,3,Trump,1,6,1,0,True,3
38,4,Trump,1,7,1,0,True,3
38,5,Trump,1,5,1,0,True,3
39,0,Trump,2,47,2,0,True,3
39,1,Trump,0,23,0,0,True,3
39,2,Trump,4,16,4,0,True,3
39,3,Trump,1,11,1,0,True,3
39,4,Trump,0,11,0,0,True,3
39,5,Trump,0,10,0,0,True,3
39,6,Trump,0,1,0,0,True,3
39,7,Trump,2,35,2,0,True,3
40,0,Trump,1,10,1,0,True,3
40,1,Trump,1,4,1,0,True,3
40,2,Trump,1,3,1,0,True,3
40,3,Trump,1,9,1,0,True,3
40,4,Trump,2,11,2,0,True,3
40,5,Trump,0,3,0,0,True,3
40,6,Trump,2,13,2,0,True,3
40,7,Trump,0,16,0,0,True,3
41,0,Trump,0,7,0,0,True,3
41,1,Trump,1,32,1,0,True,3
41,2,Trump,0,18,0,0,True,3
41,3,Trump,1,2,1,0,True,3
41,4,Trump,1,2,1,0,True,3
41,5,Trump,0,10,0,0,True,3
41,6,Trump,3,19,3,0,True,3
41,7,Trump,0,3,0,0,True,3
42,0,Trump,0,31,0,0,True,3
42,1,Trump,1,0,0,1,False,3
42,2,Trump,1,17,1,0,True,3
42,3,Trump,0,1,0,0,True,3
42,4,Trump,1,11,1,0,True,3
42,5,Trump,1,38,1,0,True,3
43,0,Trump,1,13,1,0,True,3
43,1,Trump,1,14,1,0,True,3
43,2,Trump,1,6,1,0,True,3
43,3,Trump,1,4,1,0,True,3
43,4,Trump,1,50,1,0,True,3
43,5,Trump,1,8,1,0,True,3
43,6,Trump,2,12,2,0,True,3
43,7,Trump,2,21,2,0,True,3
44,0,Trump,0,9,0,0,True,3
44,1,Trump,0,10,0,0,True,3
44,2,Trump,0,5,0,0,True,3
44,3,Trump,2,22,2,0,True,3
44,4,Trump,0,5,0,0,True,3
44,5,Trump,1,20,1,0,True,3
45,0,Trump,1,15,1,0,True,3
45,1,Trump,0,15,0,0,True,3
45,2,Trump,1,9,1,0,True,3
45,3,Trump,1,6,1,0,True,3
45,4,Trump,0,13,0,0,True,3
45,5,Trump,1,33,1,0,True,3
46,0,Trump,4,16,4,0,True,3
46,1,Trump,2,14,2,0,True,3
46,2,Trump,1,30,1,0,True,3
46,3,Trump,0,8,0,0,True,3
46,4,Trump,1,36,1,0,True,3
46,5,Trump,1,9,1,0,True,3
46,6,Trump,0,15,0,0,True,3
46,7,Trump,1,21,1,0,True,3
46,8,Trump,1,47,1,0,True,3
47,0,Trump,2,7,2,0,True,3
47,1,Trump,0,5,0,0,True,3
47,2,Trump,0,2,0,0,True,3
47,3,Trump,1,37,1,0,True,3
47,4,Trump,2,13,2,0,True,3
47,5,Trump,1,6,1,0,True,3
47,6,Trump,0,27,0,0,True,3
47,7,Trump,2,12,2,0,True,3
47,8,Trump,1,22,1,0,True,3
48,0,Trump,1,20,1,0,True,3
48,1,Trump,1,4,1,0,True,3
48,2,Trump,1,47,1,0,True,3
48,3,Trump,0,27,0,0,True,3
48,4,Trump,0,8,0,0,True,3
48,5,Trump,1,22,1,0,True,3
48,6,Trump,2,55,2,0,True,3
49,0,Trump,1,24,1,0,True,3
49,1,Trump,1,0,0,1,False,3
49,2,Trump,1,7,1,0,True,3
49,3,Trump,1,0,0,1,False,3
49,4,Trump,1,6,1,0,True,3
49,5,Trump,0,9,0,0,True,3
49,6,Trump,1,30,1,0,True,3
50,0,Trump,6,34,6,0,True,3
50,1,Trump,4,2,2,2,False,3
50,2,Trump,7,3,3,4,False,3
50,3,Trump,2,1,1,1,False,3
50,4,Trump,1,0,0,1,False,3
50,5,Trump,4,2,2,2,False,3
51,0,Trump,1,0,0,1,False,3
51,1,Trump,1,4,1,0,True,3
51,2,Trump,1,4,1,0,True,3
51,3,Trump,1,16,1,0,True,3
51,4,Trump,1,6,1,0,True,3
51,5,Trump,2,11,2,0,True,3
52,0,Trump,1,1,1,0,True,3
52,1,Trump,0,7,0,0,True,3
52,2,Trump,0,32,0,0,True,3
52,3,Trump,0,22,0,0,True,3
52,4,Trump,1,26,1,0,True,3
52,5,Trump,1,19,1,0,True,3
52,6,Trump,0,12,0,0,True,3
53,0,Trump,1,3,1,0,True,3
53,1,Trump,1,22,1,0,True,3
53,2,Trump,1,45,1,0,True,3
53,3,Trump,1,6,1,0,True,3
53,4,Trump,1,19,1,0,True,3
53,5,Trump,0,6,0,0,True,3
53,6,Trump,0,2,0,0,True,3
53,7,Trump,1,17,1,0,True,3
54,0,Trump,1,19,1,0,True,3
54,1,Trump,2,58,2,0,True,3
54,2,Trump,2,21,2,0,True,3
54,3,Trump,1,5,1,0,True,3
54,4,Trump,1,7,1,0,True,3
54,5,Trump,3,42,3,0,True,3
54,6,Trump,1,31,1,0,True,3
54,7,Trump,1,5,1,0,True,3
54,8,Trump,0,15,0,0,True,3
55,0,Trump,0,16,0,0,True,3
55,1,Trump,0,3,0,0,True,3
55,2,Trump,3,35,3,0,True,3
55,3,Trump,2,11,2,0,True,3
55,4,Trump,0,6,0,0,True,3
55,5,Trump,2,50,2,0,True,3
55,6,Trump,0,2,0,0,True,3
55,7,Trump,0,3,0,0,True,3
55,8,Trump,0,6,0,0,True,3
56,0,Trump,1,25,1,0,True,3
56,1,Trump,1,36,1,0,True,3
56,2,Trump,1,13,1,0,True,3
56,3,Trump,1,42,1,0,True,3
56,4,Trump,1,3,1,0,True,3
56,5,Trump,0,2,0,0,True,3
56,6,Trump,0,37,0,0,True,3
56,7,Trump,1,8,1,0,True,3
57,0,Trump,1,8,1,0,True,3
57,1,Trump,3,11,3,0,True,3
57,2,Trump,0,2,0,0,True,3
57,3,Trump,2,11,2,0,True,3
57,4,Trump,0,9,0,0,True,3
57,5,Trump,1,10,1,0,True,3
57,6,Trump,0,19,0,0,True,3
57,7,Trump,0,6,0,0,True,3
58,0,Trump,0,12,0,0,True,3
58,1,Trump,0,4,0,0,True,3
58,2,Trump,1,6,1,0,True,3
58,3,Trump,1,38,1,0,True,3
58,4,Trump,1,17,1,0,True,3
58,5,Trump,1,14,1,0,True,3
58,6,Trump,0,15,0,0,True,3
59,0,Trump,2,23,2,0,True,3
59,1,Trump,1,17,1,0,True,3
59,2,Trump,1,1,1,0,True,3
59,3,Trump,1,40,1,0,True,3
59,4,Trump,1,24,1,0,True,3
60,0,Trump,1,4,1,0,True,3
60,1,Trump,1,12,1,0,True,3
60,2,Trump,0,22,0,0,True,3
60,3,Trump,0,4,0,0,True,3
60,4,Trump,1,13,1,0,True,3
60,5,Trump,2,11,2,0,True,3
60,6,Trump,0,10,0,0,True,3
61,0,Trump,2,6,2,0,True,3
61,1,Trump,1,11,1,0,True,3
61,2,Trump,0,6,0,0,True,3
61,3,Trump,1,21,1,0,True,3
61,4,Trump,2,52,2,0,True,3
61,5,Trump,0,7,0,0,True,3
61,6,Trump,1,45,1,0,True,3
61,7,Trump,0,3,0,0,True,3
62,0,Trump,2,15,2,0,True,3
62,1,Trump,2,34,2,0,True,3
62,2,Trump,1,5,1,0,True,3
62,3,Trump,1,4,1,0,True,3
62,4,Trump,2,26,2,0,True,3
62,5,Trump,2,23,2,0,True,3
62,6,Trump,1,3,1,0,True,3
62,7,Trump,1,5,1,0,True,3
62,8,Trump,2,0,0,2,False,3
63,0,Trump,1,4,1,0,True,3
63,1,Trump,1,6,1,0,True,3
63,2,Trump,2,11,2,0,True,3
63,3,Trump,1,9,1,0,True,3
63,4,Trump,1,15,1,0,True,3
63,5,Trump,1,7,1,0,True,3
63,6,Trump,2,7,2,0,True,3
63,7,Trump,2,16,2,0,True,3
63,8,Trump,1,4,1,0,True,3
63,9,Trump,1,12,1,0,True,3
64,0,Trump,1,0,0,1,False,3
64,1,Trump,1,16,1,0,True,3
64,2,Trump,0,3,0,0,True,3
64,3,Trump,1,4,1,0,True,3
64,4,Trump,1,40,1,0,True,3
64,5,Trump,1,9,1,0,True,3
64,6,Trump,2,5,2,0,True,3
65,0,Trump,1,6,1,0,True,3
65,1,Trump,1,14,1,0,True,3
65,2,Trump,1,13,1,0,True,3
65,3,Trump,1,22,1,0,True,3
65,4,Trump,1,1,1,0,True,3
65,5,Trump,1,13,1,0,True,3
65,6,Trump,1,3,1,0,True,3
66,0,Trump,0,46,0,0,True,3
66,1,Trump,0,12,0,0,True,3
66,2,Trump,2,6,2,0,True,3
66,3,Trump,0,13,0,0,True,3
66,4,Trump,1,48,1,0,True,3
66,5,Trump,1,14,1,0,True,3
66,6,Trump,0,15,0,0,True,3
66,7,Trump,0,29,0,0,True,3
67,0,Trump,1,46,1,0,True,3
67,1,Trump,2,11,2,0,True,3
67,2,Trump,1,13,1,0,True,3
67,3,Trump,1,14,1,0,True,3
67,4,Trump,1,21,1,0,True,3
67,5,Trump,0,30,0,0,True,3
67,6,Trump,0,20,0,0,True,3
68,0,Trump,1,3,1,0,True,3
68,1,Trump,0,5,0,0,True,3
68,2,Trump,1,17,1,0,True,3
68,3,Trump,2,10,2,0,True,3
68,4,Trump,1,44,1,0,True,3
68,5,Trump,1,8,1,0,True,3
68,6,Trump,2,11,2,0,True,3
68,7,Trump,2,11,2,0,True,3
69,0,Trump,1,0,0,1,False,3
69,1,Trump,0,5,0,0,True,3
69,2,Trump,1,57,1,0,True,3
69,3,Trump,1,4,1,0,True,3
69,4,Trump,1,3,1,0,True,3
69,5,Trump,1,3,1,0,True,3
69,6,Trump,0,4,0,0,True,3
70,0,Trump,0,21,0,0,True,3
70,1,Trump,3,48,3,0,True,3
70,2,Trump,1,50,1,0,True,3
70,3,Trump,0,14,0,0,True,3
70,4,Trump,1,24,1,0,True,3
70,5,Trump,0,21,0,0,True,3
70,6,Trump,2,38,2,0,True,3
70,7,Trump,3,48,3,0,True,3
70,8,Trump,1,36,1,0,True,3
71,0,Trump,0,4,0,0,True,3
71,1,Trump,0,22,0,0,True,3
71,2,Trump,0,13,0,0,True,3
71,3,Trump,0,11,0,0,True,3
71,4,Trump,2,5,2,0,True,3
71,5,Trump,1,12,1,0,True,3
71,6,Trump,1,13,1,0,True,3
71,7,Trump,1,8,1,0,True,3
72,0,Trump,2,64,2,0,True,3
72,1,Trump,1,5,1,0,True,3
72,2,Trump,1,8,1,0,True,3
72,3,Trump,1,22,1,0,True,3
72,4,Trump,1,3,1,0,True,3
72,5,Trump,0,1,0,0,True,3
72,6,Trump,0,2,0,0,True,3
72,7,Trump,0,0,0,0,True,3
73,0,Trump,1,8,1,0,True,3
73,1,Trump,0,5,0,0,True,3
73,2,Trump,1,8,1,0,True,3
73,3,Trump,1,21,1,0,True,3
73,4,Trump,2,42,2,0,True,3
73,5,Trump,1,17,1,0,True,3
73,6,Trump,1,16,1,0,True,3
74,0,Trump,0,4,0,0,True,3
74,1,Trump,0,4,0,0,True,3
74,2,Trump,1,6,1,0,True,3
74,3,Trump,1,0,0,1,False,3
74,4,Trump,1,3,1,0,True,3
74,5,Trump,0,9,0,0,True,3
74,6,Trump,1,10,1,0,True,3
74,7,Trump,0,5,0,0,True,3
75,0,Trump,1,15,1,0,True,3
75,1,Trump,1,11,1,0,True,3
75,2,Trump,1,12,1,0,True,3
75,3,Trump,0,35,0,0,True,3
75,4,Trump,0,8,0,0,True,3
75,5,Trump,1,46,1,0,True,3
75,6,Trump,1,26,1,0,True,3
76,0,Trump,1,17,1,0,True,3
76,1,Trump,1,22,1,0,True,3
76,2,Trump,0,26,0,0,True,3
76,3,Trump,1,6,1,0,True,3
76,4,Trump,0,4,0,0,True,3
76,5,Trump,4,7,4,0,True,3
76,6,Trump,1,18,1,0,True,3
76,7,Trump,0,9,0,0,True,3
76,8,Trump,0,0,0,0,True,3
77,0,Trump,2,11,2,0,True,3
77,1,Trump,1,24,1,0,True,3
77,2,Trump,1,3,1,0,True,3
77,3,Trump,0,6,0,0,True,3
77,4,Trump,1,6,1,0,True,3
77,5,Trump,1,22,1,0,True,3
77,6,Trump,1,14,1,0,True,3
77,7,Trump,0,11,0,0,True,3
78,0,Trump,2,30,2,0,True,3
78,1,Trump,1,8,1,0,True,3
78,2,Trump,2,6,2,0,True,3
78,3,Trump,0,12,0,0,True,3
78,4,Trump,2,46,2,0,True,3
78,5,Trump,1,43,1,0,True,3
79,0,Trump,1,22,1,0,True,3
79,1,Trump,1,15,1,0,True,3
79,2,Trump,0,29,0,0,True,3
79,3,Trump,0,3,0,0,True,3
79,4,Trump,1,12,1,0,True,3
79,5,Trump,0,8,0,0,True,3
79,6,Trump,0,16,0,0,True,3
80,0,Trump,1,6,1,0,True,3
80,1,Trump,1,8,1,0,True,3
80,2,Trump,0,2,0,0,True,3
80,3,Trump,2,11,2,0,True,3
80,4,Trump,0,7,0,0,True,3
80,5,Trump,1,3,1,0,True,3
80,6,Trump,1,13,1,0,True,3
81,0,Trump,0,38,0,0,True,3
81,1,Trump,1,16,1,0,True,3
81,2,Trump,4,47,4,0,True,3
81,3,Trump,2,16,2,0,True,3
81,4,Trump,0,10,0,0,True,3
81,5,Trump,3,17,3,0,True,3
81,6,Trump,1,35,1,0,True,3
81,7,Trump,0,18,0,0,True,3
82,0,Trump,0,8,0,0,True,3
82,1,Trump,1,8,1,0,True,3
82,2,Trump,0,1,0,0,True,3
82,3,Trump,2,54,2,0,True,3
82,4,Trump,1,12,1,0,True,3
82,5,Trump,1,17,1,0,True,3
82,6,Trump,1,10,1,0,True,3
82,7,Trump,0,7,0,0,True,3
83,0,Trump,1,45,1,0,True,3
83,1,Trump,2,19,2,0,True,3
83,2,Trump,1,27,1,0,True,3
83,3,Trump,1,16,1,0,True,3
83,4,Trump,1,14,1,0,True,3
83,5,Trump,0,48,0,0,True,3
83,6,Trump,0,10,0,0,True,3
84,0,Trump,0,4,0,0,True,3
84,1,Trump,0,46,0,0,True,3
84,2,Trump,1,1,1,0,True,3
84,3,Trump,0,5,0,0,True,3
84,4,Trump,2,13,2,0,True,3
84,5,Trump,1,17,1,0,True,3
84,6,Trump,1,9,1,0,True,3
84,7,Trump,1,9,1,0,True,3
84,8,Trump,0,28,0,0,True,3
85,0,Trump,1,7,1,0,True,3
85,1,Trump,1,14,1,0,True,3
85,2,Trump,1,23,1,0,True,3
85,3,Trump,1,4,1,0,True,3
85,4,Trump,1,12,1,0,True,3
85,5,Trump,1,20,1,0,True,3
85,6,Trump,1,13,1,0,True,3
85,7,Trump,1,43,1,0,True,3
86,0,Trump,1,15,1,0,True,3
86,1,Trump,0,4,0,0,True,3
86,2,Trump,1,17,1,0,True,3
86,3,Trump,2,11,2,0,True,3
86,4,Trump,2,5,2,0,True,3
86,5,Trump,0,3,0,0,True,3
86,6,Trump,1,18,1,0,True,3
87,0,Trump,1,13,1,0,True,3
87,1,Trump,1,4,1,0,True,3
87,2,Trump,2,11,2,0,True,3
87,3,Trump,2,35,2,0,True,3
87,4,Trump,1,43,1,0,True,3
87,5,Trump,1,43,1,0,True,3
88,0,Trump,0,23,0,0,True,3
88,1,Trump,0,34,0,0,True,3
88,2,Trump,3,24,3,0,True,3
88,3,Trump,2,13,2,0,True,3
88,4,Trump,1,49,1,0,True,3
88,5,Trump,1,21,1,0,True,3
88,6,Trump,2,41,2,0,True,3
89,0,Trump,1,54,1,0,True,3
89,1,Trump,1,23,1,0,True,3
89,2,Trump,1,31,1,0,True,3
89,3,Trump,1,7,1,0,True,3
89,4,Trump,1,5,1,0,True,3
89,5,Trump,1,22,1,0,True,3
89,6,Trump,1,6,1,0,True,3
90,0,Trump,2,26,2,0,True,3
90,1,Trump,2,9,2,0,True,3
90,2,Trump,2,12,2,0,True,3
90,3,Trump,1,22,1,0,True,3
90,4,Trump,1,16,1,0,True,3
90,5,Trump,0,19,0,0,True,3
90,6,Trump,1,13,1,0,True,3
90,7,Trump,1,14,1,0,True,3
90,8,Trump,1,15,1,0,True,3
91,0,Trump,0,6,0,0,True,3
91,1,Trump,0,16,0,0,True,3
91,2,Trump,2,23,2,0,True,3
91,3,Trump,2,20,2,0,True,3
91,4,Trump,1,6,1,0,True,3
91,5,Trump,2,11,2,0,True,3
91,6,Trump,0,6,0,0,True,3
92,0,Trump,0,4,0,0,True,3
92,1,Trump,2,16,2,0,True,3
92,2,Trump,1,5,1,0,True,3
92,3,Trump,1,7,1,0,True,3
92,4,Trump,1,26,1,0,True,3
92,5,Trump,1,26,1,0,True,3
92,6,Trump,0,37,0,0,True,3
93,0,Trump,1,50,1,0,True,3
93,1,Trump,1,0,0,1,False,3
93,2,Trump,1,24,1,0,True,3
93,3,Trump,1,16,1,0,True,3
93,4,Trump,1,34,1,0,True,3
93,5,Trump,2,50,2,0,True,3
94,0,Trump,0,54,0,0,True,3
94,1,Trump,1,13,1,0,True,3
94,2,Trump,1,1,1,0,True,3
94,3,Trump,1,1,1,0,True,3
94,4,Trump,1,15,1,0,True,3
94,5,Trump,0,4,0,0,True,3
94,6,Trump,1,31,1,0,True,3
95,0,Trump,0,10,0,0,True,3
95,1,Trump,2,29,2,0,True,3
95,2,Trump,0,1,0,0,True,3
95,3,Trump,1,44,1,0,True,3
95,4,Trump,1,2,1,0,True,3
95,5,Trump,0,3,0,0,True,3
95,6,Trump,0,11,0,0,True,3
95,7,Trump,0,11,0,0,True,3
95,8,Trump,0,3,0,0,True,3
96,0,Trump,1,5,1,0,True,3
96,1,Trump,1,5,1,0,True,3
96,2,Trump,0,5,0,0,True,3
96,3,Trump,1,4,1,0,True,3
96,4,Trump,1,4,1,0,True,3
96,5,Trump,1,11,1,0,True,3
97,0,Trump,1,30,1,0,True,3
97,1,Trump,1,7,1,0,True,3
97,2,Trump,1,17,1,0,True,3
97,3,Trump,0,3,0,0,True,3
97,4,Trump,1,31,1,0,True,3
97,5,Trump,1,36,1,0,True,3
97,6,Trump,0,4,0,0,True,3
97,7,Trump,2,11,2,0,True,3
98,0,Trump,1,4,1,0,True,3
98,1,Trump,1,9,1,0,True,3
98,2,Trump,1,7,1,0,True,3
98,3,Trump,1,17,1,0,True,3
98,4,Trump,1,6,1,0,True,3
98,5,Trump,2,31,2,0,True,3
98,6,Trump,2,11,2,0,True,3
99,0,Trump,0,6,0,0,True,3
99,1,Trump,1,16,1,0,True,3
99,2,Trump,0,14,0,0,True,3
99,3,Trump,2,8,2,0,True,3
99,4,Trump,1,15,1,0,True,3
99,5,Trump,2,19,2,0,True,3
99,6,Trump,0,5,0,0,True,3
99,7,Trump,1,11,1,0,True,3
99,8,Trump,1,18,1,0,True,3
100,0,Trump,1,19,1,0,True,3
100,1,Trump,1,35,1,0,True,3
100,2,Trump,0,36,0,0,True,3
100,3,Trump,0,18,0,0,True,3
100,4,Trump,1,14,1,0,True,3
100,5,Trump,0,3,0,0,True,3
100,6,Trump,1,30,1,0,True,3
100,7,Trump,0,9,0,0,True,3
100,8,Trump,0,4,0,0,True,3
101,0,Trump,2,28,2,0,True,3
101,1,Trump,2,11,2,0,True,3
101,2,Trump,1,50,1,0,True,3
101,3,Trump,1,54,1,0,True,3
101,4,Trump,4,16,4,0,True,3
101,5,Trump,2,50,2,0,True,3
101,6,Trump,0,4,0,0,True,3
102,0,Trump,1,27,1,0,True,3
102,1,Trump,2,20,2,0,True,3
102,2,Trump,0,15,0,0,True,3
102,3,Trump,2,28,2,0,True,3
102,4,Trump,1,26,1,0,True,3
102,5,Trump,0,14,0,0,True,3
102,6,Trump,2,11,2,0,True,3
102,7,Trump,1,9,1,0,True,3
103,0,Trump,1,12,1,0,True,3
103,1,Trump,1,13,1,0,True,3
103,2,Trump,1,6,1,0,True,3
103,3,Trump,1,9,1,0,True,3
103,4,Trump,1,28,1,0,True,3
103,5,Trump,2,28,2,0,True,3
104,0,Trump,1,17,1,0,True,3
104,1,Trump,1,20,1,0,True,3
104,2,Trump,1,27,1,0,True,3
104,3,Trump,0,2,0,0,True,3
104,4,Trump,1,1,1,0,True,3
104,5,Trump,0,0,0,0,True,3
105,0,Trump,1,20,1,0,True,3
105,1,Trump,2,11,2,0,True,3
105,2,Trump,1,4,1,0,True,3
105,3,Trump,2,1,1,1,False,3
105,4,Trump,1,15,1,0,True,3
105,5,Trump,1,31,1,0,True,3
105,6,Trump,2,4,2,0,True,3
106,0,Trump,1,8,1,0,True,3
106,1,Trump,1,10,1,0,True,3
106,2,Trump,0,13,0,0,True,3
106,3,Trump,2,7,2,0,True,3
106,4,Trump,1,12,1,0,True,3
106,5,Trump,2,7,2,0,True,3
106,6,Trump,1,9,1,0,True,3
106,7,Trump,2,4,2,0,True,3
106,8,Trump,1,14,1,0,True,3
107,0,Trump,1,18,1,0,True,3
107,1,Trump,1,6,1,0,True,3
107,2,Trump,2,11,2,0,True,3
107,3,Trump,2,5,2,0,True,3
107,4,Trump,1,19,1,0,True,3
107,5,Trump,1,8,1,0,True,3
107,6,Trump,1,17,1,0,True,3
108,0,Trump,2,9,2,0,True,3
108,1,Trump,2,9,2,0,True,3
108,2,Trump,3,9,3,0,True,3
108,3,Trump,3,12,3,0,True,3
108,4,Trump,5,6,5,0,True,3
108,5,Trump,5,9,5,0,True,3
108,6,Trump,1,10,1,0,True,3
109,0,Trump,2,25,2,0,True,3
109,1,Trump,3,41,3,0,True,3
109,2,Trump,1,26,1,0,True,3
109,3,Trump,2,12,2,0,True,3
109,4,Trump,3,40,3,0,True,3
109,5,Trump,0,8,0,0,True,3
109,6,Trump,0,20,0,0,True,3
109,7,Trump,2,16,2,0,True,3
109,8,Trump,0,6,0,0,True,3
109,9,Trump,0,10,0,0,True,3
110,0,Trump,1,35,1,0,True,3
110,1,Trump,1,28,1,0,True,3
110,2,Trump,3,43,3,0,True,3
110,3,Trump,1,4,1,0,True,3
110,4,Trump,0,11,0,0,True,3
110,5,Trump,0,27,0,0,True,3
110,6,Trump,1,19,1,0,True,3
110,7,Trump,0,23,0,0,True,3
111,0,Trump,2,15,2,0,True,3
111,1,Trump,1,13,1,0,True,3
111,2,Trump,1,18,1,0,True,3
111,3,Trump,1,32,1,0,True,3
111,4,Trump,2,8,2,0,True,3
111,5,Trump,3,5,3,0,True,3
111,6,Trump,0,1,0,0,True,3
111,7,Trump,0,3,0,0,True,3
112,0,Trump,1,12,1,0,True,3
112,1,Trump,1,7,1,0,True,3
112,2,Trump,1,51,1,0,True,3
112,3,Trump,0,9,0,0,True,3
112,4,Trump,0,50,0,0,True,3
112,5,Trump,0,14,0,0,True,3
112,6,Trump,1,21,1,0,True,3
112,7,Trump,1,19,1,0,True,3
113,0,Trump,1,21,1,0,True,3
113,1,Trump,1,38,1,0,True,3
113,2,Trump,1,8,1,0,True,3
113,3,Trump,1,17,1,0,True,3
113,4,Trump,0,5,0,0,True,3
113,5,Trump,1,13,1,0,True,3
113,6,Trump,1,18,1,0,True,3
113,7,Trump,1,50,1,0,True,3
114,0,Trump,0,17,0,0,True,3
114,1,Trump,0,7,0,0,True,3
114,2,Trump,2,12,2,0,True,3
114,3,Trump,2,34,2,0,True,3
114,4,Trump,1,15,1,0,True,3
114,5,Trump,0,4,0,0,True,3
114,6,Trump,1,11,1,0,True,3
115,0,Trump,0,17,0,0,True,3
115,1,Trump,0,13,0,0,True,3
115,2,Trump,0,9,0,0,True,3
115,3,Trump,0,22,0,0,True,3
115,4,Trump,0,32,0,0,True,3
115,5,Trump,0,46,0,0,True,3
115,6,Trump,1,12,1,0,True,3
116,0,Trump,1,54,1,0,True,3
116,1,Trump,1,49,1,0,True,3
116,2,Trump,1,9,1,0,True,3
116,3,Trump,1,27,1,0,True,3
116,4,Trump,1,35,1,0,True,3
116,5,Trump,1,12,1,0,True,3
116,6,Trump,1,8,1,0,True,3
117,0,Trump,1,44,1,0,True,3
117,1,Trump,1,49,1,0,True,3
117,2,Trump,0,4,0,0,True,3
117,3,Trump,1,5,1,0,True,3
117,4,Trump,2,40,2,0,True,3
117,5,Trump,0,0,0,0,True,3
117,6,Trump,1,21,1,0,True,3
117,7,Trump,1,53,1,0,True,3
117,8,Trump,1,48,1,0,True,3
117,9,Trump,1,8,1,0,True,3
118,0,Trump,0,4,0,0,True,3
118,1,Trump,3,38,3,0,True,3
118,2,Trump,2,3,2,0,True,3
118,3,Trump,1,5,1,0,True,3
118,4,Trump,0,6,0,0,True,3
118,5,Trump,1,5,1,0,True,3
118,6,Trump,1,19,1,0,True,3
118,7,Trump,0,18,0,0,True,3
119,0,Trump,1,14,1,0,True,3
119,1,Trump,1,12,1,0,True,3
119,2,Trump,1,35,1,0,True,3
119,3,Trump,1,36,1,0,True,3
119,4,Trump,1,40,1,0,True,3
119,5,Trump,0,4,0,0,True,3
119,6,Trump,1,23,1,0,True,3
119,7,Trump,1,13,1,0,True,3
120,0,Trump,3,16,3,0,True,3
120,1,Trump,3,10,3,0,True,3
120,2,Trump,4,7,4,0,True,3
120,3,Trump,4,14,4,0,True,3
120,4,Trump,3,21,3,0,True,3
120,5,Trump,3,16,3,0,True,3
120,6,Trump,4,14,4,0,True,3
120,7,Trump,0,13,0,0,True,3
121,0,Trump,1,4,1,0,True,3
121,1,Trump,0,3,0,0,True,3
121,2,Trump,2,11,2,0,True,3
121,3,Trump,0,9,0,0,True,3
121,4,Trump,1,9,1,0,True,3
121,5,Trump,0,6,0,0,True,3
121,6,Trump,1,20,1,0,True,3
121,7,Trump,0,17,0,0,True,3
121,8,Trump,1,0,0,1,False,3
122,0,Trump,1,7,1,0,True,3
122,1,Trump,1,54,1,0,True,3
122,2,Trump,2,19,2,0,True,3
122,3,Trump,3,13,3,0,True,3
122,4,Trump,2,30,2,0,True,3
122,5,Trump,2,22,2,0,True,3
123,0,Trump,0,19,0,0,True,3
123,1,Trump,0,25,0,0,True,3
123,2,Trump,1,45,1,0,True,3
123,3,Trump,1,53,1,0,True,3
123,4,Trump,0,48,0,0,True,3
123,5,Trump,0,33,0,0,True,3
123,6,Trump,0,5,0,0,True,3
124,0,Trump,1,9,1,0,True,3
124,1,Trump,1,13,1,0,True,3
124,2,Trump,2,27,2,0,True,3
124,3,Trump,0,4,0,0,True,3
124,4,Trump,1,24,1,0,True,3
124,5,Trump,3,29,3,0,True,3
124,6,Trump,1,9,1,0,True,3
124,7,Trump,2,11,2,0,True,3
125,0,Trump,1,6,1,0,True,3
125,1,Trump,2,6,2,0,True,3
125,2,Trump,2,6,2,0,True,3
125,3,Trump,2,6,2,0,True,3
125,4,Trump,0,5,0,0,True,3
125,5,Trump,2,4,2,0,True,3
125,6,Trump,2,2,2,0,True,3
126,0,Trump,3,27,3,0,True,3
126,1,Trump,2,17,2,0,True,3
126,2,Trump,3,17,3,0,True,3
126,3,Trump,2,8,2,0,True,3
126,4,Trump,3,16,3,0,True,3
126,5,Trump,1,6,1,0,True,3
126,6,Trump,2,10,2,0,True,3
127,0,Trump,0,17,0,0,True,3
127,1,Trump,1,20,1,0,True,3
127,2,Trump,1,15,1,0,True,3
127,3,Trump,1,17,1,0,True,3
127,4,Trump,1,14,1,0,True,3
127,5,Trump,1,13,1,0,True,3
127,6,Trump,0,15,0,0,True,3
127,7,Trump,0,2,0,0,True,3
128,0,Trump,0,10,0,0,True,3
128,1,Trump,2,18,2,0,True,3
128,2,Trump,1,33,1,0,True,3
128,3,Trump,1,17,1,0,True,3
128,4,Trump,0,19,0,0,True,3
128,5,Trump,2,8,2,0,True,3
128,6,Trump,1,28,1,0,True,3
129,0,Trump,0,10,0,0,True,3
129,1,Trump,2,11,2,0,True,3
129,2,Trump,1,12,1,0,True,3
129,3,Trump,0,41,0,0,True,3
129,4,Trump,0,13,0,0,True,3
129,5,Trump,1,12,1,0,True,3
129,6,Trump,2,20,2,0,True,3
130,0,Trump,1,20,1,0,True,3
130,1,Trump,1,21,1,0,True,3
130,2,Trump,1,8,1,0,True,3
130,3,Trump,1,3,1,0,True,3
130,4,Trump,1,3,1,0,True,3
130,5,Trump,1,23,1,0,True,3
130,6,Trump,0,2,0,0,True,3
131,0,Trump,1,17,1,0,True,3
131,1,Trump,2,6,2,0,True,3
131,2,Trump,1,5,1,0,True,3
131,3,Trump,2,41,2,0,True,3
131,4,Trump,0,9,0,0,True,3
131,5,Trump,0,22,0,0,True,3
131,6,Trump,1,29,1,0,True,3
132,0,Trump,2,12,2,0,True,3
132,1,Trump,2,18,2,0,True,3
132,2,Trump,1,61,1,0,True,3
132,3,Trump,2,13,2,0,True,3
132,4,Trump,1,48,1,0,True,3
132,5,Trump,1,5,1,0,True,3
132,6,Trump,1,10,1,0,True,3
133,0,Trump,0,2,0,0,True,3
133,1,Trump,2,24,2,0,True,3
133,2,Trump,0,2,0,0,True,3
133,3,Trump,0,3,0,0,True,3
133,4,Trump,1,25,1,0,True,3
133,5,Trump,0,10,0,0,True,3
134,0,Trump,1,15,1,0,True,3
134,1,Trump,1,16,1,0,True,3
134,2,Trump,1,28,1,0,True,3
134,3,Trump,2,16,2,0,True,3
134,4,Trump,2,10,2,0,True,3
134,5,Trump,1,8,1,0,True,3
134,6,Trump,1,6,1,0,True,3
134,7,Trump,0,0,0,0,True,3
135,0,Trump,1,30,1,0,True,3
135,1,Trump,0,12,0,0,True,3
135,2,Trump,1,13,1,0,True,3
135,3,Trump,1,6,1,0,True,3
135,4,Trump,1,13,1,0,True,3
135,5,Trump,1,8,1,0,True,3
135,6,Trump,1,2,1,0,True,3
135,7,Trump,0,4,0,0,True,3
136,0,Trump,0,3,0,0,True,3
136,1,Trump,0,10,0,0,True,3
136,2,Trump,0,10,0,0,True,3
136,3,Trump,0,11,0,0,True,3
136,4,Trump,0,47,0,0,True,3
136,5,Trump,0,32,0,0,True,3
136,6,Trump,0,2,0,0,True,3
136,7,Trump,1,16,1,0,True,3
136,8,Trump,1,34,1,0,True,3
137,0,Trump,0,8,0,0,True,3
137,1,Trump,1,14,1,0,True,3
137,2,Trump,2,16,2,0,True,3
137,3,Trump,0,8,0,0,True,3
137,4,Trump,1,22,1,0,True,3
137,5,Trump,1,8,1,0,True,3
137,6,Trump,4,48,4,0,True,3
138,0,Trump,4,24,4,0,True,3
138,1,Trump,1,11,1,0,True,3
138,2,Trump,2,16,2,0,True,3
138,3,Trump,1,21,1,0,True,3
138,4,Trump,2,6,2,0,True,3
138,5,Trump,2,6,2,0,True,3
139,0,Trump,0,3,0,0,True,3
139,1,Trump,0,5,0,0,True,3
139,2,Trump,2,6,2,0,True,3
139,3,Trump,0,4,0,0,True,3
139,4,Trump,2,7,2,0,True,3
139,5,Trump,2,2,2,0,True,3
139,6,Trump,0,9,0,0,True,3
139,7,Trump,1,4,1,0,True,3
139,8,Trump,1,25,1,0,True,3
139,9,Trump,2,8,2,0,True,3
140,0,Trump,1,9,1,0,True,3
140,1,Trump,0,3,0,0,True,3
140,2,Trump,0,5,0,0,True,3
140,3,Trump,0,17,0,0,True,3
140,4,Trump,2,15,2,0,True,3
140,5,Trump,1,8,1,0,True,3
140,6,Trump,2,9,2,0,True,3
141,0,Trump,2,11,2,0,True,3
141,1,Trump,2,10,2,0,True,3
141,2,Trump,1,20,1,0,True,3
141,3,Trump,1,6,1,0,True,3
141,4,Trump,0,15,0,0,True,3
141,5,Trump,0,18,0,0,True,3
141,6,Trump,0,7,0,0,True,3
142,0,Trump,1,38,1,0,True,3
142,1,Trump,1,23,1,0,True,3
142,2,Trump,1,3,1,0,True,3
142,3,Trump,5,40,5,0,True,3
142,4,Trump,1,41,1,0,True,3
142,5,Trump,1,9,1,0,True,3
142,6,Trump,2,50,2,0,True,3
142,7,Trump,0,10,0,0,True,3
142,8,Trump,1,12,1,0,True,3
143,0,Trump,0,20,0,0,True,3
143,1,Trump,1,14,1,0,True,3
143,2,Trump,1,21,1,0,True,3
143,3,Trump,1,18,1,0,True,3
143,4,Trump,0,10,0,0,True,3
143,5,Trump,0,19,0,0,True,3
144,0,Trump,3,43,3,0,True,3
144,1,Trump,0,4,0,0,True,3
144,2,Trump,2,19,2,0,True,3
144,3,Trump,1,6,1,0,True,3
144,4,Trump,0,18,0,0,True,3
144,5,Trump,1,7,1,0,True,3
144,6,Trump,1,53,1,0,True,3
145,0,Trump,1,36,1,0,True,3
145,1,Trump,0,12,0,0,True,3
145,2,Trump,0,2,0,0,True,3
145,3,Trump,1,5,1,0,True,3
145,4,Trump,1,10,1,0,True,3
145,5,Trump,1,5,1,0,True,3
145,6,Trump,2,4,2,0,True,3
145,7,Trump,1,5,1,0,True,3
146,0,Trump,1,2,1,0,True,3
146,1,Trump,1,8,1,0,True,3
146,2,Trump,1,29,1,0,True,3
146,3,Trump,1,5,1,0,True,3
146,4,Trump,1,1,1,0,True,3
146,5,Trump,2,3,2,0,True,3
146,6,Trump,2,8,2,0,True,3
147,0,Trump,0,18,0,0,True,3
147,1,Trump,2,28,2,0,True,3
147,2,Trump,0,6,0,0,True,3
147,3,Trump,0,5,0,0,True,3
147,4,Trump,2,5,2,0,True,3
147,5,Trump,2,4,2,0,True,3
147,6,Trump,2,14,2,0,True,3
148,0,Trump,4,16,4,0,True,3
148,1,Trump,2,8,2,0,True,3
148,2,Trump,0,2,0,0,True,3
148,3,Trump,2,10,2,0,True,3
148,4,Trump,1,6,1,0,True,3
149,0,Trump,1,57,1,0,True,3
149,1,Trump,1,12,1,0,True,3
149,2,Trump,2,20,2,0,True,3
149,3,Trump,1,14,1,0,True,3
149,4,Trump,2,37,2,0,True,3
149,5,Trump,0,5,0,0,True,3
149,6,Trump,1,6,1,0,True,3
150,0,Trump,3,9,3,0,True,3
150,1,Trump,0,6,0,0,True,3
150,2,Trump,0,13,0,0,True,3
150,3,Trump,1,14,1,0,True,3
150,4,Trump,1,1,1,0,True,3
150,5,Trump,0,4,0,0,True,3
151,0,Trump,1,20,1,0,True,3
151,1,Trump,1,6,1,0,True,3
151,2,Trump,0,14,0,0,True,3
151,3,Trump,0,7,0,0,True,3
151,4,Trump,2,28,2,0,True,3
151,5,Trump,1,10,1,0,True,3
151,6,Trump,0,4,0,0,True,3
152,0,Trump,1,12,1,0,True,3
152,1,Trump,1,18,1,0,True,3
152,2,Trump,1,8,1,0,True,3
152,3,Trump,1,2,1,0,True,3
152,4,Trump,1,23,1,0,True,3
152,5,Trump,0,12,0,0,True,3
153,0,Trump,2,5,2,0,True,3
153,1,Trump,3,38,3,0,True,3
153,2,Trump,1,17,1,0,True,3
153,3,Trump,0,13,0,0,True,3
153,4,Trump,2,11,2,0,True,3
153,5,Trump,1,6,1,0,True,3
153,6,Trump,1,13,1,0,True,3
153,7,Trump,3,6,3,0,True,3
154,0,Trump,1,26,1,0,True,3
154,1,Trump,0,32,0,0,True,3
154,2,Trump,0,28,0,0,True,3
154,3,Trump,1,55,1,0,True,3
154,4,Trump,0,20,0,0,True,3
154,5,Trump,2,34,2,0,True,3
154,6,Trump,1,41,1,0,True,3
155,0,Trump,2,29,2,0,True,3
155,1,Trump,0,17,0,0,True,3
155,2,Trump,1,35,1,0,True,3
155,3,Trump,3,24,3,0,True,3
155,4,Trump,2,32,2,0,True,3
155,5,Trump,1,23,1,0,True,3
155,6,Trump,0,40,0,0,True,3
156,0,Trump,1,23,1,0,True,3
156,1,Trump,2,30,2,0,True,3
156,2,Trump,1,19,1,0,True,3
156,3,Trump,1,11,1,0,True,3
156,4,Trump,1,39,1,0,True,3
156,5,Trump,1,9,1,0,True,3
157,0,Trump,1,1,1,0,True,3
157,1,Trump,1,2,1,0,True,3
157,2,Trump,0,4,0,0,True,3
157,3,Trump,1,4,1,0,True,3
157,4,Trump,2,9,2,0,True,3
157,5,Trump,0,28,0,0,True,3
158,0,Trump,0,0,0,0,True,3
158,1,Trump,1,45,1,0,True,3
158,2,Trump,1,28,1,0,True,3
158,3,Trump,3,28,3,0,True,3
158,4,Trump,0,1,0,0,True,3
158,5,Trump,2,9,2,0,True,3
158,6,Trump,1,22,1,0,True,3
158,7,Trump,1,37,1,0,True,3
158,8,Trump,1,31,1,0,True,3
159,0,Trump,1,10,1,0,True,3
159,1,Trump,0,13,0,0,True,3
159,2,Trump,1,7,1,0,True,3
159,3,Trump,2,9,2,0,True,3
159,4,Trump,1,29,1,0,True,3
159,5,Trump,1,15,1,0,True,3
159,6,Trump,2,9,2,0,True,3
159,7,Trump,1,8,1,0,True,3
160,0,Trump,0,1,0,0,True,3
160,1,Trump,0,12,0,0,True,3
160,2,Trump,1,27,1,0,True,3
160,3,Trump,1,9,1,0,True,3
160,4,Trump,0,12,0,0,True,3
160,5,Trump,0,10,0,0,True,3
160,6,Trump,2,38,2,0,True,3
160,7,Trump,0,2,0,0,True,3
160,8,Trump,1,31,1,0,True,3
161,0,Trump,1,12,1,0,True,3
161,1,Trump,1,27,1,0,True,3
161,2,Trump,3,22,3,0,True,3
161,3,Trump,1,10,1,0,True,3
161,4,Trump,1,12,1,0,True,3
161,5,Trump,2,10,2,0,True,3
161,6,Trump,1,12,1,0,True,3
162,0,Trump,0,19,0,0,True,3
162,1,Trump,1,16,1,0,True,3
162,2,Trump,1,12,1,0,True,3
162,3,Trump,1,3,1,0,True,3
162,4,Trump,0,4,0,0,True,3
162,5,Trump,2,12,2,0,True,3
162,6,Trump,0,3,0,0,True,3
162,7,Trump,1,6,1,0,True,3
163,0,Trump,2,4,2,0,True,3
163,1,Trump,0,8,0,0,True,3
163,2,Trump,2,58,2,0,True,3
163,3,Trump,0,7,0,0,True,3
163,4,Trump,1,8,1,0,True,3
163,5,Trump,2,16,2,0,True,3
163,6,Trump,1,9,1,0,True,3
163,7,Trump,1,6,1,0,True,3
164,0,Trump,1,12,1,0,True,3
164,1,Trump,1,9,1,0,True,3
164,2,Trump,1,30,1,0,True,3
164,3,Trump,2,3,2,0,True,3
164,4,Trump,1,24,1,0,True,3
164,5,Trump,2,23,2,0,True,3
165,0,Trump,0,17,0,0,True,3
165,1,Trump,0,3,0,0,True,3
165,2,Trump,0,35,0,0,True,3
165,3,Trump,0,4,0,0,True,3
165,4,Trump,0,4,0,0,True,3
165,5,Trump,0,42,0,0,True,3
165,6,Trump,0,8,0,0,True,3
165,7,Trump,2,26,2,0,True,3
166,0,Trump,0,5,0,0,True,3
166,1,Trump,1,22,1,0,True,3
166,2,Trump,0,4,0,0,True,3
166,3,Trump,1,27,1,0,True,3
166,4,Trump,0,12,0,0,True,3
166,5,Trump,1,21,1,0,True,3
166,6,Trump,1,29,1,0,True,3
166,7,Trump,2,25,2,0,True,3
167,0,Trump,2,34,2,0,True,3
167,1,Trump,0,3,0,0,True,3
167,2,Trump,0,9,0,0,True,3
167,3,Trump,0,15,0,0,True,3
167,4,Trump,1,18,1,0,True,3
167,5,Trump,1,6,1,0,True,3
167,6,Trump,2,11,2,0,True,3
168,0,Trump,0,16,0,0,True,3
168,1,Trump,0,5,0,0,True,3
168,2,Trump,0,0,0,0,True,3
168,3,Trump,1,37,1,0,True,3
168,4,Trump,0,3,0,0,True,3
168,5,Trump,0,16,0,0,True,3
168,6,Trump,2,38,2,0,True,3
168,7,Trump,1,37,1,0,True,3
169,0,Trump,1,7,1,0,True,3
169,1,Trump,1,14,1,0,True,3
169,2,Trump,2,8,2,0,True,3
169,3,Trump,2,6,2,0,True,3
169,4,Trump,2,28,2,0,True,3
169,5,Trump,2,14,2,0,True,3
169,6,Trump,1,11,1,0,True,3
169,7,Trump,1,19,1,0,True,3
170,0,Trump,0,6,0,0,True,3
170,1,Trump,0,50,0,0,True,3
170,2,Trump,0,4,0,0,True,3
170,3,Trump,0,0,0,0,True,3
170,4,Trump,0,17,0,0,True,3
170,5,Trump,2,52,2,0,True,3
170,6,Trump,0,20,0,0,True,3
170,7,Trump,0,35,0,0,True,3
171,0,Trump,2,29,2,0,True,3
171,1,Trump,0,17,0,0,True,3
171,2,Trump,0,29,0,0,True,3
171,3,Trump,1,31,1,0,True,3
171,4,Trump,0,16,0,0,True,3
171,5,Trump,0,4,0,0,True,3
171,6,Trump,0,2,0,0,True,3
171,7,Trump,2,21,2,0,True,3
172,0,Trump,1,8,1,0,True,3
172,1,Trump,0,8,0,0,True,3
172,2,Trump,0,11,0,0,True,3
172,3,Trump,1,25,1,0,True,3
172,4,Trump,0,16,0,0,True,3
172,5,Trump,1,20,1,0,True,3
172,6,Trump,1,14,1,0,True,3
172,7,Trump,0,13,0,0,True,3
173,0,Trump,2,9,2,0,True,3
173,1,Trump,1,24,1,0,True,3
173,2,Trump,0,4,0,0,True,3
173,3,Trump,2,16,2,0,True,3
173,4,Trump,0,23,0,0,True,3
173,5,Trump,2,11,2,0,True,3
173,6,Trump,0,0,0,0,True,3
173,7,Trump,0,0,0,0,True,3
174,0,Trump,1,16,1,0,True,3
174,1,Trump,2,26,2,0,True,3
174,2,Trump,0,8,0,0,True,3
174,3,Trump,1,12,1,0,True,3
174,4,Trump,2,30,2,0,True,3
174,5,Trump,1,7,1,0,True,3
174,6,Trump,2,32,2,0,True,3
174,7,Trump,2,13,2,0,True,3
175,0,Trump,0,18,0,0,True,3
175,1,Trump,1,37,1,0,True,3
175,2,Trump,0,2,0,0,True,3
175,3,Trump,1,32,1,0,True,3
175,4,Trump,1,19,1,0,True,3
175,5,Trump,0,21,0,0,True,3
175,6,Trump,0,0,0,0,True,3
176,0,Trump,1,7,1,0,True,3
176,1,Trump,2,11,2,0,True,3
176,2,Trump,1,15,1,0,True,3
176,3,Trump,1,6,1,0,True,3
176,4,Trump,2,5,2,0,True,3
176,5,Trump,1,44,1,0,True,3
177,0,Trump,2,12,2,0,True,3
177,1,Trump,1,10,1,0,True,3
177,2,Trump,1,8,1,0,True,3
177,3,Trump,1,11,1,0,True,3
177,4,Trump,1,4,1,0,True,3
177,5,Trump,0,8,0,0,True,3
177,6,Trump,1,29,1,0,True,3
178,0,Trump,0,5,0,0,True,3
178,1,Trump,2,48,2,0,True,3
178,2,Trump,3,48,3,0,True,3
178,3,Trump,1,29,1,0,True,3
178,4,Trump,2,9,2,0,True,3
178,5,Trump,1,55,1,0,True,3
179,0,Trump,0,23,0,0,True,3
179,1,Trump,0,9,0,0,True,3
179,2,Trump,1,38,1,0,True,3
179,3,Trump,1,34,1,0,True,3
179,4,Trump,1,26,1,0,True,3
179,5,Trump,2,42,2,0,True,3
179,6,Trump,1,31,1,0,True,3
179,7,Trump,1,27,1,0,True,3
180,0,Trump,0,13,0,0,True,3
180,1,Trump,0,11,0,0,True,3
180,2,Trump,0,20,0,0,True,3
180,3,Trump,0,16,0,0,True,3
180,4,Trump,0,20,0,0,True,3
180,5,Trump,0,16,0,0,True,3
180,6,Trump,0,13,0,0,True,3
181,0,Trump,1,22,1,0,True,3
181,1,Trump,1,12,1,0,True,3
181,2,Trump,1,15,1,0,True,3
181,3,Trump,0,18,0,0,True,3
181,4,Trump,0,2,0,0,True,3
181,5,Trump,1,25,1,0,True,3
181,6,Trump,1,14,1,0,True,3
181,7,Trump,1,8,1,0,True,3
181,8,Trump,1,17,1,0,True,3
182,0,Trump,0,9,0,0,True,3
182,1,Trump,0,13,0,0,True,3
182,2,Trump,1,41,1,0,True,3
182,3,Trump,0,8,0,0,True,3
182,4,Trump,1,17,1,0,True,3
182,5,Trump,0,12,0,0,True,3
182,6,Trump,1,44,1,0,True,3
183,0,Trump,0,9,0,0,True,3
183,1,Trump,2,26,2,0,True,3
183,2,Trump,1,15,1,0,True,3
183,3,Trump,1,11,1,0,True,3
183,4,Trump,0,0,0,0,True,3
183,5,Trump,1,10,1,0,True,3
183,6,Trump,0,43,0,0,True,3
184,0,Trump,1,4,1,0,True,3
184,1,Trump,0,26,0,0,True,3
184,2,Trump,1,2,1,0,True,3
184,3,Trump,2,7,2,0,True,3
184,4,Trump,1,4,1,0,True,3
184,5,Trump,1,2,1,0,True,3
184,6,Trump,1,21,1,0,True,3
184,7,Trump,1,11,1,0,True,3
184,8,Trump,1,9,1,0,True,3
185,0,Trump,0,11,0,0,True,3
185,1,Trump,1,20,1,0,True,3
185,2,Trump,1,9,1,0,True,3
185,3,Trump,1,10,1,0,True,3
185,4,Trump,0,7,0,0,True,3
185,5,Trump,2,27,2,0,True,3
185,6,Trump,0,5,0,0,True,3
186,0,Trump,0,21,0,0,True,3
186,1,Trump,0,10,0,0,True,3
186,2,Trump,2,35,2,0,True,3
186,3,Trump,1,49,1,0,True,3
186,4,Trump,0,15,0,0,True,3
186,5,Trump,4,44,4,0,True,3
186,6,Trump,0,4,0,0,True,3
186,7,Trump,0,10,0,0,True,3
187,0,Trump,0,14,0,0,True,3
187,1,Trump,0,3,0,0,True,3
187,2,Trump,0,14,0,0,True,3
187,3,Trump,0,14,0,0,True,3
187,4,Trump,0,15,0,0,True,3
187,5,Trump,0,18,0,0,True,3
187,6,Trump,1,8,1,0,True,3
187,7,Trump,0,12,0,0,True,3
188,0,Trump,0,3,0,0,True,3
188,1,Trump,0,12,0,0,True,3
188,2,Trump,10,42,10,0,True,3
188,3,Trump,0,15,0,0,True,3
188,4,Trump,2,6,2,0,True,3
188,5,Trump,1,45,1,0,True,3
188,6,Trump,1,10,1,0,True,3
188,7,Trump,1,14,1,0,True,3
189,0,Trump,0,25,0,0,True,3
189,1,Trump,1,26,1,0,True,3
189,2,Trump,1,6,1,0,True,3
189,3,Trump,1,9,1,0,True,3
189,4,Trump,1,33,1,0,True,3
189,5,Trump,0,8,0,0,True,3
189,6,Trump,1,11,1,0,True,3
190,0,Trump,0,51,0,0,True,3
190,1,Trump,1,32,1,0,True,3
190,2,Trump,1,51,1,0,True,3
190,3,Trump,1,22,1,0,True,3
190,4,Trump,0,14,0,0,True,3
190,5,Trump,0,38,0,0,True,3
190,6,Trump,1,43,1,0,True,3
191,0,Trump,2,28,2,0,True,3
191,1,Trump,4,11,4,0,True,3
191,2,Trump,2,16,2,0,True,3
191,3,Trump,1,27,1,0,True,3
191,4,Trump,1,40,1,0,True,3
191,5,Trump,2,1,1,1,False,3
192,0,Trump,1,21,1,0,True,3
192,1,Trump,1,32,1,0,True,3
192,2,Trump,1,9,1,0,True,3
192,3,Trump,1,4,1,0,True,3
192,4,Trump,1,11,1,0,True,3
192,5,Trump,1,15,1,0,True,3
192,6,Trump,1,18,1,0,True,3
193,0,Trump,1,46,1,0,True,3
193,1,Trump,0,12,0,0,True,3
193,2,Trump,1,17,1,0,True,3
193,3,Trump,0,24,0,0,True,3
193,4,Trump,1,38,1,0,True,3
193,5,Trump,1,51,1,0,True,3
193,6,Trump,0,7,0,0,True,3
194,0,Trump,1,15,1,0,True,3
194,1,Trump,0,16,0,0,True,3
194,2,Trump,0,12,0,0,True,3
194,3,Trump,1,41,1,0,True,3
194,4,Trump,0,14,0,0,True,3
194,5,Trump,0,17,0,0,True,3
194,6,Trump,1,16,1,0,True,3
194,7,Trump,0,17,0,0,True,3
194,8,Trump,0,5,0,0,True,3
195,0,Trump,1,9,1,0,True,3
195,1,Trump,1,22,1,0,True,3
195,2,Trump,0,3,0,0,True,3
195,3,Trump,1,26,1,0,True,3
195,4,Trump,1,13,1,0,True,3
195,5,Trump,0,17,0,0,True,3
195,6,Trump,1,10,1,0,True,3
195,7,Trump,0,12,0,0,True,3
196,0,Trump,1,31,1,0,True,3
196,1,Trump,1,41,1,0,True,3
196,2,Trump,1,49,1,0,True,3
196,3,Trump,1,51,1,0,True,3
196,4,Trump,1,19,1,0,True,3
196,5,Trump,0,11,0,0,True,3
197,0,Trump,1,21,1,0,True,3
197,1,Trump,1,18,1,0,True,3
197,2,Trump,1,19,1,0,True,3
197,3,Trump,1,9,1,0,True,3
197,4,Trump,1,41,1,0,True,3
197,5,Trump,2,13,2,0,True,3
197,6,Trump,1,8,1,0,True,3
197,7,Trump,1,11,1,0,True,3
197,8,Trump,1,25,1,0,True,3
198,0,Trump,1,30,1,0,True,3
198,1,Trump,0,0,0,0,True,3
198,2,Trump,0,48,0,0,True,3
198,3,Trump,2,26,2,0,True,3
198,4,Trump,1,25,1,0,True,3
198,5,Trump,1,54,1,0,True,3
198,6,Trump,1,26,1,0,True,3
199,0,Trump,2,16,2,0,True,3
199,1,Trump,1,7,1,0,True,3
199,2,Trump,0,4,0,0,True,3
199,3,Trump,0,6,0,0,True,3
199,4,Trump,0,1,0,0,True,3
199,5,Trump,1,30,1,0,True,3
199,6,Trump,0,3,0,0,True,3
199,7,Trump,1,10,1,0,True,3
199,8,Trump,1,15,1,0,True,3
200,0,Trump,0,3,0,0,True,3
200,1,Trump,0,29,0,0,True,3
200,2,Trump,0,5,0,0,True,3
200,3,Trump,0,25,0,0,True,3
200,4,Trump,0,6,0,0,True,3
200,5,Trump,0,21,0,0,True,3
200,6,Trump,0,11,0,0,True,3
200,7,Trump,1,24,1,0,True,3
201,0,Trump,0,28,0,0,True,3
201,1,Trump,1,8,1,0,True,3
201,2,Trump,1,16,1,0,True,3
201,3,Trump,0,24,0,0,True,3
201,4,Trump,2,36,2,0,True,3
201,5,Trump,0,2,0,0,True,3
201,6,Trump,0,7,0,0,True,3
201,7,Trump,1,33,1,0,True,3
202,0,Trump,4,54,4,0,True,3
202,1,Trump,1,61,1,0,True,3
202,2,Trump,1,50,1,0,True,3
202,3,Trump,1,33,1,0,True,3
202,4,Trump,2,34,2,0,True,3
202,5,Trump,2,48,2,0,True,3
203,0,Trump,1,41,1,0,True,3
203,1,Trump,2,15,2,0,True,3
203,2,Trump,0,10,0,0,True,3
203,3,Trump,0,6,0,0,True,3
203,4,Trump,0,19,0,0,True,3
203,5,Trump,0,7,0,0,True,3
203,6,Trump,0,2,0,0,True,3
203,7,Trump,0,35,0,0,True,3
203,8,Trump,0,17,0,0,True,3
204,0,Trump,0,23,0,0,True,3
204,1,Trump,1,38,1,0,True,3
205,0,Trump,2,51,2,0,True,3
205,1,Trump,1,7,1,0,True,3
205,2,Trump,1,33,1,0,True,3
205,3,Trump,2,11,2,0,True,3
205,4,Trump,0,3,0,0,True,3
205,5,Trump,1,17,1,0,True,3
205,6,Trump,0,3,0,0,True,3
205,7,Trump,0,0,0,0,True,3
206,0,Trump,1,27,1,0,True,3
206,1,Trump,2,33,2,0,True,3
206,2,Trump,1,17,1,0,True,3
206,3,Trump,0,18,0,0,True,3
206,4,Trump,1,17,1,0,True,3
206,5,Trump,1,29,1,0,True,3
206,6,Trump,1,3,1,0,True,3
206,7,Trump,1,9,1,0,True,3
207,0,Trump,0,1,0,0,True,3
207,1,Trump,0,19,0,0,True,3
207,2,Trump,1,20,1,0,True,3
207,3,Trump,0,8,0,0,True,3
207,4,Trump,2,34,2,0,True,3
207,5,Trump,0,18,0,0,True,3
208,0,Trump,2,19,2,0,True,3
208,1,Trump,1,6,1,0,True,3
208,2,Trump,1,3,1,0,True,3
208,3,Trump,1,11,1,0,True,3
208,4,Trump,0,5,0,0,True,3
208,5,Trump,0,42,0,0,True,3
208,6,Trump,4,16,4,0,True,3
208,7,Trump,0,6,0,0,True,3
208,8,Trump,0,14,0,0,True,3
209,0,Trump,0,5,0,0,True,3
209,1,Trump,0,4,0,0,True,3
209,2,Trump,1,8,1,0,True,3
209,3,Trump,1,58,1,0,True,3
209,4,Trump,1,54,1,0,True,3
209,5,Trump,2,19,2,0,True,3
209,6,Trump,1,10,1,0,True,3
210,0,Trump,0,2,0,0,True,3
210,1,Trump,1,11,1,0,True,3
210,2,Trump,3,38,3,0,True,3
210,3,Trump,2,24,2,0,True,3
210,4,Trump,1,38,1,0,True,3
210,5,Trump,0,24,0,0,True,3
210,6,Trump,2,41,2,0,True,3
210,7,Trump,1,35,1,0,True,3
211,0,Trump,1,4,1,0,True,3
211,1,Trump,0,3,0,0,True,3
211,2,Trump,1,6,1,0,True,3
211,3,Trump,1,8,1,0,True,3
211,4,Trump,2,50,2,0,True,3
211,5,Trump,1,13,1,0,True,3
212,0,Trump,0,22,0,0,True,3
212,1,Trump,0,3,0,0,True,3
212,2,Trump,0,4,0,0,True,3
212,3,Trump,1,36,1,0,True,3
212,4,Trump,1,4,1,0,True,3
212,5,Trump,0,2,0,0,True,3
213,0,Trump,1,35,1,0,True,3
213,1,Trump,1,26,1,0,True,3
213,2,Trump,1,34,1,0,True,3
213,3,Trump,1,19,1,0,True,3
213,4,Trump,1,22,1,0,True,3
213,5,Trump,2,22,2,0,True,3
213,6,Trump,1,31,1,0,True,3
214,0,Trump,1,19,1,0,True,3
214,1,Trump,2,22,2,0,True,3
214,2,Trump,0,3,0,0,True,3
214,3,Trump,1,12,1,0,True,3
214,4,Trump,0,5,0,0,True,3
214,5,Trump,1,16,1,0,True,3
214,6,Trump,1,6,1,0,True,3
215,0,Trump,2,37,2,0,True,3
215,1,Trump,2,38,2,0,True,3
215,2,Trump,2,46,2,0,True,3
215,3,Trump,2,44,2,0,True,3
215,4,Trump,2,47,2,0,True,3
215,5,Trump,2,41,2,0,True,3
215,6,Trump,2,38,2,0,True,3
216,0,Trump,2,18,2,0,True,3
216,1,Trump,2,39,2,0,True,3
216,2,Trump,2,29,2,0,True,3
216,3,Trump,1,20,1,0,True,3
216,4,Trump,0,28,0,0,True,3
216,5,Trump,1,30,1,0,True,3
216,6,Trump,1,11,1,0,True,3
217,0,Trump,1,41,1,0,True,3
217,1,Trump,1,11,1,0,True,3
217,2,Trump,1,29,1,0,True,3
217,3,Trump,2,28,2,0,True,3
217,4,Trump,2,23,2,0,True,3
217,5,Trump,1,13,1,0,True,3
218,0,Trump,0,19,0,0,True,3
218,1,Trump,0,40,0,0,True,3
218,2,Trump,0,2,0,0,True,3
218,3,Trump,0,61,0,0,True,3
218,4,Trump,0,55,0,0,True,3
218,5,Trump,2,52,2,0,True,3
218,6,Trump,0,57,0,0,True,3
218,7,Trump,0,3,0,0,True,3
219,0,Trump,0,7,0,0,True,3
219,1,Trump,0,9,0,0,True,3
219,2,Trump,0,8,0,0,True,3
219,3,Trump,0,48,0,0,True,3
219,4,Trump,1,24,1,0,True,3
219,5,Trump,1,8,1,0,True,3
219,6,Trump,1,11,1,0,True,3
219,7,Trump,1,12,1,0,True,3
220,0,Trump,2,43,2,0,True,3
220,1,Trump,0,1,0,0,True,3
220,2,Trump,1,0,0,1,False,3
220,3,Trump,0,3,0,0,True,3
220,4,Trump,0,2,0,0,True,3
220,5,Trump,2,6,2,0,True,3
220,6,Trump,0,3,0,0,True,3
221,0,Trump,1,20,1,0,True,3
221,1,Trump,0,12,0,0,True,3
221,2,Trump,1,12,1,0,True,3
221,3,Trump,2,30,2,0,True,3
221,4,Trump,1,11,1,0,True,3
221,5,Trump,1,19,1,0,True,3
221,6,Trump,2,39,2,0,True,3
222,0,Trump,1,13,1,0,True,3
222,1,Trump,2,17,2,0,True,3
222,2,Trump,1,8,1,0,True,3
222,3,Trump,1,13,1,0,True,3
222,4,Trump,1,13,1,0,True,3
222,5,Trump,0,28,0,0,True,3
223,0,Trump,0,9,0,0,True,3
223,1,Trump,2,30,2,0,True,3
223,2,Trump,0,54,0,0,True,3
223,3,Trump,0,6,0,0,True,3
223,4,Trump,1,44,1,0,True,3
223,5,Trump,1,12,1,0,True,3
223,6,Trump,0,20,0,0,True,3
223,7,Trump,0,39,0,0,True,3
224,0,Trump,0,4,0,0,True,3
224,1,Trump,1,11,1,0,True,3
224,2,Trump,1,16,1,0,True,3
224,3,Trump,1,37,1,0,True,3
224,4,Trump,1,15,1,0,True,3
224,5,Trump,0,8,0,0,True,3
225,0,Trump,0,13,0,0,True,3
225,1,Trump,0,8,0,0,True,3
225,2,Trump,2,54,2,0,True,3
225,3,Trump,0,55,0,0,True,3
225,4,Trump,0,28,0,0,True,3
225,5,Trump,1,28,1,0,True,3
225,6,Trump,1,8,1,0,True,3
226,0,Trump,0,5,0,0,True,3
226,1,Trump,1,17,1,0,True,3
226,2,Trump,0,15,0,0,True,3
226,3,Trump,1,6,1,0,True,3
226,4,Trump,1,29,1,0,True,3
226,5,Trump,2,7,2,0,True,3
226,6,Trump,1,12,1,0,True,3
227,0,Trump,1,4,1,0,True,3
227,1,Trump,1,17,1,0,True,3
227,2,Trump,1,13,1,0,True,3
227,3,Trump,2,5,2,0,True,3
227,4,Trump,1,10,1,0,True,3
227,5,Trump,1,13,1,0,True,3
227,6,Trump,1,1,1,0,True,3
227,7,Trump,0,4,0,0,True,3
228,0,Trump,0,3,0,0,True,3
228,1,Trump,2,56,2,0,True,3
228,2,Trump,0,9,0,0,True,3
228,3,Trump,0,4,0,0,True,3
228,4,Trump,0,8,0,0,True,3
228,5,Trump,1,12,1,0,True,3
228,6,Trump,0,47,0,0,True,3
228,7,Trump,1,22,1,0,True,3
229,0,Trump,1,4,1,0,True,3
229,1,Trump,1,15,1,0,True,3
229,2,Trump,0,11,0,0,True,3
229,3,Trump,1,17,1,0,True,3
229,4,Trump,0,39,0,0,True,3
229,5,Trump,1,13,1,0,True,3
229,6,Trump,2,20,2,0,True,3
229,7,Trump,1,26,1,0,True,3
229,8,Trump,1,22,1,0,True,3
229,9,Trump,0,24,0,0,True,3
230,0,Trump,0,25,0,0,True,3
230,1,Trump,0,19,0,0,True,3
230,2,Trump,0,19,0,0,True,3
230,3,Trump,0,8,0,0,True,3
230,4,Trump,0,45,0,0,True,3
230,5,Trump,0,20,0,0,True,3
230,6,Trump,0,11,0,0,True,3
231,0,Trump,2,37,2,0,True,3
231,1,Trump,1,4,1,0,True,3
231,2,Trump,1,9,1,0,True,3
231,3,Trump,1,44,1,0,True,3
231,4,Trump,1,15,1,0,True,3
231,5,Trump,1,15,1,0,True,3
231,6,Trump,1,25,1,0,True,3
231,7,Trump,0,1,0,0,True,3
232,0,Trump,2,21,2,0,True,3
232,1,Trump,1,16,1,0,True,3
232,2,Trump,1,51,1,0,True,3
232,3,Trump,2,39,2,0,True,3
232,4,Trump,0,2,0,0,True,3
232,5,Trump,1,21,1,0,True,3
232,6,Trump,0,5,0,0,True,3
232,7,Trump,0,10,0,0,True,3
233,0,Trump,2,24,2,0,True,3
233,1,Trump,4,38,4,0,True,3
233,2,Trump,2,3,2,0,True,3
233,3,Trump,1,19,1,0,True,3
233,4,Trump,3,11,3,0,True,3
233,5,Trump,1,12,1,0,True,3
234,0,Trump,1,22,1,0,True,3
234,1,Trump,0,5,0,0,True,3
234,2,Trump,0,6,0,0,True,3
234,3,Trump,0,8,0,0,True,3
234,4,Trump,0,6,0,0,True,3
234,5,Trump,1,13,1,0,True,3
234,6,Trump,1,19,1,0,True,3
234,7,Trump,0,1,0,0,True,3
235,0,Trump,0,18,0,0,True,3
235,1,Trump,2,44,2,0,True,3
235,2,Trump,0,18,0,0,True,3
235,3,Trump,0,24,0,0,True,3
235,4,Trump,0,40,0,0,True,3
235,5,Trump,0,6,0,0,True,3
235,6,Trump,0,5,0,0,True,3
236,0,Trump,1,2,1,0,True,3
236,1,Trump,1,26,1,0,True,3
236,2,Trump,0,39,0,0,True,3
236,3,Trump,0,2,0,0,True,3
236,4,Trump,2,21,2,0,True,3
236,5,Trump,0,14,0,0,True,3
237,0,Trump,0,7,0,0,True,3
237,1,Trump,3,45,3,0,True,3
237,2,Trump,1,55,1,0,True,3
237,3,Trump,1,19,1,0,True,3
237,4,Trump,0,7,0,0,True,3
237,5,Trump,1,44,1,0,True,3
237,6,Trump,1,47,1,0,True,3
238,0,Trump,0,25,0,0,True,3
238,1,Trump,0,7,0,0,True,3
238,2,Trump,0,5,0,0,True,3
238,3,Trump,1,7,1,0,True,3
238,4,Trump,0,26,0,0,True,3
238,5,Trump,0,18,0,0,True,3
238,6,Trump,0,10,0,0,True,3
238,7,Trump,1,41,1,0,True,3
239,0,Trump,0,29,0,0,True,3
239,1,Trump,1,22,1,0,True,3
239,2,Trump,0,9,0,0,True,3
239,3,Trump,1,17,1,0,True,3
239,4,Trump,1,32,1,0,True,3
239,5,Trump,1,8,1,0,True,3
239,6,Trump,2,21,2,0,True,3
239,7,Trump,1,54,1,0,True,3
239,8,Trump,0,19,0,0,True,3
240,0,Trump,1,49,1,0,True,3
240,1,Trump,1,35,1,0,True,3
240,2,Trump,1,46,1,0,True,3
240,3,Trump,1,36,1,0,True,3
240,4,Trump,1,38,1,0,True,3
240,5,Trump,1,18,1,0,True,3
241,0,Trump,1,8,1,0,True,3
241,1,Trump,1,18,1,0,True,3
241,2,Trump,0,17,0,0,True,3
241,3,Trump,1,9,1,0,True,3
241,4,Trump,1,15,1,0,True,3
241,5,Trump,1,10,1,0,True,3
241,6,Trump,0,13,0,0,True,3
241,7,Trump,1,10,1,0,True,3
242,0,Trump,1,4,1,0,True,3
242,1,Trump,1,8,1,0,True,3
242,2,Trump,1,26,1,0,True,3
242,3,Trump,2,19,2,0,True,3
242,4,Trump,1,17,1,0,True,3
242,5,Trump,1,6,1,0,True,3
242,6,Trump,1,8,1,0,True,3
243,0,Trump,1,4,1,0,True,3
243,1,Trump,0,11,0,0,True,3
243,2,Trump,2,25,2,0,True,3
243,3,Trump,1,12,1,0,True,3
243,4,Trump,1,13,1,0,True,3
243,5,Trump,1,37,1,0,True,3
243,6,Trump,1,28,1,0,True,3
243,7,Trump,1,6,1,0,True,3
244,0,Trump,1,24,1,0,True,3
244,1,Trump,1,30,1,0,True,3
244,2,Trump,1,26,1,0,True,3
244,3,Trump,2,28,2,0,True,3
244,4,Trump,2,19,2,0,True,3
244,5,Trump,2,9,2,0,True,3
244,6,Trump,1,13,1,0,True,3
245,0,Trump,0,11,0,0,True,3
245,1,Trump,2,16,2,0,True,3
245,2,Trump,1,6,1,0,True,3
245,3,Trump,1,20,1,0,True,3
245,4,Trump,1,8,1,0,True,3
245,5,Trump,4,29,4,0,True,3
245,6,Trump,1,33,1,0,True,3
246,0,Trump,0,5,0,0,True,3
246,1,Trump,0,10,0,0,True,3
246,2,Trump,2,23,2,0,True,3
246,3,Trump,0,23,0,0,True,3
246,4,Trump,2,12,2,0,True,3
246,5,Trump,0,17,0,0,True,3
246,6,Trump,1,17,1,0,True,3
246,7,Trump,1,26,1,0,True,3
246,8,Trump,1,10,1,0,True,3
247,0,Trump,2,9,2,0,True,3
247,1,Trump,1,32,1,0,True,3
247,2,Trump,0,53,0,0,True,3
247,3,Trump,2,32,2,0,True,3
247,4,Trump,2,24,2,0,True,3
247,5,Trump,1,52,1,0,True,3
247,6,Trump,1,8,1,0,True,3
248,0,Trump,1,12,1,0,True,3
248,1,Trump,2,22,2,0,True,3
248,2,Trump,1,6,1,0,True,3
248,3,Trump,0,26,0,0,True,3
248,4,Trump,1,25,1,0,True,3
248,5,Trump,0,41,0,0,True,3
248,6,Trump,2,38,2,0,True,3
249,0,Trump,1,2,1,0,True,3
249,1,Trump,0,24,0,0,True,3
249,2,Trump,1,40,1,0,True,3
249,3,Trump,0,2,0,0,True,3
249,4,Trump,0,3,0,0,True,3
249,5,Trump,0,26,0,0,True,3
249,6,Trump,0,27,0,0,True,3
249,7,Trump,1,53,1,0,True,3
250,0,Trump,1,21,1,0,True,3
250,1,Trump,2,34,2,0,True,3
250,2,Trump,1,1,1,0,True,3
250,3,Trump,0,2,0,0,True,3
250,4,Trump,0,4,0,0,True,3
250,5,Trump,0,17,0,0,True,3
250,6,Trump,0,15,0,0,True,3
250,7,Trump,1,10,1,0,True,3
250,8,Trump,2,50,2,0,True,3
251,0,Trump,0,3,0,0,True,3
251,1,Trump,1,7,1,0,True,3
251,2,Trump,0,2,0,0,True,3
251,3,Trump,1,3,1,0,True,3
251,4,Trump,1,11,1,0,True,3
251,5,Trump,1,14,1,0,True,3
251,6,Trump,1,15,1,0,True,3
252,0,Trump,1,33,1,0,True,3
252,1,Trump,0,10,0,0,True,3
252,2,Trump,1,44,1,0,True,3
252,3,Trump,1,32,1,0,True,3
252,4,Trump,1,45,1,0,True,3
252,5,Trump,1,15,1,0,True,3
252,6,Trump,1,31,1,0,True,3
252,7,Trump,1,13,1,0,True,3
253,0,Trump,0,8,0,0,True,3
253,1,Trump,2,8,2,0,True,3
253,2,Trump,1,48,1,0,True,3
253,3,Trump,1,15,1,0,True,3
253,4,Trump,2,54,2,0,True,3
253,5,Trump,1,47,1,0,True,3
253,6,Trump,1,18,1,0,True,3
253,7,Trump,0,20,0,0,True,3
253,8,Trump,0,10,0,0,True,3
253,9,Trump,0,27,0,0,True,3
254,0,Trump,1,3,1,0,True,3
254,1,Trump,1,17,1,0,True,3
254,2,Trump,1,26,1,0,True,3
254,3,Trump,1,6,1,0,True,3
254,4,Trump,1,3,1,0,True,3
255,0,Trump,0,55,0,0,True,3
255,1,Trump,0,6,0,0,True,3
255,2,Trump,0,6,0,0,True,3
255,3,Trump,1,5,1,0,True,3
255,4,Trump,0,5,0,0,True,3
255,5,Trump,0,15,0,0,True,3
256,0,Trump,1,42,1,0,True,3
256,1,Trump,1,17,1,0,True,3
256,2,Trump,0,10,0,0,True,3
256,3,Trump,1,25,1,0,True,3
256,4,Trump,1,4,1,0,True,3
256,5,Trump,2,24,2,0,True,3
256,6,Trump,2,40,2,0,True,3
256,7,Trump,0,5,0,0,True,3
257,0,Trump,2,11,2,0,True,3
257,1,Trump,1,15,1,0,True,3
257,2,Trump,0,33,0,0,True,3
257,3,Trump,1,7,1,0,True,3
257,4,Trump,0,10,0,0,True,3
257,5,Trump,2,15,2,0,True,3
257,6,Trump,0,5,0,0,True,3
258,0,Trump,2,11,2,0,True,3
258,1,Trump,1,19,1,0,True,3
258,2,Trump,0,15,0,0,True,3
258,3,Trump,1,9,1,0,True,3
258,4,Trump,2,15,2,0,True,3
258,5,Trump,1,13,1,0,True,3
258,6,Trump,3,38,3,0,True,3
258,7,Trump,1,25,1,0,True,3
259,0,Trump,2,16,2,0,True,3
259,1,Trump,0,10,0,0,True,3
259,2,Trump,3,44,3,0,True,3
259,3,Trump,1,11,1,0,True,3
259,4,Trump,2,50,2,0,True,3
259,5,Trump,0,3,0,0,True,3
259,6,Trump,2,21,2,0,True,3
259,7,Trump,0,27,0,0,True,3
260,0,Trump,1,12,1,0,True,3
260,1,Trump,1,15,1,0,True,3
260,2,Trump,1,41,1,0,True,3
260,3,Trump,0,7,0,0,True,3
260,4,Trump,1,6,1,0,True,3
260,5,Trump,1,6,1,0,True,3
260,6,Trump,1,12,1,0,True,3
261,0,Trump,2,23,2,0,True,3
261,1,Trump,1,15,1,0,True,3
261,2,Trump,2,34,2,0,True,3
261,3,Trump,2,25,2,0,True,3
261,4,Trump,2,13,2,0,True,3
261,5,Trump,3,11,3,0,True,3
261,6,Trump,3,36,3,0,True,3
261,7,Trump,2,29,2,0,True,3
262,0,Trump,1,17,1,0,True,3
262,1,Trump,1,12,1,0,True,3
262,2,Trump,0,4,0,0,True,3
262,3,Trump,1,5,1,0,True,3
262,4,Trump,1,18,1,0,True,3
262,5,Trump,2,11,2,0,True,3
262,6,Trump,2,38,2,0,True,3
263,0,Trump,1,29,1,0,True,3
263,1,Trump,0,5,0,0,True,3
263,2,Trump,1,34,1,0,True,3
263,3,Trump,0,4,0,0,True,3
263,4,Trump,0,49,0,0,True,3
263,5,Trump,0,38,0,0,True,3
263,6,Trump,0,1,0,0,True,3
264,0,Trump,2,21,2,0,True,3
264,1,Trump,0,3,0,0,True,3
264,2,Trump,1,12,1,0,True,3
264,3,Trump,0,17,0,0,True,3
264,4,Trump,1,7,1,0,True,3
264,5,Trump,2,12,2,0,True,3
264,6,Trump,1,14,1,0,True,3
264,7,Trump,1,19,1,0,True,3
265,0,Trump,1,20,1,0,True,3
265,1,Trump,1,42,1,0,True,3
265,2,Trump,0,3,0,0,True,3
265,3,Trump,0,30,0,0,True,3
265,4,Trump,1,19,1,0,True,3
265,5,Trump,1,17,1,0,True,3
265,6,Trump,0,17,0,0,True,3
266,0,Trump,0,23,0,0,True,3
266,1,Trump,2,14,2,0,True,3
266,2,Trump,1,37,1,0,True,3
266,3,Trump,0,3,0,0,True,3
266,4,Trump,2,19,2,0,True,3
266,5,Trump,2,11,2,0,True,3
267,0,Trump,1,16,1,0,True,3
267,1,Trump,1,12,1,0,True,3
267,2,Trump,1,40,1,0,True,3
267,3,Trump,1,13,1,0,True,3
267,4,Trump,0,4,0,0,True,3
267,5,Trump,4,48,4,0,True,3
267,6,Trump,1,11,1,0,True,3
268,0,Trump,0,12,0,0,True,3
268,1,Trump,0,18,0,0,True,3
268,2,Trump,0,34,0,0,True,3
268,3,Trump,2,39,2,0,True,3
268,4,Trump,0,27,0,0,True,3
268,5,Trump,1,24,1,0,True,3
269,0,Trump,2,19,2,0,True,3
269,1,Trump,1,11,1,0,True,3
269,2,Trump,1,13,1,0,True,3
269,3,Trump,1,5,1,0,True,3
269,4,Trump,1,14,1,0,True,3
269,5,Trump,1,13,1,0,True,3
270,0,Trump,0,6,0,0,True,3
270,1,Trump,1,3,1,0,True,3
270,2,Trump,1,21,1,0,True,3
270,3,Trump,1,28,1,0,True,3
270,4,Trump,1,10,1,0,True,3
270,5,Trump,0,27,0,0,True,3
270,6,Trump,1,17,1,0,True,3
270,7,Trump,0,3,0,0,True,3
271,0,Trump,1,15,1,0,True,3
271,1,Trump,2,20,2,0,True,3
271,2,Trump,1,17,1,0,True,3
271,3,Trump,1,15,1,0,True,3
271,4,Trump,1,0,0,1,False,3
271,5,Trump,1,3,1,0,True,3
271,6,Trump,2,11,2,0,True,3
272,0,Trump,1,26,1,0,True,3
272,1,Trump,1,19,1,0,True,3
272,2,Trump,2,7,2,0,True,3
272,3,Trump,2,36,2,0,True,3
272,4,Trump,0,10,0,0,True,3
272,5,Trump,1,33,1,0,True,3
272,6,Trump,1,13,1,0,True,3
273,0,Trump,2,23,2,0,True,3
273,1,Trump,1,13,1,0,True,3
273,2,Trump,1,9,1,0,True,3
273,3,Trump,1,11,1,0,True,3
273,4,Trump,2,22,2,0,True,3
273,5,Trump,2,29,2,0,True,3
274,0,Trump,1,17,1,0,True,3
274,1,Trump,0,2,0,0,True,3
274,2,Trump,0,3,0,0,True,3
274,3,Trump,2,10,2,0,True,3
274,4,Trump,1,6,1,0,True,3
274,5,Trump,2,3,2,0,True,3
274,6,Trump,1,10,1,0,True,3
275,0,Trump,1,51,1,0,True,3
275,1,Trump,5,48,5,0,True,3
275,2,Trump,0,9,0,0,True,3
275,3,Trump,0,9,0,0,True,3
275,4,Trump,3,41,3,0,True,3
275,5,Trump,2,33,2,0,True,3
275,6,Trump,2,45,2,0,True,3
276,0,Trump,2,34,2,0,True,3
276,1,Trump,1,25,1,0,True,3
276,2,Trump,1,18,1,0,True,3
276,3,Trump,2,10,2,0,True,3
276,4,Trump,1,19,1,0,True,3
276,5,Trump,1,16,1,0,True,3
276,6,Trump,0,5,0,0,True,3
277,0,Trump,0,10,0,0,True,3
277,1,Trump,2,12,2,0,True,3
277,2,Trump,1,34,1,0,True,3
277,3,Trump,1,8,1,0,True,3
277,4,Trump,1,15,1,0,True,3
277,5,Trump,1,3,1,0,True,3
277,6,Trump,0,5,0,0,True,3
278,0,Trump,2,15,2,0,True,3
278,1,Trump,1,31,1,0,True,3
278,2,Trump,1,6,1,0,True,3
278,3,Trump,0,12,0,0,True,3
278,4,Trump,1,11,1,0,True,3
278,5,Trump,1,7,1,0,True,3
278,6,Trump,0,6,0,0,True,3
279,0,Trump,1,9,1,0,True,3
279,1,Trump,0,22,0,0,True,3
279,2,Trump,1,8,1,0,True,3
279,3,Trump,1,27,1,0,True,3
279,4,Trump,1,18,1,0,True,3
279,5,Trump,1,12,1,0,True,3
279,6,Trump,2,50,2,0,True,3
280,0,Trump,2,14,2,0,True,3
280,1,Trump,1,6,1,0,True,3
280,2,Trump,2,20,2,0,True,3
280,3,Trump,1,9,1,0,True,3
280,4,Trump,2,3,2,0,True,3
280,5,Trump,2,6,2,0,True,3
280,6,Trump,2,6,2,0,True,3
281,0,Trump,2,23,2,0,True,3
281,1,Trump,2,16,2,0,True,3
281,2,Trump,0,19,0,0,True,3
281,3,Trump,0,46,0,0,True,3
281,4,Trump,2,6,2,0,True,3
281,5,Trump,0,0,0,0,True,3
281,6,Trump,1,21,1,0,True,3
282,0,Trump,1,11,1,0,True,3
282,1,Trump,0,2,0,0,True,3
282,2,Trump,0,15,0,0,True,3
282,3,Trump,1,19,1,0,True,3
282,4,Trump,0,17,0,0,True,3
282,5,Trump,0,21,0,0,True,3
282,6,Trump,1,8,1,0,True,3
282,7,Trump,0,11,0,0,True,3
283,0,Trump,4,45,4,0,True,3
283,1,Trump,0,10,0,0,True,3
283,2,Trump,1,7,1,0,True,3
283,3,Trump,0,57,0,0,True,3
283,4,Trump,1,13,1,0,True,3
283,5,Trump,1,16,1,0,True,3
283,6,Trump,0,17,0,0,True,3
284,0,Trump,0,7,0,0,True,3
284,1,Trump,0,17,0,0,True,3
284,2,Trump,1,3,1,0,True,3
284,3,Trump,1,9,1,0,True,3
284,4,Trump,1,21,1,0,True,3
284,5,Trump,0,9,0,0,True,3
284,6,Trump,0,4,0,0,True,3
284,7,Trump,0,4,0,0,True,3
284,8,Trump,1,8,1,0,True,3
285,0,Trump,1,11,1,0,True,3
285,1,Trump,0,23,0,0,True,3
285,2,Trump,0,10,0,0,True,3
285,3,Trump,1,11,1,0,True,3
285,4,Trump,0,12,0,0,True,3
285,5,Trump,1,12,1,0,True,3
285,6,Trump,0,4,0,0,True,3
285,7,Trump,2,41,2,0,True,3
286,0,Trump,0,3,0,0,True,3
286,1,Trump,0,6,0,0,True,3
286,2,Trump,1,15,1,0,True,3
286,3,Trump,0,17,0,0,True,3
286,4,Trump,0,15,0,0,True,3
286,5,Trump,0,30,0,0,True,3
286,6,Trump,0,30,0,0,True,3
286,7,Trump,0,4,0,0,True,3
287,0,Trump,1,19,1,0,True,3
287,1,Trump,2,19,2,0,True,3
287,2,Trump,1,16,1,0,True,3
287,3,Trump,2,13,2,0,True,3
287,4,Trump,2,40,2,0,True,3
287,5,Trump,0,3,0,0,True,3
287,6,Trump,0,15,0,0,True,3
287,7,Trump,1,18,1,0,True,3
287,8,Trump,0,1,0,0,True,3
288,0,Trump,2,12,2,0,True,3
288,1,Trump,1,14,1,0,True,3
288,2,Trump,2,23,2,0,True,3
288,3,Trump,3,38,3,0,True,3
288,4,Trump,1,29,1,0,True,3
288,5,Trump,1,54,1,0,True,3
288,6,Trump,1,10,1,0,True,3
288,7,Trump,1,42,1,0,True,3
288,8,Trump,1,15,1,0,True,3
289,0,Trump,1,26,1,0,True,3
289,1,Trump,1,12,1,0,True,3
289,2,Trump,1,10,1,0,True,3
289,3,Trump,1,26,1,0,True,3
289,4,Trump,1,8,1,0,True,3
289,5,Trump,0,9,0,0,True,3
289,6,Trump,1,38,1,0,True,3
290,0,Trump,1,10,1,0,True,3
290,1,Trump,1,19,1,0,True,3
290,2,Trump,2,20,2,0,True,3
290,3,Trump,1,20,1,0,True,3
290,4,Trump,1,11,1,0,True,3
290,5,Trump,1,12,1,0,True,3
290,6,Trump,1,57,1,0,True,3
290,7,Trump,0,18,0,0,True,3
291,0,Trump,2,28,2,0,True,3
291,1,Trump,2,25,2,0,True,3
291,2,Trump,2,33,2,0,True,3
291,3,Trump,2,32,2,0,True,3
291,4,Trump,0,27,0,0,True,3
291,5,Trump,2,25,2,0,True,3
291,6,Trump,2,25,2,0,True,3
292,0,Trump,1,13,1,0,True,3
292,1,Trump,1,16,1,0,True,3
292,2,Trump,1,13,1,0,True,3
292,3,Trump,1,20,1,0,True,3
292,4,Trump,1,18,1,0,True,3
292,5,Trump,2,19,2,0,True,3
292,6,Trump,2,17,2,0,True,3
293,0,Trump,1,5,1,0,True,3
293,1,Trump,1,11,1,0,True,3
293,2,Trump,1,9,1,0,True,3
293,3,Trump,0,3,0,0,True,3
293,4,Trump,0,13,0,0,True,3
293,5,Trump,2,16,2,0,True,3
293,6,Trump,1,6,1,0,True,3
293,7,Trump,1,11,1,0,True,3
294,0,Trump,1,9,1,0,True,3
294,1,Trump,1,12,1,0,True,3
294,2,Trump,1,17,1,0,True,3
294,3,Trump,2,11,2,0,True,3
294,4,Trump,0,7,0,0,True,3
294,5,Trump,1,23,1,0,True,3
295,0,Trump,1,8,1,0,True,3
295,1,Trump,1,20,1,0,True,3
295,2,Trump,2,11,2,0,True,3
295,3,Trump,3,37,3,0,True,3
295,4,Trump,2,32,2,0,True,3
295,5,Trump,4,36,4,0,True,3
295,6,Trump,1,33,1,0,True,3
296,0,Trump,1,12,1,0,True,3
296,1,Trump,0,6,0,0,True,3
296,2,Trump,1,65,1,0,True,3
296,3,Trump,1,11,1,0,True,3
296,4,Trump,1,12,1,0,True,3
296,5,Trump,1,13,1,0,True,3
296,6,Trump,0,9,0,0,True,3
296,7,Trump,2,48,2,0,True,3
296,8,Trump,1,11,1,0,True,3
297,0,Trump,0,16,0,0,True,3
297,1,Trump,0,5,0,0,True,3
297,2,Trump,0,4,0,0,True,3
297,3,Trump,0,7,0,0,True,3
297,4,Trump,1,12,1,0,True,3
297,5,Trump,0,7,0,0,True,3
297,6,Trump,0,1,0,0,True,3
297,7,Trump,1,28,1,0,True,3
298,0,Trump,0,39,0,0,True,3
298,1,Trump,0,48,0,0,True,3
298,2,Trump,1,10,1,0,True,3
298,3,Trump,0,5,0,0,True,3
298,4,Trump,0,27,0,0,True,3
298,5,Trump,0,7,0,0,True,3
298,6,Trump,1,13,1,0,True,3
298,7,Trump,0,1,0,0,True,3
299,0,Trump,1,17,1,0,True,3
299,1,Trump,1,22,1,0,True,3
299,2,Trump,0,28,0,0,True,3
299,3,Trump,1,21,1,0,True,3
299,4,Trump,0,2,0,0,True,3
299,5,Trump,1,15,1,0,True,3
299,6,Trump,1,23,1,0,True,3
299,7,Trump,2,11,2,0,True,3
299,8,Trump,1,4,1,0,True,3
300,0,Trump,1,39,1,0,True,3
300,1,Trump,1,38,1,0,True,3
300,2,Trump,0,44,0,0,True,3
300,3,Trump,0,34,0,0,True,3
300,4,Trump,0,24,0,0,True,3
300,5,Trump,0,22,0,0,True,3
300,6,Trump,0,7,0,0,True,3
300,7,Trump,0,23,0,0,True,3
301,0,Trump,1,25,1,0,True,3
301,1,Trump,2,7,2,0,True,3
301,2,Trump,2,30,2,0,True,3
301,3,Trump,2,16,2,0,True,3
301,4,Trump,2,20,2,0,True,3
301,5,Trump,1,16,1,0,True,3
301,6,Trump,2,6,2,0,True,3
301,7,Trump,1,20,1,0,True,3
302,0,Trump,0,8,0,0,True,3
302,1,Trump,1,17,1,0,True,3
302,2,Trump,0,15,0,0,True,3
302,3,Trump,0,2,0,0,True,3
302,4,Trump,1,4,1,0,True,3
302,5,Trump,1,32,1,0,True,3
302,6,Trump,1,55,1,0,True,3
302,7,Trump,2,9,2,0,True,3
303,0,Trump,2,17,2,0,True,3
303,1,Trump,3,33,3,0,True,3
303,2,Trump,0,11,0,0,True,3
303,3,Trump,1,22,1,0,True,3
303,4,Trump,2,33,2,0,True,3
304,0,Trump,0,16,0,0,True,3
304,1,Trump,1,5,1,0,True,3
304,2,Trump,1,19,1,0,True,3
304,3,Trump,1,8,1,0,True,3
304,4,Trump,1,23,1,0,True,3
304,5,Trump,0,22,0,0,True,3
304,6,Trump,0,0,0,0,True,3
305,0,Trump,0,11,0,0,True,3
305,1,Trump,0,8,0,0,True,3
305,2,Trump,1,11,1,0,True,3
305,3,Trump,0,5,0,0,True,3
305,4,Trump,1,17,1,0,True,3
305,5,Trump,0,7,0,0,True,3
305,6,Trump,1,17,1,0,True,3
305,7,Trump,0,2,0,0,True,3
305,8,Trump,0,15,0,0,True,3
306,0,Trump,0,25,0,0,True,3
306,1,Trump,0,9,0,0,True,3
306,2,Trump,0,17,0,0,True,3
306,3,Trump,1,35,1,0,True,3
306,4,Trump,1,18,1,0,True,3
306,5,Trump,2,47,2,0,True,3
306,6,Trump,1,25,1,0,True,3
306,7,Trump,1,39,1,0,True,3
307,0,Trump,1,0,0,1,False,3
307,1,Trump,1,9,1,0,True,3
307,2,Trump,2,4,2,0,True,3
307,3,Trump,1,0,0,1,False,3
307,4,Trump,1,0,0,1,False,3
307,5,Trump,1,0,0,1,False,3
307,6,Trump,1,0,0,1,False,3
308,0,Trump,0,50,0,0,True,3
308,1,Trump,0,14,0,0,True,3
308,2,Trump,0,17,0,0,True,3
308,3,Trump,0,45,0,0,True,3
308,4,Trump,0,15,0,0,True,3
308,5,Trump,0,48,0,0,True,3
309,0,Trump,1,39,1,0,True,3
309,1,Trump,1,11,1,0,True,3
309,2,Trump,2,17,2,0,True,3
309,3,Trump,1,8,1,0,True,3
309,4,Trump,1,20,1,0,True,3
309,5,Trump,2,46,2,0,True,3
309,6,Trump,2,2,2,0,True,3
309,7,Trump,2,22,2,0,True,3
310,0,Trump,2,27,2,0,True,3
310,1,Trump,2,7,2,0,True,3
310,2,Trump,1,33,1,0,True,3
310,3,Trump,0,26,0,0,True,3
310,4,Trump,1,30,1,0,True,3
310,5,Trump,2,28,2,0,True,3
310,6,Trump,0,6,0,0,True,3
310,7,Trump,1,15,1,0,True,3
311,0,Trump,1,2,1,0,True,3
311,1,Trump,1,22,1,0,True,3
311,2,Trump,4,18,4,0,True,3
311,3,Trump,0,18,0,0,True,3
311,4,Trump,0,22,0,0,True,3
311,5,Trump,1,13,1,0,True,3
311,6,Trump,1,31,1,0,True,3
312,0,Trump,1,42,1,0,True,3
312,1,Trump,1,7,1,0,True,3
312,2,Trump,1,25,1,0,True,3
312,3,Trump,1,8,1,0,True,3
312,4,Trump,0,6,0,0,True,3
312,5,Trump,0,5,0,0,True,3
312,6,Trump,1,10,1,0,True,3
312,7,Trump,0,40,0,0,True,3
312,8,Trump,0,19,0,0,True,3
313,0,Trump,0,2,0,0,True,3
313,1,Trump,0,4,0,0,True,3
313,2,Trump,0,3,0,0,True,3
313,3,Trump,0,3,0,0,True,3
313,4,Trump,0,6,0,0,True,3
313,5,Trump,0,6,0,0,True,3
313,6,Trump,0,9,0,0,True,3
313,7,Trump,0,23,0,0,True,3
313,8,Trump,0,5,0,0,True,3
314,0,Trump,0,4,0,0,True,3
314,1,Trump,1,17,1,0,True,3
314,2,Trump,1,21,1,0,True,3
314,3,Trump,1,51,1,0,True,3
314,4,Trump,0,9,0,0,True,3
314,5,Trump,0,18,0,0,True,3
314,6,Trump,0,7,0,0,True,3
314,7,Trump,0,6,0,0,True,3
315,0,Trump,0,9,0,0,True,3
315,1,Trump,1,19,1,0,True,3
315,2,Trump,1,4,1,0,True,3
315,3,Trump,1,12,1,0,True,3
315,4,Trump,0,18,0,0,True,3
315,5,Trump,3,48,3,0,True,3
315,6,Trump,0,6,0,0,True,3
316,0,Trump,1,58,1,0,True,3
316,1,Trump,1,12,1,0,True,3
316,2,Trump,0,48,0,0,True,3
316,3,Trump,0,16,0,0,True,3
316,4,Trump,1,34,1,0,True,3
317,0,Trump,1,10,1,0,True,3
317,1,Trump,1,6,1,0,True,3
317,2,Trump,1,20,1,0,True,3
317,3,Trump,1,34,1,0,True,3
317,4,Trump,1,22,1,0,True,3
317,5,Trump,0,21,0,0,True,3
318,0,Trump,2,37,2,0,True,3
318,1,Trump,1,9,1,0,True,3
318,2,Trump,4,58,4,0,True,3
318,3,Trump,1,22,1,0,True,3
318,4,Trump,0,11,0,0,True,3
318,5,Trump,1,46,1,0,True,3
318,6,Trump,2,23,2,0,True,3
319,0,Trump,1,47,1,0,True,3
319,1,Trump,1,8,1,0,True,3
319,2,Trump,0,4,0,0,True,3
319,3,Trump,1,19,1,0,True,3
319,4,Trump,1,18,1,0,True,3
319,5,Trump,1,14,1,0,True,3
319,6,Trump,0,15,0,0,True,3
319,7,Trump,1,10,1,0,True,3
320,0,Trump,0,19,0,0,True,3
320,1,Trump,0,7,0,0,True,3
320,2,Trump,0,27,0,0,True,3
320,3,Trump,2,56,2,0,True,3
320,4,Trump,0,33,0,0,True,3
320,5,Trump,0,19,0,0,True,3
320,6,Trump,0,13,0,0,True,3
320,7,Trump,0,24,0,0,True,3
320,8,Trump,0,17,0,0,True,3
321,0,Trump,0,6,0,0,True,3
321,1,Trump,0,0,0,0,True,3
321,2,Trump,0,21,0,0,True,3
321,3,Trump,1,4,1,0,True,3
321,4,Trump,0,27,0,0,True,3
321,5,Trump,2,50,2,0,True,3
322,0,Trump,1,21,1,0,True,3
322,1,Trump,2,18,2,0,True,3
322,2,Trump,1,21,1,0,True,3
322,3,Trump,1,18,1,0,True,3
322,4,Trump,1,15,1,0,True,3
322,5,Trump,1,10,1,0,True,3
322,6,Trump,1,12,1,0,True,3
322,7,Trump,0,10,0,0,True,3
323,0,Trump,1,5,1,0,True,3
323,1,Trump,0,7,0,0,True,3
323,2,Trump,1,14,1,0,True,3
323,3,Trump,0,8,0,0,True,3
323,4,Trump,0,5,0,0,True,3
323,5,Trump,0,5,0,0,True,3
323,6,Trump,2,5,2,0,True,3
323,7,Trump,0,8,0,0,True,3
324,0,Trump,1,38,1,0,True,3
324,1,Trump,0,27,0,0,True,3
324,2,Trump,0,10,0,0,True,3
324,3,Trump,1,9,1,0,True,3
324,4,Trump,1,13,1,0,True,3
324,5,Trump,0,26,0,0,True,3
324,6,Trump,2,31,2,0,True,3
325,0,Trump,0,7,0,0,True,3
325,1,Trump,1,21,1,0,True,3
325,2,Trump,3,26,3,0,True,3
325,3,Trump,1,36,1,0,True,3
325,4,Trump,0,9,0,0,True,3
325,5,Trump,1,18,1,0,True,3
325,6,Trump,1,22,1,0,True,3
326,0,Trump,0,25,0,0,True,3
326,1,Trump,3,11,3,0,True,3
326,2,Trump,1,37,1,0,True,3
326,3,Trump,2,6,2,0,True,3
326,4,Trump,1,35,1,0,True,3
326,5,Trump,1,36,1,0,True,3
326,6,Trump,0,6,0,0,True,3
326,7,Trump,1,35,1,0,True,3
327,0,Trump,1,24,1,0,True,3
327,1,Trump,1,42,1,0,True,3
327,2,Trump,2,29,2,0,True,3
327,3,Trump,1,34,1,0,True,3
327,4,Trump,0,23,0,0,True,3
327,5,Trump,0,15,0,0,True,3
327,6,Trump,0,11,0,0,True,3
327,7,Trump,0,9,0,0,True,3
328,0,Trump,2,12,2,0,True,3
328,1,Trump,2,47,2,0,True,3
328,2,Trump,1,21,1,0,True,3
328,3,Trump,2,9,2,0,True,3
328,4,Trump,0,17,0,0,True,3
328,5,Trump,1,16,1,0,True,3
328,6,Trump,0,8,0,0,True,3
328,7,Trump,0,2,0,0,True,3
328,8,Trump,1,11,1,0,True,3
329,0,Trump,0,1,0,0,True,3
329,1,Trump,0,15,0,0,True,3
329,2,Trump,0,17,0,0,True,3
329,3,Trump,0,16,0,0,True,3
329,4,Trump,0,12,0,0,True,3
329,5,Trump,0,2,0,0,True,3
329,6,Trump,0,3,0,0,True,3
330,0,Trump,1,17,1,0,True,3
330,1,Trump,0,12,0,0,True,3
330,2,Trump,0,17,0,0,True,3
330,3,Trump,0,15,0,0,True,3
330,4,Trump,1,7,1,0,True,3
330,5,Trump,0,3,0,0,True,3
330,6,Trump,1,16,1,0,True,3
330,7,Trump,0,24,0,0,True,3
331,0,Trump,0,23,0,0,True,3
331,1,Trump,1,10,1,0,True,3
331,2,Trump,1,26,1,0,True,3
331,3,Trump,1,16,1,0,True,3
331,4,Trump,1,8,1,0,True,3
331,5,Trump,0,13,0,0,True,3
332,0,Trump,0,21,0,0,True,3
332,1,Trump,0,7,0,0,True,3
332,2,Trump,1,54,1,0,True,3
332,3,Trump,14,43,14,0,True,3
332,4,Trump,0,6,0,0,True,3
332,5,Trump,0,25,0,0,True,3
332,6,Trump,1,55,1,0,True,3
333,0,Trump,1,5,1,0,True,3
333,1,Trump,2,46,2,0,True,3
333,2,Trump,1,8,1,0,True,3
333,3,Trump,1,22,1,0,True,3
333,4,Trump,2,58,2,0,True,3
333,5,Trump,1,44,1,0,True,3
333,6,Trump,1,14,1,0,True,3
333,7,Trump,1,13,1,0,True,3
334,0,Trump,2,51,2,0,True,3
334,1,Trump,0,7,0,0,True,3
334,2,Trump,1,25,1,0,True,3
334,3,Trump,2,32,2,0,True,3
334,4,Trump,2,48,2,0,True,3
334,5,Trump,2,27,2,0,True,3
334,6,Trump,2,41,2,0,True,3
334,7,Trump,1,29,1,0,True,3
335,0,Trump,1,28,1,0,True,3
335,1,Trump,2,34,2,0,True,3
335,2,Trump,0,30,0,0,True,3
335,3,Trump,3,38,3,0,True,3
335,4,Trump,1,51,1,0,True,3
335,5,Trump,0,20,0,0,True,3
335,6,Trump,0,23,0,0,True,3
336,0,Trump,0,5,0,0,True,3
336,1,Trump,0,9,0,0,True,3
336,2,Trump,0,9,0,0,True,3
336,3,Trump,0,12,0,0,True,3
336,4,Trump,0,30,0,0,True,3
336,5,Trump,0,24,0,0,True,3
336,6,Trump,2,50,2,0,True,3
336,7,Trump,1,23,1,0,True,3
337,0,Trump,1,11,1,0,True,3
337,1,Trump,1,36,1,0,True,3
337,2,Trump,1,51,1,0,True,3
337,3,Trump,1,2,1,0,True,3
337,4,Trump,1,11,1,0,True,3
337,5,Trump,1,4,1,0,True,3
338,0,Trump,1,28,1,0,True,3
338,1,Trump,0,21,0,0,True,3
338,2,Trump,0,20,0,0,True,3
338,3,Trump,1,27,1,0,True,3
338,4,Trump,1,11,1,0,True,3
338,5,Trump,2,30,2,0,True,3
338,6,Trump,2,6,2,0,True,3
339,0,Trump,0,5,0,0,True,3
339,1,Trump,1,5,1,0,True,3
339,2,Trump,2,14,2,0,True,3
339,3,Trump,1,10,1,0,True,3
339,4,Trump,1,15,1,0,True,3
339,5,Trump,1,6,1,0,True,3
339,6,Trump,1,20,1,0,True,3
339,7,Trump,2,3,2,0,True,3
339,8,Trump,0,5,0,0,True,3
340,0,Trump,1,17,1,0,True,3
340,1,Trump,0,4,0,0,True,3
340,2,Trump,0,6,0,0,True,3
340,3,Trump,1,29,1,0,True,3
340,4,Trump,0,8,0,0,True,3
340,5,Trump,1,9,1,0,True,3
340,6,Trump,1,5,1,0,True,3
340,7,Trump,2,12,2,0,True,3
341,0,Trump,0,19,0,0,True,3
341,1,Trump,0,3,0,0,True,3
341,2,Trump,0,41,0,0,True,3
341,3,Trump,2,45,2,0,True,3
341,4,Trump,0,24,0,0,True,3
341,5,Trump,0,48,0,0,True,3
342,0,Trump,1,46,1,0,True,3
342,1,Trump,0,9,0,0,True,3
342,2,Trump,0,1,0,0,True,3
342,3,Trump,1,53,1,0,True,3
342,4,Trump,0,13,0,0,True,3
342,5,Trump,0,20,0,0,True,3
342,6,Trump,0,16,0,0,True,3
343,0,Trump,1,28,1,0,True,3
343,1,Trump,2,37,2,0,True,3
343,2,Trump,1,20,1,0,True,3
343,3,Trump,0,4,0,0,True,3
343,4,Trump,0,18,0,0,True,3
343,5,Trump,1,9,1,0,True,3
343,6,Trump,0,16,0,0,True,3
344,0,Trump,1,14,1,0,True,3
344,1,Trump,1,33,1,0,True,3
344,2,Trump,1,26,1,0,True,3
344,3,Trump,1,26,1,0,True,3
344,4,Trump,1,15,1,0,True,3
344,5,Trump,0,23,0,0,True,3
344,6,Trump,1,20,1,0,True,3
344,7,Trump,1,32,1,0,True,3
344,8,Trump,2,20,2,0,True,3
345,0,Trump,0,34,0,0,True,3
345,1,Trump,1,14,1,0,True,3
345,2,Trump,1,36,1,0,True,3
345,3,Trump,2,20,2,0,True,3
345,4,Trump,1,22,1,0,True,3
345,5,Trump,0,19,0,0,True,3
345,6,Trump,2,20,2,0,True,3
345,7,Trump,0,0,0,0,True,3
346,0,Trump,0,48,0,0,True,3
346,1,Trump,0,37,0,0,True,3
346,2,Trump,0,36,0,0,True,3
346,3,Trump,0,40,0,0,True,3
346,4,Trump,0,16,0,0,True,3
346,5,Trump,2,38,2,0,True,3
346,6,Trump,1,39,1,0,True,3
347,0,Trump,0,14,0,0,True,3
347,1,Trump,0,26,0,0,True,3
347,2,Trump,0,0,0,0,True,3
347,3,Trump,0,13,0,0,True,3
347,4,Trump,0,10,0,0,True,3
347,5,Trump,0,22,0,0,True,3
347,6,Trump,0,35,0,0,True,3
348,0,Trump,3,54,3,0,True,3
348,1,Trump,0,41,0,0,True,3
348,2,Trump,0,15,0,0,True,3
348,3,Trump,1,27,1,0,True,3
348,4,Trump,0,21,0,0,True,3
348,5,Trump,2,32,2,0,True,3
348,6,Trump,0,10,0,0,True,3
348,7,Trump,0,58,0,0,True,3
348,8,Trump,0,25,0,0,True,3
349,0,Trump,0,0,0,0,True,3
349,1,Trump,0,56,0,0,True,3
349,2,Trump,2,29,2,0,True,3
349,3,Trump,0,38,0,0,True,3
349,4,Trump,0,14,0,0,True,3
349,5,Trump,3,44,3,0,True,3
349,6,Trump,0,54,0,0,True,3
349,7,Trump,0,5,0,0,True,3
350,0,Trump,1,17,1,0,True,3
350,1,Trump,2,15,2,0,True,3
350,2,Trump,2,19,2,0,True,3
350,3,Trump,2,15,2,0,True,3
350,4,Trump,2,13,2,0,True,3
350,5,Trump,1,3,1,0,True,3
350,6,Trump,1,7,1,0,True,3
350,7,Trump,1,5,1,0,True,3
351,0,Trump,0,3,0,0,True,3
351,1,Trump,1,54,1,0,True,3
351,2,Trump,1,48,1,0,True,3
351,3,Trump,1,10,1,0,True,3
351,4,Trump,1,30,1,0,True,3
351,5,Trump,1,26,1,0,True,3
351,6,Trump,0,6,0,0,True,3
351,7,Trump,0,3,0,0,True,3
352,0,Trump,1,21,1,0,True,3
352,1,Trump,2,24,2,0,True,3
352,2,Trump,0,3,0,0,True,3
352,3,Trump,1,5,1,0,True,3
352,4,Trump,1,10,1,0,True,3
352,5,Trump,2,10,2,0,True,3
352,6,Trump,2,17,2,0,True,3
352,7,Trump,0,0,0,0,True,3
353,0,Trump,0,9,0,0,True,3
353,1,Trump,1,15,1,0,True,3
353,2,Trump,1,8,1,0,True,3
353,3,Trump,1,9,1,0,True,3
353,4,Trump,1,33,1,0,True,3
353,5,Trump,2,25,2,0,True,3
353,6,Trump,1,14,1,0,True,3
354,0,Trump,0,5,0,0,True,3
354,1,Trump,1,14,1,0,True,3
354,2,Trump,1,9,1,0,True,3
354,3,Trump,1,9,1,0,True,3
354,4,Trump,1,42,1,0,True,3
354,5,Trump,1,16,1,0,True,3
354,6,Trump,1,12,1,0,True,3
355,0,Trump,1,16,1,0,True,3
355,1,Trump,2,46,2,0,True,3
355,2,Trump,2,46,2,0,True,3
355,3,Trump,1,7,1,0,True,3
355,4,Trump,1,12,1,0,True,3
355,5,Trump,1,3,1,0,True,3
355,6,Trump,0,20,0,0,True,3
355,7,Trump,1,17,1,0,True,3
356,0,Trump,0,4,0,0,True,3
356,1,Trump,0,3,0,0,True,3
356,2,Trump,0,4,0,0,True,3
356,3,Trump,0,13,0,0,True,3
356,4,Trump,3,9,3,0,True,3
356,5,Trump,2,2,2,0,True,3
356,6,Trump,0,52,0,0,True,3
357,0,Trump,1,30,1,0,True,3
357,1,Trump,1,46,1,0,True,3
357,2,Trump,2,28,2,0,True,3
357,3,Trump,0,12,0,0,True,3
357,4,Trump,2,6,2,0,True,3
357,5,Trump,1,5,1,0,True,3
357,6,Trump,0,21,0,0,True,3
358,0,Trump,1,26,1,0,True,3
358,1,Trump,2,11,2,0,True,3
358,2,Trump,2,33,2,0,True,3
358,3,Trump,1,15,1,0,True,3
358,4,Trump,3,53,3,0,True,3
358,5,Trump,0,37,0,0,True,3
358,6,Trump,2,43,2,0,True,3
358,7,Trump,1,21,1,0,True,3
358,8,Trump,0,0,0,0,True,3
359,0,Trump,2,30,2,0,True,3
359,1,Trump,3,39,3,0,True,3
359,2,Trump,1,17,1,0,True,3
359,3,Trump,1,22,1,0,True,3
359,4,Trump,1,45,1,0,True,3
359,5,Trump,1,32,1,0,True,3
359,6,Trump,0,18,0,0,True,3
359,7,Trump,3,11,3,0,True,3
360,0,Trump,0,10,0,0,True,3
360,1,Trump,1,41,1,0,True,3
360,2,Trump,0,27,0,0,True,3
360,3,Trump,0,21,0,0,True,3
360,4,Trump,0,8,0,0,True,3
360,5,Trump,1,16,1,0,True,3
361,0,Trump,0,13,0,0,True,3
361,1,Trump,1,6,1,0,True,3
361,2,Trump,0,21,0,0,True,3
361,3,Trump,1,5,1,0,True,3
361,4,Trump,0,2,0,0,True,3
361,5,Trump,1,28,1,0,True,3
362,0,Trump,0,8,0,0,True,3
362,1,Trump,1,14,1,0,True,3
362,2,Trump,0,8,0,0,True,3
362,3,Trump,1,17,1,0,True,3
362,4,Trump,1,15,1,0,True,3
362,5,Trump,1,6,1,0,True,3
362,6,Trump,0,6,0,0,True,3
362,7,Trump,1,36,1,0,True,3
363,0,Trump,0,21,0,0,True,3
363,1,Trump,0,14,0,0,True,3
363,2,Trump,0,11,0,0,True,3
363,3,Trump,1,16,1,0,True,3
363,4,Trump,0,48,0,0,True,3
363,5,Trump,1,8,1,0,True,3
363,6,Trump,0,22,0,0,True,3
364,0,Trump,1,18,1,0,True,3
364,1,Trump,1,35,1,0,True,3
364,2,Trump,1,12,1,0,True,3
364,3,Trump,2,8,2,0,True,3
364,4,Trump,2,21,2,0,True,3
364,5,Trump,0,15,0,0,True,3
365,0,Trump,1,15,1,0,True,3
365,1,Trump,1,42,1,0,True,3
365,2,Trump,2,55,2,0,True,3
365,3,Trump,0,16,0,0,True,3
365,4,Trump,0,0,0,0,True,3
365,5,Trump,0,20,0,0,True,3
366,0,Trump,1,48,1,0,True,3
366,1,Trump,0,33,0,0,True,3
366,2,Trump,0,10,0,0,True,3
366,3,Trump,0,10,0,0,True,3
366,4,Trump,1,19,1,0,True,3
366,5,Trump,0,24,0,0,True,3
366,6,Trump,0,38,0,0,True,3
366,7,Trump,0,23,0,0,True,3
367,0,Trump,0,31,0,0,True,3
367,1,Trump,2,12,2,0,True,3
367,2,Trump,2,29,2,0,True,3
367,3,Trump,0,21,0,0,True,3
367,4,Trump,1,31,1,0,True,3
367,5,Trump,2,13,2,0,True,3
368,0,Trump,0,4,0,0,True,3
368,1,Trump,1,51,1,0,True,3
368,2,Trump,1,6,1,0,True,3
368,3,Trump,1,12,1,0,True,3
368,4,Trump,1,2,1,0,True,3
368,5,Trump,0,5,0,0,True,3
369,0,Trump,1,5,1,0,True,3
369,1,Trump,1,45,1,0,True,3
369,2,Trump,0,14,0,0,True,3
369,3,Trump,0,29,0,0,True,3
369,4,Trump,0,11,0,0,True,3
369,5,Trump,0,15,0,0,True,3
369,6,Trump,2,49,2,0,True,3
369,7,Trump,2,48,2,0,True,3
370,0,Trump,1,11,1,0,True,3
370,1,Trump,0,7,0,0,True,3
370,2,Trump,1,6,1,0,True,3
370,3,Trump,1,15,1,0,True,3
370,4,Trump,1,18,1,0,True,3
370,5,Trump,0,2,0,0,True,3
370,6,Trump,1,8,1,0,True,3
371,0,Trump,1,5,1,0,True,3
371,1,Trump,2,17,2,0,True,3
371,2,Trump,1,30,1,0,True,3
371,3,Trump,3,46,3,0,True,3
371,4,Trump,2,44,2,0,True,3
371,5,Trump,1,8,1,0,True,3
371,6,Trump,0,4,0,0,True,3
372,0,Trump,1,27,1,0,True,3
372,1,Trump,0,6,0,0,True,3
372,2,Trump,4,43,4,0,True,3
372,3,Trump,4,33,4,0,True,3
372,4,Trump,1,54,1,0,True,3
372,5,Trump,1,7,1,0,True,3
372,6,Trump,1,29,1,0,True,3
372,7,Trump,0,16,0,0,True,3
373,0,Trump,0,15,0,0,True,3
373,1,Trump,2,32,2,0,True,3
373,2,Trump,1,16,1,0,True,3
373,3,Trump,0,6,0,0,True,3
373,4,Trump,2,15,2,0,True,3
373,5,Trump,0,4,0,0,True,3
373,6,Trump,1,54,1,0,True,3
374,0,Trump,2,14,2,0,True,3
374,1,Trump,1,26,1,0,True,3
374,2,Trump,2,34,2,0,True,3
374,3,Trump,0,15,0,0,True,3
374,4,Trump,0,2,0,0,True,3
374,5,Trump,1,12,1,0,True,3
374,6,Trump,1,17,1,0,True,3
374,7,Trump,2,14,2,0,True,3
375,0,Trump,0,19,0,0,True,3
375,1,Trump,1,6,1,0,True,3
375,2,Trump,1,20,1,0,True,3
375,3,Trump,1,16,1,0,True,3
375,4,Trump,0,22,0,0,True,3
375,5,Trump,1,5,1,0,True,3
375,6,Trump,1,30,1,0,True,3
375,7,Trump,1,33,1,0,True,3
375,8,Trump,1,8,1,0,True,3
375,9,Trump,1,9,1,0,True,3
376,0,Trump,1,26,1,0,True,3
376,1,Trump,0,20,0,0,True,3
376,2,Trump,1,38,1,0,True,3
376,3,Trump,0,8,0,0,True,3
376,4,Trump,1,9,1,0,True,3
376,5,Trump,1,36,1,0,True,3
376,6,Trump,1,24,1,0,True,3
377,0,Trump,0,2,0,0,True,3
377,1,Trump,0,7,0,0,True,3
377,2,Trump,0,6,0,0,True,3
377,3,Trump,1,35,1,0,True,3
377,4,Trump,0,47,0,0,True,3
377,5,Trump,0,58,0,0,True,3
377,6,Trump,0,23,0,0,True,3
377,7,Trump,1,12,1,0,True,3
377,8,Trump,1,11,1,0,True,3
377,9,Trump,0,6,0,0,True,3
378,0,Trump,0,7,0,0,True,3
378,1,Trump,1,14,1,0,True,3
378,2,Trump,1,9,1,0,True,3
378,3,Trump,2,10,2,0,True,3
378,4,Trump,1,28,1,0,True,3
378,5,Trump,3,13,3,0,True,3
378,6,Trump,2,47,2,0,True,3
379,0,Trump,1,6,1,0,True,3
379,1,Trump,1,10,1,0,True,3
379,2,Trump,1,2,1,0,True,3
379,3,Trump,1,22,1,0,True,3
379,4,Trump,0,6,0,0,True,3
379,5,Trump,1,16,1,0,True,3
379,6,Trump,2,11,2,0,True,3
379,7,Trump,0,15,0,0,True,3
380,0,Trump,0,23,0,0,True,3
380,1,Trump,2,12,2,0,True,3
380,2,Trump,2,22,2,0,True,3
380,3,Trump,1,33,1,0,True,3
380,4,Trump,0,14,0,0,True,3
380,5,Trump,2,50,2,0,True,3
380,6,Trump,1,3,1,0,True,3
381,0,Trump,2,24,2,0,True,3
381,1,Trump,1,9,1,0,True,3
381,2,Trump,2,12,2,0,True,3
381,3,Trump,1,53,1,0,True,3
381,4,Trump,0,19,0,0,True,3
381,5,Trump,0,12,0,0,True,3
381,6,Trump,1,11,1,0,True,3
382,0,Trump,0,14,0,0,True,3
382,1,Trump,0,13,0,0,True,3
382,2,Trump,0,38,0,0,True,3
382,3,Trump,0,28,0,0,True,3
382,4,Trump,2,50,2,0,True,3
382,5,Trump,0,12,0,0,True,3
382,6,Trump,0,15,0,0,True,3
382,7,Trump,0,1,0,0,True,3
383,0,Trump,0,4,0,0,True,3
383,1,Trump,1,28,1,0,True,3
383,2,Trump,1,33,1,0,True,3
383,3,Trump,1,31,1,0,True,3
383,4,Trump,1,14,1,0,True,3
383,5,Trump,0,53,0,0,True,3
383,6,Trump,1,41,1,0,True,3
383,7,Trump,1,44,1,0,True,3
384,0,Trump,2,31,2,0,True,3
384,1,Trump,0,21,0,0,True,3
384,2,Trump,1,36,1,0,True,3
384,3,Trump,1,20,1,0,True,3
384,4,Trump,1,46,1,0,True,3
384,5,Trump,2,41,2,0,True,3
384,6,Trump,1,21,1,0,True,3
385,0,Trump,0,5,0,0,True,3
385,1,Trump,1,53,1,0,True,3
385,2,Trump,1,9,1,0,True,3
385,3,Trump,2,41,2,0,True,3
385,4,Trump,0,1,0,0,True,3
385,5,Trump,0,12,0,0,True,3
385,6,Trump,1,15,1,0,True,3
385,7,Trump,0,8,0,0,True,3
385,8,Trump,2,51,2,0,True,3
386,0,Trump,0,14,0,0,True,3
386,1,Trump,1,43,1,0,True,3
386,2,Trump,2,32,2,0,True,3
386,3,Trump,1,17,1,0,True,3
386,4,Trump,1,37,1,0,True,3
386,5,Trump,1,18,1,0,True,3
386,6,Trump,1,35,1,0,True,3
387,0,Trump,0,29,0,0,True,3
387,1,Trump,0,8,0,0,True,3
387,2,Trump,0,7,0,0,True,3
387,3,Trump,0,14,0,0,True,3
387,4,Trump,1,27,1,0,True,3
387,5,Trump,2,6,2,0,True,3
387,6,Trump,0,12,0,0,True,3
387,7,Trump,3,24,3,0,True,3
388,0,Trump,2,47,2,0,True,3
388,1,Trump,0,8,0,0,True,3
388,2,Trump,0,23,0,0,True,3
388,3,Trump,0,15,0,0,True,3
388,4,Trump,1,17,1,0,True,3
388,5,Trump,0,20,0,0,True,3
388,6,Trump,1,6,1,0,True,3
389,0,Trump,2,31,2,0,True,3
389,1,Trump,0,11,0,0,True,3
389,2,Trump,0,11,0,0,True,3
389,3,Trump,0,3,0,0,True,3
389,4,Trump,2,8,2,0,True,3
389,5,Trump,2,27,2,0,True,3
389,6,Trump,0,6,0,0,True,3
389,7,Trump,0,0,0,0,True,3
390,0,Trump,1,53,1,0,True,3
390,1,Trump,1,43,1,0,True,3
390,2,Trump,2,45,2,0,True,3
390,3,Trump,3,26,3,0,True,3
390,4,Trump,2,40,2,0,True,3
390,5,Trump,0,20,0,0,True,3
390,6,Trump,1,50,1,0,True,3
390,7,Trump,0,4,0,0,True,3
391,0,Trump,1,9,1,0,True,3
391,1,Trump,1,17,1,0,True,3
391,2,Trump,1,40,1,0,True,3
391,3,Trump,2,17,2,0,True,3
391,4,Trump,0,10,0,0,True,3
391,5,Trump,0,14,0,0,True,3
392,0,Trump,0,41,0,0,True,3
392,1,Trump,1,17,1,0,True,3
392,2,Trump,1,4,1,0,True,3
392,3,Trump,2,48,2,0,True,3
392,4,Trump,1,29,1,0,True,3
392,5,Trump,1,17,1,0,True,3
392,6,Trump,2,12,2,0,True,3
392,7,Trump,3,14,3,0,True,3
393,0,Trump,2,27,2,0,True,3
393,1,Trump,0,1,0,0,True,3
393,2,Trump,1,58,1,0,True,3
393,3,Trump,3,49,3,0,True,3
393,4,Trump,2,42,2,0,True,3
393,5,Trump,1,26,1,0,True,3
394,0,Trump,2,29,2,0,True,3
394,1,Trump,1,20,1,0,True,3
394,2,Trump,1,7,1,0,True,3
394,3,Trump,2,39,2,0,True,3
394,4,Trump,1,17,1,0,True,3
394,5,Trump,1,43,1,0,True,3
394,6,Trump,0,13,0,0,True,3
394,7,Trump,2,13,2,0,True,3
395,0,Trump,0,18,0,0,True,3
395,1,Trump,0,57,0,0,True,3
395,2,Trump,0,52,0,0,True,3
395,3,Trump,2,19,2,0,True,3
395,4,Trump,0,56,0,0,True,3
395,5,Trump,0,25,0,0,True,3
395,6,Trump,0,15,0,0,True,3
395,7,Trump,0,24,0,0,True,3
396,0,Trump,1,27,1,0,True,3
396,1,Trump,1,18,1,0,True,3
396,2,Trump,1,4,1,0,True,3
396,3,Trump,2,29,2,0,True,3
396,4,Trump,1,31,1,0,True,3
396,5,Trump,2,8,2,0,True,3
396,6,Trump,1,39,1,0,True,3
396,7,Trump,2,50,2,0,True,3
396,8,Trump,2,12,2,0,True,3
397,0,Trump,0,20,0,0,True,3
397,1,Trump,1,54,1,0,True,3
397,2,Trump,1,45,1,0,True,3
397,3,Trump,0,6,0,0,True,3
397,4,Trump,0,21,0,0,True,3
397,5,Trump,0,2,0,0,True,3
397,6,Trump,0,15,0,0,True,3
397,7,Trump,1,8,1,0,True,3
398,0,Trump,0,27,0,0,True,3
398,1,Trump,3,34,3,0,True,3
398,2,Trump,0,4,0,0,True,3
398,3,Trump,0,23,0,0,True,3
398,4,Trump,0,3,0,0,True,3
398,5,Trump,1,29,1,0,True,3
398,6,Trump,0,0,0,0,True,3
399,0,Trump,0,23,0,0,True,3
399,1,Trump,1,28,1,0,True,3
399,2,Trump,0,7,0,0,True,3
399,3,Trump,1,28,1,0,True,3
399,4,Trump,0,31,0,0,True,3
399,5,Trump,0,16,0,0,True,3
399,6,Trump,0,12,0,0,True,3
399,7,Trump,0,13,0,0,True,3
400,0,Trump,1,31,1,0,True,3
400,1,Trump,1,20,1,0,True,3
400,2,Trump,1,15,1,0,True,3
400,3,Trump,1,26,1,0,True,3
400,4,Trump,0,1,0,0,True,3
400,5,Trump,1,41,1,0,True,3
400,6,Trump,0,3,0,0,True,3
401,0,Trump,1,53,1,0,True,3
401,1,Trump,0,18,0,0,True,3
401,2,Trump,2,26,2,0,True,3
401,3,Trump,1,7,1,0,True,3
401,4,Trump,1,43,1,0,True,3
401,5,Trump,2,12,2,0,True,3
401,6,Trump,1,25,1,0,True,3
402,0,Trump,1,16,1,0,True,3
402,1,Trump,2,28,2,0,True,3
402,2,Trump,1,9,1,0,True,3
402,3,Trump,4,5,4,0,True,3
402,4,Trump,3,55,3,0,True,3
402,5,Trump,3,37,3,0,True,3
402,6,Trump,1,36,1,0,True,3
402,7,Trump,3,29,3,0,True,3
403,0,Trump,2,37,2,0,True,3
403,1,Trump,1,47,1,0,True,3
403,2,Trump,0,1,0,0,True,3
403,3,Trump,3,41,3,0,True,3
403,4,Trump,0,19,0,0,True,3
403,5,Trump,2,26,2,0,True,3
403,6,Trump,3,36,3,0,True,3
403,7,Trump,3,15,3,0,True,3
403,8,Trump,1,26,1,0,True,3
404,0,Trump,1,7,1,0,True,3
404,1,Trump,2,48,2,0,True,3
404,2,Trump,2,18,2,0,True,3
404,3,Trump,2,11,2,0,True,3
404,4,Trump,0,10,0,0,True,3
404,5,Trump,1,11,1,0,True,3
404,6,Trump,2,16,2,0,True,3
404,7,Trump,1,6,1,0,True,3
404,8,Trump,0,20,0,0,True,3
405,0,Trump,2,22,2,0,True,3
405,1,Trump,2,26,2,0,True,3
405,2,Trump,1,12,1,0,True,3
405,3,Trump,2,46,2,0,True,3
405,4,Trump,1,1,1,0,True,3
405,5,Trump,2,23,2,0,True,3
405,6,Trump,1,0,0,1,False,3
406,0,Trump,0,17,0,0,True,3
406,1,Trump,0,4,0,0,True,3
406,2,Trump,0,14,0,0,True,3
406,3,Trump,2,3,2,0,True,3
406,4,Trump,0,3,0,0,True,3
406,5,Trump,1,9,1,0,True,3
406,6,Trump,1,4,1,0,True,3
406,7,Trump,0,5,0,0,True,3
407,0,Trump,0,15,0,0,True,3
407,1,Trump,0,29,0,0,True,3
407,2,Trump,1,19,1,0,True,3
407,3,Trump,0,4,0,0,True,3
407,4,Trump,0,17,0,0,True,3
407,5,Trump,4,49,4,0,True,3
407,6,Trump,0,21,0,0,True,3
407,7,Trump,1,36,1,0,True,3
407,8,Trump,1,29,1,0,True,3
408,0,Trump,2,28,2,0,True,3
408,1,Trump,0,3,0,0,True,3
408,2,Trump,0,1,0,0,True,3
408,3,Trump,0,16,0,0,True,3
408,4,Trump,1,8,1,0,True,3
408,5,Trump,0,2,0,0,True,3
408,6,Trump,1,25,1,0,True,3
408,7,Trump,6,11,6,0,True,3
409,0,Trump,0,24,0,0,True,3
409,1,Trump,0,15,0,0,True,3
409,2,Trump,0,6,0,0,True,3
409,3,Trump,2,30,2,0,True,3
409,4,Trump,0,26,0,0,True,3
409,5,Trump,0,17,0,0,True,3
410,0,Trump,3,29,3,0,True,3
410,1,Trump,2,35,2,0,True,3
410,2,Trump,0,40,0,0,True,3
410,3,Trump,2,23,2,0,True,3
410,4,Trump,1,37,1,0,True,3
410,5,Trump,2,49,2,0,True,3
410,6,Trump,3,45,3,0,True,3
410,7,Trump,0,3,0,0,True,3
411,0,Trump,1,19,1,0,True,3
411,1,Trump,0,13,0,0,True,3
411,2,Trump,1,12,1,0,True,3
411,3,Trump,1,25,1,0,True,3
411,4,Trump,1,3,1,0,True,3
411,5,Trump,0,10,0,0,True,3
411,6,Trump,0,10,0,0,True,3
412,0,Trump,0,6,0,0,True,3
412,1,Trump,1,46,1,0,True,3
412,2,Trump,0,7,0,0,True,3
412,3,Trump,0,18,0,0,True,3
412,4,Trump,0,22,0,0,True,3
412,5,Trump,1,13,1,0,True,3
412,6,Trump,2,30,2,0,True,3
412,7,Trump,2,10,2,0,True,3
412,8,Trump,0,23,0,0,True,3
413,0,Trump,1,12,1,0,True,3
413,1,Trump,2,11,2,0,True,3
413,2,Trump,2,17,2,0,True,3
413,3,Trump,1,50,1,0,True,3
413,4,Trump,1,27,1,0,True,3
413,5,Trump,1,45,1,0,True,3
413,6,Trump,1,18,1,0,True,3
413,7,Trump,1,37,1,0,True,3
414,0,Trump,0,3,0,0,True,3
414,1,Trump,1,3,1,0,True,3
414,2,Trump,0,4,0,0,True,3
414,3,Trump,1,19,1,0,True,3
414,4,Trump,2,7,2,0,True,3
414,5,Trump,0,7,0,0,True,3
414,6,Trump,1,3,1,0,True,3
415,0,Trump,2,11,2,0,True,3
415,1,Trump,2,4,2,0,True,3
415,2,Trump,1,5,1,0,True,3
415,3,Trump,1,6,1,0,True,3
415,4,Trump,2,15,2,0,True,3
415,5,Trump,1,13,1,0,True,3
415,6,Trump,1,17,1,0,True,3
415,7,Trump,1,10,1,0,True,3
415,8,Trump,2,3,2,0,True,3
416,0,Trump,0,13,0,0,True,3
416,1,Trump,0,12,0,0,True,3
416,2,Trump,0,41,0,0,True,3
416,3,Trump,1,24,1,0,True,3
416,4,Trump,0,7,0,0,True,3
416,5,Trump,1,14,1,0,True,3
416,6,Trump,0,46,0,0,True,3
416,7,Trump,1,49,1,0,True,3
416,8,Trump,0,7,0,0,True,3
417,0,Trump,0,7,0,0,True,3
417,1,Trump,2,26,2,0,True,3
417,2,Trump,1,3,1,0,True,3
417,3,Trump,6,43,6,0,True,3
417,4,Trump,0,4,0,0,True,3
417,5,Trump,1,28,1,0,True,3
417,6,Trump,0,5,0,0,True,3
417,7,Trump,1,3,1,0,True,3
417,8,Trump,2,26,2,0,True,3
418,0,Trump,0,48,0,0,True,3
418,1,Trump,1,14,1,0,True,3
418,2,Trump,1,3,1,0,True,3
418,3,Trump,0,13,0,0,True,3
418,4,Trump,0,3,0,0,True,3
418,5,Trump,2,47,2,0,True,3
418,6,Trump,1,13,1,0,True,3
419,0,Trump,0,20,0,0,True,3
419,1,Trump,2,9,2,0,True,3
419,2,Trump,1,18,1,0,True,3
419,3,Trump,1,15,1,0,True,3
419,4,Trump,0,3,0,0,True,3
419,5,Trump,0,17,0,0,True,3
419,6,Trump,0,5,0,0,True,3
420,0,Trump,0,8,0,0,True,3
420,1,Trump,1,55,1,0,True,3
420,2,Trump,0,24,0,0,True,3
420,3,Trump,0,54,0,0,True,3
420,4,Trump,1,16,1,0,True,3
420,5,Trump,4,10,4,0,True,3
420,6,Trump,2,27,2,0,True,3
420,7,Trump,2,16,2,0,True,3
420,8,Trump,2,48,2,0,True,3
421,0,Trump,0,5,0,0,True,3
421,1,Trump,0,26,0,0,True,3
421,2,Trump,2,15,2,0,True,3
421,3,Trump,0,8,0,0,True,3
421,4,Trump,0,7,0,0,True,3
421,5,Trump,0,21,0,0,True,3
421,6,Trump,1,2,1,0,True,3
421,7,Trump,0,16,0,0,True,3
421,8,Trump,0,42,0,0,True,3
422,0,Trump,1,23,1,0,True,3
422,1,Trump,2,9,2,0,True,3
422,2,Trump,2,10,2,0,True,3
422,3,Trump,1,12,1,0,True,3
422,4,Trump,1,19,1,0,True,3
422,5,Trump,0,0,0,0,True,3
422,6,Trump,0,0,0,0,True,3
422,7,Trump,0,0,0,0,True,3
423,0,Trump,0,24,0,0,True,3
423,1,Trump,1,35,1,0,True,3
423,2,Trump,0,3,0,0,True,3
423,3,Trump,2,26,2,0,True,3
423,4,Trump,0,18,0,0,True,3
423,5,Trump,0,18,0,0,True,3
423,6,Trump,1,36,1,0,True,3
423,7,Trump,2,2,2,0,True,3
423,8,Trump,2,15,2,0,True,3
423,9,Trump,0,9,0,0,True,3
424,0,Trump,1,17,1,0,True,3
424,1,Trump,0,5,0,0,True,3
424,2,Trump,1,17,1,0,True,3
424,3,Trump,1,6,1,0,True,3
424,4,Trump,1,6,1,0,True,3
424,5,Trump,2,7,2,0,True,3
424,6,Trump,1,5,1,0,True,3
425,0,Trump,0,8,0,0,True,3
425,1,Trump,1,45,1,0,True,3
425,2,Trump,0,2,0,0,True,3
425,3,Trump,1,11,1,0,True,3
425,4,Trump,2,29,2,0,True,3
425,5,Trump,1,12,1,0,True,3
425,6,Trump,0,11,0,0,True,3
426,0,Trump,1,6,1,0,True,3
426,1,Trump,4,26,4,0,True,3
426,2,Trump,1,8,1,0,True,3
426,3,Trump,0,13,0,0,True,3
426,4,Trump,2,10,2,0,True,3
426,5,Trump,5,31,5,0,True,3
426,6,Trump,1,10,1,0,True,3
426,7,Trump,1,10,1,0,True,3
426,8,Trump,2,8,2,0,True,3
427,0,Trump,0,6,0,0,True,3
427,1,Trump,0,5,0,0,True,3
427,2,Trump,1,8,1,0,True,3
427,3,Trump,0,12,0,0,True,3
427,4,Trump,0,9,0,0,True,3
427,5,Trump,1,4,1,0,True,3
427,6,Trump,1,3,1,0,True,3
428,0,Trump,0,1,0,0,True,3
428,1,Trump,2,30,2,0,True,3
428,2,Trump,0,12,0,0,True,3
428,3,Trump,1,25,1,0,True,3
428,4,Trump,2,46,2,0,True,3
428,5,Trump,1,40,1,0,True,3
428,6,Trump,1,25,1,0,True,3
428,7,Trump,2,11,2,0,True,3
428,8,Trump,2,43,2,0,True,3
429,0,Trump,0,20,0,0,True,3
429,1,Trump,3,9,3,0,True,3
429,2,Trump,0,15,0,0,True,3
429,3,Trump,2,23,2,0,True,3
429,4,Trump,1,21,1,0,True,3
429,5,Trump,1,20,1,0,True,3
430,0,Trump,1,17,1,0,True,3
430,1,Trump,0,9,0,0,True,3
430,2,Trump,0,4,0,0,True,3
430,3,Trump,0,15,0,0,True,3
430,4,Trump,1,15,1,0,True,3
430,5,Trump,0,3,0,0,True,3
430,6,Trump,0,0,0,0,True,3
430,7,Trump,0,8,0,0,True,3
430,8,Trump,0,6,0,0,True,3
431,0,Trump,1,9,1,0,True,3
431,1,Trump,2,14,2,0,True,3
431,2,Trump,1,33,1,0,True,3
431,3,Trump,1,17,1,0,True,3
431,4,Trump,1,16,1,0,True,3
431,5,Trump,2,22,2,0,True,3
431,6,Trump,1,10,1,0,True,3
431,7,Trump,1,5,1,0,True,3
431,8,Trump,1,9,1,0,True,3
432,0,Trump,1,12,1,0,True,3
432,1,Trump,1,9,1,0,True,3
432,2,Trump,3,16,3,0,True,3
432,3,Trump,1,9,1,0,True,3
432,4,Trump,1,7,1,0,True,3
432,5,Trump,1,9,1,0,True,3
433,0,Trump,1,4,1,0,True,3
433,1,Trump,1,14,1,0,True,3
433,2,Trump,0,6,0,0,True,3
433,3,Trump,1,10,1,0,True,3
433,4,Trump,0,2,0,0,True,3
433,5,Trump,1,3,1,0,True,3
433,6,Trump,0,5,0,0,True,3
433,7,Trump,2,11,2,0,True,3
434,0,Trump,1,17,1,0,True,3
434,1,Trump,1,16,1,0,True,3
434,2,Trump,1,12,1,0,True,3
434,3,Trump,0,26,0,0,True,3
434,4,Trump,2,29,2,0,True,3
434,5,Trump,4,21,4,0,True,3
434,6,Trump,2,11,2,0,True,3
434,7,Trump,0,14,0,0,True,3
434,8,Trump,0,34,0,0,True,3
434,9,Trump,1,28,1,0,True,3
435,0,Trump,1,41,1,0,True,3
435,1,Trump,1,27,1,0,True,3
435,2,Trump,2,55,2,0,True,3
435,3,Trump,1,20,1,0,True,3
435,4,Trump,2,6,2,0,True,3
435,5,Trump,2,34,2,0,True,3
435,6,Trump,1,4,1,0,True,3
435,7,Trump,2,40,2,0,True,3
436,0,Trump,1,20,1,0,True,3
436,1,Trump,1,13,1,0,True,3
436,2,Trump,4,40,4,0,True,3
436,3,Trump,1,11,1,0,True,3
436,4,Trump,1,30,1,0,True,3
436,5,Trump,1,8,1,0,True,3
436,6,Trump,1,18,1,0,True,3
436,7,Trump,1,14,1,0,True,3
437,0,Trump,1,14,1,0,True,3
437,1,Trump,1,54,1,0,True,3
437,2,Trump,1,31,1,0,True,3
437,3,Trump,3,51,3,0,True,3
437,4,Trump,1,41,1,0,True,3
437,5,Trump,2,20,2,0,True,3
437,6,Trump,1,22,1,0,True,3
437,7,Trump,0,62,0,0,True,3
438,0,Trump,1,5,1,0,True,3
438,1,Trump,1,3,1,0,True,3
438,2,Trump,0,6,0,0,True,3
438,3,Trump,1,1,1,0,True,3
438,4,Trump,1,6,1,0,True,3
439,0,Trump,1,2,1,0,True,3
439,1,Trump,2,20,2,0,True,3
439,2,Trump,1,10,1,0,True,3
439,3,Trump,2,43,2,0,True,3
439,4,Trump,2,55,2,0,True,3
439,5,Trump,0,2,0,0,True,3
439,6,Trump,2,11,2,0,True,3
439,7,Trump,0,0,0,0,True,3
440,0,Trump,3,13,3,0,True,3
440,1,Trump,1,8,1,0,True,3
440,2,Trump,2,7,2,0,True,3
440,3,Trump,4,12,4,0,True,3
440,4,Trump,2,10,2,0,True,3
440,5,Trump,4,21,4,0,True,3
440,6,Trump,5,4,4,1,False,3
440,7,Trump,1,15,1,0,True,3
440,8,Trump,2,6,2,0,True,3
440,9,Trump,1,5,1,0,True,3
441,0,Trump,1,24,1,0,True,3
441,1,Trump,2,9,2,0,True,3
441,2,Trump,0,14,0,0,True,3
441,3,Trump,1,21,1,0,True,3
441,4,Trump,1,5,1,0,True,3
441,5,Trump,1,17,1,0,True,3
441,6,Trump,0,8,0,0,True,3
441,7,Trump,2,48,2,0,True,3
441,8,Trump,1,6,1,0,True,3
442,0,Trump,1,2,1,0,True,3
442,1,Trump,0,10,0,0,True,3
442,2,Trump,0,3,0,0,True,3
442,3,Trump,1,6,1,0,True,3
442,4,Trump,0,13,0,0,True,3
442,5,Trump,1,6,1,0,True,3
442,6,Trump,1,2,1,0,True,3
443,0,Trump,1,8,1,0,True,3
443,1,Trump,1,30,1,0,True,3
443,2,Trump,1,20,1,0,True,3
443,3,Trump,3,42,3,0,True,3
443,4,Trump,1,12,1,0,True,3
443,5,Trump,1,45,1,0,True,3
443,6,Trump,0,6,0,0,True,3
443,7,Trump,0,14,0,0,True,3
444,0,Trump,2,25,2,0,True,3
444,1,Trump,2,52,2,0,True,3
444,2,Trump,1,31,1,0,True,3
444,3,Trump,0,37,0,0,True,3
444,4,Trump,2,32,2,0,True,3
444,5,Trump,2,53,2,0,True,3
445,0,Harris,2,29,2,0,True,3
445,1,Harris,0,4,0,0,True,3
445,2,Harris,0,3,0,0,True,3
445,3,Harris,0,3,0,0,True,3
445,4,Harris,0,13,0,0,True,3
445,5,Harris,2,26,2,0,True,3
445,6,Harris,0,4,0,0,True,3
446,0,Harris,2,11,2,0,True,3
446,1,Harris,1,10,1,0,True,3
446,2,Harris,0,11,0,0,True,3
446,3,Harris,0,8,0,0,True,3
446,4,Harris,0,10,0,0,True,3
446,5,Harris,3,40,3,0,True,3
446,6,Harris,0,2,0,0,True,3
446,7,Harris,0,16,0,0,True,3
447,0,Harris,2,46,2,0,True,3
447,1,Harris,0,44,0,0,True,3
447,2,Harris,0,11,0,0,True,3
447,3,Harris,0,3,0,0,True,3
447,4,Harris,0,6,0,0,True,3
447,5,Harris,0,6,0,0,True,3
447,6,Harris,0,15,0,0,True,3
447,7,Harris,0,0,0,0,True,3
447,8,Harris,0,1,0,0,True,3
448,0,Harris,0,10,0,0,True,3
448,1,Harris,1,0,0,1,False,3
448,2,Harris,0,5,0,0,True,3
448,3,Harris,0,22,0,0,True,3
448,4,Harris,2,46,2,0,True,3
448,5,Harris,2,51,2,0,True,3
449,0,Harris,0,38,0,0,True,3
449,1,Harris,1,4,1,0,True,3
449,2,Harris,0,10,0,0,True,3
449,3,Harris,2,24,2,0,True,3
449,4,Harris,0,18,0,0,True,3
449,5,Harris,0,3,0,0,True,3
449,6,Harris,0,17,0,0,True,3
449,7,Harris,0,0,0,0,True,3
449,8,Harris,0,2,0,0,True,3
450,0,Harris,0,4,0,0,True,3
450,1,Harris,0,17,0,0,True,3
450,2,Harris,2,9,2,0,True,3
450,3,Harris,0,3,0,0,True,3
450,4,Harris,1,4,1,0,True,3
450,5,Harris,0,4,0,0,True,3
450,6,Harris,0,16,0,0,True,3
450,7,Harris,1,22,1,0,True,3
450,8,Harris,0,5,0,0,True,3
451,0,Harris,0,18,0,0,True,3
451,1,Harris,0,27,0,0,True,3
451,2,Harris,0,33,0,0,True,3
451,3,Harris,2,51,2,0,True,3
451,4,Harris,0,11,0,0,True,3
451,5,Harris,0,23,0,0,True,3
451,6,Harris,0,11,0,0,True,3
451,7,Harris,0,21,0,0,True,3
451,8,Harris,1,19,1,0,True,3
452,0,Harris,2,15,2,0,True,3
452,1,Harris,1,5,1,0,True,3
452,2,Harris,2,11,2,0,True,3
452,3,Harris,2,8,2,0,True,3
452,4,Harris,2,50,2,0,True,3
452,5,Harris,0,2,0,0,True,3
453,0,Harris,1,19,1,0,True,3
453,1,Harris,2,20,2,0,True,3
453,2,Harris,2,2,2,0,True,3
453,3,Harris,1,6,1,0,True,3
453,4,Harris,2,4,2,0,True,3
453,5,Harris,1,50,1,0,True,3
453,6,Harris,2,17,2,0,True,3
453,7,Harris,2,13,2,0,True,3
453,8,Harris,3,42,3,0,True,3
454,0,Harris,0,22,0,0,True,3
454,1,Harris,1,19,1,0,True,3
454,2,Harris,2,25,2,0,True,3
454,3,Harris,1,30,1,0,True,3
454,4,Harris,2,35,2,0,True,3
454,5,Harris,2,53,2,0,True,3
454,6,Harris,4,40,4,0,True,3
455,0,Harris,0,16,0,0,True,3
455,1,Harris,0,9,0,0,True,3
455,2,Harris,0,4,0,0,True,3
455,3,Harris,1,26,1,0,True,3
455,4,Harris,0,18,0,0,True,3
455,5,Harris,0,16,0,0,True,3
455,6,Harris,0,4,0,0,True,3
455,7,Harris,2,45,2,0,True,3
455,8,Harris,0,8,0,0,True,3
456,0,Harris,0,24,0,0,True,3
456,1,Harris,0,39,0,0,True,3
456,2,Harris,0,4,0,0,True,3
456,3,Harris,0,13,0,0,True,3
456,4,Harris,0,21,0,0,True,3
456,5,Harris,0,8,0,0,True,3
456,6,Harris,0,4,0,0,True,3
456,7,Harris,1,20,1,0,True,3
456,8,Harris,2,43,2,0,True,3
457,0,Harris,2,54,2,0,True,3
457,1,Harris,0,29,0,0,True,3
457,2,Harris,0,20,0,0,True,3
457,3,Harris,2,36,2,0,True,3
457,4,Harris,2,9,2,0,True,3
457,5,Harris,0,13,0,0,True,3
457,6,Harris,2,15,2,0,True,3
457,7,Harris,0,5,0,0,True,3
458,0,Harris,0,23,0,0,True,3
458,1,Harris,0,12,0,0,True,3
458,2,Harris,0,4,0,0,True,3
458,3,Harris,0,4,0,0,True,3
458,4,Harris,2,9,2,0,True,3
458,5,Harris,0,7,0,0,True,3
458,6,Harris,0,6,0,0,True,3
458,7,Harris,3,44,3,0,True,3
458,8,Harris,0,8,0,0,True,3
459,0,Harris,0,22,0,0,True,3
459,1,Harris,0,4,0,0,True,3
459,2,Harris,0,14,0,0,True,3
459,3,Harris,2,29,2,0,True,3
459,4,Harris,0,4,0,0,True,3
459,5,Harris,0,30,0,0,True,3
459,6,Harris,2,50,2,0,True,3
459,7,Harris,0,12,0,0,True,3
460,0,Harris,1,15,1,0,True,3
460,1,Harris,0,7,0,0,True,3
460,2,Harris,2,26,2,0,True,3
460,3,Harris,0,2,0,0,True,3
460,4,Harris,0,24,0,0,True,3
460,5,Harris,0,17,0,0,True,3
460,6,Harris,0,4,0,0,True,3
460,7,Harris,2,31,2,0,True,3
460,8,Harris,0,15,0,0,True,3
461,0,Harris,0,4,0,0,True,3
461,1,Harris,2,36,2,0,True,3
461,2,Harris,1,22,1,0,True,3
461,3,Harris,1,38,1,0,True,3
461,4,Harris,1,0,0,1,False,3
461,5,Harris,2,45,2,0,True,3
461,6,Harris,1,55,1,0,True,3
461,7,Harris,0,19,0,0,True,3
462,0,Harris,1,2,1,0,True,3
462,1,Harris,1,7,1,0,True,3
462,2,Harris,2,20,2,0,True,3
462,3,Harris,0,0,0,0,True,3
462,4,Harris,0,0,0,0,True,3
463,0,Harris,0,3,0,0,True,3
463,1,Harris,1,1,1,0,True,3
463,2,Harris,1,8,1,0,True,3
463,3,Harris,2,12,2,0,True,3
463,4,Harris,5,50,5,0,True,3
463,5,Harris,4,45,4,0,True,3
463,6,Harris,1,24,1,0,True,3
464,0,Harris,0,5,0,0,True,3
464,1,Harris,0,5,0,0,True,3
464,2,Harris,1,9,1,0,True,3
464,3,Harris,0,5,0,0,True,3
464,4,Harris,0,4,0,0,True,3
464,5,Harris,0,10,0,0,True,3
465,0,Harris,0,36,0,0,True,3
465,1,Harris,0,2,0,0,True,3
465,2,Harris,0,25,0,0,True,3
465,3,Harris,0,14,0,0,True,3
465,4,Harris,0,4,0,0,True,3
465,5,Harris,0,2,0,0,True,3
465,6,Harris,0,41,0,0,True,3
465,7,Harris,2,19,2,0,True,3
465,8,Harris,0,9,0,0,True,3
466,0,Harris,1,4,1,0,True,3
466,1,Harris,0,28,0,0,True,3
466,2,Harris,3,12,3,0,True,3
466,3,Harris,0,20,0,0,True,3
466,4,Harris,0,5,0,0,True,3
466,5,Harris,2,34,2,0,True,3
466,6,Harris,0,11,0,0,True,3
466,7,Harris,1,18,1,0,True,3
467,0,Harris,0,6,0,0,True,3
467,1,Harris,1,9,1,0,True,3
467,2,Harris,0,27,0,0,True,3
467,3,Harris,2,11,2,0,True,3
467,4,Harris,0,12,0,0,True,3
467,5,Harris,0,3,0,0,True,3
467,6,Harris,0,5,0,0,True,3
467,7,Harris,2,8,2,0,True,3
467,8,Harris,0,12,0,0,True,3
468,0,Harris,0,21,0,0,True,3
468,1,Harris,2,13,2,0,True,3
468,2,Harris,0,21,0,0,True,3
468,3,Harris,0,25,0,0,True,3
468,4,Harris,1,0,0,1,False,3
468,5,Harris,0,4,0,0,True,3
468,6,Harris,0,4,0,0,True,3
469,0,Harris,2,21,2,0,True,3
469,1,Harris,1,23,1,0,True,3
469,2,Harris,1,16,1,0,True,3
469,3,Harris,2,14,2,0,True,3
469,4,Harris,2,5,2,0,True,3
469,5,Harris,2,3,2,0,True,3
470,0,Harris,0,13,0,0,True,3
470,1,Harris,1,25,1,0,True,3
470,2,Harris,0,15,0,0,True,3
470,3,Harris,0,8,0,0,True,3
470,4,Harris,2,50,2,0,True,3
470,5,Harris,2,25,2,0,True,3
470,6,Harris,1,19,1,0,True,3
471,0,Harris,0,9,0,0,True,3
471,1,Harris,0,42,0,0,True,3
471,2,Harris,1,16,1,0,True,3
471,3,Harris,2,22,2,0,True,3
471,4,Harris,0,9,0,0,True,3
471,5,Harris,0,6,0,0,True,3
471,6,Harris,0,18,0,0,True,3
471,7,Harris,1,16,1,0,True,3
472,0,Harris,2,18,2,0,True,3
472,1,Harris,2,25,2,0,True,3
472,2,Harris,1,5,1,0,True,3
472,3,Harris,0,6,0,0,True,3
472,4,Harris,4,16,4,0,True,3
472,5,Harris,1,36,1,0,True,3
473,0,Harris,0,25,0,0,True,3
473,1,Harris,0,18,0,0,True,3
473,2,Harris,3,49,3,0,True,3
473,3,Harris,0,6,0,0,True,3
473,4,Harris,0,11,0,0,True,3
473,5,Harris,1,15,1,0,True,3
473,6,Harris,0,9,0,0,True,3
473,7,Harris,0,18,0,0,True,3
474,0,Harris,0,24,0,0,True,3
474,1,Harris,0,2,0,0,True,3
474,2,Harris,0,2,0,0,True,3
474,3,Harris,0,3,0,0,True,3
474,4,Harris,0,27,0,0,True,3
474,5,Harris,0,17,0,0,True,3
474,6,Harris,0,12,0,0,True,3
474,7,Harris,0,21,0,0,True,3
474,8,Harris,0,18,0,0,True,3
474,9,Harris,2,13,2,0,True,3
475,0,Harris,2,36,2,0,True,3
475,1,Harris,0,14,0,0,True,3
475,2,Harris,0,25,0,0,True,3
475,3,Harris,0,5,0,0,True,3
475,4,Harris,0,4,0,0,True,3
475,5,Harris,0,12,0,0,True,3
475,6,Harris,2,26,2,0,True,3
475,7,Harris,2,49,2,0,True,3
475,8,Harris,0,46,0,0,True,3
476,0,Harris,2,24,2,0,True,3
476,1,Harris,3,44,3,0,True,3
476,2,Harris,2,25,2,0,True,3
476,3,Harris,3,18,3,0,True,3
476,4,Harris,2,3,2,0,True,3
476,5,Harris,1,13,1,0,True,3
476,6,Harris,2,47,2,0,True,3
477,0,Harris,0,22,0,0,True,3
477,1,Harris,0,4,0,0,True,3
477,2,Harris,2,11,2,0,True,3
477,3,Harris,0,10,0,0,True,3
477,4,Harris,2,34,2,0,True,3
477,5,Harris,2,3,2,0,True,3
477,6,Harris,2,50,2,0,True,3
478,0,Harris,0,18,0,0,True,3
478,1,Harris,2,8,2,0,True,3
478,2,Harris,0,12,0,0,True,3
478,3,Harris,2,28,2,0,True,3
478,4,Harris,1,15,1,0,True,3
478,5,Harris,1,12,1,0,True,3
479,0,Harris,0,25,0,0,True,3
479,1,Harris,0,7,0,0,True,3
479,2,Harris,0,2,0,0,True,3
479,3,Harris,2,29,2,0,True,3
479,4,Harris,0,10,0,0,True,3
479,5,Harris,0,1,0,0,True,3
479,6,Harris,1,48,1,0,True,3
479,7,Harris,0,11,0,0,True,3
479,8,Harris,0,9,0,0,True,3
479,9,Harris,0,17,0,0,True,3
480,0,Harris,0,8,0,0,True,3
480,1,Harris,2,15,2,0,True,3
480,2,Harris,2,2,2,0,True,3
480,3,Harris,1,1,1,0,True,3
480,4,Harris,2,17,2,0,True,3
480,5,Harris,3,23,3,0,True,3
480,6,Harris,1,8,1,0,True,3
480,7,Harris,1,9,1,0,True,3
480,8,Harris,3,10,3,0,True,3
481,0,Harris,0,0,0,0,True,3
481,1,Harris,0,7,0,0,True,3
481,2,Harris,0,35,0,0,True,3
481,3,Harris,0,54,0,0,True,3
481,4,Harris,0,23,0,0,True,3
481,5,Harris,0,50,0,0,True,3
481,6,Harris,0,13,0,0,True,3
481,7,Harris,0,27,0,0,True,3
481,8,Harris,0,15,0,0,True,3
481,9,Harris,0,39,0,0,True,3
482,0,Harris,0,7,0,0,True,3
482,1,Harris,1,37,1,0,True,3
482,2,Harris,1,21,1,0,True,3
482,3,Harris,0,1,0,0,True,3
482,4,Harris,0,13,0,0,True,3
482,5,Harris,0,18,0,0,True,3
482,6,Harris,0,11,0,0,True,3
482,7,Harris,0,19,0,0,True,3
483,0,Harris,0,2,0,0,True,3
483,1,Harris,0,4,0,0,True,3
483,2,Harris,0,20,0,0,True,3
483,3,Harris,0,9,0,0,True,3
483,4,Harris,1,2,1,0,True,3
483,5,Harris,0,10,0,0,True,3
483,6,Harris,0,1,0,0,True,3
483,7,Harris,1,6,1,0,True,3
483,8,Harris,0,11,0,0,True,3
483,9,Harris,0,2,0,0,True,3
484,0,Harris,0,23,0,0,True,3
484,1,Harris,0,25,0,0,True,3
484,2,Harris,0,3,0,0,True,3
484,3,Harris,0,16,0,0,True,3
484,4,Harris,4,35,4,0,True,3
484,5,Harris,0,11,0,0,True,3
484,6,Harris,0,10,0,0,True,3
484,7,Harris,0,14,0,0,True,3
484,8,Harris,1,37,1,0,True,3
484,9,Harris,0,0,0,0,True,3
485,0,Harris,0,2,0,0,True,3
485,1,Harris,0,22,0,0,True,3
485,2,Harris,0,3,0,0,True,3
485,3,Harris,0,20,0,0,True,3
485,4,Harris,2,16,2,0,True,3
485,5,Harris,0,12,0,0,True,3
485,6,Harris,0,16,0,0,True,3
485,7,Harris,1,16,1,0,True,3
486,0,Harris,0,7,0,0,True,3
486,1,Harris,0,5,0,0,True,3
486,2,Harris,0,18,0,0,True,3
486,3,Harris,0,8,0,0,True,3
486,4,Harris,0,11,0,0,True,3
486,5,Harris,0,3,0,0,True,3
486,6,Harris,0,2,0,0,True,3
486,7,Harris,0,2,0,0,True,3
486,8,Harris,0,23,0,0,True,3
486,9,Harris,0,25,0,0,True,3
487,0,Harris,0,31,0,0,True,3
487,1,Harris,3,35,3,0,True,3
487,2,Harris,3,36,3,0,True,3
487,3,Harris,0,1,0,0,True,3
487,4,Harris,0,1,0,0,True,3
487,5,Harris,0,23,0,0,True,3
487,6,Harris,1,38,1,0,True,3
487,7,Harris,0,13,0,0,True,3
488,0,Harris,0,1,0,0,True,3
488,1,Harris,1,4,1,0,True,3
488,2,Harris,2,15,2,0,True,3
488,3,Harris,3,35,3,0,True,3
488,4,Harris,2,50,2,0,True,3
489,0,Harris,0,9,0,0,True,3
489,1,Harris,0,8,0,0,True,3
489,2,Harris,0,10,0,0,True,3
489,3,Harris,0,4,0,0,True,3
489,4,Harris,0,5,0,0,True,3
489,5,Harris,0,13,0,0,True,3
489,6,Harris,0,5,0,0,True,3
489,7,Harris,0,5,0,0,True,3
489,8,Harris,0,19,0,0,True,3
490,0,Harris,0,23,0,0,True,3
490,1,Harris,0,10,0,0,True,3
490,2,Harris,0,16,0,0,True,3
490,3,Harris,2,16,2,0,True,3
490,4,Harris,0,21,0,0,True,3
490,5,Harris,0,37,0,0,True,3
490,6,Harris,0,4,0,0,True,3
490,7,Harris,0,5,0,0,True,3
490,8,Harris,0,7,0,0,True,3
491,0,Harris,0,19,0,0,True,3
491,1,Harris,0,1,0,0,True,3
491,2,Harris,0,14,0,0,True,3
491,3,Harris,0,15,0,0,True,3
491,4,Harris,2,22,2,0,True,3
491,5,Harris,0,12,0,0,True,3
491,6,Harris,0,17,0,0,True,3
491,7,Harris,0,33,0,0,True,3
491,8,Harris,1,23,1,0,True,3
492,0,Harris,2,9,2,0,True,3
492,1,Harris,2,7,2,0,True,3
492,2,Harris,1,0,0,1,False,3
492,3,Harris,2,12,2,0,True,3
492,4,Harris,2,26,2,0,True,3
493,0,Harris,0,51,0,0,True,3
493,1,Harris,0,27,0,0,True,3
493,2,Harris,0,33,0,0,True,3
493,3,Harris,0,8,0,0,True,3
493,4,Harris,0,15,0,0,True,3
493,5,Harris,1,13,1,0,True,3
493,6,Harris,2,55,2,0,True,3
494,0,Harris,0,19,0,0,True,3
494,1,Harris,0,8,0,0,True,3
494,2,Harris,0,25,0,0,True,3
494,3,Harris,0,17,0,0,True,3
494,4,Harris,0,10,0,0,True,3
494,5,Harris,0,21,0,0,True,3
494,6,Harris,3,35,3,0,True,3
494,7,Harris,0,22,0,0,True,3
494,8,Harris,0,9,0,0,True,3
495,0,Harris,2,18,2,0,True,3
495,1,Harris,4,9,4,0,True,3
495,2,Harris,5,13,5,0,True,3
495,3,Harris,4,26,4,0,True,3
495,4,Harris,8,10,8,0,True,3
495,5,Harris,10,17,10,0,True,3
495,6,Harris,12,16,12,0,True,3
495,7,Harris,7,9,7,0,True,3
495,8,Harris,3,18,3,0,True,3
496,0,Harris,0,3,0,0,True,3
496,1,Harris,0,6,0,0,True,3
496,2,Harris,1,16,1,0,True,3
496,3,Harris,0,6,0,0,True,3
496,4,Harris,0,10,0,0,True,3
496,5,Harris,0,5,0,0,True,3
496,6,Harris,0,2,0,0,True,3
496,7,Harris,1,13,1,0,True,3
496,8,Harris,2,11,2,0,True,3
497,0,Harris,0,24,0,0,True,3
497,1,Harris,0,7,0,0,True,3
497,2,Harris,0,32,0,0,True,3
497,3,Harris,0,22,0,0,True,3
497,4,Harris,0,12,0,0,True,3
497,5,Harris,0,2,0,0,True,3
497,6,Harris,0,6,0,0,True,3
497,7,Harris,0,12,0,0,True,3
498,0,Harris,2,56,2,0,True,3
498,1,Harris,0,15,0,0,True,3
498,2,Harris,0,18,0,0,True,3
498,3,Harris,0,3,0,0,True,3
498,4,Harris,0,6,0,0,True,3
498,5,Harris,2,29,2,0,True,3
498,6,Harris,0,10,0,0,True,3
498,7,Harris,0,3,0,0,True,3
499,0,Harris,2,21,2,0,True,3
499,1,Harris,2,14,2,0,True,3
499,2,Harris,1,28,1,0,True,3
499,3,Harris,1,38,1,0,True,3
499,4,Harris,0,15,0,0,True,3
499,5,Harris,2,12,2,0,True,3
499,6,Harris,0,4,0,0,True,3
499,7,Harris,1,23,1,0,True,3
500,0,Harris,0,16,0,0,True,3
500,1,Harris,2,15,2,0,True,3
500,2,Harris,0,3,0,0,True,3
500,3,Harris,2,11,2,0,True,3
500,4,Harris,4,46,4,0,True,3
500,5,Harris,2,50,2,0,True,3
500,6,Harris,0,3,0,0,True,3
500,7,Harris,1,26,1,0,True,3
501,0,Harris,1,45,1,0,True,3
501,1,Harris,0,4,0,0,True,3
501,2,Harris,0,20,0,0,True,3
501,3,Harris,2,29,2,0,True,3
501,4,Harris,0,25,0,0,True,3
501,5,Harris,1,8,1,0,True,3
501,6,Harris,0,4,0,0,True,3
502,0,Harris,0,22,0,0,True,3
502,1,Harris,2,29,2,0,True,3
502,2,Harris,2,26,2,0,True,3
502,3,Harris,0,1,0,0,True,3
502,4,Harris,2,11,2,0,True,3
502,5,Harris,0,10,0,0,True,3
502,6,Harris,0,5,0,0,True,3
502,7,Harris,0,9,0,0,True,3
502,8,Harris,1,10,1,0,True,3
503,0,Harris,0,12,0,0,True,3
503,1,Harris,0,5,0,0,True,3
503,2,Harris,0,9,0,0,True,3
503,3,Harris,0,4,0,0,True,3
503,4,Harris,0,11,0,0,True,3
503,5,Harris,0,11,0,0,True,3
503,6,Harris,0,5,0,0,True,3
503,7,Harris,0,15,0,0,True,3
504,0,Harris,2,23,2,0,True,3
504,1,Harris,1,17,1,0,True,3
504,2,Harris,0,3,0,0,True,3
504,3,Harris,0,10,0,0,True,3
504,4,Harris,1,1,1,0,True,3
504,5,Harris,1,40,1,0,True,3
504,6,Harris,1,24,1,0,True,3
504,7,Harris,0,7,0,0,True,3
505,0,Harris,0,9,0,0,True,3
505,1,Harris,0,22,0,0,True,3
505,2,Harris,0,4,0,0,True,3
505,3,Harris,1,13,1,0,True,3
505,4,Harris,0,15,0,0,True,3
505,5,Harris,2,11,2,0,True,3
505,6,Harris,0,10,0,0,True,3
506,0,Harris,0,42,0,0,True,3
506,1,Harris,0,6,0,0,True,3
506,2,Harris,0,30,0,0,True,3
506,3,Harris,0,5,0,0,True,3
506,4,Harris,0,3,0,0,True,3
506,5,Harris,0,7,0,0,True,3
506,6,Harris,4,48,4,0,True,3
506,7,Harris,0,4,0,0,True,3
506,8,Harris,1,52,1,0,True,3
507,0,Harris,2,19,2,0,True,3
507,1,Harris,2,4,2,0,True,3
507,2,Harris,3,7,3,0,True,3
507,3,Harris,2,4,2,0,True,3
507,4,Harris,2,6,2,0,True,3
507,5,Harris,2,0,0,2,False,3
508,0,Harris,3,44,3,0,True,3
508,1,Harris,0,11,0,0,True,3
508,2,Harris,2,11,2,0,True,3
508,3,Harris,1,12,1,0,True,3
508,4,Harris,2,10,2,0,True,3
508,5,Harris,1,9,1,0,True,3
508,6,Harris,1,16,1,0,True,3
508,7,Harris,2,10,2,0,True,3
508,8,Harris,1,12,1,0,True,3
508,9,Harris,1,11,1,0,True,3
509,0,Harris,1,16,1,0,True,3
509,1,Harris,2,16,2,0,True,3
509,2,Harris,2,20,2,0,True,3
509,3,Harris,2,25,2,0,True,3
509,4,Harris,0,4,0,0,True,3
509,5,Harris,1,9,1,0,True,3
509,6,Harris,2,5,2,0,True,3
510,0,Harris,2,15,2,0,True,3
510,1,Harris,2,47,2,0,True,3
510,2,Harris,2,2,2,0,True,3
510,3,Harris,2,0,0,2,False,3
510,4,Harris,2,32,2,0,True,3
510,5,Harris,2,12,2,0,True,3
510,6,Harris,2,17,2,0,True,3
511,0,Harris,0,12,0,0,True,3
511,1,Harris,0,16,0,0,True,3
511,2,Harris,1,35,1,0,True,3
511,3,Harris,0,4,0,0,True,3
511,4,Harris,0,15,0,0,True,3
511,5,Harris,0,23,0,0,True,3
511,6,Harris,0,29,0,0,True,3
511,7,Harris,2,29,2,0,True,3
512,0,Harris,0,1,0,0,True,3
512,1,Harris,1,46,1,0,True,3
512,2,Harris,0,7,0,0,True,3
512,3,Harris,2,11,2,0,True,3
512,4,Harris,1,13,1,0,True,3
512,5,Harris,0,4,0,0,True,3
512,6,Harris,0,6,0,0,True,3
512,7,Harris,0,2,0,0,True,3
512,8,Harris,0,30,0,0,True,3
513,0,Harris,0,4,0,0,True,3
513,1,Harris,0,17,0,0,True,3
513,2,Harris,0,5,0,0,True,3
513,3,Harris,0,3,0,0,True,3
513,4,Harris,0,19,0,0,True,3
513,5,Harris,0,5,0,0,True,3
513,6,Harris,2,20,2,0,True,3
513,7,Harris,2,11,2,0,True,3
513,8,Harris,9,42,9,0,True,3
514,0,Harris,0,5,0,0,True,3
514,1,Harris,0,25,0,0,True,3
514,2,Harris,0,9,0,0,True,3
514,3,Harris,0,15,0,0,True,3
514,4,Harris,0,10,0,0,True,3
514,5,Harris,2,19,2,0,True,3
514,6,Harris,0,4,0,0,True,3
514,7,Harris,0,25,0,0,True,3
514,8,Harris,0,4,0,0,True,3
515,0,Harris,0,20,0,0,True,3
515,1,Harris,0,21,0,0,True,3
515,2,Harris,0,17,0,0,True,3
515,3,Harris,0,21,0,0,True,3
515,4,Harris,0,5,0,0,True,3
515,5,Harris,0,3,0,0,True,3
515,6,Harris,0,7,0,0,True,3
516,0,Harris,0,4,0,0,True,3
516,1,Harris,0,22,0,0,True,3
516,2,Harris,0,1,0,0,True,3
516,3,Harris,0,13,0,0,True,3
516,4,Harris,0,14,0,0,True,3
516,5,Harris,0,11,0,0,True,3
516,6,Harris,0,5,0,0,True,3
516,7,Harris,0,3,0,0,True,3
516,8,Harris,0,4,0,0,True,3
516,9,Harris,0,26,0,0,True,3
517,0,Harris,1,7,1,0,True,3
517,1,Harris,1,9,1,0,True,3
517,2,Harris,2,8,2,0,True,3
517,3,Harris,3,24,3,0,True,3
517,4,Harris,1,8,1,0,True,3
517,5,Harris,2,24,2,0,True,3
517,6,Harris,0,4,0,0,True,3
517,7,Harris,2,11,2,0,True,3
518,0,Harris,1,8,1,0,True,3
518,1,Harris,0,5,0,0,True,3
518,2,Harris,0,37,0,0,True,3
518,3,Harris,0,10,0,0,True,3
518,4,Harris,0,15,0,0,True,3
518,5,Harris,0,3,0,0,True,3
518,6,Harris,0,27,0,0,True,3
518,7,Harris,0,3,0,0,True,3
519,0,Harris,0,3,0,0,True,3
519,1,Harris,0,4,0,0,True,3
519,2,Harris,0,4,0,0,True,3
519,3,Harris,1,3,1,0,True,3
519,4,Harris,0,9,0,0,True,3
519,5,Harris,0,12,0,0,True,3
519,6,Harris,0,8,0,0,True,3
519,7,Harris,0,5,0,0,True,3
519,8,Harris,2,36,2,0,True,3
520,0,Harris,1,24,1,0,True,3
520,1,Harris,0,3,0,0,True,3
520,2,Harris,0,5,0,0,True,3
520,3,Harris,5,44,5,0,True,3
520,4,Harris,0,17,0,0,True,3
520,5,Harris,0,8,0,0,True,3
520,6,Harris,0,21,0,0,True,3
521,0,Harris,0,7,0,0,True,3
521,1,Harris,0,4,0,0,True,3
521,2,Harris,0,9,0,0,True,3
521,3,Harris,2,29,2,0,True,3
521,4,Harris,2,14,2,0,True,3
521,5,Harris,2,10,2,0,True,3
521,6,Harris,2,45,2,0,True,3
522,0,Harris,2,11,2,0,True,3
522,1,Harris,0,6,0,0,True,3
522,2,Harris,2,54,2,0,True,3
522,3,Harris,2,31,2,0,True,3
522,4,Harris,2,45,2,0,True,3
522,5,Harris,5,5,5,0,True,3
522,6,Harris,1,2,1,0,True,3
522,7,Harris,2,26,2,0,True,3
523,0,Harris,0,29,0,0,True,3
523,1,Harris,1,8,1,0,True,3
523,2,Harris,0,5,0,0,True,3
523,3,Harris,0,18,0,0,True,3
523,4,Harris,0,13,0,0,True,3
523,5,Harris,0,3,0,0,True,3
523,6,Harris,0,12,0,0,True,3
523,7,Harris,0,4,0,0,True,3
523,8,Harris,0,10,0,0,True,3
524,0,Harris,0,25,0,0,True,3
524,1,Harris,0,27,0,0,True,3
524,2,Harris,0,17,0,0,True,3
524,3,Harris,0,3,0,0,True,3
524,4,Harris,0,4,0,0,True,3
524,5,Harris,0,2,0,0,True,3
524,6,Harris,0,12,0,0,True,3
524,7,Harris,0,11,0,0,True,3
524,8,Harris,0,16,0,0,True,3
525,0,Harris,2,31,2,0,True,3
525,1,Harris,2,11,2,0,True,3
525,2,Harris,2,51,2,0,True,3
525,3,Harris,0,22,0,0,True,3
525,4,Harris,0,7,0,0,True,3
525,5,Harris,2,50,2,0,True,3
525,6,Harris,1,9,1,0,True,3
525,7,Harris,0,5,0,0,True,3
526,0,Harris,0,38,0,0,True,3
526,1,Harris,0,10,0,0,True,3
526,2,Harris,0,11,0,0,True,3
526,3,Harris,0,12,0,0,True,3
526,4,Harris,0,26,0,0,True,3
526,5,Harris,1,33,1,0,True,3
526,6,Harris,0,22,0,0,True,3
526,7,Harris,0,15,0,0,True,3
526,8,Harris,0,18,0,0,True,3
527,0,Harris,0,44,0,0,True,3
527,1,Harris,0,8,0,0,True,3
527,2,Harris,0,18,0,0,True,3
527,3,Harris,0,8,0,0,True,3
527,4,Harris,0,1,0,0,True,3
527,5,Harris,0,4,0,0,True,3
527,6,Harris,0,1,0,0,True,3
527,7,Harris,0,7,0,0,True,3
527,8,Harris,2,15,2,0,True,3
527,9,Harris,0,8,0,0,True,3
528,0,Harris,2,36,2,0,True,3
528,1,Harris,0,55,0,0,True,3
528,2,Harris,0,5,0,0,True,3
528,3,Harris,2,50,2,0,True,3
528,4,Harris,1,16,1,0,True,3
528,5,Harris,0,10,0,0,True,3
528,6,Harris,0,28,0,0,True,3
528,7,Harris,1,22,1,0,True,3
529,0,Harris,0,4,0,0,True,3
529,1,Harris,1,4,1,0,True,3
529,2,Harris,0,5,0,0,True,3
529,3,Harris,0,25,0,0,True,3
529,4,Harris,0,6,0,0,True,3
529,5,Harris,0,1,0,0,True,3
529,6,Harris,0,7,0,0,True,3
529,7,Harris,0,11,0,0,True,3
529,8,Harris,0,3,0,0,True,3
530,0,Harris,0,6,0,0,True,3
530,1,Harris,0,10,0,0,True,3
530,2,Harris,0,2,0,0,True,3
530,3,Harris,0,18,0,0,True,3
530,4,Harris,0,5,0,0,True,3
530,5,Harris,0,1,0,0,True,3
530,6,Harris,0,1,0,0,True,3
530,7,Harris,0,3,0,0,True,3
531,0,Harris,0,5,0,0,True,3
531,1,Harris,0,4,0,0,True,3
531,2,Harris,0,1,0,0,True,3
531,3,Harris,0,15,0,0,True,3
531,4,Harris,2,21,2,0,True,3
531,5,Harris,2,11,2,0,True,3
531,6,Harris,2,50,2,0,True,3
531,7,Harris,2,25,2,0,True,3
531,8,Harris,0,3,0,0,True,3
532,0,Harris,1,4,1,0,True,3
532,1,Harris,2,11,2,0,True,3
532,2,Harris,0,17,0,0,True,3
532,3,Harris,0,4,0,0,True,3
532,4,Harris,1,31,1,0,True,3
532,5,Harris,0,19,0,0,True,3
532,6,Harris,0,6,0,0,True,3
533,0,Harris,0,23,0,0,True,3
533,1,Harris,0,34,0,0,True,3
533,2,Harris,0,17,0,0,True,3
533,3,Harris,0,16,0,0,True,3
533,4,Harris,1,21,1,0,True,3
534,0,Harris,2,44,2,0,True,3
534,1,Harris,4,7,4,0,True,3
534,2,Harris,3,35,3,0,True,3
534,3,Harris,2,30,2,0,True,3
534,4,Harris,4,39,4,0,True,3
534,5,Harris,4,48,4,0,True,3
534,6,Harris,1,5,1,0,True,3
535,0,Harris,2,11,2,0,True,3
535,1,Harris,0,5,0,0,True,3
535,2,Harris,2,4,2,0,True,3
535,3,Harris,2,9,2,0,True,3
535,4,Harris,2,8,2,0,True,3
535,5,Harris,1,7,1,0,True,3
535,6,Harris,1,12,1,0,True,3
535,7,Harris,3,12,3,0,True,3
536,0,Harris,0,26,0,0,True,3
536,1,Harris,0,6,0,0,True,3
536,2,Harris,0,16,0,0,True,3
536,3,Harris,2,26,2,0,True,3
536,4,Harris,0,11,0,0,True,3
536,5,Harris,0,9,0,0,True,3
536,6,Harris,2,29,2,0,True,3
536,7,Harris,0,4,0,0,True,3
536,8,Harris,2,11,2,0,True,3
536,9,Harris,0,3,0,0,True,3
537,0,Harris,0,2,0,0,True,3
537,1,Harris,1,9,1,0,True,3
537,2,Harris,0,9,0,0,True,3
537,3,Harris,1,5,1,0,True,3
537,4,Harris,0,17,0,0,True,3
537,5,Harris,0,5,0,0,True,3
537,6,Harris,0,27,0,0,True,3
537,7,Harris,0,3,0,0,True,3
537,8,Harris,0,26,0,0,True,3
538,0,Harris,1,0,0,1,False,3
538,1,Harris,1,48,1,0,True,3
538,2,Harris,0,10,0,0,True,3
538,3,Harris,0,7,0,0,True,3
538,4,Harris,0,6,0,0,True,3
538,5,Harris,0,14,0,0,True,3
538,6,Harris,0,0,0,0,True,3
539,0,Harris,1,14,1,0,True,3
539,1,Harris,1,3,1,0,True,3
539,2,Harris,1,1,1,0,True,3
539,3,Harris,1,3,1,0,True,3
539,4,Harris,1,5,1,0,True,3
539,5,Harris,1,5,1,0,True,3
540,0,Harris,0,5,0,0,True,3
540,1,Harris,0,3,0,0,True,3
540,2,Harris,0,1,0,0,True,3
540,3,Harris,1,44,1,0,True,3
540,4,Harris,0,3,0,0,True,3
540,5,Harris,2,25,2,0,True,3
540,6,Harris,0,11,0,0,True,3
540,7,Harris,0,11,0,0,True,3
540,8,Harris,3,18,3,0,True,3
541,0,Harris,0,3,0,0,True,3
541,1,Harris,1,8,1,0,True,3
541,2,Harris,1,4,1,0,True,3
541,3,Harris,1,0,0,1,False,3
541,4,Harris,2,13,2,0,True,3
541,5,Harris,0,33,0,0,True,3
541,6,Harris,2,17,2,0,True,3
541,7,Harris,1,4,1,0,True,3
542,0,Harris,2,20,2,0,True,3
542,1,Harris,0,3,0,0,True,3
542,2,Harris,2,14,2,0,True,3
542,3,Harris,1,46,1,0,True,3
542,4,Harris,0,8,0,0,True,3
542,5,Harris,0,4,0,0,True,3
542,6,Harris,2,11,2,0,True,3
543,0,Harris,0,8,0,0,True,3
543,1,Harris,1,6,1,0,True,3
543,2,Harris,2,25,2,0,True,3
543,3,Harris,2,29,2,0,True,3
543,4,Harris,2,11,2,0,True,3
543,5,Harris,0,16,0,0,True,3
543,6,Harris,1,19,1,0,True,3
544,0,Harris,0,14,0,0,True,3
544,1,Harris,0,38,0,0,True,3
544,2,Harris,0,8,0,0,True,3
544,3,Harris,0,4,0,0,True,3
544,4,Harris,2,14,2,0,True,3
544,5,Harris,1,8,1,0,True,3
544,6,Harris,0,3,0,0,True,3
544,7,Harris,0,5,0,0,True,3
544,8,Harris,2,15,2,0,True,3
545,0,Harris,1,16,1,0,True,3
545,1,Harris,2,20,2,0,True,3
545,2,Harris,3,8,3,0,True,3
545,3,Harris,1,19,1,0,True,3
545,4,Harris,0,36,0,0,True,3
545,5,Harris,2,7,2,0,True,3
545,6,Harris,0,4,0,0,True,3
545,7,Harris,1,38,1,0,True,3
546,0,Harris,2,28,2,0,True,3
546,1,Harris,2,9,2,0,True,3
546,2,Harris,2,49,2,0,True,3
546,3,Harris,2,50,2,0,True,3
546,4,Harris,2,38,2,0,True,3
546,5,Harris,2,8,2,0,True,3
546,6,Harris,2,25,2,0,True,3
547,0,Harris,2,13,2,0,True,3
547,1,Harris,2,20,2,0,True,3
547,2,Harris,2,28,2,0,True,3
547,3,Harris,1,18,1,0,True,3
547,4,Harris,2,12,2,0,True,3
547,5,Harris,1,9,1,0,True,3
548,0,Harris,0,34,0,0,True,3
548,1,Harris,0,8,0,0,True,3
548,2,Harris,0,3,0,0,True,3
548,3,Harris,2,29,2,0,True,3
548,4,Harris,0,8,0,0,True,3
548,5,Harris,2,29,2,0,True,3
548,6,Harris,2,28,2,0,True,3
548,7,Harris,0,4,0,0,True,3
548,8,Harris,2,25,2,0,True,3
549,0,Harris,3,44,3,0,True,3
549,1,Harris,2,15,2,0,True,3
549,2,Harris,1,20,1,0,True,3
549,3,Harris,0,2,0,0,True,3
549,4,Harris,1,1,1,0,True,3
549,5,Harris,0,4,0,0,True,3
549,6,Harris,0,0,0,0,True,3
550,0,Harris,2,14,2,0,True,3
550,1,Harris,2,3,2,0,True,3
550,2,Harris,2,7,2,0,True,3
550,3,Harris,1,15,1,0,True,3
550,4,Harris,3,12,3,0,True,3
550,5,Harris,3,27,3,0,True,3
550,6,Harris,1,2,1,0,True,3
551,0,Harris,1,5,1,0,True,3
551,1,Harris,1,23,1,0,True,3
551,2,Harris,2,0,0,2,False,3
551,3,Harris,2,4,2,0,True,3
551,4,Harris,2,4,2,0,True,3
551,5,Harris,1,16,1,0,True,3
551,6,Harris,1,17,1,0,True,3
552,0,Harris,1,9,1,0,True,3
552,1,Harris,2,25,2,0,True,3
552,2,Harris,4,41,4,0,True,3
552,3,Harris,1,29,1,0,True,3
552,4,Harris,3,24,3,0,True,3
552,5,Harris,1,43,1,0,True,3
552,6,Harris,2,17,2,0,True,3
552,7,Harris,4,46,4,0,True,3
552,8,Harris,2,17,2,0,True,3
553,0,Harris,0,12,0,0,True,3
553,1,Harris,2,9,2,0,True,3
553,2,Harris,3,11,3,0,True,3
553,3,Harris,2,9,2,0,True,3
553,4,Harris,3,9,3,0,True,3
553,5,Harris,4,9,4,0,True,3
554,0,Harris,1,40,1,0,True,3
554,1,Harris,1,43,1,0,True,3
554,2,Harris,1,25,1,0,True,3
554,3,Harris,2,13,2,0,True,3
554,4,Harris,2,24,2,0,True,3
554,5,Harris,2,17,2,0,True,3
554,6,Harris,3,50,3,0,True,3
554,7,Harris,1,32,1,0,True,3
555,0,Harris,0,42,0,0,True,3
555,1,Harris,2,51,2,0,True,3
555,2,Harris,2,48,2,0,True,3
555,3,Harris,3,43,3,0,True,3
555,4,Harris,0,11,0,0,True,3
555,5,Harris,0,23,0,0,True,3
555,6,Harris,0,7,0,0,True,3
555,7,Harris,0,3,0,0,True,3
556,0,Harris,1,12,1,0,True,3
556,1,Harris,1,3,1,0,True,3
556,2,Harris,1,6,1,0,True,3
556,3,Harris,2,3,2,0,True,3
556,4,Harris,3,4,3,0,True,3
556,5,Harris,3,5,3,0,True,3
556,6,Harris,2,3,2,0,True,3
557,0,Harris,0,12,0,0,True,3
557,1,Harris,1,10,1,0,True,3
557,2,Harris,1,18,1,0,True,3
557,3,Harris,0,9,0,0,True,3
557,4,Harris,0,50,0,0,True,3
557,5,Harris,0,15,0,0,True,3
557,6,Harris,0,14,0,0,True,3
557,7,Harris,1,52,1,0,True,3
557,8,Harris,0,8,0,0,True,3
558,0,Harris,1,8,1,0,True,3
558,1,Harris,0,7,0,0,True,3
558,2,Harris,1,15,1,0,True,3
558,3,Harris,0,25,0,0,True,3
558,4,Harris,0,5,0,0,True,3
558,5,Harris,0,6,0,0,True,3
558,6,Harris,0,6,0,0,True,3
558,7,Harris,0,5,0,0,True,3
558,8,Harris,1,10,1,0,True,3
559,0,Harris,0,6,0,0,True,3
559,1,Harris,0,17,0,0,True,3
559,2,Harris,0,7,0,0,True,3
559,3,Harris,0,2,0,0,True,3
559,4,Harris,0,28,0,0,True,3
559,5,Harris,0,24,0,0,True,3
559,6,Harris,0,4,0,0,True,3
559,7,Harris,0,10,0,0,True,3
560,0,Harris,1,34,1,0,True,3
560,1,Harris,2,13,2,0,True,3
560,2,Harris,0,9,0,0,True,3
560,3,Harris,1,12,1,0,True,3
560,4,Harris,3,27,3,0,True,3
560,5,Harris,2,12,2,0,True,3
560,6,Harris,1,6,1,0,True,3
561,0,Harris,0,3,0,0,True,3
561,1,Harris,0,23,0,0,True,3
561,2,Harris,0,7,0,0,True,3
561,3,Harris,0,7,0,0,True,3
561,4,Harris,3,51,3,0,True,3
561,5,Harris,0,9,0,0,True,3
561,6,Harris,1,37,1,0,True,3
561,7,Harris,2,12,2,0,True,3
562,0,Harris,4,31,4,0,True,3
562,1,Harris,0,27,0,0,True,3
562,2,Harris,0,4,0,0,True,3
562,3,Harris,0,7,0,0,True,3
562,4,Harris,1,23,1,0,True,3
562,5,Harris,2,38,2,0,True,3
562,6,Harris,1,5,1,0,True,3
562,7,Harris,0,5,0,0,True,3
563,0,Harris,0,18,0,0,True,3
563,1,Harris,2,57,2,0,True,3
563,2,Harris,0,6,0,0,True,3
563,3,Harris,0,3,0,0,True,3
563,4,Harris,0,18,0,0,True,3
563,5,Harris,2,8,2,0,True,3
564,0,Harris,2,50,2,0,True,3
564,1,Harris,0,20,0,0,True,3
564,2,Harris,1,8,1,0,True,3
564,3,Harris,1,12,1,0,True,3
564,4,Harris,0,27,0,0,True,3
564,5,Harris,1,35,1,0,True,3
564,6,Harris,1,40,1,0,True,3
564,7,Harris,0,4,0,0,True,3
565,0,Harris,2,10,2,0,True,3
565,1,Harris,5,15,5,0,True,3
565,2,Harris,3,35,3,0,True,3
565,3,Harris,7,18,7,0,True,3
565,4,Harris,0,18,0,0,True,3
565,5,Harris,0,13,0,0,True,3
566,0,Harris,1,1,1,0,True,3
566,1,Harris,2,11,2,0,True,3
566,2,Harris,2,9,2,0,True,3
566,3,Harris,0,2,0,0,True,3
566,4,Harris,0,9,0,0,True,3
566,5,Harris,0,2,0,0,True,3
566,6,Harris,0,17,0,0,True,3
566,7,Harris,0,9,0,0,True,3
566,8,Harris,0,5,0,0,True,3
567,0,Harris,1,24,1,0,True,3
567,1,Harris,2,40,2,0,True,3
567,2,Harris,1,33,1,0,True,3
567,3,Harris,4,45,4,0,True,3
567,4,Harris,4,30,4,0,True,3
567,5,Harris,1,19,1,0,True,3
567,6,Harris,0,12,0,0,True,3
568,0,Harris,4,23,4,0,True,3
568,1,Harris,0,25,0,0,True,3
568,2,Harris,1,32,1,0,True,3
568,3,Harris,0,33,0,0,True,3
568,4,Harris,0,4,0,0,True,3
568,5,Harris,0,3,0,0,True,3
568,6,Harris,0,5,0,0,True,3
569,0,Harris,0,5,0,0,True,3
569,1,Harris,0,14,0,0,True,3
569,2,Harris,0,9,0,0,True,3
569,3,Harris,0,4,0,0,True,3
569,4,Harris,2,44,2,0,True,3
569,5,Harris,1,26,1,0,True,3
569,6,Harris,2,24,2,0,True,3
569,7,Harris,0,3,0,0,True,3
569,8,Harris,0,5,0,0,True,3
570,0,Harris,2,12,2,0,True,3
570,1,Harris,5,22,5,0,True,3
570,2,Harris,2,43,2,0,True,3
570,3,Harris,2,5,2,0,True,3
570,4,Harris,1,3,1,0,True,3
570,5,Harris,4,9,4,0,True,3
571,0,Harris,2,12,2,0,True,3
571,1,Harris,1,43,1,0,True,3
571,2,Harris,3,17,3,0,True,3
571,3,Harris,4,19,4,0,True,3
571,4,Harris,1,18,1,0,True,3
571,5,Harris,3,30,3,0,True,3
571,6,Harris,4,16,4,0,True,3
571,7,Harris,3,16,3,0,True,3
572,0,Harris,0,17,0,0,True,3
572,1,Harris,0,15,0,0,True,3
572,2,Harris,1,25,1,0,True,3
572,3,Harris,0,11,0,0,True,3
572,4,Harris,0,21,0,0,True,3
572,5,Harris,0,15,0,0,True,3
572,6,Harris,0,2,0,0,True,3
572,7,Harris,0,1,0,0,True,3
573,0,Harris,1,43,1,0,True,3
573,1,Harris,2,35,2,0,True,3
573,2,Harris,1,28,1,0,True,3
573,3,Harris,2,25,2,0,True,3
573,4,Harris,2,6,2,0,True,3
573,5,Harris,1,15,1,0,True,3
573,6,Harris,1,4,1,0,True,3
573,7,Harris,0,14,0,0,True,3
574,0,Harris,0,10,0,0,True,3
574,1,Harris,2,11,2,0,True,3
574,2,Harris,1,12,1,0,True,3
574,3,Harris,2,28,2,0,True,3
574,4,Harris,0,32,0,0,True,3
574,5,Harris,4,36,4,0,True,3
574,6,Harris,2,13,2,0,True,3
574,7,Harris,0,4,0,0,True,3
575,0,Harris,1,22,1,0,True,3
575,1,Harris,1,3,1,0,True,3
575,2,Harris,1,3,1,0,True,3
575,3,Harris,1,42,1,0,True,3
575,4,Harris,1,31,1,0,True,3
575,5,Harris,4,20,4,0,True,3
575,6,Harris,1,11,1,0,True,3
575,7,Harris,0,2,0,0,True,3
576,0,Harris,2,6,2,0,True,3
576,1,Harris,1,5,1,0,True,3
576,2,Harris,3,32,3,0,True,3
576,3,Harris,2,16,2,0,True,3
576,4,Harris,0,9,0,0,True,3
576,5,Harris,0,22,0,0,True,3
576,6,Harris,3,13,3,0,True,3
577,0,Harris,0,10,0,0,True,3
577,1,Harris,4,34,4,0,True,3
577,2,Harris,2,34,2,0,True,3
577,3,Harris,1,14,1,0,True,3
577,4,Harris,2,10,2,0,True,3
577,5,Harris,3,51,3,0,True,3
578,0,Harris,0,2,0,0,True,3
578,1,Harris,0,2,0,0,True,3
578,2,Harris,0,2,0,0,True,3
578,3,Harris,0,3,0,0,True,3
578,4,Harris,1,25,1,0,True,3
578,5,Harris,0,10,0,0,True,3
579,0,Harris,2,14,2,0,True,3
579,1,Harris,2,21,2,0,True,3
579,2,Harris,3,45,3,0,True,3
579,3,Harris,5,26,5,0,True,3
579,4,Harris,2,14,2,0,True,3
579,5,Harris,1,10,1,0,True,3
579,6,Harris,3,8,3,0,True,3
580,0,Harris,0,25,0,0,True,3
580,1,Harris,1,19,1,0,True,3
580,2,Harris,0,12,0,0,True,3
580,3,Harris,2,25,2,0,True,3
580,4,Harris,0,11,0,0,True,3
580,5,Harris,1,5,1,0,True,3
580,6,Harris,2,26,2,0,True,3
580,7,Harris,0,19,0,0,True,3
581,0,Harris,1,50,1,0,True,3
581,1,Harris,0,10,0,0,True,3
581,2,Harris,0,11,0,0,True,3
581,3,Harris,0,47,0,0,True,3
581,4,Harris,0,2,0,0,True,3
581,5,Harris,0,5,0,0,True,3
581,6,Harris,0,28,0,0,True,3
582,0,Harris,2,10,2,0,True,3
582,1,Harris,2,18,2,0,True,3
582,2,Harris,2,9,2,0,True,3
582,3,Harris,1,6,1,0,True,3
582,4,Harris,2,13,2,0,True,3
582,5,Harris,1,14,1,0,True,3
582,6,Harris,2,3,2,0,True,3
582,7,Harris,2,15,2,0,True,3
583,0,Harris,2,25,2,0,True,3
583,1,Harris,2,3,2,0,True,3
583,2,Harris,2,12,2,0,True,3
583,3,Harris,1,4,1,0,True,3
583,4,Harris,5,31,5,0,True,3
583,5,Harris,1,38,1,0,True,3
583,6,Harris,5,22,5,0,True,3
584,0,Harris,2,5,2,0,True,3
584,1,Harris,2,2,2,0,True,3
584,2,Harris,2,2,2,0,True,3
584,3,Harris,1,14,1,0,True,3
584,4,Harris,2,3,2,0,True,3
585,0,Harris,0,33,0,0,True,3
585,1,Harris,0,3,0,0,True,3
585,2,Harris,0,17,0,0,True,3
585,3,Harris,1,0,0,1,False,3
585,4,Harris,0,3,0,0,True,3
585,5,Harris,1,5,1,0,True,3
585,6,Harris,0,8,0,0,True,3
585,7,Harris,0,10,0,0,True,3
586,0,Harris,2,26,2,0,True,3
586,1,Harris,0,10,0,0,True,3
586,2,Harris,0,14,0,0,True,3
586,3,Harris,0,6,0,0,True,3
586,4,Harris,0,15,0,0,True,3
586,5,Harris,0,7,0,0,True,3
586,6,Harris,2,47,2,0,True,3
586,7,Harris,2,50,2,0,True,3
586,8,Harris,1,18,1,0,True,3
587,0,Harris,1,58,1,0,True,3
587,1,Harris,2,49,2,0,True,3
587,2,Harris,1,19,1,0,True,3
587,3,Harris,1,14,1,0,True,3
587,4,Harris,1,47,1,0,True,3
587,5,Harris,0,12,0,0,True,3
587,6,Harris,0,10,0,0,True,3
587,7,Harris,0,6,0,0,True,3
587,8,Harris,0,3,0,0,True,3
588,0,Harris,1,27,1,0,True,3
588,1,Harris,0,20,0,0,True,3
588,2,Harris,0,38,0,0,True,3
588,3,Harris,0,10,0,0,True,3
588,4,Harris,0,19,0,0,True,3
589,0,Harris,1,46,1,0,True,3
589,1,Harris,3,43,3,0,True,3
589,2,Harris,3,49,3,0,True,3
589,3,Harris,1,45,1,0,True,3
589,4,Harris,0,4,0,0,True,3
589,5,Harris,0,4,0,0,True,3
589,6,Harris,2,18,2,0,True,3
589,7,Harris,0,5,0,0,True,3
590,0,Harris,1,36,1,0,True,3
590,1,Harris,0,2,0,0,True,3
590,2,Harris,2,3,2,0,True,3
590,3,Harris,1,5,1,0,True,3
590,4,Harris,2,2,2,0,True,3
590,5,Harris,2,14,2,0,True,3
591,0,Harris,1,2,1,0,True,3
591,1,Harris,2,46,2,0,True,3
591,2,Harris,1,1,1,0,True,3
591,3,Harris,2,15,2,0,True,3
591,4,Harris,2,20,2,0,True,3
591,5,Harris,2,13,2,0,True,3
592,0,Harris,2,23,2,0,True,3
592,1,Harris,0,9,0,0,True,3
592,2,Harris,2,28,2,0,True,3
592,3,Harris,0,6,0,0,True,3
592,4,Harris,0,4,0,0,True,3
592,5,Harris,2,4,2,0,True,3
593,0,Harris,2,44,2,0,True,3
593,1,Harris,0,4,0,0,True,3
593,2,Harris,0,23,0,0,True,3
593,3,Harris,1,27,1,0,True,3
593,4,Harris,0,12,0,0,True,3
593,5,Harris,0,4,0,0,True,3
593,6,Harris,2,10,2,0,True,3
593,7,Harris,0,17,0,0,True,3
594,0,Harris,0,2,0,0,True,3
594,1,Harris,0,12,0,0,True,3
594,2,Harris,2,20,2,0,True,3
594,3,Harris,0,23,0,0,True,3
594,4,Harris,0,5,0,0,True,3
594,5,Harris,1,6,1,0,True,3
594,6,Harris,2,20,2,0,True,3
595,0,Harris,0,1,0,0,True,3
595,1,Harris,0,6,0,0,True,3
595,2,Harris,0,13,0,0,True,3
595,3,Harris,0,7,0,0,True,3
595,4,Harris,0,4,0,0,True,3
596,0,Harris,1,20,1,0,True,3
596,1,Harris,0,17,0,0,True,3
596,2,Harris,0,14,0,0,True,3
596,3,Harris,0,7,0,0,True,3
596,4,Harris,0,3,0,0,True,3
596,5,Harris,0,13,0,0,True,3
596,6,Harris,0,8,0,0,True,3
596,7,Harris,0,8,0,0,True,3
596,8,Harris,0,4,0,0,True,3
597,0,Harris,0,2,0,0,True,3
597,1,Harris,0,25,0,0,True,3
597,2,Harris,1,18,1,0,True,3
597,3,Harris,0,10,0,0,True,3
597,4,Harris,0,11,0,0,True,3
597,5,Harris,0,2,0,0,True,3
597,6,Harris,0,6,0,0,True,3
597,7,Harris,0,52,0,0,True,3
597,8,Harris,0,12,0,0,True,3
597,9,Harris,2,34,2,0,True,3
598,0,Harris,0,22,0,0,True,3
598,1,Harris,0,12,0,0,True,3
598,2,Harris,0,25,0,0,True,3
598,3,Harris,3,44,3,0,True,3
598,4,Harris,0,4,0,0,True,3
598,5,Harris,0,18,0,0,True,3
598,6,Harris,2,16,2,0,True,3
598,7,Harris,4,16,4,0,True,3
599,0,Harris,1,50,1,0,True,3
599,1,Harris,0,32,0,0,True,3
599,2,Harris,0,28,0,0,True,3
599,3,Harris,0,39,0,0,True,3
599,4,Harris,0,34,0,0,True,3
599,5,Harris,1,55,1,0,True,3
599,6,Harris,0,20,0,0,True,3
600,0,Harris,1,23,1,0,True,3
600,1,Harris,0,17,0,0,True,3
600,2,Harris,0,27,0,0,True,3
600,3,Harris,0,10,0,0,True,3
600,4,Harris,0,6,0,0,True,3
600,5,Harris,0,9,0,0,True,3
600,6,Harris,0,5,0,0,True,3
600,7,Harris,1,23,1,0,True,3
601,0,Harris,2,24,2,0,True,3
601,1,Harris,2,13,2,0,True,3
601,2,Harris,2,19,2,0,True,3
601,3,Harris,3,20,3,0,True,3
601,4,Harris,2,21,2,0,True,3
601,5,Harris,2,28,2,0,True,3
601,6,Harris,2,26,2,0,True,3
602,0,Harris,2,12,2,0,True,3
602,1,Harris,2,26,2,0,True,3
602,2,Harris,0,25,0,0,True,3
602,3,Harris,2,32,2,0,True,3
602,4,Harris,0,10,0,0,True,3
602,5,Harris,0,24,0,0,True,3
602,6,Harris,0,28,0,0,True,3
602,7,Harris,3,14,3,0,True,3
603,0,Harris,0,2,0,0,True,3
603,1,Harris,1,46,1,0,True,3
603,2,Harris,0,50,0,0,True,3
603,3,Harris,0,23,0,0,True,3
603,4,Harris,0,5,0,0,True,3
603,5,Harris,0,6,0,0,True,3
603,6,Harris,0,40,0,0,True,3
603,7,Harris,0,1,0,0,True,3
603,8,Harris,0,1,0,0,True,3
603,9,Harris,0,7,0,0,True,3
604,0,Harris,0,8,0,0,True,3
604,1,Harris,0,13,0,0,True,3
604,2,Harris,0,10,0,0,True,3
604,3,Harris,2,9,2,0,True,3
604,4,Harris,0,29,0,0,True,3
604,5,Harris,2,51,2,0,True,3
604,6,Harris,0,6,0,0,True,3
605,0,Harris,0,2,0,0,True,3
605,1,Harris,0,1,0,0,True,3
605,2,Harris,0,12,0,0,True,3
605,3,Harris,0,4,0,0,True,3
605,4,Harris,0,16,0,0,True,3
605,5,Harris,0,2,0,0,True,3
605,6,Harris,0,12,0,0,True,3
605,7,Harris,0,10,0,0,True,3
605,8,Harris,0,4,0,0,True,3
606,0,Harris,2,39,2,0,True,3
606,1,Harris,1,6,1,0,True,3
606,2,Harris,2,35,2,0,True,3
606,3,Harris,2,17,2,0,True,3
606,4,Harris,1,3,1,0,True,3
606,5,Harris,1,42,1,0,True,3
606,6,Harris,4,21,4,0,True,3
606,7,Harris,2,17,2,0,True,3
606,8,Harris,1,12,1,0,True,3
606,9,Harris,2,10,2,0,True,3
607,0,Harris,1,16,1,0,True,3
607,1,Harris,1,9,1,0,True,3
607,2,Harris,0,23,0,0,True,3
607,3,Harris,2,14,2,0,True,3
607,4,Harris,0,4,0,0,True,3
607,5,Harris,0,2,0,0,True,3
607,6,Harris,1,24,1,0,True,3
607,7,Harris,2,29,2,0,True,3
608,0,Harris,2,26,2,0,True,3
608,1,Harris,0,8,0,0,True,3
608,2,Harris,2,29,2,0,True,3
608,3,Harris,0,13,0,0,True,3
608,4,Harris,0,25,0,0,True,3
608,5,Harris,0,20,0,0,True,3
608,6,Harris,1,6,1,0,True,3
608,7,Harris,0,2,0,0,True,3
609,0,Harris,1,12,1,0,True,3
609,1,Harris,0,7,0,0,True,3
609,2,Harris,0,1,0,0,True,3
609,3,Harris,1,49,1,0,True,3
609,4,Harris,0,5,0,0,True,3
609,5,Harris,1,24,1,0,True,3
609,6,Harris,2,23,2,0,True,3
610,0,Harris,0,3,0,0,True,3
610,1,Harris,0,35,0,0,True,3
610,2,Harris,0,25,0,0,True,3
610,3,Harris,0,4,0,0,True,3
610,4,Harris,0,23,0,0,True,3
610,5,Harris,0,8,0,0,True,3
610,6,Harris,0,0,0,0,True,3
610,7,Harris,0,8,0,0,True,3
611,0,Harris,2,24,2,0,True,3
611,1,Harris,0,5,0,0,True,3
611,2,Harris,0,26,0,0,True,3
611,3,Harris,0,4,0,0,True,3
611,4,Harris,0,2,0,0,True,3
611,5,Harris,0,12,0,0,True,3
611,6,Harris,0,18,0,0,True,3
612,0,Harris,0,8,0,0,True,3
612,1,Harris,0,5,0,0,True,3
612,2,Harris,0,3,0,0,True,3
612,3,Harris,0,9,0,0,True,3
612,4,Harris,0,15,0,0,True,3
612,5,Harris,0,6,0,0,True,3
612,6,Harris,2,11,2,0,True,3
612,7,Harris,0,8,0,0,True,3
613,0,Harris,0,16,0,0,True,3
613,1,Harris,0,1,0,0,True,3
613,2,Harris,0,5,0,0,True,3
613,3,Harris,0,3,0,0,True,3
613,4,Harris,0,0,0,0,True,3
613,5,Harris,0,46,0,0,True,3
613,6,Harris,0,3,0,0,True,3
613,7,Harris,0,1,0,0,True,3
614,0,Harris,0,6,0,0,True,3
614,1,Harris,0,23,0,0,True,3
614,2,Harris,0,2,0,0,True,3
614,3,Harris,6,42,6,0,True,3
614,4,Harris,2,28,2,0,True,3
614,5,Harris,0,2,0,0,True,3
614,6,Harris,1,11,1,0,True,3
614,7,Harris,0,4,0,0,True,3
614,8,Harris,0,13,0,0,True,3
615,0,Harris,0,6,0,0,True,3
615,1,Harris,0,50,0,0,True,3
615,2,Harris,0,4,0,0,True,3
615,3,Harris,0,0,0,0,True,3
615,4,Harris,0,17,0,0,True,3
615,5,Harris,0,20,0,0,True,3
616,0,Harris,0,19,0,0,True,3
616,1,Harris,0,5,0,0,True,3
616,2,Harris,1,31,1,0,True,3
616,3,Harris,0,16,0,0,True,3
616,4,Harris,0,23,0,0,True,3
616,5,Harris,0,5,0,0,True,3
616,6,Harris,0,4,0,0,True,3
616,7,Harris,0,2,0,0,True,3
616,8,Harris,0,21,0,0,True,3
617,0,Harris,0,8,0,0,True,3
617,1,Harris,0,11,0,0,True,3
617,2,Harris,2,30,2,0,True,3
617,3,Harris,0,3,0,0,True,3
617,4,Harris,0,16,0,0,True,3
617,5,Harris,0,13,0,0,True,3
617,6,Harris,1,46,1,0,True,3
617,7,Harris,0,16,0,0,True,3
618,0,Harris,0,25,0,0,True,3
618,1,Harris,0,23,0,0,True,3
618,2,Harris,0,12,0,0,True,3
618,3,Harris,0,4,0,0,True,3
618,4,Harris,0,15,0,0,True,3
618,5,Harris,0,4,0,0,True,3
618,6,Harris,0,23,0,0,True,3
618,7,Harris,2,25,2,0,True,3
618,8,Harris,0,15,0,0,True,3
619,0,Harris,2,59,2,0,True,3
619,1,Harris,2,23,2,0,True,3
619,2,Harris,2,35,2,0,True,3
619,3,Harris,3,9,3,0,True,3
619,4,Harris,2,11,2,0,True,3
619,5,Harris,2,8,2,0,True,3
620,0,Harris,3,32,3,0,True,3
620,1,Harris,0,18,0,0,True,3
620,2,Harris,0,18,0,0,True,3
620,3,Harris,0,4,0,0,True,3
620,4,Harris,0,0,0,0,True,3
620,5,Harris,0,2,0,0,True,3
620,6,Harris,0,13,0,0,True,3
620,7,Harris,1,45,1,0,True,3
621,0,Harris,0,3,0,0,True,3
621,1,Harris,0,11,0,0,True,3
621,2,Harris,0,6,0,0,True,3
621,3,Harris,0,12,0,0,True,3
621,4,Harris,0,9,0,0,True,3
621,5,Harris,0,1,0,0,True,3
621,6,Harris,0,47,0,0,True,3
621,7,Harris,1,55,1,0,True,3
621,8,Harris,0,1,0,0,True,3
622,0,Harris,0,4,0,0,True,3
622,1,Harris,0,8,0,0,True,3
622,2,Harris,0,9,0,0,True,3
622,3,Harris,0,12,0,0,True,3
622,4,Harris,0,8,0,0,True,3
622,5,Harris,0,9,0,0,True,3
622,6,Harris,2,17,2,0,True,3
622,7,Harris,0,5,0,0,True,3
623,0,Harris,0,7,0,0,True,3
623,1,Harris,0,2,0,0,True,3
623,2,Harris,0,5,0,0,True,3
623,3,Harris,0,3,0,0,True,3
623,4,Harris,2,48,2,0,True,3
623,5,Harris,1,29,1,0,True,3
623,6,Harris,0,21,0,0,True,3
623,7,Harris,0,32,0,0,True,3
623,8,Harris,0,7,0,0,True,3
624,0,Harris,0,23,0,0,True,3
624,1,Harris,4,35,4,0,True,3
624,2,Harris,2,49,2,0,True,3
624,3,Harris,0,25,0,0,True,3
624,4,Harris,1,34,1,0,True,3
624,5,Harris,0,22,0,0,True,3
625,0,Harris,0,13,0,0,True,3
625,1,Harris,0,11,0,0,True,3
625,2,Harris,0,17,0,0,True,3
625,3,Harris,0,20,0,0,True,3
625,4,Harris,0,16,0,0,True,3
625,5,Harris,0,16,0,0,True,3
625,6,Harris,0,13,0,0,True,3
626,0,Harris,0,18,0,0,True,3
626,1,Harris,0,15,0,0,True,3
626,2,Harris,0,6,0,0,True,3
626,3,Harris,1,29,1,0,True,3
626,4,Harris,2,20,2,0,True,3
626,5,Harris,0,15,0,0,True,3
626,6,Harris,0,23,0,0,True,3
626,7,Harris,0,4,0,0,True,3
626,8,Harris,0,1,0,0,True,3
627,0,Harris,0,9,0,0,True,3
627,1,Harris,0,13,0,0,True,3
627,2,Harris,0,8,0,0,True,3
627,3,Harris,0,8,0,0,True,3
627,4,Harris,1,17,1,0,True,3
627,5,Harris,0,12,0,0,True,3
627,6,Harris,0,3,0,0,True,3
627,7,Harris,0,14,0,0,True,3
627,8,Harris,0,20,0,0,True,3
628,0,Harris,0,9,0,0,True,3
628,1,Harris,0,3,0,0,True,3
628,2,Harris,0,27,0,0,True,3
628,3,Harris,0,50,0,0,True,3
628,4,Harris,1,26,1,0,True,3
628,5,Harris,0,20,0,0,True,3
628,6,Harris,0,15,0,0,True,3
628,7,Harris,0,7,0,0,True,3
628,8,Harris,0,3,0,0,True,3
629,0,Harris,0,26,0,0,True,3
629,1,Harris,4,21,4,0,True,3
629,2,Harris,0,20,0,0,True,3
629,3,Harris,2,14,2,0,True,3
629,4,Harris,0,3,0,0,True,3
629,5,Harris,1,4,1,0,True,3
629,6,Harris,3,52,3,0,True,3
629,7,Harris,4,41,4,0,True,3
630,0,Harris,0,2,0,0,True,3
630,1,Harris,0,11,0,0,True,3
630,2,Harris,0,3,0,0,True,3
630,3,Harris,0,4,0,0,True,3
630,4,Harris,0,36,0,0,True,3
630,5,Harris,0,7,0,0,True,3
630,6,Harris,2,27,2,0,True,3
630,7,Harris,0,5,0,0,True,3
630,8,Harris,0,5,0,0,True,3
631,0,Harris,0,10,0,0,True,3
631,1,Harris,0,6,0,0,True,3
631,2,Harris,0,15,0,0,True,3
631,3,Harris,0,1,0,0,True,3
631,4,Harris,1,5,1,0,True,3
631,5,Harris,0,10,0,0,True,3
631,6,Harris,0,6,0,0,True,3
632,0,Harris,0,18,0,0,True,3
632,1,Harris,0,37,0,0,True,3
632,2,Harris,0,24,0,0,True,3
632,3,Harris,0,14,0,0,True,3
632,4,Harris,0,15,0,0,True,3
632,5,Harris,1,36,1,0,True,3
632,6,Harris,0,17,0,0,True,3
632,7,Harris,0,3,0,0,True,3
632,8,Harris,0,12,0,0,True,3
633,0,Harris,0,3,0,0,True,3
633,1,Harris,0,6,0,0,True,3
633,2,Harris,0,25,0,0,True,3
633,3,Harris,2,9,2,0,True,3
633,4,Harris,0,15,0,0,True,3
633,5,Harris,1,10,1,0,True,3
634,0,Harris,0,25,0,0,True,3
634,1,Harris,2,26,2,0,True,3
634,2,Harris,0,3,0,0,True,3
634,3,Harris,2,43,2,0,True,3
634,4,Harris,0,8,0,0,True,3
634,5,Harris,0,3,0,0,True,3
634,6,Harris,0,4,0,0,True,3
634,7,Harris,1,11,1,0,True,3
635,0,Harris,0,16,0,0,True,3
635,1,Harris,0,21,0,0,True,3
635,2,Harris,0,14,0,0,True,3
635,3,Harris,0,57,0,0,True,3
635,4,Harris,0,38,0,0,True,3
635,5,Harris,0,7,0,0,True,3
635,6,Harris,1,43,1,0,True,3
635,7,Harris,0,52,0,0,True,3
636,0,Harris,0,15,0,0,True,3
636,1,Harris,0,3,0,0,True,3
636,2,Harris,0,44,0,0,True,3
636,3,Harris,0,7,0,0,True,3
636,4,Harris,0,4,0,0,True,3
636,5,Harris,0,17,0,0,True,3
636,6,Harris,0,8,0,0,True,3
636,7,Harris,2,1,1,1,False,3
637,0,Harris,1,9,1,0,True,3
637,1,Harris,2,42,2,0,True,3
637,2,Harris,0,46,0,0,True,3
637,3,Harris,0,15,0,0,True,3
637,4,Harris,0,15,0,0,True,3
637,5,Harris,1,11,1,0,True,3
637,6,Harris,0,1,0,0,True,3
637,7,Harris,1,18,1,0,True,3
638,0,Harris,0,12,0,0,True,3
638,1,Harris,1,17,1,0,True,3
638,2,Harris,0,13,0,0,True,3
638,3,Harris,0,6,0,0,True,3
638,4,Harris,0,24,0,0,True,3
638,5,Harris,0,7,0,0,True,3
638,6,Harris,0,12,0,0,True,3
638,7,Harris,0,12,0,0,True,3
639,0,Harris,0,16,0,0,True,3
639,1,Harris,0,12,0,0,True,3
639,2,Harris,0,14,0,0,True,3
639,3,Harris,0,17,0,0,True,3
639,4,Harris,1,17,1,0,True,3
639,5,Harris,0,17,0,0,True,3
639,6,Harris,0,5,0,0,True,3
639,7,Harris,0,21,0,0,True,3
640,0,Harris,2,27,2,0,True,3
640,1,Harris,0,17,0,0,True,3
640,2,Harris,0,12,0,0,True,3
640,3,Harris,0,9,0,0,True,3
640,4,Harris,0,6,0,0,True,3
640,5,Harris,0,17,0,0,True,3
640,6,Harris,0,12,0,0,True,3
641,0,Harris,2,43,2,0,True,3
641,1,Harris,0,14,0,0,True,3
641,2,Harris,0,22,0,0,True,3
641,3,Harris,1,51,1,0,True,3
641,4,Harris,2,31,2,0,True,3
641,5,Harris,0,19,0,0,True,3
642,0,Harris,2,18,2,0,True,3
642,1,Harris,1,15,1,0,True,3
642,2,Harris,2,13,2,0,True,3
642,3,Harris,3,29,3,0,True,3
642,4,Harris,2,17,2,0,True,3
642,5,Harris,2,34,2,0,True,3
642,6,Harris,2,33,2,0,True,3
643,0,Harris,0,0,0,0,True,3
643,1,Harris,0,21,0,0,True,3
643,2,Harris,0,5,0,0,True,3
643,3,Harris,0,13,0,0,True,3
643,4,Harris,0,10,0,0,True,3
643,5,Harris,1,36,1,0,True,3
643,6,Harris,0,36,0,0,True,3
643,7,Harris,1,25,1,0,True,3
644,0,Harris,2,26,2,0,True,3
644,1,Harris,0,25,0,0,True,3
644,2,Harris,0,4,0,0,True,3
644,3,Harris,0,17,0,0,True,3
644,4,Harris,0,37,0,0,True,3
644,5,Harris,0,6,0,0,True,3
644,6,Harris,0,1,0,0,True,3
644,7,Harris,0,3,0,0,True,3
644,8,Harris,0,1,0,0,True,3
645,0,Harris,0,3,0,0,True,3
645,1,Harris,0,52,0,0,True,3
645,2,Harris,0,29,0,0,True,3
645,3,Harris,0,7,0,0,True,3
645,4,Harris,0,6,0,0,True,3
645,5,Harris,0,21,0,0,True,3
645,6,Harris,0,11,0,0,True,3
645,7,Harris,1,24,1,0,True,3
646,0,Harris,2,17,2,0,True,3
646,1,Harris,0,6,0,0,True,3
646,2,Harris,0,28,0,0,True,3
646,3,Harris,0,10,0,0,True,3
646,4,Harris,0,9,0,0,True,3
646,5,Harris,0,2,0,0,True,3
646,6,Harris,0,7,0,0,True,3
647,0,Harris,0,48,0,0,True,3
647,1,Harris,0,48,0,0,True,3
647,2,Harris,1,50,1,0,True,3
647,3,Harris,0,8,0,0,True,3
647,4,Harris,1,33,1,0,True,3
647,5,Harris,2,34,2,0,True,3
647,6,Harris,1,34,1,0,True,3
648,0,Harris,0,2,0,0,True,3
648,1,Harris,2,26,2,0,True,3
648,2,Harris,0,22,0,0,True,3
648,3,Harris,0,2,0,0,True,3
648,4,Harris,2,42,2,0,True,3
648,5,Harris,1,37,1,0,True,3
648,6,Harris,0,9,0,0,True,3
648,7,Harris,2,3,2,0,True,3
648,8,Harris,0,5,0,0,True,3
648,9,Harris,0,9,0,0,True,3
649,0,Harris,0,23,0,0,True,3
649,1,Harris,1,38,1,0,True,3
650,0,Harris,2,11,2,0,True,3
650,1,Harris,0,8,0,0,True,3
650,2,Harris,0,22,0,0,True,3
650,3,Harris,0,5,0,0,True,3
650,4,Harris,0,3,0,0,True,3
650,5,Harris,0,11,0,0,True,3
650,6,Harris,0,3,0,0,True,3
650,7,Harris,0,6,0,0,True,3
650,8,Harris,0,0,0,0,True,3
650,9,Harris,0,16,0,0,True,3
651,0,Harris,1,27,1,0,True,3
651,1,Harris,0,18,0,0,True,3
651,2,Harris,0,9,0,0,True,3
651,3,Harris,1,17,1,0,True,3
651,4,Harris,0,13,0,0,True,3
651,5,Harris,0,43,0,0,True,3
651,6,Harris,0,5,0,0,True,3
651,7,Harris,0,13,0,0,True,3
651,8,Harris,1,9,1,0,True,3
652,0,Harris,0,9,0,0,True,3
652,1,Harris,0,4,0,0,True,3
652,2,Harris,0,1,0,0,True,3
652,3,Harris,0,19,0,0,True,3
652,4,Harris,0,8,0,0,True,3
652,5,Harris,0,3,0,0,True,3
652,6,Harris,0,18,0,0,True,3
653,0,Harris,0,10,0,0,True,3
653,1,Harris,0,9,0,0,True,3
653,2,Harris,0,35,0,0,True,3
653,3,Harris,0,21,0,0,True,3
653,4,Harris,0,5,0,0,True,3
653,5,Harris,4,16,4,0,True,3
653,6,Harris,0,14,0,0,True,3
653,7,Harris,0,10,0,0,True,3
654,0,Harris,0,5,0,0,True,3
654,1,Harris,0,5,0,0,True,3
654,2,Harris,0,16,0,0,True,3
654,3,Harris,1,8,1,0,True,3
654,4,Harris,2,14,2,0,True,3
654,5,Harris,2,5,2,0,True,3
654,6,Harris,3,35,3,0,True,3
655,0,Harris,0,2,0,0,True,3
655,1,Harris,1,11,1,0,True,3
655,2,Harris,1,25,1,0,True,3
655,3,Harris,0,24,0,0,True,3
655,4,Harris,0,32,0,0,True,3
655,5,Harris,1,35,1,0,True,3
655,6,Harris,0,15,0,0,True,3
656,0,Harris,0,6,0,0,True,3
656,1,Harris,0,28,0,0,True,3
656,2,Harris,0,3,0,0,True,3
656,3,Harris,0,4,0,0,True,3
656,4,Harris,0,11,0,0,True,3
656,5,Harris,0,2,0,0,True,3
656,6,Harris,2,50,2,0,True,3
656,7,Harris,0,11,0,0,True,3
657,0,Harris,0,4,0,0,True,3
657,1,Harris,0,9,0,0,True,3
657,2,Harris,0,5,0,0,True,3
657,3,Harris,0,15,0,0,True,3
657,4,Harris,0,3,0,0,True,3
657,5,Harris,0,4,0,0,True,3
657,6,Harris,0,14,0,0,True,3
657,7,Harris,0,7,0,0,True,3
657,8,Harris,0,12,0,0,True,3
657,9,Harris,0,21,0,0,True,3
658,0,Harris,1,19,1,0,True,3
658,1,Harris,1,26,1,0,True,3
658,2,Harris,3,48,3,0,True,3
658,3,Harris,0,8,0,0,True,3
658,4,Harris,1,47,1,0,True,3
658,5,Harris,0,40,0,0,True,3
658,6,Harris,0,11,0,0,True,3
659,0,Harris,0,25,0,0,True,3
659,1,Harris,4,20,4,0,True,3
659,2,Harris,0,3,0,0,True,3
659,3,Harris,0,25,0,0,True,3
659,4,Harris,0,5,0,0,True,3
659,5,Harris,2,25,2,0,True,3
659,6,Harris,0,2,0,0,True,3
659,7,Harris,0,4,0,0,True,3
659,8,Harris,0,4,0,0,True,3
660,0,Harris,2,37,2,0,True,3
660,1,Harris,1,47,1,0,True,3
660,2,Harris,2,46,2,0,True,3
660,3,Harris,3,36,3,0,True,3
660,4,Harris,2,47,2,0,True,3
660,5,Harris,2,38,2,0,True,3
660,6,Harris,0,19,0,0,True,3
661,0,Harris,0,8,0,0,True,3
661,1,Harris,0,54,0,0,True,3
661,2,Harris,0,13,0,0,True,3
661,3,Harris,0,33,0,0,True,3
661,4,Harris,1,11,1,0,True,3
661,5,Harris,0,14,0,0,True,3
661,6,Harris,0,28,0,0,True,3
661,7,Harris,1,30,1,0,True,3
661,8,Harris,0,43,0,0,True,3
661,9,Harris,1,11,1,0,True,3
662,0,Harris,0,4,0,0,True,3
662,1,Harris,0,13,0,0,True,3
662,2,Harris,0,6,0,0,True,3
662,3,Harris,0,8,0,0,True,3
662,4,Harris,2,23,2,0,True,3
662,5,Harris,0,5,0,0,True,3
662,6,Harris,0,5,0,0,True,3
662,7,Harris,0,23,0,0,True,3
662,8,Harris,0,38,0,0,True,3
663,0,Harris,0,40,0,0,True,3
663,1,Harris,3,42,3,0,True,3
663,2,Harris,0,2,0,0,True,3
663,3,Harris,0,2,0,0,True,3
663,4,Harris,0,55,0,0,True,3
663,5,Harris,2,52,2,0,True,3
663,6,Harris,0,3,0,0,True,3
664,0,Harris,0,21,0,0,True,3
664,1,Harris,0,33,0,0,True,3
664,2,Harris,0,7,0,0,True,3
664,3,Harris,0,8,0,0,True,3
664,4,Harris,0,5,0,0,True,3
664,5,Harris,0,9,0,0,True,3
664,6,Harris,0,8,0,0,True,3
664,7,Harris,0,30,0,0,True,3
665,0,Harris,1,13,1,0,True,3
665,1,Harris,0,8,0,0,True,3
665,2,Harris,0,1,0,0,True,3
665,3,Harris,0,0,0,0,True,3
665,4,Harris,0,3,0,0,True,3
665,5,Harris,0,3,0,0,True,3
665,6,Harris,0,0,0,0,True,3
666,0,Harris,1,20,1,0,True,3
666,1,Harris,0,14,0,0,True,3
666,2,Harris,0,12,0,0,True,3
666,3,Harris,0,10,0,0,True,3
666,4,Harris,0,10,0,0,True,3
666,5,Harris,0,17,0,0,True,3
666,6,Harris,2,30,2,0,True,3
666,7,Harris,0,9,0,0,True,3
666,8,Harris,1,11,1,0,True,3
666,9,Harris,0,17,0,0,True,3
667,0,Harris,0,3,0,0,True,3
667,1,Harris,2,17,2,0,True,3
667,2,Harris,1,8,1,0,True,3
667,3,Harris,1,13,1,0,True,3
667,4,Harris,1,13,1,0,True,3
667,5,Harris,0,28,0,0,True,3
668,0,Harris,0,9,0,0,True,3
668,1,Harris,0,54,0,0,True,3
668,2,Harris,0,6,0,0,True,3
668,3,Harris,0,49,0,0,True,3
668,4,Harris,1,38,1,0,True,3
668,5,Harris,1,12,1,0,True,3
668,6,Harris,0,39,0,0,True,3
668,7,Harris,0,28,0,0,True,3
669,0,Harris,0,4,0,0,True,3
669,1,Harris,2,25,2,0,True,3
669,2,Harris,1,19,1,0,True,3
669,3,Harris,1,37,1,0,True,3
669,4,Harris,0,3,0,0,True,3
669,5,Harris,0,8,0,0,True,3
670,0,Harris,0,13,0,0,True,3
670,1,Harris,0,8,0,0,True,3
670,2,Harris,0,55,0,0,True,3
670,3,Harris,0,4,0,0,True,3
670,4,Harris,0,15,0,0,True,3
670,5,Harris,0,13,0,0,True,3
670,6,Harris,0,50,0,0,True,3
670,7,Harris,1,8,1,0,True,3
671,0,Harris,0,5,0,0,True,3
671,1,Harris,0,2,0,0,True,3
671,2,Harris,0,13,0,0,True,3
671,3,Harris,0,9,0,0,True,3
671,4,Harris,0,15,0,0,True,3
671,5,Harris,1,6,1,0,True,3
671,6,Harris,0,4,0,0,True,3
671,7,Harris,0,27,0,0,True,3
671,8,Harris,0,14,0,0,True,3
671,9,Harris,0,24,0,0,True,3
672,0,Harris,0,3,0,0,True,3
672,1,Harris,0,6,0,0,True,3
672,2,Harris,0,1,0,0,True,3
672,3,Harris,0,11,0,0,True,3
672,4,Harris,1,10,1,0,True,3
672,5,Harris,1,27,1,0,True,3
672,6,Harris,0,2,0,0,True,3
672,7,Harris,0,2,0,0,True,3
672,8,Harris,0,4,0,0,True,3
673,0,Harris,0,20,0,0,True,3
673,1,Harris,0,3,0,0,True,3
673,2,Harris,0,9,0,0,True,3
673,3,Harris,0,18,0,0,True,3
673,4,Harris,0,8,0,0,True,3
673,5,Harris,1,12,1,0,True,3
673,6,Harris,0,8,0,0,True,3
673,7,Harris,0,47,0,0,True,3
674,0,Harris,0,18,0,0,True,3
674,1,Harris,0,11,0,0,True,3
674,2,Harris,0,39,0,0,True,3
674,3,Harris,0,7,0,0,True,3
674,4,Harris,2,36,2,0,True,3
674,5,Harris,1,21,1,0,True,3
674,6,Harris,1,20,1,0,True,3
674,7,Harris,1,4,1,0,True,3
674,8,Harris,0,24,0,0,True,3
675,0,Harris,0,8,0,0,True,3
675,1,Harris,0,25,0,0,True,3
675,2,Harris,0,16,0,0,True,3
675,3,Harris,0,19,0,0,True,3
675,4,Harris,0,35,0,0,True,3
675,5,Harris,0,8,0,0,True,3
675,6,Harris,0,40,0,0,True,3
676,0,Harris,0,16,0,0,True,3
676,1,Harris,0,3,0,0,True,3
676,2,Harris,0,5,0,0,True,3
676,3,Harris,1,25,1,0,True,3
676,4,Harris,0,1,0,0,True,3
676,5,Harris,0,1,0,0,True,3
676,6,Harris,0,1,0,0,True,3
676,7,Harris,0,1,0,0,True,3
676,8,Harris,0,1,0,0,True,3
677,0,Harris,0,9,0,0,True,3
677,1,Harris,0,2,0,0,True,3
677,2,Harris,0,18,0,0,True,3
677,3,Harris,0,5,0,0,True,3
677,4,Harris,0,16,0,0,True,3
677,5,Harris,0,28,0,0,True,3
677,6,Harris,0,6,0,0,True,3
677,7,Harris,0,10,0,0,True,3
678,0,Harris,0,15,0,0,True,3
678,1,Harris,0,5,0,0,True,3
678,2,Harris,2,3,2,0,True,3
678,3,Harris,3,11,3,0,True,3
678,4,Harris,1,12,1,0,True,3
678,5,Harris,0,5,0,0,True,3
679,0,Harris,1,27,1,0,True,3
679,1,Harris,0,5,0,0,True,3
679,2,Harris,0,8,0,0,True,3
679,3,Harris,0,6,0,0,True,3
679,4,Harris,0,13,0,0,True,3
679,5,Harris,1,13,1,0,True,3
679,6,Harris,0,40,0,0,True,3
679,7,Harris,0,1,0,0,True,3
680,0,Harris,1,17,1,0,True,3
680,1,Harris,1,17,1,0,True,3
680,2,Harris,1,16,1,0,True,3
680,3,Harris,1,16,1,0,True,3
680,4,Harris,1,17,1,0,True,3
680,5,Harris,0,6,0,0,True,3
681,0,Harris,1,49,1,0,True,3
681,1,Harris,1,2,1,0,True,3
681,2,Harris,0,2,0,0,True,3
681,3,Harris,0,14,0,0,True,3
681,4,Harris,0,7,0,0,True,3
681,5,Harris,0,32,0,0,True,3
682,0,Harris,0,7,0,0,True,3
682,1,Harris,0,6,0,0,True,3
682,2,Harris,0,19,0,0,True,3
682,3,Harris,0,53,0,0,True,3
682,4,Harris,3,45,3,0,True,3
682,5,Harris,1,19,1,0,True,3
682,6,Harris,0,7,0,0,True,3
682,7,Harris,0,24,0,0,True,3
682,8,Harris,0,13,0,0,True,3
683,0,Harris,0,7,0,0,True,3
683,1,Harris,0,15,0,0,True,3
683,2,Harris,0,5,0,0,True,3
683,3,Harris,1,7,1,0,True,3
683,4,Harris,0,26,0,0,True,3
683,5,Harris,0,18,0,0,True,3
683,6,Harris,0,41,0,0,True,3
683,7,Harris,1,41,1,0,True,3
684,0,Harris,2,26,2,0,True,3
684,1,Harris,2,34,2,0,True,3
684,2,Harris,0,9,0,0,True,3
684,3,Harris,0,45,0,0,True,3
684,4,Harris,2,16,2,0,True,3
684,5,Harris,0,20,0,0,True,3
684,6,Harris,1,23,1,0,True,3
685,0,Harris,0,50,0,0,True,3
685,1,Harris,0,2,0,0,True,3
685,2,Harris,1,38,1,0,True,3
685,3,Harris,1,18,1,0,True,3
685,4,Harris,0,54,0,0,True,3
685,5,Harris,0,20,0,0,True,3
685,6,Harris,0,28,0,0,True,3
686,0,Harris,1,49,1,0,True,3
686,1,Harris,0,38,0,0,True,3
686,2,Harris,0,17,0,0,True,3
686,3,Harris,1,15,1,0,True,3
686,4,Harris,1,10,1,0,True,3
686,5,Harris,0,13,0,0,True,3
686,6,Harris,1,10,1,0,True,3
686,7,Harris,0,20,0,0,True,3
687,0,Harris,0,4,0,0,True,3
687,1,Harris,0,13,0,0,True,3
687,2,Harris,0,23,0,0,True,3
687,3,Harris,0,6,0,0,True,3
687,4,Harris,0,7,0,0,True,3
687,5,Harris,0,34,0,0,True,3
687,6,Harris,0,1,0,0,True,3
687,7,Harris,2,29,2,0,True,3
687,8,Harris,9,42,9,0,True,3
688,0,Harris,0,11,0,0,True,3
688,1,Harris,0,50,0,0,True,3
688,2,Harris,0,22,0,0,True,3
688,3,Harris,1,13,1,0,True,3
688,4,Harris,1,37,1,0,True,3
688,5,Harris,0,20,0,0,True,3
688,6,Harris,0,25,0,0,True,3
688,7,Harris,0,25,0,0,True,3
688,8,Harris,0,1,0,0,True,3
689,0,Harris,0,6,0,0,True,3
689,1,Harris,1,54,1,0,True,3
689,2,Harris,0,16,0,0,True,3
689,3,Harris,2,29,2,0,True,3
689,4,Harris,2,28,2,0,True,3
689,5,Harris,0,11,0,0,True,3
689,6,Harris,0,12,0,0,True,3
689,7,Harris,1,13,1,0,True,3
690,0,Harris,0,13,0,0,True,3
690,1,Harris,0,11,0,0,True,3
690,2,Harris,2,16,2,0,True,3
690,3,Harris,1,20,1,0,True,3
690,4,Harris,2,32,2,0,True,3
690,5,Harris,0,2,0,0,True,3
690,6,Harris,0,5,0,0,True,3
691,0,Harris,0,5,0,0,True,3
691,1,Harris,0,10,0,0,True,3
691,2,Harris,0,23,0,0,True,3
691,3,Harris,0,5,0,0,True,3
691,4,Harris,0,17,0,0,True,3
691,5,Harris,1,17,1,0,True,3
691,6,Harris,1,26,1,0,True,3
692,0,Harris,3,53,3,0,True,3
692,1,Harris,0,3,0,0,True,3
692,2,Harris,0,27,0,0,True,3
692,3,Harris,0,7,0,0,True,3
692,4,Harris,0,53,0,0,True,3
692,5,Harris,0,63,0,0,True,3
692,6,Harris,1,58,1,0,True,3
692,7,Harris,1,31,1,0,True,3
692,8,Harris,1,52,1,0,True,3
693,0,Harris,0,0,0,0,True,3
693,1,Harris,0,16,0,0,True,3
693,2,Harris,2,25,2,0,True,3
693,3,Harris,1,19,1,0,True,3
693,4,Harris,0,19,0,0,True,3
693,5,Harris,0,0,0,0,True,3
694,0,Harris,0,24,0,0,True,3
694,1,Harris,1,6,1,0,True,3
694,2,Harris,0,22,0,0,True,3
694,3,Harris,0,33,0,0,True,3
694,4,Harris,1,35,1,0,True,3
694,5,Harris,0,3,0,0,True,3
694,6,Harris,0,3,0,0,True,3
694,7,Harris,0,26,0,0,True,3
694,8,Harris,0,27,0,0,True,3
695,0,Harris,0,17,0,0,True,3
695,1,Harris,2,39,2,0,True,3
695,2,Harris,0,4,0,0,True,3
695,3,Harris,0,17,0,0,True,3
695,4,Harris,0,15,0,0,True,3
695,5,Harris,0,1,0,0,True,3
695,6,Harris,1,10,1,0,True,3
695,7,Harris,0,16,0,0,True,3
695,8,Harris,2,50,2,0,True,3
696,0,Harris,0,3,0,0,True,3
696,1,Harris,2,29,2,0,True,3
696,2,Harris,0,2,0,0,True,3
696,3,Harris,0,2,0,0,True,3
696,4,Harris,0,24,0,0,True,3
696,5,Harris,0,10,0,0,True,3
696,6,Harris,2,49,2,0,True,3
696,7,Harris,0,23,0,0,True,3
697,0,Harris,0,27,0,0,True,3
697,1,Harris,0,13,0,0,True,3
697,2,Harris,0,13,0,0,True,3
697,3,Harris,0,7,0,0,True,3
697,4,Harris,1,25,1,0,True,3
697,5,Harris,0,4,0,0,True,3
697,6,Harris,0,7,0,0,True,3
697,7,Harris,0,15,0,0,True,3
698,0,Harris,0,8,0,0,True,3
698,1,Harris,1,19,1,0,True,3
698,2,Harris,2,51,2,0,True,3
698,3,Harris,0,20,0,0,True,3
698,4,Harris,0,12,0,0,True,3
698,5,Harris,0,10,0,0,True,3
698,6,Harris,1,54,1,0,True,3
698,7,Harris,3,36,3,0,True,3
698,8,Harris,0,4,0,0,True,3
699,0,Harris,2,18,2,0,True,3
699,1,Harris,1,8,1,0,True,3
699,2,Harris,2,11,2,0,True,3
699,3,Harris,2,6,2,0,True,3
699,4,Harris,2,29,2,0,True,3
699,5,Harris,2,36,2,0,True,3
699,6,Harris,0,11,0,0,True,3
699,7,Harris,4,16,4,0,True,3
700,0,Harris,0,10,0,0,True,3
700,1,Harris,0,13,0,0,True,3
700,2,Harris,0,6,0,0,True,3
700,3,Harris,0,6,0,0,True,3
700,4,Harris,0,5,0,0,True,3
700,5,Harris,0,2,0,0,True,3
700,6,Harris,0,15,0,0,True,3
701,0,Harris,2,38,2,0,True,3
701,1,Harris,3,35,3,0,True,3
701,2,Harris,2,41,2,0,True,3
701,3,Harris,2,24,2,0,True,3
701,4,Harris,2,9,2,0,True,3
701,5,Harris,1,48,1,0,True,3
701,6,Harris,1,39,1,0,True,3
701,7,Harris,0,5,0,0,True,3
702,0,Harris,0,2,0,0,True,3
702,1,Harris,0,7,0,0,True,3
702,2,Harris,2,25,2,0,True,3
702,3,Harris,2,23,2,0,True,3
702,4,Harris,0,21,0,0,True,3
702,5,Harris,0,1,0,0,True,3
702,6,Harris,0,10,0,0,True,3
702,7,Harris,0,10,0,0,True,3
702,8,Harris,0,3,0,0,True,3
703,0,Harris,2,26,2,0,True,3
703,1,Harris,0,26,0,0,True,3
703,2,Harris,0,26,0,0,True,3
703,3,Harris,0,5,0,0,True,3
703,4,Harris,0,5,0,0,True,3
703,5,Harris,0,15,0,0,True,3
703,6,Harris,1,9,1,0,True,3
703,7,Harris,0,13,0,0,True,3
703,8,Harris,2,26,2,0,True,3
703,9,Harris,1,13,1,0,True,3
704,0,Harris,4,32,4,0,True,3
704,1,Harris,0,53,0,0,True,3
704,2,Harris,0,5,0,0,True,3
704,3,Harris,0,23,0,0,True,3
704,4,Harris,0,10,0,0,True,3
704,5,Harris,3,44,3,0,True,3
704,6,Harris,0,3,0,0,True,3
705,0,Harris,0,12,0,0,True,3
705,1,Harris,0,7,0,0,True,3
705,2,Harris,2,11,2,0,True,3
705,3,Harris,1,47,1,0,True,3
705,4,Harris,1,12,1,0,True,3
705,5,Harris,1,51,1,0,True,3
705,6,Harris,1,56,1,0,True,3
706,0,Harris,1,36,1,0,True,3
706,1,Harris,0,18,0,0,True,3
706,2,Harris,2,23,2,0,True,3
706,3,Harris,1,17,1,0,True,3
706,4,Harris,1,36,1,0,True,3
706,5,Harris,3,37,3,0,True,3
706,6,Harris,3,11,3,0,True,3
706,7,Harris,0,7,0,0,True,3
707,0,Harris,0,4,0,0,True,3
707,1,Harris,0,19,0,0,True,3
707,2,Harris,1,5,1,0,True,3
707,3,Harris,0,5,0,0,True,3
707,4,Harris,0,8,0,0,True,3
707,5,Harris,2,11,2,0,True,3
707,6,Harris,0,13,0,0,True,3
707,7,Harris,0,8,0,0,True,3
707,8,Harris,0,7,0,0,True,3
708,0,Harris,0,4,0,0,True,3
708,1,Harris,0,49,0,0,True,3
708,2,Harris,0,38,0,0,True,3
708,3,Harris,0,1,0,0,True,3
708,4,Harris,0,7,0,0,True,3
708,5,Harris,0,10,0,0,True,3
708,6,Harris,0,3,0,0,True,3
708,7,Harris,0,28,0,0,True,3
709,0,Harris,0,3,0,0,True,3
709,1,Harris,1,9,1,0,True,3
709,2,Harris,0,30,0,0,True,3
709,3,Harris,0,12,0,0,True,3
709,4,Harris,0,17,0,0,True,3
709,5,Harris,0,16,0,0,True,3
709,6,Harris,0,24,0,0,True,3
709,7,Harris,1,7,1,0,True,3
709,8,Harris,0,4,0,0,True,3
710,0,Harris,1,20,1,0,True,3
710,1,Harris,0,3,0,0,True,3
710,2,Harris,0,2,0,0,True,3
710,3,Harris,2,50,2,0,True,3
710,4,Harris,0,23,0,0,True,3
710,5,Harris,0,4,0,0,True,3
710,6,Harris,0,30,0,0,True,3
710,7,Harris,0,17,0,0,True,3
710,8,Harris,0,9,0,0,True,3
711,0,Harris,0,23,0,0,True,3
711,1,Harris,0,14,0,0,True,3
711,2,Harris,0,1,0,0,True,3
711,3,Harris,0,3,0,0,True,3
711,4,Harris,0,6,0,0,True,3
711,5,Harris,1,24,1,0,True,3
711,6,Harris,0,3,0,0,True,3
711,7,Harris,0,9,0,0,True,3
711,8,Harris,2,11,2,0,True,3
712,0,Harris,2,38,2,0,True,3
712,1,Harris,1,16,1,0,True,3
712,2,Harris,0,17,0,0,True,3
712,3,Harris,1,13,1,0,True,3
712,4,Harris,3,36,3,0,True,3
712,5,Harris,0,4,0,0,True,3
712,6,Harris,4,49,4,0,True,3
712,7,Harris,0,3,0,0,True,3
713,0,Harris,0,12,0,0,True,3
713,1,Harris,0,2,0,0,True,3
713,2,Harris,0,18,0,0,True,3
713,3,Harris,0,34,0,0,True,3
713,4,Harris,0,23,0,0,True,3
713,5,Harris,0,39,0,0,True,3
713,6,Harris,0,13,0,0,True,3
714,0,Harris,0,2,0,0,True,3
714,1,Harris,2,19,2,0,True,3
714,2,Harris,1,11,1,0,True,3
714,3,Harris,1,34,1,0,True,3
714,4,Harris,0,16,0,0,True,3
714,5,Harris,1,14,1,0,True,3
714,6,Harris,0,13,0,0,True,3
714,7,Harris,1,13,1,0,True,3
715,0,Harris,0,3,0,0,True,3
715,1,Harris,0,11,0,0,True,3
715,2,Harris,0,6,0,0,True,3
715,3,Harris,0,20,0,0,True,3
715,4,Harris,0,35,0,0,True,3
715,5,Harris,0,14,0,0,True,3
715,6,Harris,0,42,0,0,True,3
715,7,Harris,0,1,0,0,True,3
715,8,Harris,0,3,0,0,True,3
716,0,Harris,0,4,0,0,True,3
716,1,Harris,0,12,0,0,True,3
716,2,Harris,0,10,0,0,True,3
716,3,Harris,0,21,0,0,True,3
716,4,Harris,2,29,2,0,True,3
716,5,Harris,6,42,6,0,True,3
716,6,Harris,0,18,0,0,True,3
716,7,Harris,2,11,2,0,True,3
717,0,Harris,1,19,1,0,True,3
717,1,Harris,2,23,2,0,True,3
717,2,Harris,1,8,1,0,True,3
717,3,Harris,2,8,2,0,True,3
717,4,Harris,0,10,0,0,True,3
717,5,Harris,2,12,2,0,True,3
717,6,Harris,1,10,1,0,True,3
717,7,Harris,2,21,2,0,True,3
718,0,Harris,0,46,0,0,True,3
718,1,Harris,1,9,1,0,True,3
718,2,Harris,1,11,1,0,True,3
718,3,Harris,0,13,0,0,True,3
718,4,Harris,0,7,0,0,True,3
718,5,Harris,0,5,0,0,True,3
718,6,Harris,0,12,0,0,True,3
718,7,Harris,0,14,0,0,True,3
718,8,Harris,0,12,0,0,True,3
719,0,Harris,0,6,0,0,True,3
719,1,Harris,1,30,1,0,True,3
719,2,Harris,0,2,0,0,True,3
719,3,Harris,0,8,0,0,True,3
719,4,Harris,0,25,0,0,True,3
719,5,Harris,0,3,0,0,True,3
719,6,Harris,0,2,0,0,True,3
719,7,Harris,0,7,0,0,True,3
719,8,Harris,1,9,1,0,True,3
720,0,Harris,0,9,0,0,True,3
720,1,Harris,0,9,0,0,True,3
720,2,Harris,0,52,0,0,True,3
720,3,Harris,0,8,0,0,True,3
720,4,Harris,0,57,0,0,True,3
721,0,Harris,1,20,1,0,True,3
721,1,Harris,0,17,0,0,True,3
721,2,Harris,0,28,0,0,True,3
721,3,Harris,0,1,0,0,True,3
721,4,Harris,0,13,0,0,True,3
721,5,Harris,0,27,0,0,True,3
721,6,Harris,0,18,0,0,True,3
721,7,Harris,0,15,0,0,True,3
721,8,Harris,0,15,0,0,True,3
721,9,Harris,0,5,0,0,True,3
722,0,Harris,0,10,0,0,True,3
722,1,Harris,2,24,2,0,True,3
722,2,Harris,2,22,2,0,True,3
722,3,Harris,0,10,0,0,True,3
722,4,Harris,0,4,0,0,True,3
722,5,Harris,1,3,1,0,True,3
722,6,Harris,0,5,0,0,True,3
723,0,Harris,2,15,2,0,True,3
723,1,Harris,0,3,0,0,True,3
723,2,Harris,1,6,1,0,True,3
723,3,Harris,0,21,0,0,True,3
723,4,Harris,0,12,0,0,True,3
723,5,Harris,0,4,0,0,True,3
723,6,Harris,2,42,2,0,True,3
723,7,Harris,0,17,0,0,True,3
723,8,Harris,0,6,0,0,True,3
724,0,Harris,0,22,0,0,True,3
724,1,Harris,0,2,0,0,True,3
724,2,Harris,1,13,1,0,True,3
724,3,Harris,1,8,1,0,True,3
724,4,Harris,0,45,0,0,True,3
724,5,Harris,1,12,1,0,True,3
724,6,Harris,2,50,2,0,True,3
725,0,Harris,2,5,2,0,True,3
725,1,Harris,2,5,2,0,True,3
725,2,Harris,2,7,2,0,True,3
725,3,Harris,2,4,2,0,True,3
725,4,Harris,1,3,1,0,True,3
725,5,Harris,2,15,2,0,True,3
725,6,Harris,2,8,2,0,True,3
726,0,Harris,0,21,0,0,True,3
726,1,Harris,2,23,2,0,True,3
726,2,Harris,0,19,0,0,True,3
726,3,Harris,0,46,0,0,True,3
726,4,Harris,0,12,0,0,True,3
726,5,Harris,0,1,0,0,True,3
726,6,Harris,0,6,0,0,True,3
726,7,Harris,0,0,0,0,True,3
727,0,Harris,1,11,1,0,True,3
727,1,Harris,0,2,0,0,True,3
727,2,Harris,0,15,0,0,True,3
727,3,Harris,1,27,1,0,True,3
727,4,Harris,0,17,0,0,True,3
727,5,Harris,0,19,0,0,True,3
727,6,Harris,1,8,1,0,True,3
727,7,Harris,0,26,0,0,True,3
728,0,Harris,0,7,0,0,True,3
728,1,Harris,0,23,0,0,True,3
728,2,Harris,0,21,0,0,True,3
728,3,Harris,0,46,0,0,True,3
728,4,Harris,0,5,0,0,True,3
728,5,Harris,1,13,1,0,True,3
728,6,Harris,1,16,1,0,True,3
728,7,Harris,0,17,0,0,True,3
729,0,Harris,2,4,2,0,True,3
729,1,Harris,0,7,0,0,True,3
729,2,Harris,0,34,0,0,True,3
729,3,Harris,0,17,0,0,True,3
729,4,Harris,0,3,0,0,True,3
729,5,Harris,0,4,0,0,True,3
729,6,Harris,0,4,0,0,True,3
729,7,Harris,1,18,1,0,True,3
729,8,Harris,1,19,1,0,True,3
730,0,Harris,0,7,0,0,True,3
730,1,Harris,0,23,0,0,True,3
730,2,Harris,0,45,0,0,True,3
730,3,Harris,0,10,0,0,True,3
730,4,Harris,0,12,0,0,True,3
730,5,Harris,0,10,0,0,True,3
730,6,Harris,0,4,0,0,True,3
731,0,Harris,0,3,0,0,True,3
731,1,Harris,0,6,0,0,True,3
731,2,Harris,0,15,0,0,True,3
731,3,Harris,0,13,0,0,True,3
731,4,Harris,0,30,0,0,True,3
731,5,Harris,0,15,0,0,True,3
731,6,Harris,0,4,0,0,True,3
731,7,Harris,0,4,0,0,True,3
732,0,Harris,1,16,1,0,True,3
732,1,Harris,0,3,0,0,True,3
732,2,Harris,0,22,0,0,True,3
732,3,Harris,0,23,0,0,True,3
732,4,Harris,0,27,0,0,True,3
732,5,Harris,0,23,0,0,True,3
732,6,Harris,1,12,1,0,True,3
732,7,Harris,1,23,1,0,True,3
732,8,Harris,0,1,0,0,True,3
733,0,Harris,0,12,0,0,True,3
733,1,Harris,2,24,2,0,True,3
733,2,Harris,3,38,3,0,True,3
733,3,Harris,1,18,1,0,True,3
733,4,Harris,1,6,1,0,True,3
733,5,Harris,2,51,2,0,True,3
733,6,Harris,2,26,2,0,True,3
734,0,Harris,0,4,0,0,True,3
734,1,Harris,0,9,0,0,True,3
734,2,Harris,0,22,0,0,True,3
734,3,Harris,2,25,2,0,True,3
734,4,Harris,0,4,0,0,True,3
734,5,Harris,0,4,0,0,True,3
734,6,Harris,0,2,0,0,True,3
734,7,Harris,0,4,0,0,True,3
735,0,Harris,0,4,0,0,True,3
735,1,Harris,0,3,0,0,True,3
735,2,Harris,0,3,0,0,True,3
735,3,Harris,0,2,0,0,True,3
735,4,Harris,1,43,1,0,True,3
735,5,Harris,0,2,0,0,True,3
736,0,Harris,0,30,0,0,True,3
736,1,Harris,0,30,0,0,True,3
736,2,Harris,0,26,0,0,True,3
736,3,Harris,0,27,0,0,True,3
736,4,Harris,0,31,0,0,True,3
736,5,Harris,0,27,0,0,True,3
736,6,Harris,2,25,2,0,True,3
737,0,Harris,1,13,1,0,True,3
737,1,Harris,1,13,1,0,True,3
737,2,Harris,1,20,1,0,True,3
737,3,Harris,2,14,2,0,True,3
737,4,Harris,0,15,0,0,True,3
737,5,Harris,0,16,0,0,True,3
737,6,Harris,0,4,0,0,True,3
738,0,Harris,0,5,0,0,True,3
738,1,Harris,0,16,0,0,True,3
738,2,Harris,0,18,0,0,True,3
738,3,Harris,0,3,0,0,True,3
738,4,Harris,0,7,0,0,True,3
738,5,Harris,0,15,0,0,True,3
738,6,Harris,7,40,7,0,True,3
739,0,Harris,3,57,3,0,True,3
739,1,Harris,0,10,0,0,True,3
739,2,Harris,0,14,0,0,True,3
739,3,Harris,2,15,2,0,True,3
739,4,Harris,0,17,0,0,True,3
739,5,Harris,0,11,0,0,True,3
739,6,Harris,2,11,2,0,True,3
739,7,Harris,0,7,0,0,True,3
739,8,Harris,2,38,2,0,True,3
740,0,Harris,0,5,0,0,True,3
740,1,Harris,0,13,0,0,True,3
740,2,Harris,0,36,0,0,True,3
740,3,Harris,0,15,0,0,True,3
740,4,Harris,0,5,0,0,True,3
740,5,Harris,2,11,2,0,True,3
740,6,Harris,0,4,0,0,True,3
740,7,Harris,0,19,0,0,True,3
740,8,Harris,1,26,1,0,True,3
741,0,Harris,0,8,0,0,True,3
741,1,Harris,0,30,0,0,True,3
741,2,Harris,0,14,0,0,True,3
741,3,Harris,0,5,0,0,True,3
741,4,Harris,0,2,0,0,True,3
741,5,Harris,0,3,0,0,True,3
741,6,Harris,2,26,2,0,True,3
741,7,Harris,0,9,0,0,True,3
741,8,Harris,0,15,0,0,True,3
741,9,Harris,1,11,1,0,True,3
742,0,Harris,0,38,0,0,True,3
742,1,Harris,0,16,0,0,True,3
742,2,Harris,0,18,0,0,True,3
742,3,Harris,0,5,0,0,True,3
742,4,Harris,0,4,0,0,True,3
742,5,Harris,0,1,0,0,True,3
742,6,Harris,0,4,0,0,True,3
742,7,Harris,0,0,0,0,True,3
743,0,Harris,0,5,0,0,True,3
743,1,Harris,2,25,2,0,True,3
743,2,Harris,0,27,0,0,True,3
743,3,Harris,0,7,0,0,True,3
743,4,Harris,0,1,0,0,True,3
743,5,Harris,1,19,1,0,True,3
743,6,Harris,2,18,2,0,True,3
743,7,Harris,0,19,0,0,True,3
744,0,Harris,2,6,2,0,True,3
744,1,Harris,0,28,0,0,True,3
744,2,Harris,0,2,0,0,True,3
744,3,Harris,1,15,1,0,True,3
744,4,Harris,0,4,0,0,True,3
744,5,Harris,0,1,0,0,True,3
744,6,Harris,0,10,0,0,True,3
744,7,Harris,0,25,0,0,True,3
744,8,Harris,0,8,0,0,True,3
745,0,Harris,1,55,1,0,True,3
745,1,Harris,0,6,0,0,True,3
745,2,Harris,0,16,0,0,True,3
745,3,Harris,0,34,0,0,True,3
745,4,Harris,0,24,0,0,True,3
745,5,Harris,0,7,0,0,True,3
745,6,Harris,2,50,2,0,True,3
745,7,Harris,0,23,0,0,True,3
746,0,Harris,2,8,2,0,True,3
746,1,Harris,3,20,3,0,True,3
746,2,Harris,3,27,3,0,True,3
746,3,Harris,1,53,1,0,True,3
746,4,Harris,2,34,2,0,True,3
746,5,Harris,1,11,1,0,True,3
746,6,Harris,0,7,0,0,True,3
747,0,Harris,0,23,0,0,True,3
747,1,Harris,0,0,0,0,True,3
747,2,Harris,0,8,0,0,True,3
747,3,Harris,0,15,0,0,True,3
747,4,Harris,0,11,0,0,True,3
747,5,Harris,4,30,4,0,True,3
747,6,Harris,2,26,2,0,True,3
747,7,Harris,0,2,0,0,True,3
747,8,Harris,0,26,0,0,True,3
747,9,Harris,0,30,0,0,True,3
748,0,Harris,1,58,1,0,True,3
748,1,Harris,2,37,2,0,True,3
748,2,Harris,2,46,2,0,True,3
748,3,Harris,3,33,3,0,True,3
748,4,Harris,0,23,0,0,True,3
748,5,Harris,0,23,0,0,True,3
748,6,Harris,0,22,0,0,True,3
749,0,Harris,2,15,2,0,True,3
749,1,Harris,0,16,0,0,True,3
749,2,Harris,2,22,2,0,True,3
749,3,Harris,0,17,0,0,True,3
749,4,Harris,0,13,0,0,True,3
749,5,Harris,0,22,0,0,True,3
749,6,Harris,0,6,0,0,True,3
750,0,Harris,0,11,0,0,True,3
750,1,Harris,0,30,0,0,True,3
750,2,Harris,0,8,0,0,True,3
750,3,Harris,0,12,0,0,True,3
750,4,Harris,0,3,0,0,True,3
750,5,Harris,0,7,0,0,True,3
750,6,Harris,0,2,0,0,True,3
750,7,Harris,0,15,0,0,True,3
750,8,Harris,0,2,0,0,True,3
751,0,Harris,0,48,0,0,True,3
751,1,Harris,0,25,0,0,True,3
751,2,Harris,0,9,0,0,True,3
751,3,Harris,0,2,0,0,True,3
751,4,Harris,0,17,0,0,True,3
751,5,Harris,2,23,2,0,True,3
751,6,Harris,0,4,0,0,True,3
751,7,Harris,0,30,0,0,True,3
752,0,Harris,0,1,0,0,True,3
752,1,Harris,0,1,0,0,True,3
752,2,Harris,2,10,2,0,True,3
752,3,Harris,2,7,2,0,True,3
752,4,Harris,1,14,1,0,True,3
752,5,Harris,1,10,1,0,True,3
752,6,Harris,0,1,0,0,True,3
752,7,Harris,3,8,3,0,True,3
753,0,Harris,1,46,1,0,True,3
753,1,Harris,1,52,1,0,True,3
753,2,Harris,0,14,0,0,True,3
753,3,Harris,0,36,0,0,True,3
753,4,Harris,0,17,0,0,True,3
753,5,Harris,0,25,0,0,True,3
753,6,Harris,0,7,0,0,True,3
754,0,Harris,1,15,1,0,True,3
754,1,Harris,1,40,1,0,True,3
754,2,Harris,1,18,1,0,True,3
754,3,Harris,3,50,3,0,True,3
754,4,Harris,2,17,2,0,True,3
754,5,Harris,0,4,0,0,True,3
754,6,Harris,1,33,1,0,True,3
754,7,Harris,1,20,1,0,True,3
754,8,Harris,0,12,0,0,True,3
755,0,Harris,1,57,1,0,True,3
755,1,Harris,2,33,2,0,True,3
755,2,Harris,2,50,2,0,True,3
755,3,Harris,2,29,2,0,True,3
755,4,Harris,2,28,2,0,True,3
755,5,Harris,0,6,0,0,True,3
756,0,Harris,0,13,0,0,True,3
756,1,Harris,0,30,0,0,True,3
756,2,Harris,0,20,0,0,True,3
756,3,Harris,0,18,0,0,True,3
756,4,Harris,0,22,0,0,True,3
756,5,Harris,0,5,0,0,True,3
756,6,Harris,1,13,1,0,True,3
756,7,Harris,1,31,1,0,True,3
757,0,Harris,2,18,2,0,True,3
757,1,Harris,0,8,0,0,True,3
757,2,Harris,1,27,1,0,True,3
757,3,Harris,0,5,0,0,True,3
757,4,Harris,2,15,2,0,True,3
757,5,Harris,0,40,0,0,True,3
757,6,Harris,0,19,0,0,True,3
757,7,Harris,1,24,1,0,True,3
758,0,Harris,0,5,0,0,True,3
758,1,Harris,0,4,0,0,True,3
758,2,Harris,0,3,0,0,True,3
758,3,Harris,0,3,0,0,True,3
758,4,Harris,0,6,0,0,True,3
758,5,Harris,0,3,0,0,True,3
758,6,Harris,0,9,0,0,True,3
758,7,Harris,0,23,0,0,True,3
758,8,Harris,0,8,0,0,True,3
759,0,Harris,1,18,1,0,True,3
759,1,Harris,0,10,0,0,True,3
759,2,Harris,0,9,0,0,True,3
759,3,Harris,0,18,0,0,True,3
759,4,Harris,0,7,0,0,True,3
759,5,Harris,0,6,0,0,True,3
759,6,Harris,0,3,0,0,True,3
759,7,Harris,0,6,0,0,True,3
760,0,Harris,0,43,0,0,True,3
760,1,Harris,0,9,0,0,True,3
760,2,Harris,0,13,0,0,True,3
760,3,Harris,0,3,0,0,True,3
760,4,Harris,0,3,0,0,True,3
760,5,Harris,2,29,2,0,True,3
760,6,Harris,0,18,0,0,True,3
760,7,Harris,0,5,0,0,True,3
761,0,Harris,0,51,0,0,True,3
761,1,Harris,1,58,1,0,True,3
761,2,Harris,0,53,0,0,True,3
761,3,Harris,0,1,0,0,True,3
761,4,Harris,0,48,0,0,True,3
761,5,Harris,0,23,0,0,True,3
761,6,Harris,1,24,1,0,True,3
761,7,Harris,0,8,0,0,True,3
762,0,Harris,1,10,1,0,True,3
762,1,Harris,0,0,0,0,True,3
762,2,Harris,1,9,1,0,True,3
762,3,Harris,0,26,0,0,True,3
762,4,Harris,0,9,0,0,True,3
762,5,Harris,0,44,0,0,True,3
762,6,Harris,2,40,2,0,True,3
762,7,Harris,0,21,0,0,True,3
763,0,Harris,1,42,1,0,True,3
763,1,Harris,0,13,0,0,True,3
763,2,Harris,1,22,1,0,True,3
763,3,Harris,0,11,0,0,True,3
763,4,Harris,0,5,0,0,True,3
763,5,Harris,2,23,2,0,True,3
763,6,Harris,0,0,0,0,True,3
764,0,Harris,1,22,1,0,True,3
764,1,Harris,0,5,0,0,True,3
764,2,Harris,1,20,1,0,True,3
764,3,Harris,2,44,2,0,True,3
764,4,Harris,0,4,0,0,True,3
764,5,Harris,1,18,1,0,True,3
764,6,Harris,2,11,2,0,True,3
765,0,Harris,0,17,0,0,True,3
765,1,Harris,1,55,1,0,True,3
765,2,Harris,0,26,0,0,True,3
765,3,Harris,0,9,0,0,True,3
765,4,Harris,1,40,1,0,True,3
765,5,Harris,2,48,2,0,True,3
765,6,Harris,0,19,0,0,True,3
765,7,Harris,0,12,0,0,True,3
765,8,Harris,0,17,0,0,True,3
766,0,Harris,0,6,0,0,True,3
766,1,Harris,0,0,0,0,True,3
766,2,Harris,0,21,0,0,True,3
766,3,Harris,1,4,1,0,True,3
766,4,Harris,0,27,0,0,True,3
766,5,Harris,2,50,2,0,True,3
767,0,Harris,0,7,0,0,True,3
767,1,Harris,0,19,0,0,True,3
767,2,Harris,0,13,0,0,True,3
767,3,Harris,1,21,1,0,True,3
767,4,Harris,2,17,2,0,True,3
767,5,Harris,0,10,0,0,True,3
767,6,Harris,0,13,0,0,True,3
767,7,Harris,0,17,0,0,True,3
767,8,Harris,0,13,0,0,True,3
768,0,Harris,0,6,0,0,True,3
768,1,Harris,0,9,0,0,True,3
768,2,Harris,0,9,0,0,True,3
768,3,Harris,0,4,0,0,True,3
768,4,Harris,2,4,2,0,True,3
768,5,Harris,0,8,0,0,True,3
769,0,Harris,1,33,1,0,True,3
769,1,Harris,0,10,0,0,True,3
769,2,Harris,0,11,0,0,True,3
769,3,Harris,2,24,2,0,True,3
769,4,Harris,2,11,2,0,True,3
769,5,Harris,1,35,1,0,True,3
769,6,Harris,0,26,0,0,True,3
769,7,Harris,0,6,0,0,True,3
769,8,Harris,1,57,1,0,True,3
770,0,Harris,0,7,0,0,True,3
770,1,Harris,0,18,0,0,True,3
770,2,Harris,1,21,1,0,True,3
770,3,Harris,0,2,0,0,True,3
770,4,Harris,0,9,0,0,True,3
770,5,Harris,0,24,0,0,True,3
770,6,Harris,0,6,0,0,True,3
770,7,Harris,0,12,0,0,True,3
771,0,Harris,0,7,0,0,True,3
771,1,Harris,0,25,0,0,True,3
771,2,Harris,0,5,0,0,True,3
771,3,Harris,0,17,0,0,True,3
771,4,Harris,2,41,2,0,True,3
771,5,Harris,0,22,0,0,True,3
771,6,Harris,3,14,3,0,True,3
771,7,Harris,0,3,0,0,True,3
771,8,Harris,0,6,0,0,True,3
772,0,Harris,0,52,0,0,True,3
772,1,Harris,0,9,0,0,True,3
772,2,Harris,0,48,0,0,True,3
772,3,Harris,2,33,2,0,True,3
772,4,Harris,0,42,0,0,True,3
772,5,Harris,0,23,0,0,True,3
772,6,Harris,0,15,0,0,True,3
772,7,Harris,2,53,2,0,True,3
772,8,Harris,0,11,0,0,True,3
772,9,Harris,0,9,0,0,True,3
773,0,Harris,0,20,0,0,True,3
773,1,Harris,0,22,0,0,True,3
773,2,Harris,0,27,0,0,True,3
773,3,Harris,0,17,0,0,True,3
773,4,Harris,0,8,0,0,True,3
773,5,Harris,0,23,0,0,True,3
773,6,Harris,0,8,0,0,True,3
773,7,Harris,3,41,3,0,True,3
773,8,Harris,0,5,0,0,True,3
774,0,Harris,0,1,0,0,True,3
774,1,Harris,0,13,0,0,True,3
774,2,Harris,0,15,0,0,True,3
774,3,Harris,0,17,0,0,True,3
774,4,Harris,0,19,0,0,True,3
774,5,Harris,0,16,0,0,True,3
774,6,Harris,0,12,0,0,True,3
774,7,Harris,0,2,0,0,True,3
774,8,Harris,0,3,0,0,True,3
775,0,Harris,0,42,0,0,True,3
775,1,Harris,0,12,0,0,True,3
775,2,Harris,1,21,1,0,True,3
775,3,Harris,0,15,0,0,True,3
775,4,Harris,0,23,0,0,True,3
775,5,Harris,0,8,0,0,True,3
775,6,Harris,0,2,0,0,True,3
775,7,Harris,0,3,0,0,True,3
775,8,Harris,0,24,0,0,True,3
776,0,Harris,0,23,0,0,True,3
776,1,Harris,1,16,1,0,True,3
776,2,Harris,0,13,0,0,True,3
776,3,Harris,0,21,0,0,True,3
776,4,Harris,0,15,0,0,True,3
776,5,Harris,0,18,0,0,True,3
776,6,Harris,0,16,0,0,True,3
776,7,Harris,0,37,0,0,True,3
777,0,Harris,1,23,1,0,True,3
777,1,Harris,0,10,0,0,True,3
777,2,Harris,0,33,0,0,True,3
777,3,Harris,0,7,0,0,True,3
777,4,Harris,1,20,1,0,True,3
777,5,Harris,0,6,0,0,True,3
777,6,Harris,0,25,0,0,True,3
777,7,Harris,0,5,0,0,True,3
778,0,Harris,1,9,1,0,True,3
778,1,Harris,0,12,0,0,True,3
778,2,Harris,0,2,0,0,True,3
778,3,Harris,2,29,2,0,True,3
778,4,Harris,0,20,0,0,True,3
778,5,Harris,0,2,0,0,True,3
779,0,Harris,1,46,1,0,True,3
779,1,Harris,1,11,1,0,True,3
779,2,Harris,2,44,2,0,True,3
779,3,Harris,2,51,2,0,True,3
779,4,Harris,2,48,2,0,True,3
779,5,Harris,2,33,2,0,True,3
779,6,Harris,2,24,2,0,True,3
779,7,Harris,4,49,4,0,True,3
780,0,Harris,0,4,0,0,True,3
780,1,Harris,0,5,0,0,True,3
780,2,Harris,0,2,0,0,True,3
780,3,Harris,0,32,0,0,True,3
780,4,Harris,0,30,0,0,True,3
780,5,Harris,0,20,0,0,True,3
780,6,Harris,0,13,0,0,True,3
780,7,Harris,5,45,5,0,True,3
780,8,Harris,0,23,0,0,True,3
781,0,Harris,0,5,0,0,True,3
781,1,Harris,0,9,0,0,True,3
781,2,Harris,0,30,0,0,True,3
781,3,Harris,0,12,0,0,True,3
781,4,Harris,0,24,0,0,True,3
781,5,Harris,0,15,0,0,True,3
781,6,Harris,1,23,1,0,True,3
781,7,Harris,0,3,0,0,True,3
782,0,Harris,2,24,2,0,True,3
782,1,Harris,1,27,1,0,True,3
782,2,Harris,1,14,1,0,True,3
782,3,Harris,1,42,1,0,True,3
782,4,Harris,1,1,1,0,True,3
782,5,Harris,1,28,1,0,True,3
782,6,Harris,0,10,0,0,True,3
782,7,Harris,1,16,1,0,True,3
783,0,Harris,0,1,0,0,True,3
783,1,Harris,0,21,0,0,True,3
783,2,Harris,0,20,0,0,True,3
783,3,Harris,2,26,2,0,True,3
783,4,Harris,1,27,1,0,True,3
783,5,Harris,0,20,0,0,True,3
783,6,Harris,1,16,1,0,True,3
783,7,Harris,0,5,0,0,True,3
784,0,Harris,0,5,0,0,True,3
784,1,Harris,3,38,3,0,True,3
784,2,Harris,0,25,0,0,True,3
784,3,Harris,2,36,2,0,True,3
784,4,Harris,0,13,0,0,True,3
784,5,Harris,2,16,2,0,True,3
784,6,Harris,0,5,0,0,True,3
785,0,Harris,0,6,0,0,True,3
785,1,Harris,0,13,0,0,True,3
785,2,Harris,0,4,0,0,True,3
785,3,Harris,0,6,0,0,True,3
785,4,Harris,0,8,0,0,True,3
785,5,Harris,1,9,1,0,True,3
785,6,Harris,1,5,1,0,True,3
785,7,Harris,2,12,2,0,True,3
786,0,Harris,0,3,0,0,True,3
786,1,Harris,0,19,0,0,True,3
786,2,Harris,0,11,0,0,True,3
786,3,Harris,0,41,0,0,True,3
786,4,Harris,2,45,2,0,True,3
786,5,Harris,0,17,0,0,True,3
786,6,Harris,0,24,0,0,True,3
786,7,Harris,0,48,0,0,True,3
787,0,Harris,1,53,1,0,True,3
787,1,Harris,1,10,1,0,True,3
787,2,Harris,2,51,2,0,True,3
787,3,Harris,0,1,0,0,True,3
787,4,Harris,0,4,0,0,True,3
787,5,Harris,0,13,0,0,True,3
787,6,Harris,0,16,0,0,True,3
788,0,Harris,0,12,0,0,True,3
788,1,Harris,2,37,2,0,True,3
788,2,Harris,0,15,0,0,True,3
788,3,Harris,0,4,0,0,True,3
788,4,Harris,0,18,0,0,True,3
788,5,Harris,1,9,1,0,True,3
788,6,Harris,0,20,0,0,True,3
788,7,Harris,0,13,0,0,True,3
788,8,Harris,0,16,0,0,True,3
789,0,Harris,2,2,2,0,True,3
789,1,Harris,2,22,2,0,True,3
789,2,Harris,0,56,0,0,True,3
789,3,Harris,1,50,1,0,True,3
789,4,Harris,3,57,3,0,True,3
789,5,Harris,2,31,2,0,True,3
789,6,Harris,2,15,2,0,True,3
790,0,Harris,2,9,2,0,True,3
790,1,Harris,0,10,0,0,True,3
790,2,Harris,1,24,1,0,True,3
790,3,Harris,1,56,1,0,True,3
790,4,Harris,2,20,2,0,True,3
790,5,Harris,2,13,2,0,True,3
790,6,Harris,0,15,0,0,True,3
790,7,Harris,0,19,0,0,True,3
790,8,Harris,1,30,1,0,True,3
791,0,Harris,0,48,0,0,True,3
791,1,Harris,0,50,0,0,True,3
791,2,Harris,0,37,0,0,True,3
791,3,Harris,0,36,0,0,True,3
791,4,Harris,0,23,0,0,True,3
791,5,Harris,0,16,0,0,True,3
791,6,Harris,1,40,1,0,True,3
792,0,Harris,0,14,0,0,True,3
792,1,Harris,0,0,0,0,True,3
792,2,Harris,0,13,0,0,True,3
792,3,Harris,0,10,0,0,True,3
792,4,Harris,0,22,0,0,True,3
792,5,Harris,0,35,0,0,True,3
793,0,Harris,1,53,1,0,True,3
793,1,Harris,2,17,2,0,True,3
793,2,Harris,4,50,4,0,True,3
793,3,Harris,2,43,2,0,True,3
793,4,Harris,2,49,2,0,True,3
793,5,Harris,4,42,4,0,True,3
793,6,Harris,4,52,4,0,True,3
793,7,Harris,2,43,2,0,True,3
794,0,Harris,0,0,0,0,True,3
794,1,Harris,0,38,0,0,True,3
794,2,Harris,0,10,0,0,True,3
794,3,Harris,0,14,0,0,True,3
794,4,Harris,3,44,3,0,True,3
794,5,Harris,0,21,0,0,True,3
794,6,Harris,0,5,0,0,True,3
794,7,Harris,0,5,0,0,True,3
794,8,Harris,0,5,0,0,True,3
795,0,Harris,2,15,2,0,True,3
795,1,Harris,1,9,1,0,True,3
795,2,Harris,0,39,0,0,True,3
795,3,Harris,0,27,0,0,True,3
795,4,Harris,0,2,0,0,True,3
795,5,Harris,1,3,1,0,True,3
795,6,Harris,2,31,2,0,True,3
796,0,Harris,0,3,0,0,True,3
796,1,Harris,0,14,0,0,True,3
796,2,Harris,0,35,0,0,True,3
796,3,Harris,0,5,0,0,True,3
796,4,Harris,0,22,0,0,True,3
796,5,Harris,0,39,0,0,True,3
796,6,Harris,0,3,0,0,True,3
796,7,Harris,0,7,0,0,True,3
796,8,Harris,0,14,0,0,True,3
797,0,Harris,1,21,1,0,True,3
797,1,Harris,0,3,0,0,True,3
797,2,Harris,2,12,2,0,True,3
797,3,Harris,0,19,0,0,True,3
797,4,Harris,2,7,2,0,True,3
797,5,Harris,3,49,3,0,True,3
797,6,Harris,0,9,0,0,True,3
797,7,Harris,0,8,0,0,True,3
797,8,Harris,0,13,0,0,True,3
798,0,Harris,1,9,1,0,True,3
798,1,Harris,1,43,1,0,True,3
798,2,Harris,1,9,1,0,True,3
798,3,Harris,1,9,1,0,True,3
798,4,Harris,0,7,0,0,True,3
798,5,Harris,0,14,0,0,True,3
798,6,Harris,1,14,1,0,True,3
798,7,Harris,2,11,2,0,True,3
799,0,Harris,2,41,2,0,True,3
799,1,Harris,0,22,0,0,True,3
799,2,Harris,1,9,1,0,True,3
799,3,Harris,0,21,0,0,True,3
799,4,Harris,1,9,1,0,True,3
799,5,Harris,0,9,0,0,True,3
799,6,Harris,0,19,0,0,True,3
800,0,Harris,0,20,0,0,True,3
800,1,Harris,0,17,0,0,True,3
800,2,Harris,0,5,0,0,True,3
800,3,Harris,1,3,1,0,True,3
800,4,Harris,0,10,0,0,True,3
800,5,Harris,0,20,0,0,True,3
800,6,Harris,1,17,1,0,True,3
800,7,Harris,0,9,0,0,True,3
800,8,Harris,0,11,0,0,True,3
800,9,Harris,0,16,0,0,True,3
801,0,Harris,0,7,0,0,True,3
801,1,Harris,0,30,0,0,True,3
801,2,Harris,0,4,0,0,True,3
801,3,Harris,0,3,0,0,True,3
801,4,Harris,0,14,0,0,True,3
801,5,Harris,0,8,0,0,True,3
801,6,Harris,0,4,0,0,True,3
801,7,Harris,0,1,0,0,True,3
801,8,Harris,0,13,0,0,True,3
801,9,Harris,0,33,0,0,True,3
802,0,Harris,1,58,1,0,True,3
802,1,Harris,2,28,2,0,True,3
802,2,Harris,0,12,0,0,True,3
802,3,Harris,2,6,2,0,True,3
802,4,Harris,0,2,0,0,True,3
802,5,Harris,1,17,1,0,True,3
803,0,Harris,1,25,1,0,True,3
803,1,Harris,2,32,2,0,True,3
803,2,Harris,2,50,2,0,True,3
803,3,Harris,2,45,2,0,True,3
803,4,Harris,2,10,2,0,True,3
803,5,Harris,2,15,2,0,True,3
803,6,Harris,2,39,2,0,True,3
804,0,Harris,2,30,2,0,True,3
804,1,Harris,0,6,0,0,True,3
804,2,Harris,0,55,0,0,True,3
804,3,Harris,0,10,0,0,True,3
804,4,Harris,0,23,0,0,True,3
804,5,Harris,0,27,0,0,True,3
804,6,Harris,0,18,0,0,True,3
804,7,Harris,0,22,0,0,True,3
804,8,Harris,2,25,2,0,True,3
805,0,Harris,0,10,0,0,True,3
805,1,Harris,0,30,0,0,True,3
805,2,Harris,1,41,1,0,True,3
805,3,Harris,0,27,0,0,True,3
805,4,Harris,0,3,0,0,True,3
805,5,Harris,0,8,0,0,True,3
805,6,Harris,0,18,0,0,True,3
806,0,Harris,0,11,0,0,True,3
806,1,Harris,0,4,0,0,True,3
806,2,Harris,1,49,1,0,True,3
806,3,Harris,1,39,1,0,True,3
806,4,Harris,1,19,1,0,True,3
806,5,Harris,1,32,1,0,True,3
806,6,Harris,0,2,0,0,True,3
807,0,Harris,0,8,0,0,True,3
807,1,Harris,0,26,0,0,True,3
807,2,Harris,0,25,0,0,True,3
807,3,Harris,0,8,0,0,True,3
807,4,Harris,0,31,0,0,True,3
807,5,Harris,1,6,1,0,True,3
807,6,Harris,0,6,0,0,True,3
807,7,Harris,1,22,1,0,True,3
808,0,Harris,0,13,0,0,True,3
808,1,Harris,0,21,0,0,True,3
808,2,Harris,0,11,0,0,True,3
808,3,Harris,0,15,0,0,True,3
808,4,Harris,0,27,0,0,True,3
808,5,Harris,0,12,0,0,True,3
808,6,Harris,0,7,0,0,True,3
808,7,Harris,0,18,0,0,True,3
808,8,Harris,0,22,0,0,True,3
809,0,Harris,1,13,1,0,True,3
809,1,Harris,1,28,1,0,True,3
809,2,Harris,3,29,3,0,True,3
809,3,Harris,2,36,2,0,True,3
809,4,Harris,4,49,4,0,True,3
809,5,Harris,2,31,2,0,True,3
809,6,Harris,0,10,0,0,True,3
809,7,Harris,0,7,0,0,True,3
810,0,Harris,1,40,1,0,True,3
810,1,Harris,0,24,0,0,True,3
810,2,Harris,1,49,1,0,True,3
810,3,Harris,0,5,0,0,True,3
810,4,Harris,0,16,0,0,True,3
810,5,Harris,0,0,0,0,True,3
810,6,Harris,0,49,0,0,True,3
810,7,Harris,0,24,0,0,True,3
811,0,Harris,1,24,1,0,True,3
811,1,Harris,1,47,1,0,True,3
811,2,Harris,0,33,0,0,True,3
811,3,Harris,0,10,0,0,True,3
811,4,Harris,0,24,0,0,True,3
811,5,Harris,1,32,1,0,True,3
811,6,Harris,2,35,2,0,True,3
811,7,Harris,1,50,1,0,True,3
811,8,Harris,1,18,1,0,True,3
812,0,Harris,0,7,0,0,True,3
812,1,Harris,1,44,1,0,True,3
812,2,Harris,2,12,2,0,True,3
812,3,Harris,0,23,0,0,True,3
812,4,Harris,2,13,2,0,True,3
813,0,Harris,3,22,3,0,True,3
813,1,Harris,0,18,0,0,True,3
813,2,Harris,0,4,0,0,True,3
813,3,Harris,0,11,0,0,True,3
813,4,Harris,0,14,0,0,True,3
813,5,Harris,1,2,1,0,True,3
813,6,Harris,0,5,0,0,True,3
813,7,Harris,0,5,0,0,True,3
813,8,Harris,0,4,0,0,True,3
813,9,Harris,0,22,0,0,True,3
814,0,Harris,2,21,2,0,True,3
814,1,Harris,0,55,0,0,True,3
814,2,Harris,0,14,0,0,True,3
814,3,Harris,0,21,0,0,True,3
814,4,Harris,0,29,0,0,True,3
814,5,Harris,0,11,0,0,True,3
814,6,Harris,0,15,0,0,True,3
814,7,Harris,0,7,0,0,True,3
815,0,Harris,0,4,0,0,True,3
815,1,Harris,0,9,0,0,True,3
815,2,Harris,2,13,2,0,True,3
815,3,Harris,2,30,2,0,True,3
815,4,Harris,0,7,0,0,True,3
815,5,Harris,0,7,0,0,True,3
815,6,Harris,0,5,0,0,True,3
815,7,Harris,0,7,0,0,True,3
816,0,Harris,2,17,2,0,True,3
816,1,Harris,0,10,0,0,True,3
816,2,Harris,1,8,1,0,True,3
816,3,Harris,1,32,1,0,True,3
816,4,Harris,1,11,1,0,True,3
816,5,Harris,1,23,1,0,True,3
816,6,Harris,1,2,1,0,True,3
817,0,Harris,4,39,4,0,True,3
817,1,Harris,4,33,4,0,True,3
817,2,Harris,2,49,2,0,True,3
817,3,Harris,4,35,4,0,True,3
817,4,Harris,1,11,1,0,True,3
817,5,Harris,2,15,2,0,True,3
817,6,Harris,2,20,2,0,True,3
817,7,Harris,2,17,2,0,True,3
818,0,Harris,0,10,0,0,True,3
818,1,Harris,0,15,0,0,True,3
818,2,Harris,0,14,0,0,True,3
818,3,Harris,3,52,3,0,True,3
818,4,Harris,0,6,0,0,True,3
818,5,Harris,0,25,0,0,True,3
818,6,Harris,0,18,0,0,True,3
819,0,Harris,0,30,0,0,True,3
819,1,Harris,0,17,0,0,True,3
819,2,Harris,0,5,0,0,True,3
819,3,Harris,0,3,0,0,True,3
819,4,Harris,0,15,0,0,True,3
819,5,Harris,0,29,0,0,True,3
819,6,Harris,0,25,0,0,True,3
819,7,Harris,0,3,0,0,True,3
819,8,Harris,0,63,0,0,True,3
820,0,Harris,2,19,2,0,True,3
820,1,Harris,2,36,2,0,True,3
820,2,Harris,3,11,3,0,True,3
820,3,Harris,0,6,0,0,True,3
820,4,Harris,0,7,0,0,True,3
820,5,Harris,0,22,0,0,True,3
820,6,Harris,0,24,0,0,True,3
820,7,Harris,2,14,2,0,True,3
821,0,Harris,0,20,0,0,True,3
821,1,Harris,0,45,0,0,True,3
821,2,Harris,0,16,0,0,True,3
821,3,Harris,0,9,0,0,True,3
821,4,Harris,0,36,0,0,True,3
821,5,Harris,0,2,0,0,True,3
821,6,Harris,0,8,0,0,True,3
821,7,Harris,0,15,0,0,True,3
821,8,Harris,0,27,0,0,True,3
821,9,Harris,2,34,2,0,True,3
822,0,Harris,0,15,0,0,True,3
822,1,Harris,0,7,0,0,True,3
822,2,Harris,0,6,0,0,True,3
822,3,Harris,0,2,0,0,True,3
822,4,Harris,0,1,0,0,True,3
822,5,Harris,0,47,0,0,True,3
822,6,Harris,0,58,0,0,True,3
822,7,Harris,1,11,1,0,True,3
822,8,Harris,0,6,0,0,True,3
823,0,Harris,0,7,0,0,True,3
823,1,Harris,0,34,0,0,True,3
823,2,Harris,0,41,0,0,True,3
823,3,Harris,1,9,1,0,True,3
823,4,Harris,2,10,2,0,True,3
823,5,Harris,0,50,0,0,True,3
823,6,Harris,0,18,0,0,True,3
823,7,Harris,0,48,0,0,True,3
823,8,Harris,0,39,0,0,True,3
824,0,Harris,2,8,2,0,True,3
824,1,Harris,0,6,0,0,True,3
824,2,Harris,1,27,1,0,True,3
824,3,Harris,2,11,2,0,True,3
824,4,Harris,0,15,0,0,True,3
824,5,Harris,1,8,1,0,True,3
824,6,Harris,1,16,1,0,True,3
825,0,Harris,0,23,0,0,True,3
825,1,Harris,0,26,0,0,True,3
825,2,Harris,0,1,0,0,True,3
825,3,Harris,1,46,1,0,True,3
825,4,Harris,0,8,0,0,True,3
825,5,Harris,0,14,0,0,True,3
825,6,Harris,2,50,2,0,True,3
825,7,Harris,0,0,0,0,True,3
826,0,Harris,1,9,1,0,True,3
826,1,Harris,0,6,0,0,True,3
826,2,Harris,0,11,0,0,True,3
826,3,Harris,0,37,0,0,True,3
826,4,Harris,0,17,0,0,True,3
826,5,Harris,0,12,0,0,True,3
826,6,Harris,0,9,0,0,True,3
827,0,Harris,0,21,0,0,True,3
827,1,Harris,0,52,0,0,True,3
827,2,Harris,0,14,0,0,True,3
827,3,Harris,0,13,0,0,True,3
827,4,Harris,0,28,0,0,True,3
827,5,Harris,0,12,0,0,True,3
827,6,Harris,2,25,2,0,True,3
827,7,Harris,2,40,2,0,True,3
827,8,Harris,0,1,0,0,True,3
828,0,Harris,0,4,0,0,True,3
828,1,Harris,0,1,0,0,True,3
828,2,Harris,3,26,3,0,True,3
828,3,Harris,0,53,0,0,True,3
828,4,Harris,2,31,2,0,True,3
828,5,Harris,0,47,0,0,True,3
828,6,Harris,5,32,5,0,True,3
828,7,Harris,1,46,1,0,True,3
829,0,Harris,0,21,0,0,True,3
829,1,Harris,0,13,0,0,True,3
829,2,Harris,0,40,0,0,True,3
829,3,Harris,2,33,2,0,True,3
829,4,Harris,0,15,0,0,True,3
829,5,Harris,0,4,0,0,True,3
830,0,Harris,0,3,0,0,True,3
830,1,Harris,0,6,0,0,True,3
830,2,Harris,0,1,0,0,True,3
830,3,Harris,0,18,0,0,True,3
830,4,Harris,0,12,0,0,True,3
830,5,Harris,1,41,1,0,True,3
830,6,Harris,0,8,0,0,True,3
830,7,Harris,1,53,1,0,True,3
830,8,Harris,0,14,0,0,True,3
831,0,Harris,0,14,0,0,True,3
831,1,Harris,0,36,0,0,True,3
831,2,Harris,0,23,0,0,True,3
831,3,Harris,0,19,0,0,True,3
831,4,Harris,1,37,1,0,True,3
831,5,Harris,1,18,1,0,True,3
831,6,Harris,0,10,0,0,True,3
831,7,Harris,0,8,0,0,True,3
832,0,Harris,0,29,0,0,True,3
832,1,Harris,0,13,0,0,True,3
832,2,Harris,0,10,0,0,True,3
832,3,Harris,0,14,0,0,True,3
832,4,Harris,0,8,0,0,True,3
832,5,Harris,0,9,0,0,True,3
832,6,Harris,2,6,2,0,True,3
832,7,Harris,0,12,0,0,True,3
832,8,Harris,0,18,0,0,True,3
833,0,Harris,0,23,0,0,True,3
833,1,Harris,0,8,0,0,True,3
833,2,Harris,0,15,0,0,True,3
833,3,Harris,0,20,0,0,True,3
833,4,Harris,2,9,2,0,True,3
833,5,Harris,0,7,0,0,True,3
833,6,Harris,1,6,1,0,True,3
834,0,Harris,0,11,0,0,True,3
834,1,Harris,0,11,0,0,True,3
834,2,Harris,0,3,0,0,True,3
834,3,Harris,0,1,0,0,True,3
834,4,Harris,0,16,0,0,True,3
834,5,Harris,0,6,0,0,True,3
834,6,Harris,0,6,0,0,True,3
835,0,Harris,0,20,0,0,True,3
835,1,Harris,0,17,0,0,True,3
835,2,Harris,0,20,0,0,True,3
835,3,Harris,0,28,0,0,True,3
835,4,Harris,0,15,0,0,True,3
835,5,Harris,0,4,0,0,True,3
835,6,Harris,0,13,0,0,True,3
835,7,Harris,0,11,0,0,True,3
835,8,Harris,0,30,0,0,True,3
836,0,Harris,0,1,0,0,True,3
836,1,Harris,1,38,1,0,True,3
836,2,Harris,0,10,0,0,True,3
836,3,Harris,0,25,0,0,True,3
836,4,Harris,0,5,0,0,True,3
836,5,Harris,4,55,4,0,True,3
836,6,Harris,0,14,0,0,True,3
837,0,Harris,0,4,0,0,True,3
837,1,Harris,0,6,0,0,True,3
837,2,Harris,0,23,0,0,True,3
837,3,Harris,1,53,1,0,True,3
837,4,Harris,1,16,1,0,True,3
837,5,Harris,3,53,3,0,True,3
837,6,Harris,2,51,2,0,True,3
837,7,Harris,0,5,0,0,True,3
838,0,Harris,0,1,0,0,True,3
838,1,Harris,3,35,3,0,True,3
838,2,Harris,1,58,1,0,True,3
838,3,Harris,2,42,2,0,True,3
838,4,Harris,0,2,0,0,True,3
838,5,Harris,0,50,0,0,True,3
838,6,Harris,0,50,0,0,True,3
839,0,Harris,4,41,4,0,True,3
839,1,Harris,1,6,1,0,True,3
839,2,Harris,2,46,2,0,True,3
839,3,Harris,1,35,1,0,True,3
839,4,Harris,1,31,1,0,True,3
839,5,Harris,2,39,2,0,True,3
839,6,Harris,1,54,1,0,True,3
839,7,Harris,1,63,1,0,True,3
840,0,Harris,1,49,1,0,True,3
840,1,Harris,0,18,0,0,True,3
840,2,Harris,0,55,0,0,True,3
840,3,Harris,0,57,0,0,True,3
840,4,Harris,2,50,2,0,True,3
840,5,Harris,2,58,2,0,True,3
840,6,Harris,0,25,0,0,True,3
841,0,Harris,3,35,3,0,True,3
841,1,Harris,1,5,1,0,True,3
841,2,Harris,2,36,2,0,True,3
841,3,Harris,0,4,0,0,True,3
841,4,Harris,2,50,2,0,True,3
842,0,Harris,0,20,0,0,True,3
842,1,Harris,0,9,0,0,True,3
842,2,Harris,2,42,2,0,True,3
842,3,Harris,0,21,0,0,True,3
842,4,Harris,0,2,0,0,True,3
842,5,Harris,0,11,0,0,True,3
842,6,Harris,0,20,0,0,True,3
842,7,Harris,0,16,0,0,True,3
843,0,Harris,0,27,0,0,True,3
843,1,Harris,3,34,3,0,True,3
843,2,Harris,0,52,0,0,True,3
843,3,Harris,0,4,0,0,True,3
843,4,Harris,0,23,0,0,True,3
843,5,Harris,0,3,0,0,True,3
843,6,Harris,0,25,0,0,True,3
843,7,Harris,0,0,0,0,True,3
844,0,Harris,0,23,0,0,True,3
844,1,Harris,0,7,0,0,True,3
844,2,Harris,0,16,0,0,True,3
844,3,Harris,0,16,0,0,True,3
844,4,Harris,0,12,0,0,True,3
844,5,Harris,0,13,0,0,True,3
844,6,Harris,0,2,0,0,True,3
844,7,Harris,0,12,0,0,True,3
844,8,Harris,0,13,0,0,True,3
845,0,Harris,2,14,2,0,True,3
845,1,Harris,0,13,0,0,True,3
845,2,Harris,0,28,0,0,True,3
845,3,Harris,0,1,0,0,True,3
845,4,Harris,1,43,1,0,True,3
845,5,Harris,1,52,1,0,True,3
845,6,Harris,1,19,1,0,True,3
846,0,Harris,2,3,2,0,True,3
846,1,Harris,2,18,2,0,True,3
846,2,Harris,1,21,1,0,True,3
846,3,Harris,2,12,2,0,True,3
846,4,Harris,2,15,2,0,True,3
846,5,Harris,2,50,2,0,True,3
846,6,Harris,4,46,4,0,True,3
847,0,Harris,2,17,2,0,True,3
847,1,Harris,2,37,2,0,True,3
847,2,Harris,1,39,1,0,True,3
847,3,Harris,4,42,4,0,True,3
847,4,Harris,3,37,3,0,True,3
847,5,Harris,2,41,2,0,True,3
847,6,Harris,1,8,1,0,True,3
848,0,Harris,1,19,1,0,True,3
848,1,Harris,2,37,2,0,True,3
848,2,Harris,4,20,4,0,True,3
848,3,Harris,1,24,1,0,True,3
848,4,Harris,2,2,2,0,True,3
848,5,Harris,1,17,1,0,True,3
848,6,Harris,2,22,2,0,True,3
849,0,Harris,2,18,2,0,True,3
849,1,Harris,2,11,2,0,True,3
849,2,Harris,1,16,1,0,True,3
849,3,Harris,3,56,3,0,True,3
849,4,Harris,2,6,2,0,True,3
849,5,Harris,2,49,2,0,True,3
849,6,Harris,3,54,3,0,True,3
849,7,Harris,3,56,3,0,True,3
849,8,Harris,2,18,2,0,True,3
850,0,Harris,4,29,4,0,True,3
850,1,Harris,2,36,2,0,True,3
850,2,Harris,2,32,2,0,True,3
850,3,Harris,2,38,2,0,True,3
850,4,Harris,3,12,3,0,True,3
850,5,Harris,3,42,3,0,True,3
850,6,Harris,2,48,2,0,True,3
850,7,Harris,1,35,1,0,True,3
851,0,Harris,2,2,2,0,True,3
851,1,Harris,1,13,1,0,True,3
851,2,Harris,2,5,2,0,True,3
851,3,Harris,2,4,2,0,True,3
851,4,Harris,2,2,2,0,True,3
851,5,Harris,2,1,1,1,False,3
851,6,Harris,2,7,2,0,True,3
851,7,Harris,2,4,2,0,True,3
852,0,Harris,1,28,1,0,True,3
852,1,Harris,0,15,0,0,True,3
852,2,Harris,0,6,0,0,True,3
852,3,Harris,0,4,0,0,True,3
852,4,Harris,4,49,4,0,True,3
852,5,Harris,2,58,2,0,True,3
852,6,Harris,0,6,0,0,True,3
853,0,Harris,1,0,0,1,False,3
853,1,Harris,4,31,4,0,True,3
853,2,Harris,2,5,2,0,True,3
853,3,Harris,2,10,2,0,True,3
853,4,Harris,3,22,3,0,True,3
853,5,Harris,6,11,6,0,True,3
854,0,Harris,0,6,0,0,True,3
854,1,Harris,2,5,2,0,True,3
854,2,Harris,0,26,0,0,True,3
854,3,Harris,2,25,2,0,True,3
854,4,Harris,0,17,0,0,True,3
854,5,Harris,0,29,0,0,True,3
855,0,Harris,2,7,2,0,True,3
855,1,Harris,2,35,2,0,True,3
855,2,Harris,2,29,2,0,True,3
855,3,Harris,2,49,2,0,True,3
855,4,Harris,1,55,1,0,True,3
855,5,Harris,3,45,3,0,True,3
855,6,Harris,5,37,5,0,True,3
855,7,Harris,3,29,3,0,True,3
855,8,Harris,0,3,0,0,True,3
856,0,Harris,2,31,2,0,True,3
856,1,Harris,1,14,1,0,True,3
856,2,Harris,2,50,2,0,True,3
856,3,Harris,1,21,1,0,True,3
856,4,Harris,1,29,1,0,True,3
856,5,Harris,1,15,1,0,True,3
856,6,Harris,1,16,1,0,True,3
857,0,Harris,0,7,0,0,True,3
857,1,Harris,1,20,1,0,True,3
857,2,Harris,1,14,1,0,True,3
857,3,Harris,1,24,1,0,True,3
857,4,Harris,1,17,1,0,True,3
857,5,Harris,2,30,2,0,True,3
857,6,Harris,2,10,2,0,True,3
858,0,Harris,0,10,0,0,True,3
858,1,Harris,2,11,2,0,True,3
858,2,Harris,1,32,1,0,True,3
858,3,Harris,1,11,1,0,True,3
858,4,Harris,2,50,2,0,True,3
858,5,Harris,0,5,0,0,True,3
858,6,Harris,0,11,0,0,True,3
858,7,Harris,0,17,0,0,True,3
859,0,Harris,2,7,2,0,True,3
859,1,Harris,2,9,2,0,True,3
859,2,Harris,1,4,1,0,True,3
859,3,Harris,2,18,2,0,True,3
859,4,Harris,2,13,2,0,True,3
859,5,Harris,2,20,2,0,True,3
859,6,Harris,2,10,2,0,True,3
859,7,Harris,2,20,2,0,True,3
860,0,Harris,0,8,0,0,True,3
860,1,Harris,2,50,2,0,True,3
860,2,Harris,2,50,2,0,True,3
860,3,Harris,2,45,2,0,True,3
860,4,Harris,2,14,2,0,True,3
860,5,Harris,0,5,0,0,True,3
860,6,Harris,0,19,0,0,True,3
861,0,Harris,3,33,3,0,True,3
861,1,Harris,1,53,1,0,True,3
861,2,Harris,3,48,3,0,True,3
861,3,Harris,1,5,1,0,True,3
861,4,Harris,1,55,1,0,True,3
861,5,Harris,2,17,2,0,True,3
861,6,Harris,0,7,0,0,True,3
862,0,Harris,0,16,0,0,True,3
862,1,Harris,2,26,2,0,True,3
862,2,Harris,6,43,6,0,True,3
862,3,Harris,0,4,0,0,True,3
862,4,Harris,0,13,0,0,True,3
862,5,Harris,0,5,0,0,True,3
862,6,Harris,0,12,0,0,True,3
863,0,Harris,3,25,3,0,True,3
863,1,Harris,1,23,1,0,True,3
863,2,Harris,0,8,0,0,True,3
863,3,Harris,1,23,1,0,True,3
863,4,Harris,1,35,1,0,True,3
863,5,Harris,1,51,1,0,True,3
863,6,Harris,0,6,0,0,True,3
864,0,Harris,1,22,1,0,True,3
864,1,Harris,3,24,3,0,True,3
864,2,Harris,1,12,1,0,True,3
864,3,Harris,2,56,2,0,True,3
864,4,Harris,0,3,0,0,True,3
864,5,Harris,0,17,0,0,True,3
864,6,Harris,0,5,0,0,True,3
865,0,Harris,1,16,1,0,True,3
865,1,Harris,0,19,0,0,True,3
865,2,Harris,2,31,2,0,True,3
865,3,Harris,2,16,2,0,True,3
865,4,Harris,2,54,2,0,True,3
865,5,Harris,2,48,2,0,True,3
866,0,Harris,2,9,2,0,True,3
866,1,Harris,0,5,0,0,True,3
866,2,Harris,3,3,3,0,True,3
866,3,Harris,2,1,1,1,False,3
866,4,Harris,2,10,2,0,True,3
866,5,Harris,0,8,0,0,True,3
866,6,Harris,3,32,3,0,True,3
867,0,Harris,2,6,2,0,True,3
867,1,Harris,2,5,2,0,True,3
867,2,Harris,2,3,2,0,True,3
867,3,Harris,2,6,2,0,True,3
867,4,Harris,2,2,2,0,True,3
867,5,Harris,2,9,2,0,True,3
868,0,Harris,2,32,2,0,True,3
868,1,Harris,4,39,4,0,True,3
868,2,Harris,2,3,2,0,True,3
868,3,Harris,1,11,1,0,True,3
868,4,Harris,2,2,2,0,True,3
868,5,Harris,2,50,2,0,True,3
869,0,Harris,1,14,1,0,True,3
869,1,Harris,0,8,0,0,True,3
869,2,Harris,0,5,0,0,True,3
869,3,Harris,1,17,1,0,True,3
869,4,Harris,1,6,1,0,True,3
869,5,Harris,2,7,2,0,True,3
869,6,Harris,0,5,0,0,True,3
870,0,Harris,5,28,5,0,True,3
870,1,Harris,0,2,0,0,True,3
870,2,Harris,1,21,1,0,True,3
870,3,Harris,2,5,2,0,True,3
870,4,Harris,1,25,1,0,True,3
870,5,Harris,1,14,1,0,True,3
870,6,Harris,2,32,2,0,True,3
871,0,Harris,0,13,0,0,True,3
871,1,Harris,1,6,1,0,True,3
871,2,Harris,0,5,0,0,True,3
871,3,Harris,1,8,1,0,True,3
871,4,Harris,1,16,1,0,True,3
871,5,Harris,1,8,1,0,True,3
871,6,Harris,0,13,0,0,True,3
871,7,Harris,2,28,2,0,True,3
872,0,Harris,0,3,0,0,True,3
872,1,Harris,0,10,0,0,True,3
872,2,Harris,0,5,0,0,True,3
872,3,Harris,0,2,0,0,True,3
872,4,Harris,0,8,0,0,True,3
872,5,Harris,0,12,0,0,True,3
872,6,Harris,0,16,0,0,True,3
872,7,Harris,0,17,0,0,True,3
872,8,Harris,1,3,1,0,True,3
873,0,Harris,1,36,1,0,True,3
873,1,Harris,2,13,2,0,True,3
873,2,Harris,1,6,1,0,True,3
873,3,Harris,1,37,1,0,True,3
873,4,Harris,1,11,1,0,True,3
873,5,Harris,2,47,2,0,True,3
873,6,Harris,1,14,1,0,True,3
873,7,Harris,2,26,2,0,True,3
874,0,Harris,0,20,0,0,True,3
874,1,Harris,0,3,0,0,True,3
874,2,Harris,0,9,0,0,True,3
874,3,Harris,0,7,0,0,True,3
874,4,Harris,0,15,0,0,True,3
874,5,Harris,0,22,0,0,True,3
874,6,Harris,0,23,0,0,True,3
874,7,Harris,1,6,1,0,True,3
874,8,Harris,0,14,0,0,True,3
875,0,Harris,0,13,0,0,True,3
875,1,Harris,0,9,0,0,True,3
875,2,Harris,0,7,0,0,True,3
875,3,Harris,0,4,0,0,True,3
875,4,Harris,0,15,0,0,True,3
875,5,Harris,0,5,0,0,True,3
875,6,Harris,0,3,0,0,True,3
875,7,Harris,0,8,0,0,True,3
876,0,Harris,0,8,0,0,True,3
876,1,Harris,0,4,0,0,True,3
876,2,Harris,1,17,1,0,True,3
876,3,Harris,3,39,3,0,True,3
876,4,Harris,1,16,1,0,True,3
876,5,Harris,0,16,0,0,True,3
876,6,Harris,1,25,1,0,True,3
876,7,Harris,1,10,1,0,True,3
876,8,Harris,0,22,0,0,True,3
877,0,Harris,1,12,1,0,True,3
877,1,Harris,1,9,1,0,True,3
877,2,Harris,1,16,1,0,True,3
877,3,Harris,3,16,3,0,True,3
877,4,Harris,0,17,0,0,True,3
877,5,Harris,0,17,0,0,True,3
877,6,Harris,1,7,1,0,True,3
878,0,Harris,0,6,0,0,True,3
878,1,Harris,1,12,1,0,True,3
878,2,Harris,2,11,2,0,True,3
878,3,Harris,2,21,2,0,True,3
878,4,Harris,2,10,2,0,True,3
878,5,Harris,0,11,0,0,True,3
878,6,Harris,0,2,0,0,True,3
878,7,Harris,1,36,1,0,True,3
879,0,Harris,0,3,0,0,True,3
879,1,Harris,0,26,0,0,True,3
879,2,Harris,1,30,1,0,True,3
879,3,Harris,0,10,0,0,True,3
879,4,Harris,2,15,2,0,True,3
879,5,Harris,2,52,2,0,True,3
879,6,Harris,4,21,4,0,True,3
879,7,Harris,2,29,2,0,True,3
880,0,Harris,2,51,2,0,True,3
880,1,Harris,2,55,2,0,True,3
880,2,Harris,1,3,1,0,True,3
880,3,Harris,1,6,1,0,True,3
880,4,Harris,1,2,1,0,True,3
880,5,Harris,1,3,1,0,True,3
880,6,Harris,1,18,1,0,True,3
881,0,Harris,1,43,1,0,True,3
881,1,Harris,1,12,1,0,True,3
881,2,Harris,1,14,1,0,True,3
881,3,Harris,1,7,1,0,True,3
881,4,Harris,2,30,2,0,True,3
881,5,Harris,2,26,2,0,True,3
881,6,Harris,2,8,2,0,True,3
881,7,Harris,0,0,0,0,True,3
882,0,Harris,1,19,1,0,True,3
882,1,Harris,0,8,0,0,True,3
882,2,Harris,0,38,0,0,True,3
882,3,Harris,1,54,1,0,True,3
882,4,Harris,0,24,0,0,True,3
882,5,Harris,0,57,0,0,True,3
882,6,Harris,2,20,2,0,True,3
882,7,Harris,0,62,0,0,True,3
883,0,Harris,1,3,1,0,True,3
883,1,Harris,2,10,2,0,True,3
883,2,Harris,0,6,0,0,True,3
883,3,Harris,0,12,0,0,True,3
883,4,Harris,2,22,2,0,True,3
883,5,Harris,1,5,1,0,True,3
884,0,Harris,1,11,1,0,True,3
884,1,Harris,0,10,0,0,True,3
884,2,Harris,0,9,0,0,True,3
884,3,Harris,2,5,2,0,True,3
884,4,Harris,3,27,3,0,True,3
884,5,Harris,1,5,1,0,True,3
884,6,Harris,1,3,1,0,True,3
885,0,Harris,5,13,5,0,True,3
885,1,Harris,1,10,1,0,True,3
885,2,Harris,2,7,2,0,True,3
885,3,Harris,2,12,2,0,True,3
885,4,Harris,2,10,2,0,True,3
885,5,Harris,3,6,3,0,True,3
886,0,Harris,0,26,0,0,True,3
886,1,Harris,2,8,2,0,True,3
886,2,Harris,2,5,2,0,True,3
886,3,Harris,2,18,2,0,True,3
886,4,Harris,2,9,2,0,True,3
886,5,Harris,2,14,2,0,True,3
887,0,Harris,2,29,2,0,True,3
887,1,Harris,1,62,1,0,True,3
887,2,Harris,0,9,0,0,True,3
887,3,Harris,2,20,2,0,True,3
887,4,Harris,0,7,0,0,True,3
887,5,Harris,0,5,0,0,True,3
887,6,Harris,0,8,0,0,True,3
887,7,Harris,0,3,0,0,True,3
887,8,Harris,0,13,0,0,True,3
888,0,Harris,1,51,1,0,True,3
888,1,Harris,1,5,1,0,True,3
888,2,Harris,2,14,2,0,True,3
888,3,Harris,2,40,2,0,True,3
888,4,Harris,2,29,2,0,True,3
888,5,Harris,0,13,0,0,True,3
889,0,Harris,0,29,0,0,True,3
889,1,Harris,2,25,2,0,True,3
889,2,Harris,1,31,1,0,True,3
889,3,Harris,0,17,0,0,True,3
889,4,Harris,0,37,0,0,True,3
889,5,Harris,0,29,0,0,True,3
889,6,Harris,2,53,2,0,True,3
0,0,Trump,1,1,1,0,True,4
0,1,Trump,1,37,1,0,True,4
0,2,Trump,2,29,2,0,True,4
0,3,Trump,1,8,1,0,True,4
0,4,Trump,2,21,2,0,True,4
0,5,Trump,1,17,1,0,True,4
0,6,Trump,4,53,4,0,True,4
0,7,Trump,0,13,0,0,True,4
1,0,Trump,0,10,0,0,True,4
1,1,Trump,0,8,0,0,True,4
1,2,Trump,1,8,1,0,True,4
1,3,Trump,2,18,2,0,True,4
1,4,Trump,0,10,0,0,True,4
1,5,Trump,1,31,1,0,True,4
1,6,Trump,0,2,0,0,True,4
1,7,Trump,0,16,0,0,True,4
1,8,Trump,0,16,0,0,True,4
2,0,Trump,2,28,2,0,True,4
2,1,Trump,2,30,2,0,True,4
2,2,Trump,2,46,2,0,True,4
2,3,Trump,1,30,1,0,True,4
2,4,Trump,2,51,2,0,True,4
2,5,Trump,0,3,0,0,True,4
2,6,Trump,0,6,0,0,True,4
3,0,Trump,2,34,2,0,True,4
3,1,Trump,1,12,1,0,True,4
3,2,Trump,1,42,1,0,True,4
3,3,Trump,1,6,1,0,True,4
3,4,Trump,1,10,1,0,True,4
3,5,Trump,0,4,0,0,True,4
3,6,Trump,0,22,0,0,True,4
3,7,Trump,0,7,0,0,True,4
3,8,Trump,1,8,1,0,True,4
4,0,Trump,1,4,1,0,True,4
4,1,Trump,0,46,0,0,True,4
4,2,Trump,1,21,1,0,True,4
4,3,Trump,0,10,0,0,True,4
4,4,Trump,2,24,2,0,True,4
4,5,Trump,1,14,1,0,True,4
4,6,Trump,2,13,2,0,True,4
4,7,Trump,1,5,1,0,True,4
5,0,Trump,1,9,1,0,True,4
5,1,Trump,2,16,2,0,True,4
5,2,Trump,1,4,1,0,True,4
5,3,Trump,2,1,1,1,False,4
5,4,Trump,1,14,1,0,True,4
5,5,Trump,1,8,1,0,True,4
6,0,Trump,2,4,2,0,True,4
6,1,Trump,1,10,1,0,True,4
6,2,Trump,3,18,3,0,True,4
6,3,Trump,2,15,2,0,True,4
6,4,Trump,2,16,2,0,True,4
6,5,Trump,2,11,2,0,True,4
6,6,Trump,2,22,2,0,True,4
6,7,Trump,1,19,1,0,True,4
6,8,Trump,2,31,2,0,True,4
7,0,Trump,2,11,2,0,True,4
7,1,Trump,1,17,1,0,True,4
7,2,Trump,1,20,1,0,True,4
7,3,Trump,2,11,2,0,True,4
7,4,Trump,1,5,1,0,True,4
7,5,Trump,0,4,0,0,True,4
7,6,Trump,1,4,1,0,True,4
7,7,Trump,0,2,0,0,True,4
8,0,Trump,1,10,1,0,True,4
8,1,Trump,1,2,1,0,True,4
8,2,Trump,1,6,1,0,True,4
8,3,Trump,0,10,0,0,True,4
8,4,Trump,1,4,1,0,True,4
8,5,Trump,1,9,1,0,True,4
8,6,Trump,1,8,1,0,True,4
8,7,Trump,1,17,1,0,True,4
9,0,Trump,1,8,1,0,True,4
9,1,Trump,1,20,1,0,True,4
9,2,Trump,0,1,0,0,True,4
9,3,Trump,1,7,1,0,True,4
9,4,Trump,1,23,1,0,True,4
9,5,Trump,1,6,1,0,True,4
9,6,Trump,2,26,2,0,True,4
9,7,Trump,0,14,0,0,True,4
10,0,Trump,1,8,1,0,True,4
10,1,Trump,1,0,0,1,False,4
10,2,Trump,1,8,1,0,True,4
10,3,Trump,1,13,1,0,True,4
10,4,Trump,1,13,1,0,True,4
10,5,Trump,1,3,1,0,True,4
10,6,Trump,1,7,1,0,True,4
11,0,Trump,1,32,1,0,True,4
11,1,Trump,0,4,0,0,True,4
11,2,Trump,2,58,2,0,True,4
11,3,Trump,1,8,1,0,True,4
11,4,Trump,0,7,0,0,True,4
11,5,Trump,1,4,1,0,True,4
11,6,Trump,1,20,1,0,True,4
12,0,Trump,1,32,1,0,True,4
12,1,Trump,1,26,1,0,True,4
12,2,Trump,2,6,2,0,True,4
12,3,Trump,1,6,1,0,True,4
12,4,Trump,0,13,0,0,True,4
12,5,Trump,1,12,1,0,True,4
12,6,Trump,0,28,0,0,True,4
12,7,Trump,0,7,0,0,True,4
13,0,Trump,1,32,1,0,True,4
13,1,Trump,1,1,1,0,True,4
13,2,Trump,1,30,1,0,True,4
13,3,Trump,0,4,0,0,True,4
13,4,Trump,0,4,0,0,True,4
13,5,Trump,1,7,1,0,True,4
13,6,Trump,2,6,2,0,True,4
13,7,Trump,0,8,0,0,True,4
14,0,Trump,1,58,1,0,True,4
14,1,Trump,1,12,1,0,True,4
14,2,Trump,1,15,1,0,True,4
14,3,Trump,2,44,2,0,True,4
14,4,Trump,2,52,2,0,True,4
14,5,Trump,2,50,2,0,True,4
14,6,Trump,2,9,2,0,True,4
15,0,Trump,0,3,0,0,True,4
15,1,Trump,0,15,0,0,True,4
15,2,Trump,0,9,0,0,True,4
15,3,Trump,1,7,1,0,True,4
15,4,Trump,0,2,0,0,True,4
15,5,Trump,1,17,1,0,True,4
15,6,Trump,0,4,0,0,True,4
15,7,Trump,2,15,2,0,True,4
16,0,Trump,1,32,1,0,True,4
16,1,Trump,1,7,1,0,True,4
16,2,Trump,1,0,0,1,False,4
16,3,Trump,2,6,2,0,True,4
16,4,Trump,2,17,2,0,True,4
16,5,Trump,2,1,1,1,False,4
16,6,Trump,1,17,1,0,True,4
16,7,Trump,2,15,2,0,True,4
17,0,Trump,2,4,2,0,True,4
17,1,Trump,2,13,2,0,True,4
17,2,Trump,2,6,2,0,True,4
17,3,Trump,1,7,1,0,True,4
17,4,Trump,1,2,1,0,True,4
17,5,Trump,0,0,0,0,True,4
17,6,Trump,0,0,0,0,True,4
18,0,Trump,1,16,1,0,True,4
18,1,Trump,1,11,1,0,True,4
18,2,Trump,1,8,1,0,True,4
18,3,Trump,4,34,4,0,True,4
18,4,Trump,2,20,2,0,True,4
18,5,Trump,14,23,14,0,True,4
19,0,Trump,0,5,0,0,True,4
19,1,Trump,1,1,1,0,True,4
19,2,Trump,0,5,0,0,True,4
19,3,Trump,1,6,1,0,True,4
19,4,Trump,0,5,0,0,True,4
19,5,Trump,1,17,1,0,True,4
19,6,Trump,1,6,1,0,True,4
19,7,Trump,2,7,2,0,True,4
20,0,Trump,0,25,0,0,True,4
20,1,Trump,1,54,1,0,True,4
20,2,Trump,1,16,1,0,True,4
20,3,Trump,0,43,0,0,True,4
20,4,Trump,1,21,1,0,True,4
20,5,Trump,1,56,1,0,True,4
20,6,Trump,1,13,1,0,True,4
20,7,Trump,2,20,2,0,True,4
21,0,Trump,1,4,1,0,True,4
21,1,Trump,0,28,0,0,True,4
21,2,Trump,3,12,3,0,True,4
21,3,Trump,1,2,1,0,True,4
21,4,Trump,1,23,1,0,True,4
21,5,Trump,1,8,1,0,True,4
21,6,Trump,1,18,1,0,True,4
22,0,Trump,3,50,3,0,True,4
22,1,Trump,1,9,1,0,True,4
22,2,Trump,1,11,1,0,True,4
22,3,Trump,1,13,1,0,True,4
22,4,Trump,2,11,2,0,True,4
22,5,Trump,1,30,1,0,True,4
22,6,Trump,0,3,0,0,True,4
22,7,Trump,0,12,0,0,True,4
23,0,Trump,0,21,0,0,True,4
23,1,Trump,2,13,2,0,True,4
23,2,Trump,0,21,0,0,True,4
23,3,Trump,0,25,0,0,True,4
23,4,Trump,1,0,0,1,False,4
23,5,Trump,1,7,1,0,True,4
23,6,Trump,1,20,1,0,True,4
24,0,Trump,1,8,1,0,True,4
24,1,Trump,1,9,1,0,True,4
24,2,Trump,1,8,1,0,True,4
24,3,Trump,2,23,2,0,True,4
24,4,Trump,3,29,3,0,True,4
24,5,Trump,1,11,1,0,True,4
25,0,Trump,0,13,0,0,True,4
25,1,Trump,1,5,1,0,True,4
25,2,Trump,1,10,1,0,True,4
25,3,Trump,1,4,1,0,True,4
25,4,Trump,1,17,1,0,True,4
25,5,Trump,1,6,1,0,True,4
25,6,Trump,1,26,1,0,True,4
25,7,Trump,0,3,0,0,True,4
26,0,Trump,0,9,0,0,True,4
26,1,Trump,2,17,2,0,True,4
26,2,Trump,2,7,2,0,True,4
26,3,Trump,2,5,2,0,True,4
26,4,Trump,1,16,1,0,True,4
26,5,Trump,0,9,0,0,True,4
26,6,Trump,1,8,1,0,True,4
27,0,Trump,1,31,1,0,True,4
27,1,Trump,1,9,1,0,True,4
27,2,Trump,1,18,1,0,True,4
27,3,Trump,0,15,0,0,True,4
27,4,Trump,1,5,1,0,True,4
27,5,Trump,1,36,1,0,True,4
27,6,Trump,4,24,4,0,True,4
28,0,Trump,0,25,0,0,True,4
28,1,Trump,1,1,1,0,True,4
28,2,Trump,1,4,1,0,True,4
28,3,Trump,1,2,1,0,True,4
28,4,Trump,1,9,1,0,True,4
28,5,Trump,0,6,0,0,True,4
28,6,Trump,1,15,1,0,True,4
29,0,Trump,2,14,2,0,True,4
29,1,Trump,1,1,1,0,True,4
29,2,Trump,1,6,1,0,True,4
29,3,Trump,2,3,2,0,True,4
29,4,Trump,1,16,1,0,True,4
29,5,Trump,1,20,1,0,True,4
30,0,Trump,0,9,0,0,True,4
30,1,Trump,1,31,1,0,True,4
30,2,Trump,1,2,1,0,True,4
30,3,Trump,1,6,1,0,True,4
30,4,Trump,1,9,1,0,True,4
30,5,Trump,0,0,0,0,True,4
30,6,Trump,1,6,1,0,True,4
31,0,Trump,1,0,0,1,False,4
31,1,Trump,1,0,0,1,False,4
31,2,Trump,1,8,1,0,True,4
31,3,Trump,1,13,1,0,True,4
31,4,Trump,2,11,2,0,True,4
31,5,Trump,2,14,2,0,True,4
31,6,Trump,1,5,1,0,True,4
31,7,Trump,2,17,2,0,True,4
32,0,Trump,1,14,1,0,True,4
32,1,Trump,1,19,1,0,True,4
32,2,Trump,0,17,0,0,True,4
32,3,Trump,0,4,0,0,True,4
32,4,Trump,2,11,2,0,True,4
32,5,Trump,1,9,1,0,True,4
32,6,Trump,2,50,2,0,True,4
33,0,Trump,3,19,3,0,True,4
33,1,Trump,2,20,2,0,True,4
33,2,Trump,1,17,1,0,True,4
33,3,Trump,1,6,1,0,True,4
33,4,Trump,0,12,0,0,True,4
33,5,Trump,2,23,2,0,True,4
34,0,Trump,0,25,0,0,True,4
34,1,Trump,0,15,0,0,True,4
34,2,Trump,1,7,1,0,True,4
34,3,Trump,0,10,0,0,True,4
34,4,Trump,1,6,1,0,True,4
34,5,Trump,0,1,0,0,True,4
34,6,Trump,0,11,0,0,True,4
34,7,Trump,0,9,0,0,True,4
34,8,Trump,0,17,0,0,True,4
35,0,Trump,1,2,1,0,True,4
35,1,Trump,0,8,0,0,True,4
35,2,Trump,2,46,2,0,True,4
35,3,Trump,1,12,1,0,True,4
35,4,Trump,1,8,1,0,True,4
35,5,Trump,2,2,2,0,True,4
35,6,Trump,3,18,3,0,True,4
35,7,Trump,0,0,0,0,True,4
36,0,Trump,2,48,2,0,True,4
36,1,Trump,3,30,3,0,True,4
36,2,Trump,2,42,2,0,True,4
36,3,Trump,2,32,2,0,True,4
36,4,Trump,0,35,0,0,True,4
36,5,Trump,0,54,0,0,True,4
36,6,Trump,0,13,0,0,True,4
36,7,Trump,0,15,0,0,True,4
37,0,Trump,2,26,2,0,True,4
37,1,Trump,1,24,1,0,True,4
37,2,Trump,0,7,0,0,True,4
37,3,Trump,1,21,1,0,True,4
37,4,Trump,0,19,0,0,True,4
37,5,Trump,2,41,2,0,True,4
38,0,Trump,1,0,0,1,False,4
38,1,Trump,1,6,1,0,True,4
38,2,Trump,1,2,1,0,True,4
38,3,Trump,1,6,1,0,True,4
38,4,Trump,1,7,1,0,True,4
38,5,Trump,1,5,1,0,True,4
39,0,Trump,2,47,2,0,True,4
39,1,Trump,0,23,0,0,True,4
39,2,Trump,4,16,4,0,True,4
39,3,Trump,1,11,1,0,True,4
39,4,Trump,0,11,0,0,True,4
39,5,Trump,0,10,0,0,True,4
39,6,Trump,0,1,0,0,True,4
39,7,Trump,2,35,2,0,True,4
40,0,Trump,1,10,1,0,True,4
40,1,Trump,1,4,1,0,True,4
40,2,Trump,1,3,1,0,True,4
40,3,Trump,1,9,1,0,True,4
40,4,Trump,2,11,2,0,True,4
40,5,Trump,0,3,0,0,True,4
40,6,Trump,2,13,2,0,True,4
40,7,Trump,0,16,0,0,True,4
41,0,Trump,0,7,0,0,True,4
41,1,Trump,1,32,1,0,True,4
41,2,Trump,0,18,0,0,True,4
41,3,Trump,1,2,1,0,True,4
41,4,Trump,1,2,1,0,True,4
41,5,Trump,0,10,0,0,True,4
41,6,Trump,3,19,3,0,True,4
41,7,Trump,0,3,0,0,True,4
42,0,Trump,0,31,0,0,True,4
42,1,Trump,1,0,0,1,False,4
42,2,Trump,1,17,1,0,True,4
42,3,Trump,0,1,0,0,True,4
42,4,Trump,1,11,1,0,True,4
42,5,Trump,1,38,1,0,True,4
43,0,Trump,1,13,1,0,True,4
43,1,Trump,1,14,1,0,True,4
43,2,Trump,1,6,1,0,True,4
43,3,Trump,1,4,1,0,True,4
43,4,Trump,1,50,1,0,True,4
43,5,Trump,1,8,1,0,True,4
43,6,Trump,2,12,2,0,True,4
43,7,Trump,2,21,2,0,True,4
44,0,Trump,0,9,0,0,True,4
44,1,Trump,0,10,0,0,True,4
44,2,Trump,0,5,0,0,True,4
44,3,Trump,2,22,2,0,True,4
44,4,Trump,0,5,0,0,True,4
44,5,Trump,1,20,1,0,True,4
45,0,Trump,1,15,1,0,True,4
45,1,Trump,0,15,0,0,True,4
45,2,Trump,1,9,1,0,True,4
45,3,Trump,1,6,1,0,True,4
45,4,Trump,0,13,0,0,True,4
45,5,Trump,1,33,1,0,True,4
46,0,Trump,4,16,4,0,True,4
46,1,Trump,2,14,2,0,True,4
46,2,Trump,1,30,1,0,True,4
46,3,Trump,0,8,0,0,True,4
46,4,Trump,1,36,1,0,True,4
46,5,Trump,1,9,1,0,True,4
46,6,Trump,0,15,0,0,True,4
46,7,Trump,1,21,1,0,True,4
46,8,Trump,1,47,1,0,True,4
47,0,Trump,2,7,2,0,True,4
47,1,Trump,0,5,0,0,True,4
47,2,Trump,0,2,0,0,True,4
47,3,Trump,1,37,1,0,True,4
47,4,Trump,2,13,2,0,True,4
47,5,Trump,1,6,1,0,True,4
47,6,Trump,0,27,0,0,True,4
47,7,Trump,2,12,2,0,True,4
47,8,Trump,1,22,1,0,True,4
48,0,Trump,1,20,1,0,True,4
48,1,Trump,1,4,1,0,True,4
48,2,Trump,1,47,1,0,True,4
48,3,Trump,0,27,0,0,True,4
48,4,Trump,0,8,0,0,True,4
48,5,Trump,1,22,1,0,True,4
48,6,Trump,2,55,2,0,True,4
49,0,Trump,1,24,1,0,True,4
49,1,Trump,1,0,0,1,False,4
49,2,Trump,1,7,1,0,True,4
49,3,Trump,1,0,0,1,False,4
49,4,Trump,1,6,1,0,True,4
49,5,Trump,0,9,0,0,True,4
49,6,Trump,1,30,1,0,True,4
50,0,Trump,6,34,6,0,True,4
50,1,Trump,4,2,2,2,False,4
50,2,Trump,7,3,3,4,False,4
50,3,Trump,2,1,1,1,False,4
50,4,Trump,1,0,0,1,False,4
50,5,Trump,4,2,2,2,False,4
51,0,Trump,1,0,0,1,False,4
51,1,Trump,1,4,1,0,True,4
51,2,Trump,1,4,1,0,True,4
51,3,Trump,1,16,1,0,True,4
51,4,Trump,1,6,1,0,True,4
51,5,Trump,2,11,2,0,True,4
52,0,Trump,1,1,1,0,True,4
52,1,Trump,0,7,0,0,True,4
52,2,Trump,0,32,0,0,True,4
52,3,Trump,0,22,0,0,True,4
52,4,Trump,1,26,1,0,True,4
52,5,Trump,1,19,1,0,True,4
52,6,Trump,0,12,0,0,True,4
53,0,Trump,1,3,1,0,True,4
53,1,Trump,1,22,1,0,True,4
53,2,Trump,1,45,1,0,True,4
53,3,Trump,1,6,1,0,True,4
53,4,Trump,1,19,1,0,True,4
53,5,Trump,0,6,0,0,True,4
53,6,Trump,0,2,0,0,True,4
53,7,Trump,1,17,1,0,True,4
54,0,Trump,1,19,1,0,True,4
54,1,Trump,2,58,2,0,True,4
54,2,Trump,2,21,2,0,True,4
54,3,Trump,1,5,1,0,True,4
54,4,Trump,1,7,1,0,True,4
54,5,Trump,3,42,3,0,True,4
54,6,Trump,1,31,1,0,True,4
54,7,Trump,1,5,1,0,True,4
54,8,Trump,0,15,0,0,True,4
55,0,Trump,0,16,0,0,True,4
55,1,Trump,0,3,0,0,True,4
55,2,Trump,3,35,3,0,True,4
55,3,Trump,2,11,2,0,True,4
55,4,Trump,0,6,0,0,True,4
55,5,Trump,2,50,2,0,True,4
55,6,Trump,0,2,0,0,True,4
55,7,Trump,0,3,0,0,True,4
55,8,Trump,0,6,0,0,True,4
56,0,Trump,1,25,1,0,True,4
56,1,Trump,1,36,1,0,True,4
56,2,Trump,1,13,1,0,True,4
56,3,Trump,1,42,1,0,True,4
56,4,Trump,1,3,1,0,True,4
56,5,Trump,0,2,0,0,True,4
56,6,Trump,0,37,0,0,True,4
56,7,Trump,1,8,1,0,True,4
57,0,Trump,1,8,1,0,True,4
57,1,Trump,3,11,3,0,True,4
57,2,Trump,0,2,0,0,True,4
57,3,Trump,2,11,2,0,True,4
57,4,Trump,0,9,0,0,True,4
57,5,Trump,1,10,1,0,True,4
57,6,Trump,0,19,0,0,True,4
57,7,Trump,0,6,0,0,True,4
58,0,Trump,0,12,0,0,True,4
58,1,Trump,0,4,0,0,True,4
58,2,Trump,1,6,1,0,True,4
58,3,Trump,1,38,1,0,True,4
58,4,Trump,1,17,1,0,True,4
58,5,Trump,1,14,1,0,True,4
58,6,Trump,0,15,0,0,True,4
59,0,Trump,2,23,2,0,True,4
59,1,Trump,1,17,1,0,True,4
59,2,Trump,1,1,1,0,True,4
59,3,Trump,1,40,1,0,True,4
59,4,Trump,1,24,1,0,True,4
60,0,Trump,1,4,1,0,True,4
60,1,Trump,1,12,1,0,True,4
60,2,Trump,0,22,0,0,True,4
60,3,Trump,0,4,0,0,True,4
60,4,Trump,1,13,1,0,True,4
60,5,Trump,2,11,2,0,True,4
60,6,Trump,0,10,0,0,True,4
61,0,Trump,2,6,2,0,True,4
61,1,Trump,1,11,1,0,True,4
61,2,Trump,0,6,0,0,True,4
61,3,Trump,1,21,1,0,True,4
61,4,Trump,2,52,2,0,True,4
61,5,Trump,0,7,0,0,True,4
61,6,Trump,1,45,1,0,True,4
61,7,Trump,0,3,0,0,True,4
62,0,Trump,2,15,2,0,True,4
62,1,Trump,2,34,2,0,True,4
62,2,Trump,1,5,1,0,True,4
62,3,Trump,1,4,1,0,True,4
62,4,Trump,2,26,2,0,True,4
62,5,Trump,2,23,2,0,True,4
62,6,Trump,1,3,1,0,True,4
62,7,Trump,1,5,1,0,True,4
62,8,Trump,2,0,0,2,False,4
63,0,Trump,1,4,1,0,True,4
63,1,Trump,1,6,1,0,True,4
63,2,Trump,2,11,2,0,True,4
63,3,Trump,1,9,1,0,True,4
63,4,Trump,1,15,1,0,True,4
63,5,Trump,1,7,1,0,True,4
63,6,Trump,2,7,2,0,True,4
63,7,Trump,2,16,2,0,True,4
63,8,Trump,1,4,1,0,True,4
63,9,Trump,1,12,1,0,True,4
64,0,Trump,1,0,0,1,False,4
64,1,Trump,1,16,1,0,True,4
64,2,Trump,0,3,0,0,True,4
64,3,Trump,1,4,1,0,True,4
64,4,Trump,1,40,1,0,True,4
64,5,Trump,1,9,1,0,True,4
64,6,Trump,2,5,2,0,True,4
65,0,Trump,1,6,1,0,True,4
65,1,Trump,1,14,1,0,True,4
65,2,Trump,1,13,1,0,True,4
65,3,Trump,1,22,1,0,True,4
65,4,Trump,1,1,1,0,True,4
65,5,Trump,1,13,1,0,True,4
65,6,Trump,1,3,1,0,True,4
66,0,Trump,0,46,0,0,True,4
66,1,Trump,0,12,0,0,True,4
66,2,Trump,2,6,2,0,True,4
66,3,Trump,0,13,0,0,True,4
66,4,Trump,1,48,1,0,True,4
66,5,Trump,1,14,1,0,True,4
66,6,Trump,0,15,0,0,True,4
66,7,Trump,0,29,0,0,True,4
67,0,Trump,1,46,1,0,True,4
67,1,Trump,2,11,2,0,True,4
67,2,Trump,1,13,1,0,True,4
67,3,Trump,1,14,1,0,True,4
67,4,Trump,1,21,1,0,True,4
67,5,Trump,0,30,0,0,True,4
67,6,Trump,0,20,0,0,True,4
68,0,Trump,1,3,1,0,True,4
68,1,Trump,0,5,0,0,True,4
68,2,Trump,1,17,1,0,True,4
68,3,Trump,2,10,2,0,True,4
68,4,Trump,1,44,1,0,True,4
68,5,Trump,1,8,1,0,True,4
68,6,Trump,2,11,2,0,True,4
68,7,Trump,2,11,2,0,True,4
69,0,Trump,1,0,0,1,False,4
69,1,Trump,0,5,0,0,True,4
69,2,Trump,1,57,1,0,True,4
69,3,Trump,1,4,1,0,True,4
69,4,Trump,1,3,1,0,True,4
69,5,Trump,1,3,1,0,True,4
69,6,Trump,0,4,0,0,True,4
70,0,Trump,0,21,0,0,True,4
70,1,Trump,3,48,3,0,True,4
70,2,Trump,1,50,1,0,True,4
70,3,Trump,0,14,0,0,True,4
70,4,Trump,1,24,1,0,True,4
70,5,Trump,0,21,0,0,True,4
70,6,Trump,2,38,2,0,True,4
70,7,Trump,3,48,3,0,True,4
70,8,Trump,1,36,1,0,True,4
71,0,Trump,0,4,0,0,True,4
71,1,Trump,0,22,0,0,True,4
71,2,Trump,0,13,0,0,True,4
71,3,Trump,0,11,0,0,True,4
71,4,Trump,2,5,2,0,True,4
71,5,Trump,1,12,1,0,True,4
71,6,Trump,1,13,1,0,True,4
71,7,Trump,1,8,1,0,True,4
72,0,Trump,2,64,2,0,True,4
72,1,Trump,1,5,1,0,True,4
72,2,Trump,1,8,1,0,True,4
72,3,Trump,1,22,1,0,True,4
72,4,Trump,1,3,1,0,True,4
72,5,Trump,0,1,0,0,True,4
72,6,Trump,0,2,0,0,True,4
72,7,Trump,0,0,0,0,True,4
73,0,Trump,1,8,1,0,True,4
73,1,Trump,0,5,0,0,True,4
73,2,Trump,1,8,1,0,True,4
73,3,Trump,1,21,1,0,True,4
73,4,Trump,2,42,2,0,True,4
73,5,Trump,1,17,1,0,True,4
73,6,Trump,1,16,1,0,True,4
74,0,Trump,0,4,0,0,True,4
74,1,Trump,0,4,0,0,True,4
74,2,Trump,1,6,1,0,True,4
74,3,Trump,1,0,0,1,False,4
74,4,Trump,1,3,1,0,True,4
74,5,Trump,0,9,0,0,True,4
74,6,Trump,1,10,1,0,True,4
74,7,Trump,0,5,0,0,True,4
75,0,Trump,1,15,1,0,True,4
75,1,Trump,1,11,1,0,True,4
75,2,Trump,1,12,1,0,True,4
75,3,Trump,0,35,0,0,True,4
75,4,Trump,0,8,0,0,True,4
75,5,Trump,1,46,1,0,True,4
75,6,Trump,1,26,1,0,True,4
76,0,Trump,1,17,1,0,True,4
76,1,Trump,1,22,1,0,True,4
76,2,Trump,0,26,0,0,True,4
76,3,Trump,1,6,1,0,True,4
76,4,Trump,0,4,0,0,True,4
76,5,Trump,4,7,4,0,True,4
76,6,Trump,1,18,1,0,True,4
76,7,Trump,0,9,0,0,True,4
76,8,Trump,0,0,0,0,True,4
77,0,Trump,2,11,2,0,True,4
77,1,Trump,1,24,1,0,True,4
77,2,Trump,1,3,1,0,True,4
77,3,Trump,0,6,0,0,True,4
77,4,Trump,1,6,1,0,True,4
77,5,Trump,1,22,1,0,True,4
77,6,Trump,1,14,1,0,True,4
77,7,Trump,0,11,0,0,True,4
78,0,Trump,2,30,2,0,True,4
78,1,Trump,1,8,1,0,True,4
78,2,Trump,2,6,2,0,True,4
78,3,Trump,0,12,0,0,True,4
78,4,Trump,2,46,2,0,True,4
78,5,Trump,1,43,1,0,True,4
79,0,Trump,1,22,1,0,True,4
79,1,Trump,1,15,1,0,True,4
79,2,Trump,0,29,0,0,True,4
79,3,Trump,0,3,0,0,True,4
79,4,Trump,1,12,1,0,True,4
79,5,Trump,0,8,0,0,True,4
79,6,Trump,0,16,0,0,True,4
80,0,Trump,1,6,1,0,True,4
80,1,Trump,1,8,1,0,True,4
80,2,Trump,0,2,0,0,True,4
80,3,Trump,2,11,2,0,True,4
80,4,Trump,0,7,0,0,True,4
80,5,Trump,1,3,1,0,True,4
80,6,Trump,1,13,1,0,True,4
81,0,Trump,0,38,0,0,True,4
81,1,Trump,1,16,1,0,True,4
81,2,Trump,4,47,4,0,True,4
81,3,Trump,2,16,2,0,True,4
81,4,Trump,0,10,0,0,True,4
81,5,Trump,3,17,3,0,True,4
81,6,Trump,1,35,1,0,True,4
81,7,Trump,0,18,0,0,True,4
82,0,Trump,0,8,0,0,True,4
82,1,Trump,1,8,1,0,True,4
82,2,Trump,0,1,0,0,True,4
82,3,Trump,2,54,2,0,True,4
82,4,Trump,1,12,1,0,True,4
82,5,Trump,1,17,1,0,True,4
82,6,Trump,1,10,1,0,True,4
82,7,Trump,0,7,0,0,True,4
83,0,Trump,1,45,1,0,True,4
83,1,Trump,2,19,2,0,True,4
83,2,Trump,1,27,1,0,True,4
83,3,Trump,1,16,1,0,True,4
83,4,Trump,1,14,1,0,True,4
83,5,Trump,0,48,0,0,True,4
83,6,Trump,0,10,0,0,True,4
84,0,Trump,0,4,0,0,True,4
84,1,Trump,0,46,0,0,True,4
84,2,Trump,1,1,1,0,True,4
84,3,Trump,0,5,0,0,True,4
84,4,Trump,2,13,2,0,True,4
84,5,Trump,1,17,1,0,True,4
84,6,Trump,1,9,1,0,True,4
84,7,Trump,1,9,1,0,True,4
84,8,Trump,0,28,0,0,True,4
85,0,Trump,1,7,1,0,True,4
85,1,Trump,1,14,1,0,True,4
85,2,Trump,1,23,1,0,True,4
85,3,Trump,1,4,1,0,True,4
85,4,Trump,1,12,1,0,True,4
85,5,Trump,1,20,1,0,True,4
85,6,Trump,1,13,1,0,True,4
85,7,Trump,1,43,1,0,True,4
86,0,Trump,1,15,1,0,True,4
86,1,Trump,0,4,0,0,True,4
86,2,Trump,1,17,1,0,True,4
86,3,Trump,2,11,2,0,True,4
86,4,Trump,2,5,2,0,True,4
86,5,Trump,0,3,0,0,True,4
86,6,Trump,1,18,1,0,True,4
87,0,Trump,1,13,1,0,True,4
87,1,Trump,1,4,1,0,True,4
87,2,Trump,2,11,2,0,True,4
87,3,Trump,2,35,2,0,True,4
87,4,Trump,1,43,1,0,True,4
87,5,Trump,1,43,1,0,True,4
88,0,Trump,0,23,0,0,True,4
88,1,Trump,0,34,0,0,True,4
88,2,Trump,3,24,3,0,True,4
88,3,Trump,2,13,2,0,True,4
88,4,Trump,1,49,1,0,True,4
88,5,Trump,1,21,1,0,True,4
88,6,Trump,2,41,2,0,True,4
89,0,Trump,1,54,1,0,True,4
89,1,Trump,1,23,1,0,True,4
89,2,Trump,1,31,1,0,True,4
89,3,Trump,1,7,1,0,True,4
89,4,Trump,1,5,1,0,True,4
89,5,Trump,1,22,1,0,True,4
89,6,Trump,1,6,1,0,True,4
90,0,Trump,2,26,2,0,True,4
90,1,Trump,2,9,2,0,True,4
90,2,Trump,2,12,2,0,True,4
90,3,Trump,1,22,1,0,True,4
90,4,Trump,1,16,1,0,True,4
90,5,Trump,0,19,0,0,True,4
90,6,Trump,1,13,1,0,True,4
90,7,Trump,1,14,1,0,True,4
90,8,Trump,1,15,1,0,True,4
91,0,Trump,0,6,0,0,True,4
91,1,Trump,0,16,0,0,True,4
91,2,Trump,2,23,2,0,True,4
91,3,Trump,2,20,2,0,True,4
91,4,Trump,1,6,1,0,True,4
91,5,Trump,2,11,2,0,True,4
91,6,Trump,0,6,0,0,True,4
92,0,Trump,0,4,0,0,True,4
92,1,Trump,2,16,2,0,True,4
92,2,Trump,1,5,1,0,True,4
92,3,Trump,1,7,1,0,True,4
92,4,Trump,1,26,1,0,True,4
92,5,Trump,1,26,1,0,True,4
92,6,Trump,0,37,0,0,True,4
93,0,Trump,1,50,1,0,True,4
93,1,Trump,1,0,0,1,False,4
93,2,Trump,1,24,1,0,True,4
93,3,Trump,1,16,1,0,True,4
93,4,Trump,1,34,1,0,True,4
93,5,Trump,2,50,2,0,True,4
94,0,Trump,0,54,0,0,True,4
94,1,Trump,1,13,1,0,True,4
94,2,Trump,1,1,1,0,True,4
94,3,Trump,1,1,1,0,True,4
94,4,Trump,1,15,1,0,True,4
94,5,Trump,0,4,0,0,True,4
94,6,Trump,1,31,1,0,True,4
95,0,Trump,0,10,0,0,True,4
95,1,Trump,2,29,2,0,True,4
95,2,Trump,0,1,0,0,True,4
95,3,Trump,1,44,1,0,True,4
95,4,Trump,1,2,1,0,True,4
95,5,Trump,0,3,0,0,True,4
95,6,Trump,0,11,0,0,True,4
95,7,Trump,0,11,0,0,True,4
95,8,Trump,0,3,0,0,True,4
96,0,Trump,1,5,1,0,True,4
96,1,Trump,1,5,1,0,True,4
96,2,Trump,0,5,0,0,True,4
96,3,Trump,1,4,1,0,True,4
96,4,Trump,1,4,1,0,True,4
96,5,Trump,1,11,1,0,True,4
97,0,Trump,1,30,1,0,True,4
97,1,Trump,1,7,1,0,True,4
97,2,Trump,1,17,1,0,True,4
97,3,Trump,0,3,0,0,True,4
97,4,Trump,1,31,1,0,True,4
97,5,Trump,1,36,1,0,True,4
97,6,Trump,0,4,0,0,True,4
97,7,Trump,2,11,2,0,True,4
98,0,Trump,1,4,1,0,True,4
98,1,Trump,1,9,1,0,True,4
98,2,Trump,1,7,1,0,True,4
98,3,Trump,1,17,1,0,True,4
98,4,Trump,1,6,1,0,True,4
98,5,Trump,2,31,2,0,True,4
98,6,Trump,2,11,2,0,True,4
99,0,Trump,0,6,0,0,True,4
99,1,Trump,1,16,1,0,True,4
99,2,Trump,0,14,0,0,True,4
99,3,Trump,2,8,2,0,True,4
99,4,Trump,1,15,1,0,True,4
99,5,Trump,2,19,2,0,True,4
99,6,Trump,0,5,0,0,True,4
99,7,Trump,1,11,1,0,True,4
99,8,Trump,1,18,1,0,True,4
100,0,Trump,1,19,1,0,True,4
100,1,Trump,1,35,1,0,True,4
100,2,Trump,0,36,0,0,True,4
100,3,Trump,0,18,0,0,True,4
100,4,Trump,1,14,1,0,True,4
100,5,Trump,0,3,0,0,True,4
100,6,Trump,1,30,1,0,True,4
100,7,Trump,0,9,0,0,True,4
100,8,Trump,0,4,0,0,True,4
101,0,Trump,2,28,2,0,True,4
101,1,Trump,2,11,2,0,True,4
101,2,Trump,1,50,1,0,True,4
101,3,Trump,1,54,1,0,True,4
101,4,Trump,4,16,4,0,True,4
101,5,Trump,2,50,2,0,True,4
101,6,Trump,0,4,0,0,True,4
102,0,Trump,1,27,1,0,True,4
102,1,Trump,2,20,2,0,True,4
102,2,Trump,0,15,0,0,True,4
102,3,Trump,2,28,2,0,True,4
102,4,Trump,1,26,1,0,True,4
102,5,Trump,0,14,0,0,True,4
102,6,Trump,2,11,2,0,True,4
102,7,Trump,1,9,1,0,True,4
103,0,Trump,1,12,1,0,True,4
103,1,Trump,1,13,1,0,True,4
103,2,Trump,1,6,1,0,True,4
103,3,Trump,1,9,1,0,True,4
103,4,Trump,1,28,1,0,True,4
103,5,Trump,2,28,2,0,True,4
104,0,Trump,1,17,1,0,True,4
104,1,Trump,1,20,1,0,True,4
104,2,Trump,1,27,1,0,True,4
104,3,Trump,0,2,0,0,True,4
104,4,Trump,1,1,1,0,True,4
104,5,Trump,0,0,0,0,True,4
105,0,Trump,1,20,1,0,True,4
105,1,Trump,2,11,2,0,True,4
105,2,Trump,1,4,1,0,True,4
105,3,Trump,2,1,1,1,False,4
105,4,Trump,1,15,1,0,True,4
105,5,Trump,1,31,1,0,True,4
105,6,Trump,2,4,2,0,True,4
106,0,Trump,1,8,1,0,True,4
106,1,Trump,1,10,1,0,True,4
106,2,Trump,0,13,0,0,True,4
106,3,Trump,2,7,2,0,True,4
106,4,Trump,1,12,1,0,True,4
106,5,Trump,2,7,2,0,True,4
106,6,Trump,1,9,1,0,True,4
106,7,Trump,2,4,2,0,True,4
106,8,Trump,1,14,1,0,True,4
107,0,Trump,1,18,1,0,True,4
107,1,Trump,1,6,1,0,True,4
107,2,Trump,2,11,2,0,True,4
107,3,Trump,2,5,2,0,True,4
107,4,Trump,1,19,1,0,True,4
107,5,Trump,1,8,1,0,True,4
107,6,Trump,1,17,1,0,True,4
108,0,Trump,2,9,2,0,True,4
108,1,Trump,2,9,2,0,True,4
108,2,Trump,3,9,3,0,True,4
108,3,Trump,3,12,3,0,True,4
108,4,Trump,5,6,5,0,True,4
108,5,Trump,5,9,5,0,True,4
108,6,Trump,1,10,1,0,True,4
109,0,Trump,2,25,2,0,True,4
109,1,Trump,3,41,3,0,True,4
109,2,Trump,1,26,1,0,True,4
109,3,Trump,2,12,2,0,True,4
109,4,Trump,3,40,3,0,True,4
109,5,Trump,0,8,0,0,True,4
109,6,Trump,0,20,0,0,True,4
109,7,Trump,2,16,2,0,True,4
109,8,Trump,0,6,0,0,True,4
109,9,Trump,0,10,0,0,True,4
110,0,Trump,1,35,1,0,True,4
110,1,Trump,1,28,1,0,True,4
110,2,Trump,3,43,3,0,True,4
110,3,Trump,1,4,1,0,True,4
110,4,Trump,0,11,0,0,True,4
110,5,Trump,0,27,0,0,True,4
110,6,Trump,1,19,1,0,True,4
110,7,Trump,0,23,0,0,True,4
111,0,Trump,2,15,2,0,True,4
111,1,Trump,1,13,1,0,True,4
111,2,Trump,1,18,1,0,True,4
111,3,Trump,1,32,1,0,True,4
111,4,Trump,2,8,2,0,True,4
111,5,Trump,3,5,3,0,True,4
111,6,Trump,0,1,0,0,True,4
111,7,Trump,0,3,0,0,True,4
112,0,Trump,1,12,1,0,True,4
112,1,Trump,1,7,1,0,True,4
112,2,Trump,1,51,1,0,True,4
112,3,Trump,0,9,0,0,True,4
112,4,Trump,0,50,0,0,True,4
112,5,Trump,0,14,0,0,True,4
112,6,Trump,1,21,1,0,True,4
112,7,Trump,1,19,1,0,True,4
113,0,Trump,1,21,1,0,True,4
113,1,Trump,1,38,1,0,True,4
113,2,Trump,1,8,1,0,True,4
113,3,Trump,1,17,1,0,True,4
113,4,Trump,0,5,0,0,True,4
113,5,Trump,1,13,1,0,True,4
113,6,Trump,1,18,1,0,True,4
113,7,Trump,1,50,1,0,True,4
114,0,Trump,0,17,0,0,True,4
114,1,Trump,0,7,0,0,True,4
114,2,Trump,2,12,2,0,True,4
114,3,Trump,2,34,2,0,True,4
114,4,Trump,1,15,1,0,True,4
114,5,Trump,0,4,0,0,True,4
114,6,Trump,1,11,1,0,True,4
115,0,Trump,0,17,0,0,True,4
115,1,Trump,0,13,0,0,True,4
115,2,Trump,0,9,0,0,True,4
115,3,Trump,0,22,0,0,True,4
115,4,Trump,0,32,0,0,True,4
115,5,Trump,0,46,0,0,True,4
115,6,Trump,1,12,1,0,True,4
116,0,Trump,1,54,1,0,True,4
116,1,Trump,1,49,1,0,True,4
116,2,Trump,1,9,1,0,True,4
116,3,Trump,1,27,1,0,True,4
116,4,Trump,1,35,1,0,True,4
116,5,Trump,1,12,1,0,True,4
116,6,Trump,1,8,1,0,True,4
117,0,Trump,1,44,1,0,True,4
117,1,Trump,1,49,1,0,True,4
117,2,Trump,0,4,0,0,True,4
117,3,Trump,1,5,1,0,True,4
117,4,Trump,2,40,2,0,True,4
117,5,Trump,0,0,0,0,True,4
117,6,Trump,1,21,1,0,True,4
117,7,Trump,1,53,1,0,True,4
117,8,Trump,1,48,1,0,True,4
117,9,Trump,1,8,1,0,True,4
118,0,Trump,0,4,0,0,True,4
118,1,Trump,3,38,3,0,True,4
118,2,Trump,2,3,2,0,True,4
118,3,Trump,1,5,1,0,True,4
118,4,Trump,0,6,0,0,True,4
118,5,Trump,1,5,1,0,True,4
118,6,Trump,1,19,1,0,True,4
118,7,Trump,0,18,0,0,True,4
119,0,Trump,1,14,1,0,True,4
119,1,Trump,1,12,1,0,True,4
119,2,Trump,1,35,1,0,True,4
119,3,Trump,1,36,1,0,True,4
119,4,Trump,1,40,1,0,True,4
119,5,Trump,0,4,0,0,True,4
119,6,Trump,1,23,1,0,True,4
119,7,Trump,1,13,1,0,True,4
120,0,Trump,3,16,3,0,True,4
120,1,Trump,3,10,3,0,True,4
120,2,Trump,4,7,4,0,True,4
120,3,Trump,4,14,4,0,True,4
120,4,Trump,3,21,3,0,True,4
120,5,Trump,3,16,3,0,True,4
120,6,Trump,4,14,4,0,True,4
120,7,Trump,0,13,0,0,True,4
121,0,Trump,1,4,1,0,True,4
121,1,Trump,0,3,0,0,True,4
121,2,Trump,2,11,2,0,True,4
121,3,Trump,0,9,0,0,True,4
121,4,Trump,1,9,1,0,True,4
121,5,Trump,0,6,0,0,True,4
121,6,Trump,1,20,1,0,True,4
121,7,Trump,0,17,0,0,True,4
121,8,Trump,1,0,0,1,False,4
122,0,Trump,1,7,1,0,True,4
122,1,Trump,1,54,1,0,True,4
122,2,Trump,2,19,2,0,True,4
122,3,Trump,3,13,3,0,True,4
122,4,Trump,2,30,2,0,True,4
122,5,Trump,2,22,2,0,True,4
123,0,Trump,0,19,0,0,True,4
123,1,Trump,0,25,0,0,True,4
123,2,Trump,1,45,1,0,True,4
123,3,Trump,1,53,1,0,True,4
123,4,Trump,0,48,0,0,True,4
123,5,Trump,0,33,0,0,True,4
123,6,Trump,0,5,0,0,True,4
124,0,Trump,1,9,1,0,True,4
124,1,Trump,1,13,1,0,True,4
124,2,Trump,2,27,2,0,True,4
124,3,Trump,0,4,0,0,True,4
124,4,Trump,1,24,1,0,True,4
124,5,Trump,3,29,3,0,True,4
124,6,Trump,1,9,1,0,True,4
124,7,Trump,2,11,2,0,True,4
125,0,Trump,1,6,1,0,True,4
125,1,Trump,2,6,2,0,True,4
125,2,Trump,2,6,2,0,True,4
125,3,Trump,2,6,2,0,True,4
125,4,Trump,0,5,0,0,True,4
125,5,Trump,2,4,2,0,True,4
125,6,Trump,2,2,2,0,True,4
126,0,Trump,3,27,3,0,True,4
126,1,Trump,2,17,2,0,True,4
126,2,Trump,3,17,3,0,True,4
126,3,Trump,2,8,2,0,True,4
126,4,Trump,3,16,3,0,True,4
126,5,Trump,1,6,1,0,True,4
126,6,Trump,2,10,2,0,True,4
127,0,Trump,0,17,0,0,True,4
127,1,Trump,1,20,1,0,True,4
127,2,Trump,1,15,1,0,True,4
127,3,Trump,1,17,1,0,True,4
127,4,Trump,1,14,1,0,True,4
127,5,Trump,1,13,1,0,True,4
127,6,Trump,0,15,0,0,True,4
127,7,Trump,0,2,0,0,True,4
128,0,Trump,0,10,0,0,True,4
128,1,Trump,2,18,2,0,True,4
128,2,Trump,1,33,1,0,True,4
128,3,Trump,1,17,1,0,True,4
128,4,Trump,0,19,0,0,True,4
128,5,Trump,2,8,2,0,True,4
128,6,Trump,1,28,1,0,True,4
129,0,Trump,0,10,0,0,True,4
129,1,Trump,2,11,2,0,True,4
129,2,Trump,1,12,1,0,True,4
129,3,Trump,0,41,0,0,True,4
129,4,Trump,0,13,0,0,True,4
129,5,Trump,1,12,1,0,True,4
129,6,Trump,2,20,2,0,True,4
130,0,Trump,1,20,1,0,True,4
130,1,Trump,1,21,1,0,True,4
130,2,Trump,1,8,1,0,True,4
130,3,Trump,1,3,1,0,True,4
130,4,Trump,1,3,1,0,True,4
130,5,Trump,1,23,1,0,True,4
130,6,Trump,0,2,0,0,True,4
131,0,Trump,1,17,1,0,True,4
131,1,Trump,2,6,2,0,True,4
131,2,Trump,1,5,1,0,True,4
131,3,Trump,2,41,2,0,True,4
131,4,Trump,0,9,0,0,True,4
131,5,Trump,0,22,0,0,True,4
131,6,Trump,1,29,1,0,True,4
132,0,Trump,2,12,2,0,True,4
132,1,Trump,2,18,2,0,True,4
132,2,Trump,1,61,1,0,True,4
132,3,Trump,2,13,2,0,True,4
132,4,Trump,1,48,1,0,True,4
132,5,Trump,1,5,1,0,True,4
132,6,Trump,1,10,1,0,True,4
133,0,Trump,0,2,0,0,True,4
133,1,Trump,2,24,2,0,True,4
133,2,Trump,0,2,0,0,True,4
133,3,Trump,0,3,0,0,True,4
133,4,Trump,1,25,1,0,True,4
133,5,Trump,0,10,0,0,True,4
134,0,Trump,1,15,1,0,True,4
134,1,Trump,1,16,1,0,True,4
134,2,Trump,1,28,1,0,True,4
134,3,Trump,2,16,2,0,True,4
134,4,Trump,2,10,2,0,True,4
134,5,Trump,1,8,1,0,True,4
134,6,Trump,1,6,1,0,True,4
134,7,Trump,0,0,0,0,True,4
135,0,Trump,1,30,1,0,True,4
135,1,Trump,0,12,0,0,True,4
135,2,Trump,1,13,1,0,True,4
135,3,Trump,1,6,1,0,True,4
135,4,Trump,1,13,1,0,True,4
135,5,Trump,1,8,1,0,True,4
135,6,Trump,1,2,1,0,True,4
135,7,Trump,0,4,0,0,True,4
136,0,Trump,0,3,0,0,True,4
136,1,Trump,0,10,0,0,True,4
136,2,Trump,0,10,0,0,True,4
136,3,Trump,0,11,0,0,True,4
136,4,Trump,0,47,0,0,True,4
136,5,Trump,0,32,0,0,True,4
136,6,Trump,0,2,0,0,True,4
136,7,Trump,1,16,1,0,True,4
136,8,Trump,1,34,1,0,True,4
137,0,Trump,0,8,0,0,True,4
137,1,Trump,1,14,1,0,True,4
137,2,Trump,2,16,2,0,True,4
137,3,Trump,0,8,0,0,True,4
137,4,Trump,1,22,1,0,True,4
137,5,Trump,1,8,1,0,True,4
137,6,Trump,4,48,4,0,True,4
138,0,Trump,4,24,4,0,True,4
138,1,Trump,1,11,1,0,True,4
138,2,Trump,2,16,2,0,True,4
138,3,Trump,1,21,1,0,True,4
138,4,Trump,2,6,2,0,True,4
138,5,Trump,2,6,2,0,True,4
139,0,Trump,0,3,0,0,True,4
139,1,Trump,0,5,0,0,True,4
139,2,Trump,2,6,2,0,True,4
139,3,Trump,0,4,0,0,True,4
139,4,Trump,2,7,2,0,True,4
139,5,Trump,2,2,2,0,True,4
139,6,Trump,0,9,0,0,True,4
139,7,Trump,1,4,1,0,True,4
139,8,Trump,1,25,1,0,True,4
139,9,Trump,2,8,2,0,True,4
140,0,Trump,1,9,1,0,True,4
140,1,Trump,0,3,0,0,True,4
140,2,Trump,0,5,0,0,True,4
140,3,Trump,0,17,0,0,True,4
140,4,Trump,2,15,2,0,True,4
140,5,Trump,1,8,1,0,True,4
140,6,Trump,2,9,2,0,True,4
141,0,Trump,2,11,2,0,True,4
141,1,Trump,2,10,2,0,True,4
141,2,Trump,1,20,1,0,True,4
141,3,Trump,1,6,1,0,True,4
141,4,Trump,0,15,0,0,True,4
141,5,Trump,0,18,0,0,True,4
141,6,Trump,0,7,0,0,True,4
142,0,Trump,1,38,1,0,True,4
142,1,Trump,1,23,1,0,True,4
142,2,Trump,1,3,1,0,True,4
142,3,Trump,5,40,5,0,True,4
142,4,Trump,1,41,1,0,True,4
142,5,Trump,1,9,1,0,True,4
142,6,Trump,2,50,2,0,True,4
142,7,Trump,0,10,0,0,True,4
142,8,Trump,1,12,1,0,True,4
143,0,Trump,0,20,0,0,True,4
143,1,Trump,1,14,1,0,True,4
143,2,Trump,1,21,1,0,True,4
143,3,Trump,1,18,1,0,True,4
143,4,Trump,0,10,0,0,True,4
143,5,Trump,0,19,0,0,True,4
144,0,Trump,3,43,3,0,True,4
144,1,Trump,0,4,0,0,True,4
144,2,Trump,2,19,2,0,True,4
144,3,Trump,1,6,1,0,True,4
144,4,Trump,0,18,0,0,True,4
144,5,Trump,1,7,1,0,True,4
144,6,Trump,1,53,1,0,True,4
145,0,Trump,1,36,1,0,True,4
145,1,Trump,0,12,0,0,True,4
145,2,Trump,0,2,0,0,True,4
145,3,Trump,1,5,1,0,True,4
145,4,Trump,1,10,1,0,True,4
145,5,Trump,1,5,1,0,True,4
145,6,Trump,2,4,2,0,True,4
145,7,Trump,1,5,1,0,True,4
146,0,Trump,1,2,1,0,True,4
146,1,Trump,1,8,1,0,True,4
146,2,Trump,1,29,1,0,True,4
146,3,Trump,1,5,1,0,True,4
146,4,Trump,1,1,1,0,True,4
146,5,Trump,2,3,2,0,True,4
146,6,Trump,2,8,2,0,True,4
147,0,Trump,0,18,0,0,True,4
147,1,Trump,2,28,2,0,True,4
147,2,Trump,0,6,0,0,True,4
147,3,Trump,0,5,0,0,True,4
147,4,Trump,2,5,2,0,True,4
147,5,Trump,2,4,2,0,True,4
147,6,Trump,2,14,2,0,True,4
148,0,Trump,4,16,4,0,True,4
148,1,Trump,2,8,2,0,True,4
148,2,Trump,0,2,0,0,True,4
148,3,Trump,2,10,2,0,True,4
148,4,Trump,1,6,1,0,True,4
149,0,Trump,1,57,1,0,True,4
149,1,Trump,1,12,1,0,True,4
149,2,Trump,2,20,2,0,True,4
149,3,Trump,1,14,1,0,True,4
149,4,Trump,2,37,2,0,True,4
149,5,Trump,0,5,0,0,True,4
149,6,Trump,1,6,1,0,True,4
150,0,Trump,3,9,3,0,True,4
150,1,Trump,0,6,0,0,True,4
150,2,Trump,0,13,0,0,True,4
150,3,Trump,1,14,1,0,True,4
150,4,Trump,1,1,1,0,True,4
150,5,Trump,0,4,0,0,True,4
151,0,Trump,1,20,1,0,True,4
151,1,Trump,1,6,1,0,True,4
151,2,Trump,0,14,0,0,True,4
151,3,Trump,0,7,0,0,True,4
151,4,Trump,2,28,2,0,True,4
151,5,Trump,1,10,1,0,True,4
151,6,Trump,0,4,0,0,True,4
152,0,Trump,1,12,1,0,True,4
152,1,Trump,1,18,1,0,True,4
152,2,Trump,1,8,1,0,True,4
152,3,Trump,1,2,1,0,True,4
152,4,Trump,1,23,1,0,True,4
152,5,Trump,0,12,0,0,True,4
153,0,Trump,2,5,2,0,True,4
153,1,Trump,3,38,3,0,True,4
153,2,Trump,1,17,1,0,True,4
153,3,Trump,0,13,0,0,True,4
153,4,Trump,2,11,2,0,True,4
153,5,Trump,1,6,1,0,True,4
153,6,Trump,1,13,1,0,True,4
153,7,Trump,3,6,3,0,True,4
154,0,Trump,1,26,1,0,True,4
154,1,Trump,0,32,0,0,True,4
154,2,Trump,0,28,0,0,True,4
154,3,Trump,1,55,1,0,True,4
154,4,Trump,0,20,0,0,True,4
154,5,Trump,2,34,2,0,True,4
154,6,Trump,1,41,1,0,True,4
155,0,Trump,2,29,2,0,True,4
155,1,Trump,0,17,0,0,True,4
155,2,Trump,1,35,1,0,True,4
155,3,Trump,3,24,3,0,True,4
155,4,Trump,2,32,2,0,True,4
155,5,Trump,1,23,1,0,True,4
155,6,Trump,0,40,0,0,True,4
156,0,Trump,1,23,1,0,True,4
156,1,Trump,2,30,2,0,True,4
156,2,Trump,1,19,1,0,True,4
156,3,Trump,1,11,1,0,True,4
156,4,Trump,1,39,1,0,True,4
156,5,Trump,1,9,1,0,True,4
157,0,Trump,1,1,1,0,True,4
157,1,Trump,1,2,1,0,True,4
157,2,Trump,0,4,0,0,True,4
157,3,Trump,1,4,1,0,True,4
157,4,Trump,2,9,2,0,True,4
157,5,Trump,0,28,0,0,True,4
158,0,Trump,0,0,0,0,True,4
158,1,Trump,1,45,1,0,True,4
158,2,Trump,1,28,1,0,True,4
158,3,Trump,3,28,3,0,True,4
158,4,Trump,0,1,0,0,True,4
158,5,Trump,2,9,2,0,True,4
158,6,Trump,1,22,1,0,True,4
158,7,Trump,1,37,1,0,True,4
158,8,Trump,1,31,1,0,True,4
159,0,Trump,1,10,1,0,True,4
159,1,Trump,0,13,0,0,True,4
159,2,Trump,1,7,1,0,True,4
159,3,Trump,2,9,2,0,True,4
159,4,Trump,1,29,1,0,True,4
159,5,Trump,1,15,1,0,True,4
159,6,Trump,2,9,2,0,True,4
159,7,Trump,1,8,1,0,True,4
160,0,Trump,0,1,0,0,True,4
160,1,Trump,0,12,0,0,True,4
160,2,Trump,1,27,1,0,True,4
160,3,Trump,1,9,1,0,True,4
160,4,Trump,0,12,0,0,True,4
160,5,Trump,0,10,0,0,True,4
160,6,Trump,2,38,2,0,True,4
160,7,Trump,0,2,0,0,True,4
160,8,Trump,1,31,1,0,True,4
161,0,Trump,1,12,1,0,True,4
161,1,Trump,1,27,1,0,True,4
161,2,Trump,3,22,3,0,True,4
161,3,Trump,1,10,1,0,True,4
161,4,Trump,1,12,1,0,True,4
161,5,Trump,2,10,2,0,True,4
161,6,Trump,1,12,1,0,True,4
162,0,Trump,0,19,0,0,True,4
162,1,Trump,1,16,1,0,True,4
162,2,Trump,1,12,1,0,True,4
162,3,Trump,1,3,1,0,True,4
162,4,Trump,0,4,0,0,True,4
162,5,Trump,2,12,2,0,True,4
162,6,Trump,0,3,0,0,True,4
162,7,Trump,1,6,1,0,True,4
163,0,Trump,2,4,2,0,True,4
163,1,Trump,0,8,0,0,True,4
163,2,Trump,2,58,2,0,True,4
163,3,Trump,0,7,0,0,True,4
163,4,Trump,1,8,1,0,True,4
163,5,Trump,2,16,2,0,True,4
163,6,Trump,1,9,1,0,True,4
163,7,Trump,1,6,1,0,True,4
164,0,Trump,1,12,1,0,True,4
164,1,Trump,1,9,1,0,True,4
164,2,Trump,1,30,1,0,True,4
164,3,Trump,2,3,2,0,True,4
164,4,Trump,1,24,1,0,True,4
164,5,Trump,2,23,2,0,True,4
165,0,Trump,0,17,0,0,True,4
165,1,Trump,0,3,0,0,True,4
165,2,Trump,0,35,0,0,True,4
165,3,Trump,0,4,0,0,True,4
165,4,Trump,0,4,0,0,True,4
165,5,Trump,0,42,0,0,True,4
165,6,Trump,0,8,0,0,True,4
165,7,Trump,2,26,2,0,True,4
166,0,Trump,0,5,0,0,True,4
166,1,Trump,1,22,1,0,True,4
166,2,Trump,0,4,0,0,True,4
166,3,Trump,1,27,1,0,True,4
166,4,Trump,0,12,0,0,True,4
166,5,Trump,1,21,1,0,True,4
166,6,Trump,1,29,1,0,True,4
166,7,Trump,2,25,2,0,True,4
167,0,Trump,2,34,2,0,True,4
167,1,Trump,0,3,0,0,True,4
167,2,Trump,0,9,0,0,True,4
167,3,Trump,0,15,0,0,True,4
167,4,Trump,1,18,1,0,True,4
167,5,Trump,1,6,1,0,True,4
167,6,Trump,2,11,2,0,True,4
168,0,Trump,0,16,0,0,True,4
168,1,Trump,0,5,0,0,True,4
168,2,Trump,0,0,0,0,True,4
168,3,Trump,1,37,1,0,True,4
168,4,Trump,0,3,0,0,True,4
168,5,Trump,0,16,0,0,True,4
168,6,Trump,2,38,2,0,True,4
168,7,Trump,1,37,1,0,True,4
169,0,Trump,1,7,1,0,True,4
169,1,Trump,1,14,1,0,True,4
169,2,Trump,2,8,2,0,True,4
169,3,Trump,2,6,2,0,True,4
169,4,Trump,2,28,2,0,True,4
169,5,Trump,2,14,2,0,True,4
169,6,Trump,1,11,1,0,True,4
169,7,Trump,1,19,1,0,True,4
170,0,Trump,0,6,0,0,True,4
170,1,Trump,0,50,0,0,True,4
170,2,Trump,0,4,0,0,True,4
170,3,Trump,0,0,0,0,True,4
170,4,Trump,0,17,0,0,True,4
170,5,Trump,2,52,2,0,True,4
170,6,Trump,0,20,0,0,True,4
170,7,Trump,0,35,0,0,True,4
171,0,Trump,2,29,2,0,True,4
171,1,Trump,0,17,0,0,True,4
171,2,Trump,0,29,0,0,True,4
171,3,Trump,1,31,1,0,True,4
171,4,Trump,0,16,0,0,True,4
171,5,Trump,0,4,0,0,True,4
171,6,Trump,0,2,0,0,True,4
171,7,Trump,2,21,2,0,True,4
172,0,Trump,1,8,1,0,True,4
172,1,Trump,0,8,0,0,True,4
172,2,Trump,0,11,0,0,True,4
172,3,Trump,1,25,1,0,True,4
172,4,Trump,0,16,0,0,True,4
172,5,Trump,1,20,1,0,True,4
172,6,Trump,1,14,1,0,True,4
172,7,Trump,0,13,0,0,True,4
173,0,Trump,2,9,2,0,True,4
173,1,Trump,1,24,1,0,True,4
173,2,Trump,0,4,0,0,True,4
173,3,Trump,2,16,2,0,True,4
173,4,Trump,0,23,0,0,True,4
173,5,Trump,2,11,2,0,True,4
173,6,Trump,0,0,0,0,True,4
173,7,Trump,0,0,0,0,True,4
174,0,Trump,1,16,1,0,True,4
174,1,Trump,2,26,2,0,True,4
174,2,Trump,0,8,0,0,True,4
174,3,Trump,1,12,1,0,True,4
174,4,Trump,2,30,2,0,True,4
174,5,Trump,1,7,1,0,True,4
174,6,Trump,2,32,2,0,True,4
174,7,Trump,2,13,2,0,True,4
175,0,Trump,0,18,0,0,True,4
175,1,Trump,1,37,1,0,True,4
175,2,Trump,0,2,0,0,True,4
175,3,Trump,1,32,1,0,True,4
175,4,Trump,1,19,1,0,True,4
175,5,Trump,0,21,0,0,True,4
175,6,Trump,0,0,0,0,True,4
176,0,Trump,1,7,1,0,True,4
176,1,Trump,2,11,2,0,True,4
176,2,Trump,1,15,1,0,True,4
176,3,Trump,1,6,1,0,True,4
176,4,Trump,2,5,2,0,True,4
176,5,Trump,1,44,1,0,True,4
177,0,Trump,2,12,2,0,True,4
177,1,Trump,1,10,1,0,True,4
177,2,Trump,1,8,1,0,True,4
177,3,Trump,1,11,1,0,True,4
177,4,Trump,1,4,1,0,True,4
177,5,Trump,0,8,0,0,True,4
177,6,Trump,1,29,1,0,True,4
178,0,Trump,0,5,0,0,True,4
178,1,Trump,2,48,2,0,True,4
178,2,Trump,3,48,3,0,True,4
178,3,Trump,1,29,1,0,True,4
178,4,Trump,2,9,2,0,True,4
178,5,Trump,1,55,1,0,True,4
179,0,Trump,0,23,0,0,True,4
179,1,Trump,0,9,0,0,True,4
179,2,Trump,1,38,1,0,True,4
179,3,Trump,1,34,1,0,True,4
179,4,Trump,1,26,1,0,True,4
179,5,Trump,2,42,2,0,True,4
179,6,Trump,1,31,1,0,True,4
179,7,Trump,1,27,1,0,True,4
180,0,Trump,0,13,0,0,True,4
180,1,Trump,0,11,0,0,True,4
180,2,Trump,0,20,0,0,True,4
180,3,Trump,0,16,0,0,True,4
180,4,Trump,0,20,0,0,True,4
180,5,Trump,0,16,0,0,True,4
180,6,Trump,0,13,0,0,True,4
181,0,Trump,1,22,1,0,True,4
181,1,Trump,1,12,1,0,True,4
181,2,Trump,1,15,1,0,True,4
181,3,Trump,0,18,0,0,True,4
181,4,Trump,0,2,0,0,True,4
181,5,Trump,1,25,1,0,True,4
181,6,Trump,1,14,1,0,True,4
181,7,Trump,1,8,1,0,True,4
181,8,Trump,1,17,1,0,True,4
182,0,Trump,0,9,0,0,True,4
182,1,Trump,0,13,0,0,True,4
182,2,Trump,1,41,1,0,True,4
182,3,Trump,0,8,0,0,True,4
182,4,Trump,1,17,1,0,True,4
182,5,Trump,0,12,0,0,True,4
182,6,Trump,1,44,1,0,True,4
183,0,Trump,0,9,0,0,True,4
183,1,Trump,2,26,2,0,True,4
183,2,Trump,1,15,1,0,True,4
183,3,Trump,1,11,1,0,True,4
183,4,Trump,0,0,0,0,True,4
183,5,Trump,1,10,1,0,True,4
183,6,Trump,0,43,0,0,True,4
184,0,Trump,1,4,1,0,True,4
184,1,Trump,0,26,0,0,True,4
184,2,Trump,1,2,1,0,True,4
184,3,Trump,2,7,2,0,True,4
184,4,Trump,1,4,1,0,True,4
184,5,Trump,1,2,1,0,True,4
184,6,Trump,1,21,1,0,True,4
184,7,Trump,1,11,1,0,True,4
184,8,Trump,1,9,1,0,True,4
185,0,Trump,0,11,0,0,True,4
185,1,Trump,1,20,1,0,True,4
185,2,Trump,1,9,1,0,True,4
185,3,Trump,1,10,1,0,True,4
185,4,Trump,0,7,0,0,True,4
185,5,Trump,2,27,2,0,True,4
185,6,Trump,0,5,0,0,True,4
186,0,Trump,0,21,0,0,True,4
186,1,Trump,0,10,0,0,True,4
186,2,Trump,2,35,2,0,True,4
186,3,Trump,1,49,1,0,True,4
186,4,Trump,0,15,0,0,True,4
186,5,Trump,4,44,4,0,True,4
186,6,Trump,0,4,0,0,True,4
186,7,Trump,0,10,0,0,True,4
187,0,Trump,0,14,0,0,True,4
187,1,Trump,0,3,0,0,True,4
187,2,Trump,0,14,0,0,True,4
187,3,Trump,0,14,0,0,True,4
187,4,Trump,0,15,0,0,True,4
187,5,Trump,0,18,0,0,True,4
187,6,Trump,1,8,1,0,True,4
187,7,Trump,0,12,0,0,True,4
188,0,Trump,0,3,0,0,True,4
188,1,Trump,0,12,0,0,True,4
188,2,Trump,10,42,10,0,True,4
188,3,Trump,0,15,0,0,True,4
188,4,Trump,2,6,2,0,True,4
188,5,Trump,1,45,1,0,True,4
188,6,Trump,1,10,1,0,True,4
188,7,Trump,1,14,1,0,True,4
189,0,Trump,0,25,0,0,True,4
189,1,Trump,1,26,1,0,True,4
189,2,Trump,1,6,1,0,True,4
189,3,Trump,1,9,1,0,True,4
189,4,Trump,1,33,1,0,True,4
189,5,Trump,0,8,0,0,True,4
189,6,Trump,1,11,1,0,True,4
190,0,Trump,0,51,0,0,True,4
190,1,Trump,1,32,1,0,True,4
190,2,Trump,1,51,1,0,True,4
190,3,Trump,1,22,1,0,True,4
190,4,Trump,0,14,0,0,True,4
190,5,Trump,0,38,0,0,True,4
190,6,Trump,1,43,1,0,True,4
191,0,Trump,2,28,2,0,True,4
191,1,Trump,4,11,4,0,True,4
191,2,Trump,2,16,2,0,True,4
191,3,Trump,1,27,1,0,True,4
191,4,Trump,1,40,1,0,True,4
191,5,Trump,2,1,1,1,False,4
192,0,Trump,1,21,1,0,True,4
192,1,Trump,1,32,1,0,True,4
192,2,Trump,1,9,1,0,True,4
192,3,Trump,1,4,1,0,True,4
192,4,Trump,1,11,1,0,True,4
192,5,Trump,1,15,1,0,True,4
192,6,Trump,1,18,1,0,True,4
193,0,Trump,1,46,1,0,True,4
193,1,Trump,0,12,0,0,True,4
193,2,Trump,1,17,1,0,True,4
193,3,Trump,0,24,0,0,True,4
193,4,Trump,1,38,1,0,True,4
193,5,Trump,1,51,1,0,True,4
193,6,Trump,0,7,0,0,True,4
194,0,Trump,1,15,1,0,True,4
194,1,Trump,0,16,0,0,True,4
194,2,Trump,0,12,0,0,True,4
194,3,Trump,1,41,1,0,True,4
194,4,Trump,0,14,0,0,True,4
194,5,Trump,0,17,0,0,True,4
194,6,Trump,1,16,1,0,True,4
194,7,Trump,0,17,0,0,True,4
194,8,Trump,0,5,0,0,True,4
195,0,Trump,1,9,1,0,True,4
195,1,Trump,1,22,1,0,True,4
195,2,Trump,0,3,0,0,True,4
195,3,Trump,1,26,1,0,True,4
195,4,Trump,1,13,1,0,True,4
195,5,Trump,0,17,0,0,True,4
195,6,Trump,1,10,1,0,True,4
195,7,Trump,0,12,0,0,True,4
196,0,Trump,1,31,1,0,True,4
196,1,Trump,1,41,1,0,True,4
196,2,Trump,1,49,1,0,True,4
196,3,Trump,1,51,1,0,True,4
196,4,Trump,1,19,1,0,True,4
196,5,Trump,0,11,0,0,True,4
197,0,Trump,1,21,1,0,True,4
197,1,Trump,1,18,1,0,True,4
197,2,Trump,1,19,1,0,True,4
197,3,Trump,1,9,1,0,True,4
197,4,Trump,1,41,1,0,True,4
197,5,Trump,2,13,2,0,True,4
197,6,Trump,1,8,1,0,True,4
197,7,Trump,1,11,1,0,True,4
197,8,Trump,1,25,1,0,True,4
198,0,Trump,1,30,1,0,True,4
198,1,Trump,0,0,0,0,True,4
198,2,Trump,0,48,0,0,True,4
198,3,Trump,2,26,2,0,True,4
198,4,Trump,1,25,1,0,True,4
198,5,Trump,1,54,1,0,True,4
198,6,Trump,1,26,1,0,True,4
199,0,Trump,2,16,2,0,True,4
199,1,Trump,1,7,1,0,True,4
199,2,Trump,0,4,0,0,True,4
199,3,Trump,0,6,0,0,True,4
199,4,Trump,0,1,0,0,True,4
199,5,Trump,1,30,1,0,True,4
199,6,Trump,0,3,0,0,True,4
199,7,Trump,1,10,1,0,True,4
199,8,Trump,1,15,1,0,True,4
200,0,Trump,0,3,0,0,True,4
200,1,Trump,0,29,0,0,True,4
200,2,Trump,0,5,0,0,True,4
200,3,Trump,0,25,0,0,True,4
200,4,Trump,0,6,0,0,True,4
200,5,Trump,0,21,0,0,True,4
200,6,Trump,0,11,0,0,True,4
200,7,Trump,1,24,1,0,True,4
201,0,Trump,0,28,0,0,True,4
201,1,Trump,1,8,1,0,True,4
201,2,Trump,1,16,1,0,True,4
201,3,Trump,0,24,0,0,True,4
201,4,Trump,2,36,2,0,True,4
201,5,Trump,0,2,0,0,True,4
201,6,Trump,0,7,0,0,True,4
201,7,Trump,1,33,1,0,True,4
202,0,Trump,4,54,4,0,True,4
202,1,Trump,1,61,1,0,True,4
202,2,Trump,1,50,1,0,True,4
202,3,Trump,1,33,1,0,True,4
202,4,Trump,2,34,2,0,True,4
202,5,Trump,2,48,2,0,True,4
203,0,Trump,1,41,1,0,True,4
203,1,Trump,2,15,2,0,True,4
203,2,Trump,0,10,0,0,True,4
203,3,Trump,0,6,0,0,True,4
203,4,Trump,0,19,0,0,True,4
203,5,Trump,0,7,0,0,True,4
203,6,Trump,0,2,0,0,True,4
203,7,Trump,0,35,0,0,True,4
203,8,Trump,0,17,0,0,True,4
204,0,Trump,0,23,0,0,True,4
204,1,Trump,1,38,1,0,True,4
205,0,Trump,2,51,2,0,True,4
205,1,Trump,1,7,1,0,True,4
205,2,Trump,1,33,1,0,True,4
205,3,Trump,2,11,2,0,True,4
205,4,Trump,0,3,0,0,True,4
205,5,Trump,1,17,1,0,True,4
205,6,Trump,0,3,0,0,True,4
205,7,Trump,0,0,0,0,True,4
206,0,Trump,1,27,1,0,True,4
206,1,Trump,2,33,2,0,True,4
206,2,Trump,1,17,1,0,True,4
206,3,Trump,0,18,0,0,True,4
206,4,Trump,1,17,1,0,True,4
206,5,Trump,1,29,1,0,True,4
206,6,Trump,1,3,1,0,True,4
206,7,Trump,1,9,1,0,True,4
207,0,Trump,0,1,0,0,True,4
207,1,Trump,0,19,0,0,True,4
207,2,Trump,1,20,1,0,True,4
207,3,Trump,0,8,0,0,True,4
207,4,Trump,2,34,2,0,True,4
207,5,Trump,0,18,0,0,True,4
208,0,Trump,2,19,2,0,True,4
208,1,Trump,1,6,1,0,True,4
208,2,Trump,1,3,1,0,True,4
208,3,Trump,1,11,1,0,True,4
208,4,Trump,0,5,0,0,True,4
208,5,Trump,0,42,0,0,True,4
208,6,Trump,4,16,4,0,True,4
208,7,Trump,0,6,0,0,True,4
208,8,Trump,0,14,0,0,True,4
209,0,Trump,0,5,0,0,True,4
209,1,Trump,0,4,0,0,True,4
209,2,Trump,1,8,1,0,True,4
209,3,Trump,1,58,1,0,True,4
209,4,Trump,1,54,1,0,True,4
209,5,Trump,2,19,2,0,True,4
209,6,Trump,1,10,1,0,True,4
210,0,Trump,0,2,0,0,True,4
210,1,Trump,1,11,1,0,True,4
210,2,Trump,3,38,3,0,True,4
210,3,Trump,2,24,2,0,True,4
210,4,Trump,1,38,1,0,True,4
210,5,Trump,0,24,0,0,True,4
210,6,Trump,2,41,2,0,True,4
210,7,Trump,1,35,1,0,True,4
211,0,Trump,1,4,1,0,True,4
211,1,Trump,0,3,0,0,True,4
211,2,Trump,1,6,1,0,True,4
211,3,Trump,1,8,1,0,True,4
211,4,Trump,2,50,2,0,True,4
211,5,Trump,1,13,1,0,True,4
212,0,Trump,0,22,0,0,True,4
212,1,Trump,0,3,0,0,True,4
212,2,Trump,0,4,0,0,True,4
212,3,Trump,1,36,1,0,True,4
212,4,Trump,1,4,1,0,True,4
212,5,Trump,0,2,0,0,True,4
213,0,Trump,1,35,1,0,True,4
213,1,Trump,1,26,1,0,True,4
213,2,Trump,1,34,1,0,True,4
213,3,Trump,1,19,1,0,True,4
213,4,Trump,1,22,1,0,True,4
213,5,Trump,2,22,2,0,True,4
213,6,Trump,1,31,1,0,True,4
214,0,Trump,1,19,1,0,True,4
214,1,Trump,2,22,2,0,True,4
214,2,Trump,0,3,0,0,True,4
214,3,Trump,1,12,1,0,True,4
214,4,Trump,0,5,0,0,True,4
214,5,Trump,1,16,1,0,True,4
214,6,Trump,1,6,1,0,True,4
215,0,Trump,2,37,2,0,True,4
215,1,Trump,2,38,2,0,True,4
215,2,Trump,2,46,2,0,True,4
215,3,Trump,2,44,2,0,True,4
215,4,Trump,2,47,2,0,True,4
215,5,Trump,2,41,2,0,True,4
215,6,Trump,2,38,2,0,True,4
216,0,Trump,2,18,2,0,True,4
216,1,Trump,2,39,2,0,True,4
216,2,Trump,2,29,2,0,True,4
216,3,Trump,1,20,1,0,True,4
216,4,Trump,0,28,0,0,True,4
216,5,Trump,1,30,1,0,True,4
216,6,Trump,1,11,1,0,True,4
217,0,Trump,1,41,1,0,True,4
217,1,Trump,1,11,1,0,True,4
217,2,Trump,1,29,1,0,True,4
217,3,Trump,2,28,2,0,True,4
217,4,Trump,2,23,2,0,True,4
217,5,Trump,1,13,1,0,True,4
218,0,Trump,0,19,0,0,True,4
218,1,Trump,0,40,0,0,True,4
218,2,Trump,0,2,0,0,True,4
218,3,Trump,0,61,0,0,True,4
218,4,Trump,0,55,0,0,True,4
218,5,Trump,2,52,2,0,True,4
218,6,Trump,0,57,0,0,True,4
218,7,Trump,0,3,0,0,True,4
219,0,Trump,0,7,0,0,True,4
219,1,Trump,0,9,0,0,True,4
219,2,Trump,0,8,0,0,True,4
219,3,Trump,0,48,0,0,True,4
219,4,Trump,1,24,1,0,True,4
219,5,Trump,1,8,1,0,True,4
219,6,Trump,1,11,1,0,True,4
219,7,Trump,1,12,1,0,True,4
220,0,Trump,2,43,2,0,True,4
220,1,Trump,0,1,0,0,True,4
220,2,Trump,1,0,0,1,False,4
220,3,Trump,0,3,0,0,True,4
220,4,Trump,0,2,0,0,True,4
220,5,Trump,2,6,2,0,True,4
220,6,Trump,0,3,0,0,True,4
221,0,Trump,1,20,1,0,True,4
221,1,Trump,0,12,0,0,True,4
221,2,Trump,1,12,1,0,True,4
221,3,Trump,2,30,2,0,True,4
221,4,Trump,1,11,1,0,True,4
221,5,Trump,1,19,1,0,True,4
221,6,Trump,2,39,2,0,True,4
222,0,Trump,1,13,1,0,True,4
222,1,Trump,2,17,2,0,True,4
222,2,Trump,1,8,1,0,True,4
222,3,Trump,1,13,1,0,True,4
222,4,Trump,1,13,1,0,True,4
222,5,Trump,0,28,0,0,True,4
223,0,Trump,0,9,0,0,True,4
223,1,Trump,2,30,2,0,True,4
223,2,Trump,0,54,0,0,True,4
223,3,Trump,0,6,0,0,True,4
223,4,Trump,1,44,1,0,True,4
223,5,Trump,1,12,1,0,True,4
223,6,Trump,0,20,0,0,True,4
223,7,Trump,0,39,0,0,True,4
224,0,Trump,0,4,0,0,True,4
224,1,Trump,1,11,1,0,True,4
224,2,Trump,1,16,1,0,True,4
224,3,Trump,1,37,1,0,True,4
224,4,Trump,1,15,1,0,True,4
224,5,Trump,0,8,0,0,True,4
225,0,Trump,0,13,0,0,True,4
225,1,Trump,0,8,0,0,True,4
225,2,Trump,2,54,2,0,True,4
225,3,Trump,0,55,0,0,True,4
225,4,Trump,0,28,0,0,True,4
225,5,Trump,1,28,1,0,True,4
225,6,Trump,1,8,1,0,True,4
226,0,Trump,0,5,0,0,True,4
226,1,Trump,1,17,1,0,True,4
226,2,Trump,0,15,0,0,True,4
226,3,Trump,1,6,1,0,True,4
226,4,Trump,1,29,1,0,True,4
226,5,Trump,2,7,2,0,True,4
226,6,Trump,1,12,1,0,True,4
227,0,Trump,1,4,1,0,True,4
227,1,Trump,1,17,1,0,True,4
227,2,Trump,1,13,1,0,True,4
227,3,Trump,2,5,2,0,True,4
227,4,Trump,1,10,1,0,True,4
227,5,Trump,1,13,1,0,True,4
227,6,Trump,1,1,1,0,True,4
227,7,Trump,0,4,0,0,True,4
228,0,Trump,0,3,0,0,True,4
228,1,Trump,2,56,2,0,True,4
228,2,Trump,0,9,0,0,True,4
228,3,Trump,0,4,0,0,True,4
228,4,Trump,0,8,0,0,True,4
228,5,Trump,1,12,1,0,True,4
228,6,Trump,0,47,0,0,True,4
228,7,Trump,1,22,1,0,True,4
229,0,Trump,1,4,1,0,True,4
229,1,Trump,1,15,1,0,True,4
229,2,Trump,0,11,0,0,True,4
229,3,Trump,1,17,1,0,True,4
229,4,Trump,0,39,0,0,True,4
229,5,Trump,1,13,1,0,True,4
229,6,Trump,2,20,2,0,True,4
229,7,Trump,1,26,1,0,True,4
229,8,Trump,1,22,1,0,True,4
229,9,Trump,0,24,0,0,True,4
230,0,Trump,0,25,0,0,True,4
230,1,Trump,0,19,0,0,True,4
230,2,Trump,0,19,0,0,True,4
230,3,Trump,0,8,0,0,True,4
230,4,Trump,0,45,0,0,True,4
230,5,Trump,0,20,0,0,True,4
230,6,Trump,0,11,0,0,True,4
231,0,Trump,2,37,2,0,True,4
231,1,Trump,1,4,1,0,True,4
231,2,Trump,1,9,1,0,True,4
231,3,Trump,1,44,1,0,True,4
231,4,Trump,1,15,1,0,True,4
231,5,Trump,1,15,1,0,True,4
231,6,Trump,1,25,1,0,True,4
231,7,Trump,0,1,0,0,True,4
232,0,Trump,2,21,2,0,True,4
232,1,Trump,1,16,1,0,True,4
232,2,Trump,1,51,1,0,True,4
232,3,Trump,2,39,2,0,True,4
232,4,Trump,0,2,0,0,True,4
232,5,Trump,1,21,1,0,True,4
232,6,Trump,0,5,0,0,True,4
232,7,Trump,0,10,0,0,True,4
233,0,Trump,2,24,2,0,True,4
233,1,Trump,4,38,4,0,True,4
233,2,Trump,2,3,2,0,True,4
233,3,Trump,1,19,1,0,True,4
233,4,Trump,3,11,3,0,True,4
233,5,Trump,1,12,1,0,True,4
234,0,Trump,1,22,1,0,True,4
234,1,Trump,0,5,0,0,True,4
234,2,Trump,0,6,0,0,True,4
234,3,Trump,0,8,0,0,True,4
234,4,Trump,0,6,0,0,True,4
234,5,Trump,1,13,1,0,True,4
234,6,Trump,1,19,1,0,True,4
234,7,Trump,0,1,0,0,True,4
235,0,Trump,0,18,0,0,True,4
235,1,Trump,2,44,2,0,True,4
235,2,Trump,0,18,0,0,True,4
235,3,Trump,0,24,0,0,True,4
235,4,Trump,0,40,0,0,True,4
235,5,Trump,0,6,0,0,True,4
235,6,Trump,0,5,0,0,True,4
236,0,Trump,1,2,1,0,True,4
236,1,Trump,1,26,1,0,True,4
236,2,Trump,0,39,0,0,True,4
236,3,Trump,0,2,0,0,True,4
236,4,Trump,2,21,2,0,True,4
236,5,Trump,0,14,0,0,True,4
237,0,Trump,0,7,0,0,True,4
237,1,Trump,3,45,3,0,True,4
237,2,Trump,1,55,1,0,True,4
237,3,Trump,1,19,1,0,True,4
237,4,Trump,0,7,0,0,True,4
237,5,Trump,1,44,1,0,True,4
237,6,Trump,1,47,1,0,True,4
238,0,Trump,0,25,0,0,True,4
238,1,Trump,0,7,0,0,True,4
238,2,Trump,0,5,0,0,True,4
238,3,Trump,1,7,1,0,True,4
238,4,Trump,0,26,0,0,True,4
238,5,Trump,0,18,0,0,True,4
238,6,Trump,0,10,0,0,True,4
238,7,Trump,1,41,1,0,True,4
239,0,Trump,0,29,0,0,True,4
239,1,Trump,1,22,1,0,True,4
239,2,Trump,0,9,0,0,True,4
239,3,Trump,1,17,1,0,True,4
239,4,Trump,1,32,1,0,True,4
239,5,Trump,1,8,1,0,True,4
239,6,Trump,2,21,2,0,True,4
239,7,Trump,1,54,1,0,True,4
239,8,Trump,0,19,0,0,True,4
240,0,Trump,1,49,1,0,True,4
240,1,Trump,1,35,1,0,True,4
240,2,Trump,1,46,1,0,True,4
240,3,Trump,1,36,1,0,True,4
240,4,Trump,1,38,1,0,True,4
240,5,Trump,1,18,1,0,True,4
241,0,Trump,1,8,1,0,True,4
241,1,Trump,1,18,1,0,True,4
241,2,Trump,0,17,0,0,True,4
241,3,Trump,1,9,1,0,True,4
241,4,Trump,1,15,1,0,True,4
241,5,Trump,1,10,1,0,True,4
241,6,Trump,0,13,0,0,True,4
241,7,Trump,1,10,1,0,True,4
242,0,Trump,1,4,1,0,True,4
242,1,Trump,1,8,1,0,True,4
242,2,Trump,1,26,1,0,True,4
242,3,Trump,2,19,2,0,True,4
242,4,Trump,1,17,1,0,True,4
242,5,Trump,1,6,1,0,True,4
242,6,Trump,1,8,1,0,True,4
243,0,Trump,1,4,1,0,True,4
243,1,Trump,0,11,0,0,True,4
243,2,Trump,2,25,2,0,True,4
243,3,Trump,1,12,1,0,True,4
243,4,Trump,1,13,1,0,True,4
243,5,Trump,1,37,1,0,True,4
243,6,Trump,1,28,1,0,True,4
243,7,Trump,1,6,1,0,True,4
244,0,Trump,1,24,1,0,True,4
244,1,Trump,1,30,1,0,True,4
244,2,Trump,1,26,1,0,True,4
244,3,Trump,2,28,2,0,True,4
244,4,Trump,2,19,2,0,True,4
244,5,Trump,2,9,2,0,True,4
244,6,Trump,1,13,1,0,True,4
245,0,Trump,0,11,0,0,True,4
245,1,Trump,2,16,2,0,True,4
245,2,Trump,1,6,1,0,True,4
245,3,Trump,1,20,1,0,True,4
245,4,Trump,1,8,1,0,True,4
245,5,Trump,4,29,4,0,True,4
245,6,Trump,1,33,1,0,True,4
246,0,Trump,0,5,0,0,True,4
246,1,Trump,0,10,0,0,True,4
246,2,Trump,2,23,2,0,True,4
246,3,Trump,0,23,0,0,True,4
246,4,Trump,2,12,2,0,True,4
246,5,Trump,0,17,0,0,True,4
246,6,Trump,1,17,1,0,True,4
246,7,Trump,1,26,1,0,True,4
246,8,Trump,1,10,1,0,True,4
247,0,Trump,2,9,2,0,True,4
247,1,Trump,1,32,1,0,True,4
247,2,Trump,0,53,0,0,True,4
247,3,Trump,2,32,2,0,True,4
247,4,Trump,2,24,2,0,True,4
247,5,Trump,1,52,1,0,True,4
247,6,Trump,1,8,1,0,True,4
248,0,Trump,1,12,1,0,True,4
248,1,Trump,2,22,2,0,True,4
248,2,Trump,1,6,1,0,True,4
248,3,Trump,0,26,0,0,True,4
248,4,Trump,1,25,1,0,True,4
248,5,Trump,0,41,0,0,True,4
248,6,Trump,2,38,2,0,True,4
249,0,Trump,1,2,1,0,True,4
249,1,Trump,0,24,0,0,True,4
249,2,Trump,1,40,1,0,True,4
249,3,Trump,0,2,0,0,True,4
249,4,Trump,0,3,0,0,True,4
249,5,Trump,0,26,0,0,True,4
249,6,Trump,0,27,0,0,True,4
249,7,Trump,1,53,1,0,True,4
250,0,Trump,1,21,1,0,True,4
250,1,Trump,2,34,2,0,True,4
250,2,Trump,1,1,1,0,True,4
250,3,Trump,0,2,0,0,True,4
250,4,Trump,0,4,0,0,True,4
250,5,Trump,0,17,0,0,True,4
250,6,Trump,0,15,0,0,True,4
250,7,Trump,1,10,1,0,True,4
250,8,Trump,2,50,2,0,True,4
251,0,Trump,0,3,0,0,True,4
251,1,Trump,1,7,1,0,True,4
251,2,Trump,0,2,0,0,True,4
251,3,Trump,1,3,1,0,True,4
251,4,Trump,1,11,1,0,True,4
251,5,Trump,1,14,1,0,True,4
251,6,Trump,1,15,1,0,True,4
252,0,Trump,1,33,1,0,True,4
252,1,Trump,0,10,0,0,True,4
252,2,Trump,1,44,1,0,True,4
252,3,Trump,1,32,1,0,True,4
252,4,Trump,1,45,1,0,True,4
252,5,Trump,1,15,1,0,True,4
252,6,Trump,1,31,1,0,True,4
252,7,Trump,1,13,1,0,True,4
253,0,Trump,0,8,0,0,True,4
253,1,Trump,2,8,2,0,True,4
253,2,Trump,1,48,1,0,True,4
253,3,Trump,1,15,1,0,True,4
253,4,Trump,2,54,2,0,True,4
253,5,Trump,1,47,1,0,True,4
253,6,Trump,1,18,1,0,True,4
253,7,Trump,0,20,0,0,True,4
253,8,Trump,0,10,0,0,True,4
253,9,Trump,0,27,0,0,True,4
254,0,Trump,1,3,1,0,True,4
254,1,Trump,1,17,1,0,True,4
254,2,Trump,1,26,1,0,True,4
254,3,Trump,1,6,1,0,True,4
254,4,Trump,1,3,1,0,True,4
255,0,Trump,0,55,0,0,True,4
255,1,Trump,0,6,0,0,True,4
255,2,Trump,0,6,0,0,True,4
255,3,Trump,1,5,1,0,True,4
255,4,Trump,0,5,0,0,True,4
255,5,Trump,0,15,0,0,True,4
256,0,Trump,1,42,1,0,True,4
256,1,Trump,1,17,1,0,True,4
256,2,Trump,0,10,0,0,True,4
256,3,Trump,1,25,1,0,True,4
256,4,Trump,1,4,1,0,True,4
256,5,Trump,2,24,2,0,True,4
256,6,Trump,2,40,2,0,True,4
256,7,Trump,0,5,0,0,True,4
257,0,Trump,2,11,2,0,True,4
257,1,Trump,1,15,1,0,True,4
257,2,Trump,0,33,0,0,True,4
257,3,Trump,1,7,1,0,True,4
257,4,Trump,0,10,0,0,True,4
257,5,Trump,2,15,2,0,True,4
257,6,Trump,0,5,0,0,True,4
258,0,Trump,2,11,2,0,True,4
258,1,Trump,1,19,1,0,True,4
258,2,Trump,0,15,0,0,True,4
258,3,Trump,1,9,1,0,True,4
258,4,Trump,2,15,2,0,True,4
258,5,Trump,1,13,1,0,True,4
258,6,Trump,3,38,3,0,True,4
258,7,Trump,1,25,1,0,True,4
259,0,Trump,2,16,2,0,True,4
259,1,Trump,0,10,0,0,True,4
259,2,Trump,3,44,3,0,True,4
259,3,Trump,1,11,1,0,True,4
259,4,Trump,2,50,2,0,True,4
259,5,Trump,0,3,0,0,True,4
259,6,Trump,2,21,2,0,True,4
259,7,Trump,0,27,0,0,True,4
260,0,Trump,1,12,1,0,True,4
260,1,Trump,1,15,1,0,True,4
260,2,Trump,1,41,1,0,True,4
260,3,Trump,0,7,0,0,True,4
260,4,Trump,1,6,1,0,True,4
260,5,Trump,1,6,1,0,True,4
260,6,Trump,1,12,1,0,True,4
261,0,Trump,2,23,2,0,True,4
261,1,Trump,1,15,1,0,True,4
261,2,Trump,2,34,2,0,True,4
261,3,Trump,2,25,2,0,True,4
261,4,Trump,2,13,2,0,True,4
261,5,Trump,3,11,3,0,True,4
261,6,Trump,3,36,3,0,True,4
261,7,Trump,2,29,2,0,True,4
262,0,Trump,1,17,1,0,True,4
262,1,Trump,1,12,1,0,True,4
262,2,Trump,0,4,0,0,True,4
262,3,Trump,1,5,1,0,True,4
262,4,Trump,1,18,1,0,True,4
262,5,Trump,2,11,2,0,True,4
262,6,Trump,2,38,2,0,True,4
263,0,Trump,1,29,1,0,True,4
263,1,Trump,0,5,0,0,True,4
263,2,Trump,1,34,1,0,True,4
263,3,Trump,0,4,0,0,True,4
263,4,Trump,0,49,0,0,True,4
263,5,Trump,0,38,0,0,True,4
263,6,Trump,0,1,0,0,True,4
264,0,Trump,2,21,2,0,True,4
264,1,Trump,0,3,0,0,True,4
264,2,Trump,1,12,1,0,True,4
264,3,Trump,0,17,0,0,True,4
264,4,Trump,1,7,1,0,True,4
264,5,Trump,2,12,2,0,True,4
264,6,Trump,1,14,1,0,True,4
264,7,Trump,1,19,1,0,True,4
265,0,Trump,1,20,1,0,True,4
265,1,Trump,1,42,1,0,True,4
265,2,Trump,0,3,0,0,True,4
265,3,Trump,0,30,0,0,True,4
265,4,Trump,1,19,1,0,True,4
265,5,Trump,1,17,1,0,True,4
265,6,Trump,0,17,0,0,True,4
266,0,Trump,0,23,0,0,True,4
266,1,Trump,2,14,2,0,True,4
266,2,Trump,1,37,1,0,True,4
266,3,Trump,0,3,0,0,True,4
266,4,Trump,2,19,2,0,True,4
266,5,Trump,2,11,2,0,True,4
267,0,Trump,1,16,1,0,True,4
267,1,Trump,1,12,1,0,True,4
267,2,Trump,1,40,1,0,True,4
267,3,Trump,1,13,1,0,True,4
267,4,Trump,0,4,0,0,True,4
267,5,Trump,4,48,4,0,True,4
267,6,Trump,1,11,1,0,True,4
268,0,Trump,0,12,0,0,True,4
268,1,Trump,0,18,0,0,True,4
268,2,Trump,0,34,0,0,True,4
268,3,Trump,2,39,2,0,True,4
268,4,Trump,0,27,0,0,True,4
268,5,Trump,1,24,1,0,True,4
269,0,Trump,2,19,2,0,True,4
269,1,Trump,1,11,1,0,True,4
269,2,Trump,1,13,1,0,True,4
269,3,Trump,1,5,1,0,True,4
269,4,Trump,1,14,1,0,True,4
269,5,Trump,1,13,1,0,True,4
270,0,Trump,0,6,0,0,True,4
270,1,Trump,1,3,1,0,True,4
270,2,Trump,1,21,1,0,True,4
270,3,Trump,1,28,1,0,True,4
270,4,Trump,1,10,1,0,True,4
270,5,Trump,0,27,0,0,True,4
270,6,Trump,1,17,1,0,True,4
270,7,Trump,0,3,0,0,True,4
271,0,Trump,1,15,1,0,True,4
271,1,Trump,2,20,2,0,True,4
271,2,Trump,1,17,1,0,True,4
271,3,Trump,1,15,1,0,True,4
271,4,Trump,1,0,0,1,False,4
271,5,Trump,1,3,1,0,True,4
271,6,Trump,2,11,2,0,True,4
272,0,Trump,1,26,1,0,True,4
272,1,Trump,1,19,1,0,True,4
272,2,Trump,2,7,2,0,True,4
272,3,Trump,2,36,2,0,True,4
272,4,Trump,0,10,0,0,True,4
272,5,Trump,1,33,1,0,True,4
272,6,Trump,1,13,1,0,True,4
273,0,Trump,2,23,2,0,True,4
273,1,Trump,1,13,1,0,True,4
273,2,Trump,1,9,1,0,True,4
273,3,Trump,1,11,1,0,True,4
273,4,Trump,2,22,2,0,True,4
273,5,Trump,2,29,2,0,True,4
274,0,Trump,1,17,1,0,True,4
274,1,Trump,0,2,0,0,True,4
274,2,Trump,0,3,0,0,True,4
274,3,Trump,2,10,2,0,True,4
274,4,Trump,1,6,1,0,True,4
274,5,Trump,2,3,2,0,True,4
274,6,Trump,1,10,1,0,True,4
275,0,Trump,1,51,1,0,True,4
275,1,Trump,5,48,5,0,True,4
275,2,Trump,0,9,0,0,True,4
275,3,Trump,0,9,0,0,True,4
275,4,Trump,3,41,3,0,True,4
275,5,Trump,2,33,2,0,True,4
275,6,Trump,2,45,2,0,True,4
276,0,Trump,2,34,2,0,True,4
276,1,Trump,1,25,1,0,True,4
276,2,Trump,1,18,1,0,True,4
276,3,Trump,2,10,2,0,True,4
276,4,Trump,1,19,1,0,True,4
276,5,Trump,1,16,1,0,True,4
276,6,Trump,0,5,0,0,True,4
277,0,Trump,0,10,0,0,True,4
277,1,Trump,2,12,2,0,True,4
277,2,Trump,1,34,1,0,True,4
277,3,Trump,1,8,1,0,True,4
277,4,Trump,1,15,1,0,True,4
277,5,Trump,1,3,1,0,True,4
277,6,Trump,0,5,0,0,True,4
278,0,Trump,2,15,2,0,True,4
278,1,Trump,1,31,1,0,True,4
278,2,Trump,1,6,1,0,True,4
278,3,Trump,0,12,0,0,True,4
278,4,Trump,1,11,1,0,True,4
278,5,Trump,1,7,1,0,True,4
278,6,Trump,0,6,0,0,True,4
279,0,Trump,1,9,1,0,True,4
279,1,Trump,0,22,0,0,True,4
279,2,Trump,1,8,1,0,True,4
279,3,Trump,1,27,1,0,True,4
279,4,Trump,1,18,1,0,True,4
279,5,Trump,1,12,1,0,True,4
279,6,Trump,2,50,2,0,True,4
280,0,Trump,2,14,2,0,True,4
280,1,Trump,1,6,1,0,True,4
280,2,Trump,2,20,2,0,True,4
280,3,Trump,1,9,1,0,True,4
280,4,Trump,2,3,2,0,True,4
280,5,Trump,2,6,2,0,True,4
280,6,Trump,2,6,2,0,True,4
281,0,Trump,2,23,2,0,True,4
281,1,Trump,2,16,2,0,True,4
281,2,Trump,0,19,0,0,True,4
281,3,Trump,0,46,0,0,True,4
281,4,Trump,2,6,2,0,True,4
281,5,Trump,0,0,0,0,True,4
281,6,Trump,1,21,1,0,True,4
282,0,Trump,1,11,1,0,True,4
282,1,Trump,0,2,0,0,True,4
282,2,Trump,0,15,0,0,True,4
282,3,Trump,1,19,1,0,True,4
282,4,Trump,0,17,0,0,True,4
282,5,Trump,0,21,0,0,True,4
282,6,Trump,1,8,1,0,True,4
282,7,Trump,0,11,0,0,True,4
283,0,Trump,4,45,4,0,True,4
283,1,Trump,0,10,0,0,True,4
283,2,Trump,1,7,1,0,True,4
283,3,Trump,0,57,0,0,True,4
283,4,Trump,1,13,1,0,True,4
283,5,Trump,1,16,1,0,True,4
283,6,Trump,0,17,0,0,True,4
284,0,Trump,0,7,0,0,True,4
284,1,Trump,0,17,0,0,True,4
284,2,Trump,1,3,1,0,True,4
284,3,Trump,1,9,1,0,True,4
284,4,Trump,1,21,1,0,True,4
284,5,Trump,0,9,0,0,True,4
284,6,Trump,0,4,0,0,True,4
284,7,Trump,0,4,0,0,True,4
284,8,Trump,1,8,1,0,True,4
285,0,Trump,1,11,1,0,True,4
285,1,Trump,0,23,0,0,True,4
285,2,Trump,0,10,0,0,True,4
285,3,Trump,1,11,1,0,True,4
285,4,Trump,0,12,0,0,True,4
285,5,Trump,1,12,1,0,True,4
285,6,Trump,0,4,0,0,True,4
285,7,Trump,2,41,2,0,True,4
286,0,Trump,0,3,0,0,True,4
286,1,Trump,0,6,0,0,True,4
286,2,Trump,1,15,1,0,True,4
286,3,Trump,0,17,0,0,True,4
286,4,Trump,0,15,0,0,True,4
286,5,Trump,0,30,0,0,True,4
286,6,Trump,0,30,0,0,True,4
286,7,Trump,0,4,0,0,True,4
287,0,Trump,1,19,1,0,True,4
287,1,Trump,2,19,2,0,True,4
287,2,Trump,1,16,1,0,True,4
287,3,Trump,2,13,2,0,True,4
287,4,Trump,2,40,2,0,True,4
287,5,Trump,0,3,0,0,True,4
287,6,Trump,0,15,0,0,True,4
287,7,Trump,1,18,1,0,True,4
287,8,Trump,0,1,0,0,True,4
288,0,Trump,2,12,2,0,True,4
288,1,Trump,1,14,1,0,True,4
288,2,Trump,2,23,2,0,True,4
288,3,Trump,3,38,3,0,True,4
288,4,Trump,1,29,1,0,True,4
288,5,Trump,1,54,1,0,True,4
288,6,Trump,1,10,1,0,True,4
288,7,Trump,1,42,1,0,True,4
288,8,Trump,1,15,1,0,True,4
289,0,Trump,1,26,1,0,True,4
289,1,Trump,1,12,1,0,True,4
289,2,Trump,1,10,1,0,True,4
289,3,Trump,1,26,1,0,True,4
289,4,Trump,1,8,1,0,True,4
289,5,Trump,0,9,0,0,True,4
289,6,Trump,1,38,1,0,True,4
290,0,Trump,1,10,1,0,True,4
290,1,Trump,1,19,1,0,True,4
290,2,Trump,2,20,2,0,True,4
290,3,Trump,1,20,1,0,True,4
290,4,Trump,1,11,1,0,True,4
290,5,Trump,1,12,1,0,True,4
290,6,Trump,1,57,1,0,True,4
290,7,Trump,0,18,0,0,True,4
291,0,Trump,2,28,2,0,True,4
291,1,Trump,2,25,2,0,True,4
291,2,Trump,2,33,2,0,True,4
291,3,Trump,2,32,2,0,True,4
291,4,Trump,0,27,0,0,True,4
291,5,Trump,2,25,2,0,True,4
291,6,Trump,2,25,2,0,True,4
292,0,Trump,1,13,1,0,True,4
292,1,Trump,1,16,1,0,True,4
292,2,Trump,1,13,1,0,True,4
292,3,Trump,1,20,1,0,True,4
292,4,Trump,1,18,1,0,True,4
292,5,Trump,2,19,2,0,True,4
292,6,Trump,2,17,2,0,True,4
293,0,Trump,1,5,1,0,True,4
293,1,Trump,1,11,1,0,True,4
293,2,Trump,1,9,1,0,True,4
293,3,Trump,0,3,0,0,True,4
293,4,Trump,0,13,0,0,True,4
293,5,Trump,2,16,2,0,True,4
293,6,Trump,1,6,1,0,True,4
293,7,Trump,1,11,1,0,True,4
294,0,Trump,1,9,1,0,True,4
294,1,Trump,1,12,1,0,True,4
294,2,Trump,1,17,1,0,True,4
294,3,Trump,2,11,2,0,True,4
294,4,Trump,0,7,0,0,True,4
294,5,Trump,1,23,1,0,True,4
295,0,Trump,1,8,1,0,True,4
295,1,Trump,1,20,1,0,True,4
295,2,Trump,2,11,2,0,True,4
295,3,Trump,3,37,3,0,True,4
295,4,Trump,2,32,2,0,True,4
295,5,Trump,4,36,4,0,True,4
295,6,Trump,1,33,1,0,True,4
296,0,Trump,1,12,1,0,True,4
296,1,Trump,0,6,0,0,True,4
296,2,Trump,1,65,1,0,True,4
296,3,Trump,1,11,1,0,True,4
296,4,Trump,1,12,1,0,True,4
296,5,Trump,1,13,1,0,True,4
296,6,Trump,0,9,0,0,True,4
296,7,Trump,2,48,2,0,True,4
296,8,Trump,1,11,1,0,True,4
297,0,Trump,0,16,0,0,True,4
297,1,Trump,0,5,0,0,True,4
297,2,Trump,0,4,0,0,True,4
297,3,Trump,0,7,0,0,True,4
297,4,Trump,1,12,1,0,True,4
297,5,Trump,0,7,0,0,True,4
297,6,Trump,0,1,0,0,True,4
297,7,Trump,1,28,1,0,True,4
298,0,Trump,0,39,0,0,True,4
298,1,Trump,0,48,0,0,True,4
298,2,Trump,1,10,1,0,True,4
298,3,Trump,0,5,0,0,True,4
298,4,Trump,0,27,0,0,True,4
298,5,Trump,0,7,0,0,True,4
298,6,Trump,1,13,1,0,True,4
298,7,Trump,0,1,0,0,True,4
299,0,Trump,1,17,1,0,True,4
299,1,Trump,1,22,1,0,True,4
299,2,Trump,0,28,0,0,True,4
299,3,Trump,1,21,1,0,True,4
299,4,Trump,0,2,0,0,True,4
299,5,Trump,1,15,1,0,True,4
299,6,Trump,1,23,1,0,True,4
299,7,Trump,2,11,2,0,True,4
299,8,Trump,1,4,1,0,True,4
300,0,Trump,1,39,1,0,True,4
300,1,Trump,1,38,1,0,True,4
300,2,Trump,0,44,0,0,True,4
300,3,Trump,0,34,0,0,True,4
300,4,Trump,0,24,0,0,True,4
300,5,Trump,0,22,0,0,True,4
300,6,Trump,0,7,0,0,True,4
300,7,Trump,0,23,0,0,True,4
301,0,Trump,1,25,1,0,True,4
301,1,Trump,2,7,2,0,True,4
301,2,Trump,2,30,2,0,True,4
301,3,Trump,2,16,2,0,True,4
301,4,Trump,2,20,2,0,True,4
301,5,Trump,1,16,1,0,True,4
301,6,Trump,2,6,2,0,True,4
301,7,Trump,1,20,1,0,True,4
302,0,Trump,0,8,0,0,True,4
302,1,Trump,1,17,1,0,True,4
302,2,Trump,0,15,0,0,True,4
302,3,Trump,0,2,0,0,True,4
302,4,Trump,1,4,1,0,True,4
302,5,Trump,1,32,1,0,True,4
302,6,Trump,1,55,1,0,True,4
302,7,Trump,2,9,2,0,True,4
303,0,Trump,2,17,2,0,True,4
303,1,Trump,3,33,3,0,True,4
303,2,Trump,0,11,0,0,True,4
303,3,Trump,1,22,1,0,True,4
303,4,Trump,2,33,2,0,True,4
304,0,Trump,0,16,0,0,True,4
304,1,Trump,1,5,1,0,True,4
304,2,Trump,1,19,1,0,True,4
304,3,Trump,1,8,1,0,True,4
304,4,Trump,1,23,1,0,True,4
304,5,Trump,0,22,0,0,True,4
304,6,Trump,0,0,0,0,True,4
305,0,Trump,0,11,0,0,True,4
305,1,Trump,0,8,0,0,True,4
305,2,Trump,1,11,1,0,True,4
305,3,Trump,0,5,0,0,True,4
305,4,Trump,1,17,1,0,True,4
305,5,Trump,0,7,0,0,True,4
305,6,Trump,1,17,1,0,True,4
305,7,Trump,0,2,0,0,True,4
305,8,Trump,0,15,0,0,True,4
306,0,Trump,0,25,0,0,True,4
306,1,Trump,0,9,0,0,True,4
306,2,Trump,0,17,0,0,True,4
306,3,Trump,1,35,1,0,True,4
306,4,Trump,1,18,1,0,True,4
306,5,Trump,2,47,2,0,True,4
306,6,Trump,1,25,1,0,True,4
306,7,Trump,1,39,1,0,True,4
307,0,Trump,1,0,0,1,False,4
307,1,Trump,1,9,1,0,True,4
307,2,Trump,2,4,2,0,True,4
307,3,Trump,1,0,0,1,False,4
307,4,Trump,1,0,0,1,False,4
307,5,Trump,1,0,0,1,False,4
307,6,Trump,1,0,0,1,False,4
308,0,Trump,0,50,0,0,True,4
308,1,Trump,0,14,0,0,True,4
308,2,Trump,0,17,0,0,True,4
308,3,Trump,0,45,0,0,True,4
308,4,Trump,0,15,0,0,True,4
308,5,Trump,0,48,0,0,True,4
309,0,Trump,1,39,1,0,True,4
309,1,Trump,1,11,1,0,True,4
309,2,Trump,2,17,2,0,True,4
309,3,Trump,1,8,1,0,True,4
309,4,Trump,1,20,1,0,True,4
309,5,Trump,2,46,2,0,True,4
309,6,Trump,2,2,2,0,True,4
309,7,Trump,2,22,2,0,True,4
310,0,Trump,2,27,2,0,True,4
310,1,Trump,2,7,2,0,True,4
310,2,Trump,1,33,1,0,True,4
310,3,Trump,0,26,0,0,True,4
310,4,Trump,1,30,1,0,True,4
310,5,Trump,2,28,2,0,True,4
310,6,Trump,0,6,0,0,True,4
310,7,Trump,1,15,1,0,True,4
311,0,Trump,1,2,1,0,True,4
311,1,Trump,1,22,1,0,True,4
311,2,Trump,4,18,4,0,True,4
311,3,Trump,0,18,0,0,True,4
311,4,Trump,0,22,0,0,True,4
311,5,Trump,1,13,1,0,True,4
311,6,Trump,1,31,1,0,True,4
312,0,Trump,1,42,1,0,True,4
312,1,Trump,1,7,1,0,True,4
312,2,Trump,1,25,1,0,True,4
312,3,Trump,1,8,1,0,True,4
312,4,Trump,0,6,0,0,True,4
312,5,Trump,0,5,0,0,True,4
312,6,Trump,1,10,1,0,True,4
312,7,Trump,0,40,0,0,True,4
312,8,Trump,0,19,0,0,True,4
313,0,Trump,0,2,0,0,True,4
313,1,Trump,0,4,0,0,True,4
313,2,Trump,0,3,0,0,True,4
313,3,Trump,0,3,0,0,True,4
313,4,Trump,0,6,0,0,True,4
313,5,Trump,0,6,0,0,True,4
313,6,Trump,0,9,0,0,True,4
313,7,Trump,0,23,0,0,True,4
313,8,Trump,0,5,0,0,True,4
314,0,Trump,0,4,0,0,True,4
314,1,Trump,1,17,1,0,True,4
314,2,Trump,1,21,1,0,True,4
314,3,Trump,1,51,1,0,True,4
314,4,Trump,0,9,0,0,True,4
314,5,Trump,0,18,0,0,True,4
314,6,Trump,0,7,0,0,True,4
314,7,Trump,0,6,0,0,True,4
315,0,Trump,0,9,0,0,True,4
315,1,Trump,1,19,1,0,True,4
315,2,Trump,1,4,1,0,True,4
315,3,Trump,1,12,1,0,True,4
315,4,Trump,0,18,0,0,True,4
315,5,Trump,3,48,3,0,True,4
315,6,Trump,0,6,0,0,True,4
316,0,Trump,1,58,1,0,True,4
316,1,Trump,1,12,1,0,True,4
316,2,Trump,0,48,0,0,True,4
316,3,Trump,0,16,0,0,True,4
316,4,Trump,1,34,1,0,True,4
317,0,Trump,1,10,1,0,True,4
317,1,Trump,1,6,1,0,True,4
317,2,Trump,1,20,1,0,True,4
317,3,Trump,1,34,1,0,True,4
317,4,Trump,1,22,1,0,True,4
317,5,Trump,0,21,0,0,True,4
318,0,Trump,2,37,2,0,True,4
318,1,Trump,1,9,1,0,True,4
318,2,Trump,4,58,4,0,True,4
318,3,Trump,1,22,1,0,True,4
318,4,Trump,0,11,0,0,True,4
318,5,Trump,1,46,1,0,True,4
318,6,Trump,2,23,2,0,True,4
319,0,Trump,1,47,1,0,True,4
319,1,Trump,1,8,1,0,True,4
319,2,Trump,0,4,0,0,True,4
319,3,Trump,1,19,1,0,True,4
319,4,Trump,1,18,1,0,True,4
319,5,Trump,1,14,1,0,True,4
319,6,Trump,0,15,0,0,True,4
319,7,Trump,1,10,1,0,True,4
320,0,Trump,0,19,0,0,True,4
320,1,Trump,0,7,0,0,True,4
320,2,Trump,0,27,0,0,True,4
320,3,Trump,2,56,2,0,True,4
320,4,Trump,0,33,0,0,True,4
320,5,Trump,0,19,0,0,True,4
320,6,Trump,0,13,0,0,True,4
320,7,Trump,0,24,0,0,True,4
320,8,Trump,0,17,0,0,True,4
321,0,Trump,0,6,0,0,True,4
321,1,Trump,0,0,0,0,True,4
321,2,Trump,0,21,0,0,True,4
321,3,Trump,1,4,1,0,True,4
321,4,Trump,0,27,0,0,True,4
321,5,Trump,2,50,2,0,True,4
322,0,Trump,1,21,1,0,True,4
322,1,Trump,2,18,2,0,True,4
322,2,Trump,1,21,1,0,True,4
322,3,Trump,1,18,1,0,True,4
322,4,Trump,1,15,1,0,True,4
322,5,Trump,1,10,1,0,True,4
322,6,Trump,1,12,1,0,True,4
322,7,Trump,0,10,0,0,True,4
323,0,Trump,1,5,1,0,True,4
323,1,Trump,0,7,0,0,True,4
323,2,Trump,1,14,1,0,True,4
323,3,Trump,0,8,0,0,True,4
323,4,Trump,0,5,0,0,True,4
323,5,Trump,0,5,0,0,True,4
323,6,Trump,2,5,2,0,True,4
323,7,Trump,0,8,0,0,True,4
324,0,Trump,1,38,1,0,True,4
324,1,Trump,0,27,0,0,True,4
324,2,Trump,0,10,0,0,True,4
324,3,Trump,1,9,1,0,True,4
324,4,Trump,1,13,1,0,True,4
324,5,Trump,0,26,0,0,True,4
324,6,Trump,2,31,2,0,True,4
325,0,Trump,0,7,0,0,True,4
325,1,Trump,1,21,1,0,True,4
325,2,Trump,3,26,3,0,True,4
325,3,Trump,1,36,1,0,True,4
325,4,Trump,0,9,0,0,True,4
325,5,Trump,1,18,1,0,True,4
325,6,Trump,1,22,1,0,True,4
326,0,Trump,0,25,0,0,True,4
326,1,Trump,3,11,3,0,True,4
326,2,Trump,1,37,1,0,True,4
326,3,Trump,2,6,2,0,True,4
326,4,Trump,1,35,1,0,True,4
326,5,Trump,1,36,1,0,True,4
326,6,Trump,0,6,0,0,True,4
326,7,Trump,1,35,1,0,True,4
327,0,Trump,1,24,1,0,True,4
327,1,Trump,1,42,1,0,True,4
327,2,Trump,2,29,2,0,True,4
327,3,Trump,1,34,1,0,True,4
327,4,Trump,0,23,0,0,True,4
327,5,Trump,0,15,0,0,True,4
327,6,Trump,0,11,0,0,True,4
327,7,Trump,0,9,0,0,True,4
328,0,Trump,2,12,2,0,True,4
328,1,Trump,2,47,2,0,True,4
328,2,Trump,1,21,1,0,True,4
328,3,Trump,2,9,2,0,True,4
328,4,Trump,0,17,0,0,True,4
328,5,Trump,1,16,1,0,True,4
328,6,Trump,0,8,0,0,True,4
328,7,Trump,0,2,0,0,True,4
328,8,Trump,1,11,1,0,True,4
329,0,Trump,0,1,0,0,True,4
329,1,Trump,0,15,0,0,True,4
329,2,Trump,0,17,0,0,True,4
329,3,Trump,0,16,0,0,True,4
329,4,Trump,0,12,0,0,True,4
329,5,Trump,0,2,0,0,True,4
329,6,Trump,0,3,0,0,True,4
330,0,Trump,1,17,1,0,True,4
330,1,Trump,0,12,0,0,True,4
330,2,Trump,0,17,0,0,True,4
330,3,Trump,0,15,0,0,True,4
330,4,Trump,1,7,1,0,True,4
330,5,Trump,0,3,0,0,True,4
330,6,Trump,1,16,1,0,True,4
330,7,Trump,0,24,0,0,True,4
331,0,Trump,0,23,0,0,True,4
331,1,Trump,1,10,1,0,True,4
331,2,Trump,1,26,1,0,True,4
331,3,Trump,1,16,1,0,True,4
331,4,Trump,1,8,1,0,True,4
331,5,Trump,0,13,0,0,True,4
332,0,Trump,0,21,0,0,True,4
332,1,Trump,0,7,0,0,True,4
332,2,Trump,1,54,1,0,True,4
332,3,Trump,14,43,14,0,True,4
332,4,Trump,0,6,0,0,True,4
332,5,Trump,0,25,0,0,True,4
332,6,Trump,1,55,1,0,True,4
333,0,Trump,1,5,1,0,True,4
333,1,Trump,2,46,2,0,True,4
333,2,Trump,1,8,1,0,True,4
333,3,Trump,1,22,1,0,True,4
333,4,Trump,2,58,2,0,True,4
333,5,Trump,1,44,1,0,True,4
333,6,Trump,1,14,1,0,True,4
333,7,Trump,1,13,1,0,True,4
334,0,Trump,2,51,2,0,True,4
334,1,Trump,0,7,0,0,True,4
334,2,Trump,1,25,1,0,True,4
334,3,Trump,2,32,2,0,True,4
334,4,Trump,2,48,2,0,True,4
334,5,Trump,2,27,2,0,True,4
334,6,Trump,2,41,2,0,True,4
334,7,Trump,1,29,1,0,True,4
335,0,Trump,1,28,1,0,True,4
335,1,Trump,2,34,2,0,True,4
335,2,Trump,0,30,0,0,True,4
335,3,Trump,3,38,3,0,True,4
335,4,Trump,1,51,1,0,True,4
335,5,Trump,0,20,0,0,True,4
335,6,Trump,0,23,0,0,True,4
336,0,Trump,0,5,0,0,True,4
336,1,Trump,0,9,0,0,True,4
336,2,Trump,0,9,0,0,True,4
336,3,Trump,0,12,0,0,True,4
336,4,Trump,0,30,0,0,True,4
336,5,Trump,0,24,0,0,True,4
336,6,Trump,2,50,2,0,True,4
336,7,Trump,1,23,1,0,True,4
337,0,Trump,1,11,1,0,True,4
337,1,Trump,1,36,1,0,True,4
337,2,Trump,1,51,1,0,True,4
337,3,Trump,1,2,1,0,True,4
337,4,Trump,1,11,1,0,True,4
337,5,Trump,1,4,1,0,True,4
338,0,Trump,1,28,1,0,True,4
338,1,Trump,0,21,0,0,True,4
338,2,Trump,0,20,0,0,True,4
338,3,Trump,1,27,1,0,True,4
338,4,Trump,1,11,1,0,True,4
338,5,Trump,2,30,2,0,True,4
338,6,Trump,2,6,2,0,True,4
339,0,Trump,0,5,0,0,True,4
339,1,Trump,1,5,1,0,True,4
339,2,Trump,2,14,2,0,True,4
339,3,Trump,1,10,1,0,True,4
339,4,Trump,1,15,1,0,True,4
339,5,Trump,1,6,1,0,True,4
339,6,Trump,1,20,1,0,True,4
339,7,Trump,2,3,2,0,True,4
339,8,Trump,0,5,0,0,True,4
340,0,Trump,1,17,1,0,True,4
340,1,Trump,0,4,0,0,True,4
340,2,Trump,0,6,0,0,True,4
340,3,Trump,1,29,1,0,True,4
340,4,Trump,0,8,0,0,True,4
340,5,Trump,1,9,1,0,True,4
340,6,Trump,1,5,1,0,True,4
340,7,Trump,2,12,2,0,True,4
341,0,Trump,0,19,0,0,True,4
341,1,Trump,0,3,0,0,True,4
341,2,Trump,0,41,0,0,True,4
341,3,Trump,2,45,2,0,True,4
341,4,Trump,0,24,0,0,True,4
341,5,Trump,0,48,0,0,True,4
342,0,Trump,1,46,1,0,True,4
342,1,Trump,0,9,0,0,True,4
342,2,Trump,0,1,0,0,True,4
342,3,Trump,1,53,1,0,True,4
342,4,Trump,0,13,0,0,True,4
342,5,Trump,0,20,0,0,True,4
342,6,Trump,0,16,0,0,True,4
343,0,Trump,1,28,1,0,True,4
343,1,Trump,2,37,2,0,True,4
343,2,Trump,1,20,1,0,True,4
343,3,Trump,0,4,0,0,True,4
343,4,Trump,0,18,0,0,True,4
343,5,Trump,1,9,1,0,True,4
343,6,Trump,0,16,0,0,True,4
344,0,Trump,1,14,1,0,True,4
344,1,Trump,1,33,1,0,True,4
344,2,Trump,1,26,1,0,True,4
344,3,Trump,1,26,1,0,True,4
344,4,Trump,1,15,1,0,True,4
344,5,Trump,0,23,0,0,True,4
344,6,Trump,1,20,1,0,True,4
344,7,Trump,1,32,1,0,True,4
344,8,Trump,2,20,2,0,True,4
345,0,Trump,0,34,0,0,True,4
345,1,Trump,1,14,1,0,True,4
345,2,Trump,1,36,1,0,True,4
345,3,Trump,2,20,2,0,True,4
345,4,Trump,1,22,1,0,True,4
345,5,Trump,0,19,0,0,True,4
345,6,Trump,2,20,2,0,True,4
345,7,Trump,0,0,0,0,True,4
346,0,Trump,0,48,0,0,True,4
346,1,Trump,0,37,0,0,True,4
346,2,Trump,0,36,0,0,True,4
346,3,Trump,0,40,0,0,True,4
346,4,Trump,0,16,0,0,True,4
346,5,Trump,2,38,2,0,True,4
346,6,Trump,1,39,1,0,True,4
347,0,Trump,0,14,0,0,True,4
347,1,Trump,0,26,0,0,True,4
347,2,Trump,0,0,0,0,True,4
347,3,Trump,0,13,0,0,True,4
347,4,Trump,0,10,0,0,True,4
347,5,Trump,0,22,0,0,True,4
347,6,Trump,0,35,0,0,True,4
348,0,Trump,3,54,3,0,True,4
348,1,Trump,0,41,0,0,True,4
348,2,Trump,0,15,0,0,True,4
348,3,Trump,1,27,1,0,True,4
348,4,Trump,0,21,0,0,True,4
348,5,Trump,2,32,2,0,True,4
348,6,Trump,0,10,0,0,True,4
348,7,Trump,0,58,0,0,True,4
348,8,Trump,0,25,0,0,True,4
349,0,Trump,0,0,0,0,True,4
349,1,Trump,0,56,0,0,True,4
349,2,Trump,2,29,2,0,True,4
349,3,Trump,0,38,0,0,True,4
349,4,Trump,0,14,0,0,True,4
349,5,Trump,3,44,3,0,True,4
349,6,Trump,0,54,0,0,True,4
349,7,Trump,0,5,0,0,True,4
350,0,Trump,1,17,1,0,True,4
350,1,Trump,2,15,2,0,True,4
350,2,Trump,2,19,2,0,True,4
350,3,Trump,2,15,2,0,True,4
350,4,Trump,2,13,2,0,True,4
350,5,Trump,1,3,1,0,True,4
350,6,Trump,1,7,1,0,True,4
350,7,Trump,1,5,1,0,True,4
351,0,Trump,0,3,0,0,True,4
351,1,Trump,1,54,1,0,True,4
351,2,Trump,1,48,1,0,True,4
351,3,Trump,1,10,1,0,True,4
351,4,Trump,1,30,1,0,True,4
351,5,Trump,1,26,1,0,True,4
351,6,Trump,0,6,0,0,True,4
351,7,Trump,0,3,0,0,True,4
352,0,Trump,1,21,1,0,True,4
352,1,Trump,2,24,2,0,True,4
352,2,Trump,0,3,0,0,True,4
352,3,Trump,1,5,1,0,True,4
352,4,Trump,1,10,1,0,True,4
352,5,Trump,2,10,2,0,True,4
352,6,Trump,2,17,2,0,True,4
352,7,Trump,0,0,0,0,True,4
353,0,Trump,0,9,0,0,True,4
353,1,Trump,1,15,1,0,True,4
353,2,Trump,1,8,1,0,True,4
353,3,Trump,1,9,1,0,True,4
353,4,Trump,1,33,1,0,True,4
353,5,Trump,2,25,2,0,True,4
353,6,Trump,1,14,1,0,True,4
354,0,Trump,0,5,0,0,True,4
354,1,Trump,1,14,1,0,True,4
354,2,Trump,1,9,1,0,True,4
354,3,Trump,1,9,1,0,True,4
354,4,Trump,1,42,1,0,True,4
354,5,Trump,1,16,1,0,True,4
354,6,Trump,1,12,1,0,True,4
355,0,Trump,1,16,1,0,True,4
355,1,Trump,2,46,2,0,True,4
355,2,Trump,2,46,2,0,True,4
355,3,Trump,1,7,1,0,True,4
355,4,Trump,1,12,1,0,True,4
355,5,Trump,1,3,1,0,True,4
355,6,Trump,0,20,0,0,True,4
355,7,Trump,1,17,1,0,True,4
356,0,Trump,0,4,0,0,True,4
356,1,Trump,0,3,0,0,True,4
356,2,Trump,0,4,0,0,True,4
356,3,Trump,0,13,0,0,True,4
356,4,Trump,3,9,3,0,True,4
356,5,Trump,2,2,2,0,True,4
356,6,Trump,0,52,0,0,True,4
357,0,Trump,1,30,1,0,True,4
357,1,Trump,1,46,1,0,True,4
357,2,Trump,2,28,2,0,True,4
357,3,Trump,0,12,0,0,True,4
357,4,Trump,2,6,2,0,True,4
357,5,Trump,1,5,1,0,True,4
357,6,Trump,0,21,0,0,True,4
358,0,Trump,1,26,1,0,True,4
358,1,Trump,2,11,2,0,True,4
358,2,Trump,2,33,2,0,True,4
358,3,Trump,1,15,1,0,True,4
358,4,Trump,3,53,3,0,True,4
358,5,Trump,0,37,0,0,True,4
358,6,Trump,2,43,2,0,True,4
358,7,Trump,1,21,1,0,True,4
358,8,Trump,0,0,0,0,True,4
359,0,Trump,2,30,2,0,True,4
359,1,Trump,3,39,3,0,True,4
359,2,Trump,1,17,1,0,True,4
359,3,Trump,1,22,1,0,True,4
359,4,Trump,1,45,1,0,True,4
359,5,Trump,1,32,1,0,True,4
359,6,Trump,0,18,0,0,True,4
359,7,Trump,3,11,3,0,True,4
360,0,Trump,0,10,0,0,True,4
360,1,Trump,1,41,1,0,True,4
360,2,Trump,0,27,0,0,True,4
360,3,Trump,0,21,0,0,True,4
360,4,Trump,0,8,0,0,True,4
360,5,Trump,1,16,1,0,True,4
361,0,Trump,0,13,0,0,True,4
361,1,Trump,1,6,1,0,True,4
361,2,Trump,0,21,0,0,True,4
361,3,Trump,1,5,1,0,True,4
361,4,Trump,0,2,0,0,True,4
361,5,Trump,1,28,1,0,True,4
362,0,Trump,0,8,0,0,True,4
362,1,Trump,1,14,1,0,True,4
362,2,Trump,0,8,0,0,True,4
362,3,Trump,1,17,1,0,True,4
362,4,Trump,1,15,1,0,True,4
362,5,Trump,1,6,1,0,True,4
362,6,Trump,0,6,0,0,True,4
362,7,Trump,1,36,1,0,True,4
363,0,Trump,0,21,0,0,True,4
363,1,Trump,0,14,0,0,True,4
363,2,Trump,0,11,0,0,True,4
363,3,Trump,1,16,1,0,True,4
363,4,Trump,0,48,0,0,True,4
363,5,Trump,1,8,1,0,True,4
363,6,Trump,0,22,0,0,True,4
364,0,Trump,1,18,1,0,True,4
364,1,Trump,1,35,1,0,True,4
364,2,Trump,1,12,1,0,True,4
364,3,Trump,2,8,2,0,True,4
364,4,Trump,2,21,2,0,True,4
364,5,Trump,0,15,0,0,True,4
365,0,Trump,1,15,1,0,True,4
365,1,Trump,1,42,1,0,True,4
365,2,Trump,2,55,2,0,True,4
365,3,Trump,0,16,0,0,True,4
365,4,Trump,0,0,0,0,True,4
365,5,Trump,0,20,0,0,True,4
366,0,Trump,1,48,1,0,True,4
366,1,Trump,0,33,0,0,True,4
366,2,Trump,0,10,0,0,True,4
366,3,Trump,0,10,0,0,True,4
366,4,Trump,1,19,1,0,True,4
366,5,Trump,0,24,0,0,True,4
366,6,Trump,0,38,0,0,True,4
366,7,Trump,0,23,0,0,True,4
367,0,Trump,0,31,0,0,True,4
367,1,Trump,2,12,2,0,True,4
367,2,Trump,2,29,2,0,True,4
367,3,Trump,0,21,0,0,True,4
367,4,Trump,1,31,1,0,True,4
367,5,Trump,2,13,2,0,True,4
368,0,Trump,0,4,0,0,True,4
368,1,Trump,1,51,1,0,True,4
368,2,Trump,1,6,1,0,True,4
368,3,Trump,1,12,1,0,True,4
368,4,Trump,1,2,1,0,True,4
368,5,Trump,0,5,0,0,True,4
369,0,Trump,1,5,1,0,True,4
369,1,Trump,1,45,1,0,True,4
369,2,Trump,0,14,0,0,True,4
369,3,Trump,0,29,0,0,True,4
369,4,Trump,0,11,0,0,True,4
369,5,Trump,0,15,0,0,True,4
369,6,Trump,2,49,2,0,True,4
369,7,Trump,2,48,2,0,True,4
370,0,Trump,1,11,1,0,True,4
370,1,Trump,0,7,0,0,True,4
370,2,Trump,1,6,1,0,True,4
370,3,Trump,1,15,1,0,True,4
370,4,Trump,1,18,1,0,True,4
370,5,Trump,0,2,0,0,True,4
370,6,Trump,1,8,1,0,True,4
371,0,Trump,1,5,1,0,True,4
371,1,Trump,2,17,2,0,True,4
371,2,Trump,1,30,1,0,True,4
371,3,Trump,3,46,3,0,True,4
371,4,Trump,2,44,2,0,True,4
371,5,Trump,1,8,1,0,True,4
371,6,Trump,0,4,0,0,True,4
372,0,Trump,1,27,1,0,True,4
372,1,Trump,0,6,0,0,True,4
372,2,Trump,4,43,4,0,True,4
372,3,Trump,4,33,4,0,True,4
372,4,Trump,1,54,1,0,True,4
372,5,Trump,1,7,1,0,True,4
372,6,Trump,1,29,1,0,True,4
372,7,Trump,0,16,0,0,True,4
373,0,Trump,0,15,0,0,True,4
373,1,Trump,2,32,2,0,True,4
373,2,Trump,1,16,1,0,True,4
373,3,Trump,0,6,0,0,True,4
373,4,Trump,2,15,2,0,True,4
373,5,Trump,0,4,0,0,True,4
373,6,Trump,1,54,1,0,True,4
374,0,Trump,2,14,2,0,True,4
374,1,Trump,1,26,1,0,True,4
374,2,Trump,2,34,2,0,True,4
374,3,Trump,0,15,0,0,True,4
374,4,Trump,0,2,0,0,True,4
374,5,Trump,1,12,1,0,True,4
374,6,Trump,1,17,1,0,True,4
374,7,Trump,2,14,2,0,True,4
375,0,Trump,0,19,0,0,True,4
375,1,Trump,1,6,1,0,True,4
375,2,Trump,1,20,1,0,True,4
375,3,Trump,1,16,1,0,True,4
375,4,Trump,0,22,0,0,True,4
375,5,Trump,1,5,1,0,True,4
375,6,Trump,1,30,1,0,True,4
375,7,Trump,1,33,1,0,True,4
375,8,Trump,1,8,1,0,True,4
375,9,Trump,1,9,1,0,True,4
376,0,Trump,1,26,1,0,True,4
376,1,Trump,0,20,0,0,True,4
376,2,Trump,1,38,1,0,True,4
376,3,Trump,0,8,0,0,True,4
376,4,Trump,1,9,1,0,True,4
376,5,Trump,1,36,1,0,True,4
376,6,Trump,1,24,1,0,True,4
377,0,Trump,0,2,0,0,True,4
377,1,Trump,0,7,0,0,True,4
377,2,Trump,0,6,0,0,True,4
377,3,Trump,1,35,1,0,True,4
377,4,Trump,0,47,0,0,True,4
377,5,Trump,0,58,0,0,True,4
377,6,Trump,0,23,0,0,True,4
377,7,Trump,1,12,1,0,True,4
377,8,Trump,1,11,1,0,True,4
377,9,Trump,0,6,0,0,True,4
378,0,Trump,0,7,0,0,True,4
378,1,Trump,1,14,1,0,True,4
378,2,Trump,1,9,1,0,True,4
378,3,Trump,2,10,2,0,True,4
378,4,Trump,1,28,1,0,True,4
378,5,Trump,3,13,3,0,True,4
378,6,Trump,2,47,2,0,True,4
379,0,Trump,1,6,1,0,True,4
379,1,Trump,1,10,1,0,True,4
379,2,Trump,1,2,1,0,True,4
379,3,Trump,1,22,1,0,True,4
379,4,Trump,0,6,0,0,True,4
379,5,Trump,1,16,1,0,True,4
379,6,Trump,2,11,2,0,True,4
379,7,Trump,0,15,0,0,True,4
380,0,Trump,0,23,0,0,True,4
380,1,Trump,2,12,2,0,True,4
380,2,Trump,2,22,2,0,True,4
380,3,Trump,1,33,1,0,True,4
380,4,Trump,0,14,0,0,True,4
380,5,Trump,2,50,2,0,True,4
380,6,Trump,1,3,1,0,True,4
381,0,Trump,2,24,2,0,True,4
381,1,Trump,1,9,1,0,True,4
381,2,Trump,2,12,2,0,True,4
381,3,Trump,1,53,1,0,True,4
381,4,Trump,0,19,0,0,True,4
381,5,Trump,0,12,0,0,True,4
381,6,Trump,1,11,1,0,True,4
382,0,Trump,0,14,0,0,True,4
382,1,Trump,0,13,0,0,True,4
382,2,Trump,0,38,0,0,True,4
382,3,Trump,0,28,0,0,True,4
382,4,Trump,2,50,2,0,True,4
382,5,Trump,0,12,0,0,True,4
382,6,Trump,0,15,0,0,True,4
382,7,Trump,0,1,0,0,True,4
383,0,Trump,0,4,0,0,True,4
383,1,Trump,1,28,1,0,True,4
383,2,Trump,1,33,1,0,True,4
383,3,Trump,1,31,1,0,True,4
383,4,Trump,1,14,1,0,True,4
383,5,Trump,0,53,0,0,True,4
383,6,Trump,1,41,1,0,True,4
383,7,Trump,1,44,1,0,True,4
384,0,Trump,2,31,2,0,True,4
384,1,Trump,0,21,0,0,True,4
384,2,Trump,1,36,1,0,True,4
384,3,Trump,1,20,1,0,True,4
384,4,Trump,1,46,1,0,True,4
384,5,Trump,2,41,2,0,True,4
384,6,Trump,1,21,1,0,True,4
385,0,Trump,0,5,0,0,True,4
385,1,Trump,1,53,1,0,True,4
385,2,Trump,1,9,1,0,True,4
385,3,Trump,2,41,2,0,True,4
385,4,Trump,0,1,0,0,True,4
385,5,Trump,0,12,0,0,True,4
385,6,Trump,1,15,1,0,True,4
385,7,Trump,0,8,0,0,True,4
385,8,Trump,2,51,2,0,True,4
386,0,Trump,0,14,0,0,True,4
386,1,Trump,1,43,1,0,True,4
386,2,Trump,2,32,2,0,True,4
386,3,Trump,1,17,1,0,True,4
386,4,Trump,1,37,1,0,True,4
386,5,Trump,1,18,1,0,True,4
386,6,Trump,1,35,1,0,True,4
387,0,Trump,0,29,0,0,True,4
387,1,Trump,0,8,0,0,True,4
387,2,Trump,0,7,0,0,True,4
387,3,Trump,0,14,0,0,True,4
387,4,Trump,1,27,1,0,True,4
387,5,Trump,2,6,2,0,True,4
387,6,Trump,0,12,0,0,True,4
387,7,Trump,3,24,3,0,True,4
388,0,Trump,2,47,2,0,True,4
388,1,Trump,0,8,0,0,True,4
388,2,Trump,0,23,0,0,True,4
388,3,Trump,0,15,0,0,True,4
388,4,Trump,1,17,1,0,True,4
388,5,Trump,0,20,0,0,True,4
388,6,Trump,1,6,1,0,True,4
389,0,Trump,2,31,2,0,True,4
389,1,Trump,0,11,0,0,True,4
389,2,Trump,0,11,0,0,True,4
389,3,Trump,0,3,0,0,True,4
389,4,Trump,2,8,2,0,True,4
389,5,Trump,2,27,2,0,True,4
389,6,Trump,0,6,0,0,True,4
389,7,Trump,0,0,0,0,True,4
390,0,Trump,1,53,1,0,True,4
390,1,Trump,1,43,1,0,True,4
390,2,Trump,2,45,2,0,True,4
390,3,Trump,3,26,3,0,True,4
390,4,Trump,2,40,2,0,True,4
390,5,Trump,0,20,0,0,True,4
390,6,Trump,1,50,1,0,True,4
390,7,Trump,0,4,0,0,True,4
391,0,Trump,1,9,1,0,True,4
391,1,Trump,1,17,1,0,True,4
391,2,Trump,1,40,1,0,True,4
391,3,Trump,2,17,2,0,True,4
391,4,Trump,0,10,0,0,True,4
391,5,Trump,0,14,0,0,True,4
392,0,Trump,0,41,0,0,True,4
392,1,Trump,1,17,1,0,True,4
392,2,Trump,1,4,1,0,True,4
392,3,Trump,2,48,2,0,True,4
392,4,Trump,1,29,1,0,True,4
392,5,Trump,1,17,1,0,True,4
392,6,Trump,2,12,2,0,True,4
392,7,Trump,3,14,3,0,True,4
393,0,Trump,2,27,2,0,True,4
393,1,Trump,0,1,0,0,True,4
393,2,Trump,1,58,1,0,True,4
393,3,Trump,3,49,3,0,True,4
393,4,Trump,2,42,2,0,True,4
393,5,Trump,1,26,1,0,True,4
394,0,Trump,2,29,2,0,True,4
394,1,Trump,1,20,1,0,True,4
394,2,Trump,1,7,1,0,True,4
394,3,Trump,2,39,2,0,True,4
394,4,Trump,1,17,1,0,True,4
394,5,Trump,1,43,1,0,True,4
394,6,Trump,0,13,0,0,True,4
394,7,Trump,2,13,2,0,True,4
395,0,Trump,0,18,0,0,True,4
395,1,Trump,0,57,0,0,True,4
395,2,Trump,0,52,0,0,True,4
395,3,Trump,2,19,2,0,True,4
395,4,Trump,0,56,0,0,True,4
395,5,Trump,0,25,0,0,True,4
395,6,Trump,0,15,0,0,True,4
395,7,Trump,0,24,0,0,True,4
396,0,Trump,1,27,1,0,True,4
396,1,Trump,1,18,1,0,True,4
396,2,Trump,1,4,1,0,True,4
396,3,Trump,2,29,2,0,True,4
396,4,Trump,1,31,1,0,True,4
396,5,Trump,2,8,2,0,True,4
396,6,Trump,1,39,1,0,True,4
396,7,Trump,2,50,2,0,True,4
396,8,Trump,2,12,2,0,True,4
397,0,Trump,0,20,0,0,True,4
397,1,Trump,1,54,1,0,True,4
397,2,Trump,1,45,1,0,True,4
397,3,Trump,0,6,0,0,True,4
397,4,Trump,0,21,0,0,True,4
397,5,Trump,0,2,0,0,True,4
397,6,Trump,0,15,0,0,True,4
397,7,Trump,1,8,1,0,True,4
398,0,Trump,0,27,0,0,True,4
398,1,Trump,3,34,3,0,True,4
398,2,Trump,0,4,0,0,True,4
398,3,Trump,0,23,0,0,True,4
398,4,Trump,0,3,0,0,True,4
398,5,Trump,1,29,1,0,True,4
398,6,Trump,0,0,0,0,True,4
399,0,Trump,0,23,0,0,True,4
399,1,Trump,1,28,1,0,True,4
399,2,Trump,0,7,0,0,True,4
399,3,Trump,1,28,1,0,True,4
399,4,Trump,0,31,0,0,True,4
399,5,Trump,0,16,0,0,True,4
399,6,Trump,0,12,0,0,True,4
399,7,Trump,0,13,0,0,True,4
400,0,Trump,1,31,1,0,True,4
400,1,Trump,1,20,1,0,True,4
400,2,Trump,1,15,1,0,True,4
400,3,Trump,1,26,1,0,True,4
400,4,Trump,0,1,0,0,True,4
400,5,Trump,1,41,1,0,True,4
400,6,Trump,0,3,0,0,True,4
401,0,Trump,1,53,1,0,True,4
401,1,Trump,0,18,0,0,True,4
401,2,Trump,2,26,2,0,True,4
401,3,Trump,1,7,1,0,True,4
401,4,Trump,1,43,1,0,True,4
401,5,Trump,2,12,2,0,True,4
401,6,Trump,1,25,1,0,True,4
402,0,Trump,1,16,1,0,True,4
402,1,Trump,2,28,2,0,True,4
402,2,Trump,1,9,1,0,True,4
402,3,Trump,4,5,4,0,True,4
402,4,Trump,3,55,3,0,True,4
402,5,Trump,3,37,3,0,True,4
402,6,Trump,1,36,1,0,True,4
402,7,Trump,3,29,3,0,True,4
403,0,Trump,2,37,2,0,True,4
403,1,Trump,1,47,1,0,True,4
403,2,Trump,0,1,0,0,True,4
403,3,Trump,3,41,3,0,True,4
403,4,Trump,0,19,0,0,True,4
403,5,Trump,2,26,2,0,True,4
403,6,Trump,3,36,3,0,True,4
403,7,Trump,3,15,3,0,True,4
403,8,Trump,1,26,1,0,True,4
404,0,Trump,1,7,1,0,True,4
404,1,Trump,2,48,2,0,True,4
404,2,Trump,2,18,2,0,True,4
404,3,Trump,2,11,2,0,True,4
404,4,Trump,0,10,0,0,True,4
404,5,Trump,1,11,1,0,True,4
404,6,Trump,2,16,2,0,True,4
404,7,Trump,1,6,1,0,True,4
404,8,Trump,0,20,0,0,True,4
405,0,Trump,2,22,2,0,True,4
405,1,Trump,2,26,2,0,True,4
405,2,Trump,1,12,1,0,True,4
405,3,Trump,2,46,2,0,True,4
405,4,Trump,1,1,1,0,True,4
405,5,Trump,2,23,2,0,True,4
405,6,Trump,1,0,0,1,False,4
406,0,Trump,0,17,0,0,True,4
406,1,Trump,0,4,0,0,True,4
406,2,Trump,0,14,0,0,True,4
406,3,Trump,2,3,2,0,True,4
406,4,Trump,0,3,0,0,True,4
406,5,Trump,1,9,1,0,True,4
406,6,Trump,1,4,1,0,True,4
406,7,Trump,0,5,0,0,True,4
407,0,Trump,0,15,0,0,True,4
407,1,Trump,0,29,0,0,True,4
407,2,Trump,1,19,1,0,True,4
407,3,Trump,0,4,0,0,True,4
407,4,Trump,0,17,0,0,True,4
407,5,Trump,4,49,4,0,True,4
407,6,Trump,0,21,0,0,True,4
407,7,Trump,1,36,1,0,True,4
407,8,Trump,1,29,1,0,True,4
408,0,Trump,2,28,2,0,True,4
408,1,Trump,0,3,0,0,True,4
408,2,Trump,0,1,0,0,True,4
408,3,Trump,0,16,0,0,True,4
408,4,Trump,1,8,1,0,True,4
408,5,Trump,0,2,0,0,True,4
408,6,Trump,1,25,1,0,True,4
408,7,Trump,6,11,6,0,True,4
409,0,Trump,0,24,0,0,True,4
409,1,Trump,0,15,0,0,True,4
409,2,Trump,0,6,0,0,True,4
409,3,Trump,2,30,2,0,True,4
409,4,Trump,0,26,0,0,True,4
409,5,Trump,0,17,0,0,True,4
410,0,Trump,3,29,3,0,True,4
410,1,Trump,2,35,2,0,True,4
410,2,Trump,0,40,0,0,True,4
410,3,Trump,2,23,2,0,True,4
410,4,Trump,1,37,1,0,True,4
410,5,Trump,2,49,2,0,True,4
410,6,Trump,3,45,3,0,True,4
410,7,Trump,0,3,0,0,True,4
411,0,Trump,1,19,1,0,True,4
411,1,Trump,0,13,0,0,True,4
411,2,Trump,1,12,1,0,True,4
411,3,Trump,1,25,1,0,True,4
411,4,Trump,1,3,1,0,True,4
411,5,Trump,0,10,0,0,True,4
411,6,Trump,0,10,0,0,True,4
412,0,Trump,0,6,0,0,True,4
412,1,Trump,1,46,1,0,True,4
412,2,Trump,0,7,0,0,True,4
412,3,Trump,0,18,0,0,True,4
412,4,Trump,0,22,0,0,True,4
412,5,Trump,1,13,1,0,True,4
412,6,Trump,2,30,2,0,True,4
412,7,Trump,2,10,2,0,True,4
412,8,Trump,0,23,0,0,True,4
413,0,Trump,1,12,1,0,True,4
413,1,Trump,2,11,2,0,True,4
413,2,Trump,2,17,2,0,True,4
413,3,Trump,1,50,1,0,True,4
413,4,Trump,1,27,1,0,True,4
413,5,Trump,1,45,1,0,True,4
413,6,Trump,1,18,1,0,True,4
413,7,Trump,1,37,1,0,True,4
414,0,Trump,0,3,0,0,True,4
414,1,Trump,1,3,1,0,True,4
414,2,Trump,0,4,0,0,True,4
414,3,Trump,1,19,1,0,True,4
414,4,Trump,2,7,2,0,True,4
414,5,Trump,0,7,0,0,True,4
414,6,Trump,1,3,1,0,True,4
415,0,Trump,2,11,2,0,True,4
415,1,Trump,2,4,2,0,True,4
415,2,Trump,1,5,1,0,True,4
415,3,Trump,1,6,1,0,True,4
415,4,Trump,2,15,2,0,True,4
415,5,Trump,1,13,1,0,True,4
415,6,Trump,1,17,1,0,True,4
415,7,Trump,1,10,1,0,True,4
415,8,Trump,2,3,2,0,True,4
416,0,Trump,0,13,0,0,True,4
416,1,Trump,0,12,0,0,True,4
416,2,Trump,0,41,0,0,True,4
416,3,Trump,1,24,1,0,True,4
416,4,Trump,0,7,0,0,True,4
416,5,Trump,1,14,1,0,True,4
416,6,Trump,0,46,0,0,True,4
416,7,Trump,1,49,1,0,True,4
416,8,Trump,0,7,0,0,True,4
417,0,Trump,0,7,0,0,True,4
417,1,Trump,2,26,2,0,True,4
417,2,Trump,1,3,1,0,True,4
417,3,Trump,6,43,6,0,True,4
417,4,Trump,0,4,0,0,True,4
417,5,Trump,1,28,1,0,True,4
417,6,Trump,0,5,0,0,True,4
417,7,Trump,1,3,1,0,True,4
417,8,Trump,2,26,2,0,True,4
418,0,Trump,0,48,0,0,True,4
418,1,Trump,1,14,1,0,True,4
418,2,Trump,1,3,1,0,True,4
418,3,Trump,0,13,0,0,True,4
418,4,Trump,0,3,0,0,True,4
418,5,Trump,2,47,2,0,True,4
418,6,Trump,1,13,1,0,True,4
419,0,Trump,0,20,0,0,True,4
419,1,Trump,2,9,2,0,True,4
419,2,Trump,1,18,1,0,True,4
419,3,Trump,1,15,1,0,True,4
419,4,Trump,0,3,0,0,True,4
419,5,Trump,0,17,0,0,True,4
419,6,Trump,0,5,0,0,True,4
420,0,Trump,0,8,0,0,True,4
420,1,Trump,1,55,1,0,True,4
420,2,Trump,0,24,0,0,True,4
420,3,Trump,0,54,0,0,True,4
420,4,Trump,1,16,1,0,True,4
420,5,Trump,4,10,4,0,True,4
420,6,Trump,2,27,2,0,True,4
420,7,Trump,2,16,2,0,True,4
420,8,Trump,2,48,2,0,True,4
421,0,Trump,0,5,0,0,True,4
421,1,Trump,0,26,0,0,True,4
421,2,Trump,2,15,2,0,True,4
421,3,Trump,0,8,0,0,True,4
421,4,Trump,0,7,0,0,True,4
421,5,Trump,0,21,0,0,True,4
421,6,Trump,1,2,1,0,True,4
421,7,Trump,0,16,0,0,True,4
421,8,Trump,0,42,0,0,True,4
422,0,Trump,1,23,1,0,True,4
422,1,Trump,2,9,2,0,True,4
422,2,Trump,2,10,2,0,True,4
422,3,Trump,1,12,1,0,True,4
422,4,Trump,1,19,1,0,True,4
422,5,Trump,0,0,0,0,True,4
422,6,Trump,0,0,0,0,True,4
422,7,Trump,0,0,0,0,True,4
423,0,Trump,0,24,0,0,True,4
423,1,Trump,1,35,1,0,True,4
423,2,Trump,0,3,0,0,True,4
423,3,Trump,2,26,2,0,True,4
423,4,Trump,0,18,0,0,True,4
423,5,Trump,0,18,0,0,True,4
423,6,Trump,1,36,1,0,True,4
423,7,Trump,2,2,2,0,True,4
423,8,Trump,2,15,2,0,True,4
423,9,Trump,0,9,0,0,True,4
424,0,Trump,1,17,1,0,True,4
424,1,Trump,0,5,0,0,True,4
424,2,Trump,1,17,1,0,True,4
424,3,Trump,1,6,1,0,True,4
424,4,Trump,1,6,1,0,True,4
424,5,Trump,2,7,2,0,True,4
424,6,Trump,1,5,1,0,True,4
425,0,Trump,0,8,0,0,True,4
425,1,Trump,1,45,1,0,True,4
425,2,Trump,0,2,0,0,True,4
425,3,Trump,1,11,1,0,True,4
425,4,Trump,2,29,2,0,True,4
425,5,Trump,1,12,1,0,True,4
425,6,Trump,0,11,0,0,True,4
426,0,Trump,1,6,1,0,True,4
426,1,Trump,4,26,4,0,True,4
426,2,Trump,1,8,1,0,True,4
426,3,Trump,0,13,0,0,True,4
426,4,Trump,2,10,2,0,True,4
426,5,Trump,5,31,5,0,True,4
426,6,Trump,1,10,1,0,True,4
426,7,Trump,1,10,1,0,True,4
426,8,Trump,2,8,2,0,True,4
427,0,Trump,0,6,0,0,True,4
427,1,Trump,0,5,0,0,True,4
427,2,Trump,1,8,1,0,True,4
427,3,Trump,0,12,0,0,True,4
427,4,Trump,0,9,0,0,True,4
427,5,Trump,1,4,1,0,True,4
427,6,Trump,1,3,1,0,True,4
428,0,Trump,0,1,0,0,True,4
428,1,Trump,2,30,2,0,True,4
428,2,Trump,0,12,0,0,True,4
428,3,Trump,1,25,1,0,True,4
428,4,Trump,2,46,2,0,True,4
428,5,Trump,1,40,1,0,True,4
428,6,Trump,1,25,1,0,True,4
428,7,Trump,2,11,2,0,True,4
428,8,Trump,2,43,2,0,True,4
429,0,Trump,0,20,0,0,True,4
429,1,Trump,3,9,3,0,True,4
429,2,Trump,0,15,0,0,True,4
429,3,Trump,2,23,2,0,True,4
429,4,Trump,1,21,1,0,True,4
429,5,Trump,1,20,1,0,True,4
430,0,Trump,1,17,1,0,True,4
430,1,Trump,0,9,0,0,True,4
430,2,Trump,0,4,0,0,True,4
430,3,Trump,0,15,0,0,True,4
430,4,Trump,1,15,1,0,True,4
430,5,Trump,0,3,0,0,True,4
430,6,Trump,0,0,0,0,True,4
430,7,Trump,0,8,0,0,True,4
430,8,Trump,0,6,0,0,True,4
431,0,Trump,1,9,1,0,True,4
431,1,Trump,2,14,2,0,True,4
431,2,Trump,1,33,1,0,True,4
431,3,Trump,1,17,1,0,True,4
431,4,Trump,1,16,1,0,True,4
431,5,Trump,2,22,2,0,True,4
431,6,Trump,1,10,1,0,True,4
431,7,Trump,1,5,1,0,True,4
431,8,Trump,1,9,1,0,True,4
432,0,Trump,1,12,1,0,True,4
432,1,Trump,1,9,1,0,True,4
432,2,Trump,3,16,3,0,True,4
432,3,Trump,1,9,1,0,True,4
432,4,Trump,1,7,1,0,True,4
432,5,Trump,1,9,1,0,True,4
433,0,Trump,1,4,1,0,True,4
433,1,Trump,1,14,1,0,True,4
433,2,Trump,0,6,0,0,True,4
433,3,Trump,1,10,1,0,True,4
433,4,Trump,0,2,0,0,True,4
433,5,Trump,1,3,1,0,True,4
433,6,Trump,0,5,0,0,True,4
433,7,Trump,2,11,2,0,True,4
434,0,Trump,1,17,1,0,True,4
434,1,Trump,1,16,1,0,True,4
434,2,Trump,1,12,1,0,True,4
434,3,Trump,0,26,0,0,True,4
434,4,Trump,2,29,2,0,True,4
434,5,Trump,4,21,4,0,True,4
434,6,Trump,2,11,2,0,True,4
434,7,Trump,0,14,0,0,True,4
434,8,Trump,0,34,0,0,True,4
434,9,Trump,1,28,1,0,True,4
435,0,Trump,1,41,1,0,True,4
435,1,Trump,1,27,1,0,True,4
435,2,Trump,2,55,2,0,True,4
435,3,Trump,1,20,1,0,True,4
435,4,Trump,2,6,2,0,True,4
435,5,Trump,2,34,2,0,True,4
435,6,Trump,1,4,1,0,True,4
435,7,Trump,2,40,2,0,True,4
436,0,Trump,1,20,1,0,True,4
436,1,Trump,1,13,1,0,True,4
436,2,Trump,4,40,4,0,True,4
436,3,Trump,1,11,1,0,True,4
436,4,Trump,1,30,1,0,True,4
436,5,Trump,1,8,1,0,True,4
436,6,Trump,1,18,1,0,True,4
436,7,Trump,1,14,1,0,True,4
437,0,Trump,1,14,1,0,True,4
437,1,Trump,1,54,1,0,True,4
437,2,Trump,1,31,1,0,True,4
437,3,Trump,3,51,3,0,True,4
437,4,Trump,1,41,1,0,True,4
437,5,Trump,2,20,2,0,True,4
437,6,Trump,1,22,1,0,True,4
437,7,Trump,0,62,0,0,True,4
438,0,Trump,1,5,1,0,True,4
438,1,Trump,1,3,1,0,True,4
438,2,Trump,0,6,0,0,True,4
438,3,Trump,1,1,1,0,True,4
438,4,Trump,1,6,1,0,True,4
439,0,Trump,1,2,1,0,True,4
439,1,Trump,2,20,2,0,True,4
439,2,Trump,1,10,1,0,True,4
439,3,Trump,2,43,2,0,True,4
439,4,Trump,2,55,2,0,True,4
439,5,Trump,0,2,0,0,True,4
439,6,Trump,2,11,2,0,True,4
439,7,Trump,0,0,0,0,True,4
440,0,Trump,3,13,3,0,True,4
440,1,Trump,1,8,1,0,True,4
440,2,Trump,2,7,2,0,True,4
440,3,Trump,4,12,4,0,True,4
440,4,Trump,2,10,2,0,True,4
440,5,Trump,4,21,4,0,True,4
440,6,Trump,5,4,4,1,False,4
440,7,Trump,1,15,1,0,True,4
440,8,Trump,2,6,2,0,True,4
440,9,Trump,1,5,1,0,True,4
441,0,Trump,1,24,1,0,True,4
441,1,Trump,2,9,2,0,True,4
441,2,Trump,0,14,0,0,True,4
441,3,Trump,1,21,1,0,True,4
441,4,Trump,1,5,1,0,True,4
441,5,Trump,1,17,1,0,True,4
441,6,Trump,0,8,0,0,True,4
441,7,Trump,2,48,2,0,True,4
441,8,Trump,1,6,1,0,True,4
442,0,Trump,1,2,1,0,True,4
442,1,Trump,0,10,0,0,True,4
442,2,Trump,0,3,0,0,True,4
442,3,Trump,1,6,1,0,True,4
442,4,Trump,0,13,0,0,True,4
442,5,Trump,1,6,1,0,True,4
442,6,Trump,1,2,1,0,True,4
443,0,Trump,1,8,1,0,True,4
443,1,Trump,1,30,1,0,True,4
443,2,Trump,1,20,1,0,True,4
443,3,Trump,3,42,3,0,True,4
443,4,Trump,1,12,1,0,True,4
443,5,Trump,1,45,1,0,True,4
443,6,Trump,0,6,0,0,True,4
443,7,Trump,0,14,0,0,True,4
444,0,Trump,2,25,2,0,True,4
444,1,Trump,2,52,2,0,True,4
444,2,Trump,1,31,1,0,True,4
444,3,Trump,0,37,0,0,True,4
444,4,Trump,2,32,2,0,True,4
444,5,Trump,2,53,2,0,True,4
445,0,Harris,2,29,2,0,True,4
445,1,Harris,0,4,0,0,True,4
445,2,Harris,0,3,0,0,True,4
445,3,Harris,0,3,0,0,True,4
445,4,Harris,0,13,0,0,True,4
445,5,Harris,2,26,2,0,True,4
445,6,Harris,0,4,0,0,True,4
446,0,Harris,2,11,2,0,True,4
446,1,Harris,1,10,1,0,True,4
446,2,Harris,0,11,0,0,True,4
446,3,Harris,0,8,0,0,True,4
446,4,Harris,0,10,0,0,True,4
446,5,Harris,3,40,3,0,True,4
446,6,Harris,0,2,0,0,True,4
446,7,Harris,0,16,0,0,True,4
447,0,Harris,2,46,2,0,True,4
447,1,Harris,0,44,0,0,True,4
447,2,Harris,0,11,0,0,True,4
447,3,Harris,0,3,0,0,True,4
447,4,Harris,0,6,0,0,True,4
447,5,Harris,0,6,0,0,True,4
447,6,Harris,0,15,0,0,True,4
447,7,Harris,0,0,0,0,True,4
447,8,Harris,0,1,0,0,True,4
448,0,Harris,0,10,0,0,True,4
448,1,Harris,1,0,0,1,False,4
448,2,Harris,0,5,0,0,True,4
448,3,Harris,0,22,0,0,True,4
448,4,Harris,2,46,2,0,True,4
448,5,Harris,2,51,2,0,True,4
449,0,Harris,0,38,0,0,True,4
449,1,Harris,1,4,1,0,True,4
449,2,Harris,0,10,0,0,True,4
449,3,Harris,2,24,2,0,True,4
449,4,Harris,0,18,0,0,True,4
449,5,Harris,0,3,0,0,True,4
449,6,Harris,0,17,0,0,True,4
449,7,Harris,0,0,0,0,True,4
449,8,Harris,0,2,0,0,True,4
450,0,Harris,0,4,0,0,True,4
450,1,Harris,0,17,0,0,True,4
450,2,Harris,2,9,2,0,True,4
450,3,Harris,0,3,0,0,True,4
450,4,Harris,1,4,1,0,True,4
450,5,Harris,0,4,0,0,True,4
450,6,Harris,0,16,0,0,True,4
450,7,Harris,1,22,1,0,True,4
450,8,Harris,0,5,0,0,True,4
451,0,Harris,0,18,0,0,True,4
451,1,Harris,0,27,0,0,True,4
451,2,Harris,0,33,0,0,True,4
451,3,Harris,2,51,2,0,True,4
451,4,Harris,0,11,0,0,True,4
451,5,Harris,0,23,0,0,True,4
451,6,Harris,0,11,0,0,True,4
451,7,Harris,0,21,0,0,True,4
451,8,Harris,1,19,1,0,True,4
452,0,Harris,2,15,2,0,True,4
452,1,Harris,1,5,1,0,True,4
452,2,Harris,2,11,2,0,True,4
452,3,Harris,2,8,2,0,True,4
452,4,Harris,2,50,2,0,True,4
452,5,Harris,0,2,0,0,True,4
453,0,Harris,1,19,1,0,True,4
453,1,Harris,2,20,2,0,True,4
453,2,Harris,2,2,2,0,True,4
453,3,Harris,1,6,1,0,True,4
453,4,Harris,2,4,2,0,True,4
453,5,Harris,1,50,1,0,True,4
453,6,Harris,2,17,2,0,True,4
453,7,Harris,2,13,2,0,True,4
453,8,Harris,3,42,3,0,True,4
454,0,Harris,0,22,0,0,True,4
454,1,Harris,1,19,1,0,True,4
454,2,Harris,2,25,2,0,True,4
454,3,Harris,1,30,1,0,True,4
454,4,Harris,2,35,2,0,True,4
454,5,Harris,2,53,2,0,True,4
454,6,Harris,4,40,4,0,True,4
455,0,Harris,0,16,0,0,True,4
455,1,Harris,0,9,0,0,True,4
455,2,Harris,0,4,0,0,True,4
455,3,Harris,1,26,1,0,True,4
455,4,Harris,0,18,0,0,True,4
455,5,Harris,0,16,0,0,True,4
455,6,Harris,0,4,0,0,True,4
455,7,Harris,2,45,2,0,True,4
455,8,Harris,0,8,0,0,True,4
456,0,Harris,0,24,0,0,True,4
456,1,Harris,0,39,0,0,True,4
456,2,Harris,0,4,0,0,True,4
456,3,Harris,0,13,0,0,True,4
456,4,Harris,0,21,0,0,True,4
456,5,Harris,0,8,0,0,True,4
456,6,Harris,0,4,0,0,True,4
456,7,Harris,1,20,1,0,True,4
456,8,Harris,2,43,2,0,True,4
457,0,Harris,2,54,2,0,True,4
457,1,Harris,0,29,0,0,True,4
457,2,Harris,0,20,0,0,True,4
457,3,Harris,2,36,2,0,True,4
457,4,Harris,2,9,2,0,True,4
457,5,Harris,0,13,0,0,True,4
457,6,Harris,2,15,2,0,True,4
457,7,Harris,0,5,0,0,True,4
458,0,Harris,0,23,0,0,True,4
458,1,Harris,0,12,0,0,True,4
458,2,Harris,0,4,0,0,True,4
458,3,Harris,0,4,0,0,True,4
458,4,Harris,2,9,2,0,True,4
458,5,Harris,0,7,0,0,True,4
458,6,Harris,0,6,0,0,True,4
458,7,Harris,3,44,3,0,True,4
458,8,Harris,0,8,0,0,True,4
459,0,Harris,0,22,0,0,True,4
459,1,Harris,0,4,0,0,True,4
459,2,Harris,0,14,0,0,True,4
459,3,Harris,2,29,2,0,True,4
459,4,Harris,0,4,0,0,True,4
459,5,Harris,0,30,0,0,True,4
459,6,Harris,2,50,2,0,True,4
459,7,Harris,0,12,0,0,True,4
460,0,Harris,1,15,1,0,True,4
460,1,Harris,0,7,0,0,True,4
460,2,Harris,2,26,2,0,True,4
460,3,Harris,0,2,0,0,True,4
460,4,Harris,0,24,0,0,True,4
460,5,Harris,0,17,0,0,True,4
460,6,Harris,0,4,0,0,True,4
460,7,Harris,2,31,2,0,True,4
460,8,Harris,0,15,0,0,True,4
461,0,Harris,0,4,0,0,True,4
461,1,Harris,2,36,2,0,True,4
461,2,Harris,1,22,1,0,True,4
461,3,Harris,1,38,1,0,True,4
461,4,Harris,1,0,0,1,False,4
461,5,Harris,2,45,2,0,True,4
461,6,Harris,1,55,1,0,True,4
461,7,Harris,0,19,0,0,True,4
462,0,Harris,1,2,1,0,True,4
462,1,Harris,1,7,1,0,True,4
462,2,Harris,2,20,2,0,True,4
462,3,Harris,0,0,0,0,True,4
462,4,Harris,0,0,0,0,True,4
463,0,Harris,0,3,0,0,True,4
463,1,Harris,1,1,1,0,True,4
463,2,Harris,1,8,1,0,True,4
463,3,Harris,2,12,2,0,True,4
463,4,Harris,5,50,5,0,True,4
463,5,Harris,4,45,4,0,True,4
463,6,Harris,1,24,1,0,True,4
464,0,Harris,0,5,0,0,True,4
464,1,Harris,0,5,0,0,True,4
464,2,Harris,1,9,1,0,True,4
464,3,Harris,0,5,0,0,True,4
464,4,Harris,0,4,0,0,True,4
464,5,Harris,0,10,0,0,True,4
465,0,Harris,0,36,0,0,True,4
465,1,Harris,0,2,0,0,True,4
465,2,Harris,0,25,0,0,True,4
465,3,Harris,0,14,0,0,True,4
465,4,Harris,0,4,0,0,True,4
465,5,Harris,0,2,0,0,True,4
465,6,Harris,0,41,0,0,True,4
465,7,Harris,2,19,2,0,True,4
465,8,Harris,0,9,0,0,True,4
466,0,Harris,1,4,1,0,True,4
466,1,Harris,0,28,0,0,True,4
466,2,Harris,3,12,3,0,True,4
466,3,Harris,0,20,0,0,True,4
466,4,Harris,0,5,0,0,True,4
466,5,Harris,2,34,2,0,True,4
466,6,Harris,0,11,0,0,True,4
466,7,Harris,1,18,1,0,True,4
467,0,Harris,0,6,0,0,True,4
467,1,Harris,1,9,1,0,True,4
467,2,Harris,0,27,0,0,True,4
467,3,Harris,2,11,2,0,True,4
467,4,Harris,0,12,0,0,True,4
467,5,Harris,0,3,0,0,True,4
467,6,Harris,0,5,0,0,True,4
467,7,Harris,2,8,2,0,True,4
467,8,Harris,0,12,0,0,True,4
468,0,Harris,0,21,0,0,True,4
468,1,Harris,2,13,2,0,True,4
468,2,Harris,0,21,0,0,True,4
468,3,Harris,0,25,0,0,True,4
468,4,Harris,1,0,0,1,False,4
468,5,Harris,0,4,0,0,True,4
468,6,Harris,0,4,0,0,True,4
469,0,Harris,2,21,2,0,True,4
469,1,Harris,1,23,1,0,True,4
469,2,Harris,1,16,1,0,True,4
469,3,Harris,2,14,2,0,True,4
469,4,Harris,2,5,2,0,True,4
469,5,Harris,2,3,2,0,True,4
470,0,Harris,0,13,0,0,True,4
470,1,Harris,1,25,1,0,True,4
470,2,Harris,0,15,0,0,True,4
470,3,Harris,0,8,0,0,True,4
470,4,Harris,2,50,2,0,True,4
470,5,Harris,2,25,2,0,True,4
470,6,Harris,1,19,1,0,True,4
471,0,Harris,0,9,0,0,True,4
471,1,Harris,0,42,0,0,True,4
471,2,Harris,1,16,1,0,True,4
471,3,Harris,2,22,2,0,True,4
471,4,Harris,0,9,0,0,True,4
471,5,Harris,0,6,0,0,True,4
471,6,Harris,0,18,0,0,True,4
471,7,Harris,1,16,1,0,True,4
472,0,Harris,2,18,2,0,True,4
472,1,Harris,2,25,2,0,True,4
472,2,Harris,1,5,1,0,True,4
472,3,Harris,0,6,0,0,True,4
472,4,Harris,4,16,4,0,True,4
472,5,Harris,1,36,1,0,True,4
473,0,Harris,0,25,0,0,True,4
473,1,Harris,0,18,0,0,True,4
473,2,Harris,3,49,3,0,True,4
473,3,Harris,0,6,0,0,True,4
473,4,Harris,0,11,0,0,True,4
473,5,Harris,1,15,1,0,True,4
473,6,Harris,0,9,0,0,True,4
473,7,Harris,0,18,0,0,True,4
474,0,Harris,0,24,0,0,True,4
474,1,Harris,0,2,0,0,True,4
474,2,Harris,0,2,0,0,True,4
474,3,Harris,0,3,0,0,True,4
474,4,Harris,0,27,0,0,True,4
474,5,Harris,0,17,0,0,True,4
474,6,Harris,0,12,0,0,True,4
474,7,Harris,0,21,0,0,True,4
474,8,Harris,0,18,0,0,True,4
474,9,Harris,2,13,2,0,True,4
475,0,Harris,2,36,2,0,True,4
475,1,Harris,0,14,0,0,True,4
475,2,Harris,0,25,0,0,True,4
475,3,Harris,0,5,0,0,True,4
475,4,Harris,0,4,0,0,True,4
475,5,Harris,0,12,0,0,True,4
475,6,Harris,2,26,2,0,True,4
475,7,Harris,2,49,2,0,True,4
475,8,Harris,0,46,0,0,True,4
476,0,Harris,2,24,2,0,True,4
476,1,Harris,3,44,3,0,True,4
476,2,Harris,2,25,2,0,True,4
476,3,Harris,3,18,3,0,True,4
476,4,Harris,2,3,2,0,True,4
476,5,Harris,1,13,1,0,True,4
476,6,Harris,2,47,2,0,True,4
477,0,Harris,0,22,0,0,True,4
477,1,Harris,0,4,0,0,True,4
477,2,Harris,2,11,2,0,True,4
477,3,Harris,0,10,0,0,True,4
477,4,Harris,2,34,2,0,True,4
477,5,Harris,2,3,2,0,True,4
477,6,Harris,2,50,2,0,True,4
478,0,Harris,0,18,0,0,True,4
478,1,Harris,2,8,2,0,True,4
478,2,Harris,0,12,0,0,True,4
478,3,Harris,2,28,2,0,True,4
478,4,Harris,1,15,1,0,True,4
478,5,Harris,1,12,1,0,True,4
479,0,Harris,0,25,0,0,True,4
479,1,Harris,0,7,0,0,True,4
479,2,Harris,0,2,0,0,True,4
479,3,Harris,2,29,2,0,True,4
479,4,Harris,0,10,0,0,True,4
479,5,Harris,0,1,0,0,True,4
479,6,Harris,1,48,1,0,True,4
479,7,Harris,0,11,0,0,True,4
479,8,Harris,0,9,0,0,True,4
479,9,Harris,0,17,0,0,True,4
480,0,Harris,0,8,0,0,True,4
480,1,Harris,2,15,2,0,True,4
480,2,Harris,2,2,2,0,True,4
480,3,Harris,1,1,1,0,True,4
480,4,Harris,2,17,2,0,True,4
480,5,Harris,3,23,3,0,True,4
480,6,Harris,1,8,1,0,True,4
480,7,Harris,1,9,1,0,True,4
480,8,Harris,3,10,3,0,True,4
481,0,Harris,0,0,0,0,True,4
481,1,Harris,0,7,0,0,True,4
481,2,Harris,0,35,0,0,True,4
481,3,Harris,0,54,0,0,True,4
481,4,Harris,0,23,0,0,True,4
481,5,Harris,0,50,0,0,True,4
481,6,Harris,0,13,0,0,True,4
481,7,Harris,0,27,0,0,True,4
481,8,Harris,0,15,0,0,True,4
481,9,Harris,0,39,0,0,True,4
482,0,Harris,0,7,0,0,True,4
482,1,Harris,1,37,1,0,True,4
482,2,Harris,1,21,1,0,True,4
482,3,Harris,0,1,0,0,True,4
482,4,Harris,0,13,0,0,True,4
482,5,Harris,0,18,0,0,True,4
482,6,Harris,0,11,0,0,True,4
482,7,Harris,0,19,0,0,True,4
483,0,Harris,0,2,0,0,True,4
483,1,Harris,0,4,0,0,True,4
483,2,Harris,0,20,0,0,True,4
483,3,Harris,0,9,0,0,True,4
483,4,Harris,1,2,1,0,True,4
483,5,Harris,0,10,0,0,True,4
483,6,Harris,0,1,0,0,True,4
483,7,Harris,1,6,1,0,True,4
483,8,Harris,0,11,0,0,True,4
483,9,Harris,0,2,0,0,True,4
484,0,Harris,0,23,0,0,True,4
484,1,Harris,0,25,0,0,True,4
484,2,Harris,0,3,0,0,True,4
484,3,Harris,0,16,0,0,True,4
484,4,Harris,4,35,4,0,True,4
484,5,Harris,0,11,0,0,True,4
484,6,Harris,0,10,0,0,True,4
484,7,Harris,0,14,0,0,True,4
484,8,Harris,1,37,1,0,True,4
484,9,Harris,0,0,0,0,True,4
485,0,Harris,0,2,0,0,True,4
485,1,Harris,0,22,0,0,True,4
485,2,Harris,0,3,0,0,True,4
485,3,Harris,0,20,0,0,True,4
485,4,Harris,2,16,2,0,True,4
485,5,Harris,0,12,0,0,True,4
485,6,Harris,0,16,0,0,True,4
485,7,Harris,1,16,1,0,True,4
486,0,Harris,0,7,0,0,True,4
486,1,Harris,0,5,0,0,True,4
486,2,Harris,0,18,0,0,True,4
486,3,Harris,0,8,0,0,True,4
486,4,Harris,0,11,0,0,True,4
486,5,Harris,0,3,0,0,True,4
486,6,Harris,0,2,0,0,True,4
486,7,Harris,0,2,0,0,True,4
486,8,Harris,0,23,0,0,True,4
486,9,Harris,0,25,0,0,True,4
487,0,Harris,0,31,0,0,True,4
487,1,Harris,3,35,3,0,True,4
487,2,Harris,3,36,3,0,True,4
487,3,Harris,0,1,0,0,True,4
487,4,Harris,0,1,0,0,True,4
487,5,Harris,0,23,0,0,True,4
487,6,Harris,1,38,1,0,True,4
487,7,Harris,0,13,0,0,True,4
488,0,Harris,0,1,0,0,True,4
488,1,Harris,1,4,1,0,True,4
488,2,Harris,2,15,2,0,True,4
488,3,Harris,3,35,3,0,True,4
488,4,Harris,2,50,2,0,True,4
489,0,Harris,0,9,0,0,True,4
489,1,Harris,0,8,0,0,True,4
489,2,Harris,0,10,0,0,True,4
489,3,Harris,0,4,0,0,True,4
489,4,Harris,0,5,0,0,True,4
489,5,Harris,0,13,0,0,True,4
489,6,Harris,0,5,0,0,True,4
489,7,Harris,0,5,0,0,True,4
489,8,Harris,0,19,0,0,True,4
490,0,Harris,0,23,0,0,True,4
490,1,Harris,0,10,0,0,True,4
490,2,Harris,0,16,0,0,True,4
490,3,Harris,2,16,2,0,True,4
490,4,Harris,0,21,0,0,True,4
490,5,Harris,0,37,0,0,True,4
490,6,Harris,0,4,0,0,True,4
490,7,Harris,0,5,0,0,True,4
490,8,Harris,0,7,0,0,True,4
491,0,Harris,0,19,0,0,True,4
491,1,Harris,0,1,0,0,True,4
491,2,Harris,0,14,0,0,True,4
491,3,Harris,0,15,0,0,True,4
491,4,Harris,2,22,2,0,True,4
491,5,Harris,0,12,0,0,True,4
491,6,Harris,0,17,0,0,True,4
491,7,Harris,0,33,0,0,True,4
491,8,Harris,1,23,1,0,True,4
492,0,Harris,2,9,2,0,True,4
492,1,Harris,2,7,2,0,True,4
492,2,Harris,1,0,0,1,False,4
492,3,Harris,2,12,2,0,True,4
492,4,Harris,2,26,2,0,True,4
493,0,Harris,0,51,0,0,True,4
493,1,Harris,0,27,0,0,True,4
493,2,Harris,0,33,0,0,True,4
493,3,Harris,0,8,0,0,True,4
493,4,Harris,0,15,0,0,True,4
493,5,Harris,1,13,1,0,True,4
493,6,Harris,2,55,2,0,True,4
494,0,Harris,0,19,0,0,True,4
494,1,Harris,0,8,0,0,True,4
494,2,Harris,0,25,0,0,True,4
494,3,Harris,0,17,0,0,True,4
494,4,Harris,0,10,0,0,True,4
494,5,Harris,0,21,0,0,True,4
494,6,Harris,3,35,3,0,True,4
494,7,Harris,0,22,0,0,True,4
494,8,Harris,0,9,0,0,True,4
495,0,Harris,2,18,2,0,True,4
495,1,Harris,4,9,4,0,True,4
495,2,Harris,5,13,5,0,True,4
495,3,Harris,4,26,4,0,True,4
495,4,Harris,8,10,8,0,True,4
495,5,Harris,10,17,10,0,True,4
495,6,Harris,12,16,12,0,True,4
495,7,Harris,7,9,7,0,True,4
495,8,Harris,3,18,3,0,True,4
496,0,Harris,0,3,0,0,True,4
496,1,Harris,0,6,0,0,True,4
496,2,Harris,1,16,1,0,True,4
496,3,Harris,0,6,0,0,True,4
496,4,Harris,0,10,0,0,True,4
496,5,Harris,0,5,0,0,True,4
496,6,Harris,0,2,0,0,True,4
496,7,Harris,1,13,1,0,True,4
496,8,Harris,2,11,2,0,True,4
497,0,Harris,0,24,0,0,True,4
497,1,Harris,0,7,0,0,True,4
497,2,Harris,0,32,0,0,True,4
497,3,Harris,0,22,0,0,True,4
497,4,Harris,0,12,0,0,True,4
497,5,Harris,0,2,0,0,True,4
497,6,Harris,0,6,0,0,True,4
497,7,Harris,0,12,0,0,True,4
498,0,Harris,2,56,2,0,True,4
498,1,Harris,0,15,0,0,True,4
498,2,Harris,0,18,0,0,True,4
498,3,Harris,0,3,0,0,True,4
498,4,Harris,0,6,0,0,True,4
498,5,Harris,2,29,2,0,True,4
498,6,Harris,0,10,0,0,True,4
498,7,Harris,0,3,0,0,True,4
499,0,Harris,2,21,2,0,True,4
499,1,Harris,2,14,2,0,True,4
499,2,Harris,1,28,1,0,True,4
499,3,Harris,1,38,1,0,True,4
499,4,Harris,0,15,0,0,True,4
499,5,Harris,2,12,2,0,True,4
499,6,Harris,0,4,0,0,True,4
499,7,Harris,1,23,1,0,True,4
500,0,Harris,0,16,0,0,True,4
500,1,Harris,2,15,2,0,True,4
500,2,Harris,0,3,0,0,True,4
500,3,Harris,2,11,2,0,True,4
500,4,Harris,4,46,4,0,True,4
500,5,Harris,2,50,2,0,True,4
500,6,Harris,0,3,0,0,True,4
500,7,Harris,1,26,1,0,True,4
501,0,Harris,1,45,1,0,True,4
501,1,Harris,0,4,0,0,True,4
501,2,Harris,0,20,0,0,True,4
501,3,Harris,2,29,2,0,True,4
501,4,Harris,0,25,0,0,True,4
501,5,Harris,1,8,1,0,True,4
501,6,Harris,0,4,0,0,True,4
502,0,Harris,0,22,0,0,True,4
502,1,Harris,2,29,2,0,True,4
502,2,Harris,2,26,2,0,True,4
502,3,Harris,0,1,0,0,True,4
502,4,Harris,2,11,2,0,True,4
502,5,Harris,0,10,0,0,True,4
502,6,Harris,0,5,0,0,True,4
502,7,Harris,0,9,0,0,True,4
502,8,Harris,1,10,1,0,True,4
503,0,Harris,0,12,0,0,True,4
503,1,Harris,0,5,0,0,True,4
503,2,Harris,0,9,0,0,True,4
503,3,Harris,0,4,0,0,True,4
503,4,Harris,0,11,0,0,True,4
503,5,Harris,0,11,0,0,True,4
503,6,Harris,0,5,0,0,True,4
503,7,Harris,0,15,0,0,True,4
504,0,Harris,2,23,2,0,True,4
504,1,Harris,1,17,1,0,True,4
504,2,Harris,0,3,0,0,True,4
504,3,Harris,0,10,0,0,True,4
504,4,Harris,1,1,1,0,True,4
504,5,Harris,1,40,1,0,True,4
504,6,Harris,1,24,1,0,True,4
504,7,Harris,0,7,0,0,True,4
505,0,Harris,0,9,0,0,True,4
505,1,Harris,0,22,0,0,True,4
505,2,Harris,0,4,0,0,True,4
505,3,Harris,1,13,1,0,True,4
505,4,Harris,0,15,0,0,True,4
505,5,Harris,2,11,2,0,True,4
505,6,Harris,0,10,0,0,True,4
506,0,Harris,0,42,0,0,True,4
506,1,Harris,0,6,0,0,True,4
506,2,Harris,0,30,0,0,True,4
506,3,Harris,0,5,0,0,True,4
506,4,Harris,0,3,0,0,True,4
506,5,Harris,0,7,0,0,True,4
506,6,Harris,4,48,4,0,True,4
506,7,Harris,0,4,0,0,True,4
506,8,Harris,1,52,1,0,True,4
507,0,Harris,2,19,2,0,True,4
507,1,Harris,2,4,2,0,True,4
507,2,Harris,3,7,3,0,True,4
507,3,Harris,2,4,2,0,True,4
507,4,Harris,2,6,2,0,True,4
507,5,Harris,2,0,0,2,False,4
508,0,Harris,3,44,3,0,True,4
508,1,Harris,0,11,0,0,True,4
508,2,Harris,2,11,2,0,True,4
508,3,Harris,1,12,1,0,True,4
508,4,Harris,2,10,2,0,True,4
508,5,Harris,1,9,1,0,True,4
508,6,Harris,1,16,1,0,True,4
508,7,Harris,2,10,2,0,True,4
508,8,Harris,1,12,1,0,True,4
508,9,Harris,1,11,1,0,True,4
509,0,Harris,1,16,1,0,True,4
509,1,Harris,2,16,2,0,True,4
509,2,Harris,2,20,2,0,True,4
509,3,Harris,2,25,2,0,True,4
509,4,Harris,0,4,0,0,True,4
509,5,Harris,1,9,1,0,True,4
509,6,Harris,2,5,2,0,True,4
510,0,Harris,2,15,2,0,True,4
510,1,Harris,2,47,2,0,True,4
510,2,Harris,2,2,2,0,True,4
510,3,Harris,2,0,0,2,False,4
510,4,Harris,2,32,2,0,True,4
510,5,Harris,2,12,2,0,True,4
510,6,Harris,2,17,2,0,True,4
511,0,Harris,0,12,0,0,True,4
511,1,Harris,0,16,0,0,True,4
511,2,Harris,1,35,1,0,True,4
511,3,Harris,0,4,0,0,True,4
511,4,Harris,0,15,0,0,True,4
511,5,Harris,0,23,0,0,True,4
511,6,Harris,0,29,0,0,True,4
511,7,Harris,2,29,2,0,True,4
512,0,Harris,0,1,0,0,True,4
512,1,Harris,1,46,1,0,True,4
512,2,Harris,0,7,0,0,True,4
512,3,Harris,2,11,2,0,True,4
512,4,Harris,1,13,1,0,True,4
512,5,Harris,0,4,0,0,True,4
512,6,Harris,0,6,0,0,True,4
512,7,Harris,0,2,0,0,True,4
512,8,Harris,0,30,0,0,True,4
513,0,Harris,0,4,0,0,True,4
513,1,Harris,0,17,0,0,True,4
513,2,Harris,0,5,0,0,True,4
513,3,Harris,0,3,0,0,True,4
513,4,Harris,0,19,0,0,True,4
513,5,Harris,0,5,0,0,True,4
513,6,Harris,2,20,2,0,True,4
513,7,Harris,2,11,2,0,True,4
513,8,Harris,9,42,9,0,True,4
514,0,Harris,0,5,0,0,True,4
514,1,Harris,0,25,0,0,True,4
514,2,Harris,0,9,0,0,True,4
514,3,Harris,0,15,0,0,True,4
514,4,Harris,0,10,0,0,True,4
514,5,Harris,2,19,2,0,True,4
514,6,Harris,0,4,0,0,True,4
514,7,Harris,0,25,0,0,True,4
514,8,Harris,0,4,0,0,True,4
515,0,Harris,0,20,0,0,True,4
515,1,Harris,0,21,0,0,True,4
515,2,Harris,0,17,0,0,True,4
515,3,Harris,0,21,0,0,True,4
515,4,Harris,0,5,0,0,True,4
515,5,Harris,0,3,0,0,True,4
515,6,Harris,0,7,0,0,True,4
516,0,Harris,0,4,0,0,True,4
516,1,Harris,0,22,0,0,True,4
516,2,Harris,0,1,0,0,True,4
516,3,Harris,0,13,0,0,True,4
516,4,Harris,0,14,0,0,True,4
516,5,Harris,0,11,0,0,True,4
516,6,Harris,0,5,0,0,True,4
516,7,Harris,0,3,0,0,True,4
516,8,Harris,0,4,0,0,True,4
516,9,Harris,0,26,0,0,True,4
517,0,Harris,1,7,1,0,True,4
517,1,Harris,1,9,1,0,True,4
517,2,Harris,2,8,2,0,True,4
517,3,Harris,3,24,3,0,True,4
517,4,Harris,1,8,1,0,True,4
517,5,Harris,2,24,2,0,True,4
517,6,Harris,0,4,0,0,True,4
517,7,Harris,2,11,2,0,True,4
518,0,Harris,1,8,1,0,True,4
518,1,Harris,0,5,0,0,True,4
518,2,Harris,0,37,0,0,True,4
518,3,Harris,0,10,0,0,True,4
518,4,Harris,0,15,0,0,True,4
518,5,Harris,0,3,0,0,True,4
518,6,Harris,0,27,0,0,True,4
518,7,Harris,0,3,0,0,True,4
519,0,Harris,0,3,0,0,True,4
519,1,Harris,0,4,0,0,True,4
519,2,Harris,0,4,0,0,True,4
519,3,Harris,1,3,1,0,True,4
519,4,Harris,0,9,0,0,True,4
519,5,Harris,0,12,0,0,True,4
519,6,Harris,0,8,0,0,True,4
519,7,Harris,0,5,0,0,True,4
519,8,Harris,2,36,2,0,True,4
520,0,Harris,1,24,1,0,True,4
520,1,Harris,0,3,0,0,True,4
520,2,Harris,0,5,0,0,True,4
520,3,Harris,5,44,5,0,True,4
520,4,Harris,0,17,0,0,True,4
520,5,Harris,0,8,0,0,True,4
520,6,Harris,0,21,0,0,True,4
521,0,Harris,0,7,0,0,True,4
521,1,Harris,0,4,0,0,True,4
521,2,Harris,0,9,0,0,True,4
521,3,Harris,2,29,2,0,True,4
521,4,Harris,2,14,2,0,True,4
521,5,Harris,2,10,2,0,True,4
521,6,Harris,2,45,2,0,True,4
522,0,Harris,2,11,2,0,True,4
522,1,Harris,0,6,0,0,True,4
522,2,Harris,2,54,2,0,True,4
522,3,Harris,2,31,2,0,True,4
522,4,Harris,2,45,2,0,True,4
522,5,Harris,5,5,5,0,True,4
522,6,Harris,1,2,1,0,True,4
522,7,Harris,2,26,2,0,True,4
523,0,Harris,0,29,0,0,True,4
523,1,Harris,1,8,1,0,True,4
523,2,Harris,0,5,0,0,True,4
523,3,Harris,0,18,0,0,True,4
523,4,Harris,0,13,0,0,True,4
523,5,Harris,0,3,0,0,True,4
523,6,Harris,0,12,0,0,True,4
523,7,Harris,0,4,0,0,True,4
523,8,Harris,0,10,0,0,True,4
524,0,Harris,0,25,0,0,True,4
524,1,Harris,0,27,0,0,True,4
524,2,Harris,0,17,0,0,True,4
524,3,Harris,0,3,0,0,True,4
524,4,Harris,0,4,0,0,True,4
524,5,Harris,0,2,0,0,True,4
524,6,Harris,0,12,0,0,True,4
524,7,Harris,0,11,0,0,True,4
524,8,Harris,0,16,0,0,True,4
525,0,Harris,2,31,2,0,True,4
525,1,Harris,2,11,2,0,True,4
525,2,Harris,2,51,2,0,True,4
525,3,Harris,0,22,0,0,True,4
525,4,Harris,0,7,0,0,True,4
525,5,Harris,2,50,2,0,True,4
525,6,Harris,1,9,1,0,True,4
525,7,Harris,0,5,0,0,True,4
526,0,Harris,0,38,0,0,True,4
526,1,Harris,0,10,0,0,True,4
526,2,Harris,0,11,0,0,True,4
526,3,Harris,0,12,0,0,True,4
526,4,Harris,0,26,0,0,True,4
526,5,Harris,1,33,1,0,True,4
526,6,Harris,0,22,0,0,True,4
526,7,Harris,0,15,0,0,True,4
526,8,Harris,0,18,0,0,True,4
527,0,Harris,0,44,0,0,True,4
527,1,Harris,0,8,0,0,True,4
527,2,Harris,0,18,0,0,True,4
527,3,Harris,0,8,0,0,True,4
527,4,Harris,0,1,0,0,True,4
527,5,Harris,0,4,0,0,True,4
527,6,Harris,0,1,0,0,True,4
527,7,Harris,0,7,0,0,True,4
527,8,Harris,2,15,2,0,True,4
527,9,Harris,0,8,0,0,True,4
528,0,Harris,2,36,2,0,True,4
528,1,Harris,0,55,0,0,True,4
528,2,Harris,0,5,0,0,True,4
528,3,Harris,2,50,2,0,True,4
528,4,Harris,1,16,1,0,True,4
528,5,Harris,0,10,0,0,True,4
528,6,Harris,0,28,0,0,True,4
528,7,Harris,1,22,1,0,True,4
529,0,Harris,0,4,0,0,True,4
529,1,Harris,1,4,1,0,True,4
529,2,Harris,0,5,0,0,True,4
529,3,Harris,0,25,0,0,True,4
529,4,Harris,0,6,0,0,True,4
529,5,Harris,0,1,0,0,True,4
529,6,Harris,0,7,0,0,True,4
529,7,Harris,0,11,0,0,True,4
529,8,Harris,0,3,0,0,True,4
530,0,Harris,0,6,0,0,True,4
530,1,Harris,0,10,0,0,True,4
530,2,Harris,0,2,0,0,True,4
530,3,Harris,0,18,0,0,True,4
530,4,Harris,0,5,0,0,True,4
530,5,Harris,0,1,0,0,True,4
530,6,Harris,0,1,0,0,True,4
530,7,Harris,0,3,0,0,True,4
531,0,Harris,0,5,0,0,True,4
531,1,Harris,0,4,0,0,True,4
531,2,Harris,0,1,0,0,True,4
531,3,Harris,0,15,0,0,True,4
531,4,Harris,2,21,2,0,True,4
531,5,Harris,2,11,2,0,True,4
531,6,Harris,2,50,2,0,True,4
531,7,Harris,2,25,2,0,True,4
531,8,Harris,0,3,0,0,True,4
532,0,Harris,1,4,1,0,True,4
532,1,Harris,2,11,2,0,True,4
532,2,Harris,0,17,0,0,True,4
532,3,Harris,0,4,0,0,True,4
532,4,Harris,1,31,1,0,True,4
532,5,Harris,0,19,0,0,True,4
532,6,Harris,0,6,0,0,True,4
533,0,Harris,0,23,0,0,True,4
533,1,Harris,0,34,0,0,True,4
533,2,Harris,0,17,0,0,True,4
533,3,Harris,0,16,0,0,True,4
533,4,Harris,1,21,1,0,True,4
534,0,Harris,2,44,2,0,True,4
534,1,Harris,4,7,4,0,True,4
534,2,Harris,3,35,3,0,True,4
534,3,Harris,2,30,2,0,True,4
534,4,Harris,4,39,4,0,True,4
534,5,Harris,4,48,4,0,True,4
534,6,Harris,1,5,1,0,True,4
535,0,Harris,2,11,2,0,True,4
535,1,Harris,0,5,0,0,True,4
535,2,Harris,2,4,2,0,True,4
535,3,Harris,2,9,2,0,True,4
535,4,Harris,2,8,2,0,True,4
535,5,Harris,1,7,1,0,True,4
535,6,Harris,1,12,1,0,True,4
535,7,Harris,3,12,3,0,True,4
536,0,Harris,0,26,0,0,True,4
536,1,Harris,0,6,0,0,True,4
536,2,Harris,0,16,0,0,True,4
536,3,Harris,2,26,2,0,True,4
536,4,Harris,0,11,0,0,True,4
536,5,Harris,0,9,0,0,True,4
536,6,Harris,2,29,2,0,True,4
536,7,Harris,0,4,0,0,True,4
536,8,Harris,2,11,2,0,True,4
536,9,Harris,0,3,0,0,True,4
537,0,Harris,0,2,0,0,True,4
537,1,Harris,1,9,1,0,True,4
537,2,Harris,0,9,0,0,True,4
537,3,Harris,1,5,1,0,True,4
537,4,Harris,0,17,0,0,True,4
537,5,Harris,0,5,0,0,True,4
537,6,Harris,0,27,0,0,True,4
537,7,Harris,0,3,0,0,True,4
537,8,Harris,0,26,0,0,True,4
538,0,Harris,1,0,0,1,False,4
538,1,Harris,1,48,1,0,True,4
538,2,Harris,0,10,0,0,True,4
538,3,Harris,0,7,0,0,True,4
538,4,Harris,0,6,0,0,True,4
538,5,Harris,0,14,0,0,True,4
538,6,Harris,0,0,0,0,True,4
539,0,Harris,1,14,1,0,True,4
539,1,Harris,1,3,1,0,True,4
539,2,Harris,1,1,1,0,True,4
539,3,Harris,1,3,1,0,True,4
539,4,Harris,1,5,1,0,True,4
539,5,Harris,1,5,1,0,True,4
540,0,Harris,0,5,0,0,True,4
540,1,Harris,0,3,0,0,True,4
540,2,Harris,0,1,0,0,True,4
540,3,Harris,1,44,1,0,True,4
540,4,Harris,0,3,0,0,True,4
540,5,Harris,2,25,2,0,True,4
540,6,Harris,0,11,0,0,True,4
540,7,Harris,0,11,0,0,True,4
540,8,Harris,3,18,3,0,True,4
541,0,Harris,0,3,0,0,True,4
541,1,Harris,1,8,1,0,True,4
541,2,Harris,1,4,1,0,True,4
541,3,Harris,1,0,0,1,False,4
541,4,Harris,2,13,2,0,True,4
541,5,Harris,0,33,0,0,True,4
541,6,Harris,2,17,2,0,True,4
541,7,Harris,1,4,1,0,True,4
542,0,Harris,2,20,2,0,True,4
542,1,Harris,0,3,0,0,True,4
542,2,Harris,2,14,2,0,True,4
542,3,Harris,1,46,1,0,True,4
542,4,Harris,0,8,0,0,True,4
542,5,Harris,0,4,0,0,True,4
542,6,Harris,2,11,2,0,True,4
543,0,Harris,0,8,0,0,True,4
543,1,Harris,1,6,1,0,True,4
543,2,Harris,2,25,2,0,True,4
543,3,Harris,2,29,2,0,True,4
543,4,Harris,2,11,2,0,True,4
543,5,Harris,0,16,0,0,True,4
543,6,Harris,1,19,1,0,True,4
544,0,Harris,0,14,0,0,True,4
544,1,Harris,0,38,0,0,True,4
544,2,Harris,0,8,0,0,True,4
544,3,Harris,0,4,0,0,True,4
544,4,Harris,2,14,2,0,True,4
544,5,Harris,1,8,1,0,True,4
544,6,Harris,0,3,0,0,True,4
544,7,Harris,0,5,0,0,True,4
544,8,Harris,2,15,2,0,True,4
545,0,Harris,1,16,1,0,True,4
545,1,Harris,2,20,2,0,True,4
545,2,Harris,3,8,3,0,True,4
545,3,Harris,1,19,1,0,True,4
545,4,Harris,0,36,0,0,True,4
545,5,Harris,2,7,2,0,True,4
545,6,Harris,0,4,0,0,True,4
545,7,Harris,1,38,1,0,True,4
546,0,Harris,2,28,2,0,True,4
546,1,Harris,2,9,2,0,True,4
546,2,Harris,2,49,2,0,True,4
546,3,Harris,2,50,2,0,True,4
546,4,Harris,2,38,2,0,True,4
546,5,Harris,2,8,2,0,True,4
546,6,Harris,2,25,2,0,True,4
547,0,Harris,2,13,2,0,True,4
547,1,Harris,2,20,2,0,True,4
547,2,Harris,2,28,2,0,True,4
547,3,Harris,1,18,1,0,True,4
547,4,Harris,2,12,2,0,True,4
547,5,Harris,1,9,1,0,True,4
548,0,Harris,0,34,0,0,True,4
548,1,Harris,0,8,0,0,True,4
548,2,Harris,0,3,0,0,True,4
548,3,Harris,2,29,2,0,True,4
548,4,Harris,0,8,0,0,True,4
548,5,Harris,2,29,2,0,True,4
548,6,Harris,2,28,2,0,True,4
548,7,Harris,0,4,0,0,True,4
548,8,Harris,2,25,2,0,True,4
549,0,Harris,3,44,3,0,True,4
549,1,Harris,2,15,2,0,True,4
549,2,Harris,1,20,1,0,True,4
549,3,Harris,0,2,0,0,True,4
549,4,Harris,1,1,1,0,True,4
549,5,Harris,0,4,0,0,True,4
549,6,Harris,0,0,0,0,True,4
550,0,Harris,2,14,2,0,True,4
550,1,Harris,2,3,2,0,True,4
550,2,Harris,2,7,2,0,True,4
550,3,Harris,1,15,1,0,True,4
550,4,Harris,3,12,3,0,True,4
550,5,Harris,3,27,3,0,True,4
550,6,Harris,1,2,1,0,True,4
551,0,Harris,1,5,1,0,True,4
551,1,Harris,1,23,1,0,True,4
551,2,Harris,2,0,0,2,False,4
551,3,Harris,2,4,2,0,True,4
551,4,Harris,2,4,2,0,True,4
551,5,Harris,1,16,1,0,True,4
551,6,Harris,1,17,1,0,True,4
552,0,Harris,1,9,1,0,True,4
552,1,Harris,2,25,2,0,True,4
552,2,Harris,4,41,4,0,True,4
552,3,Harris,1,29,1,0,True,4
552,4,Harris,3,24,3,0,True,4
552,5,Harris,1,43,1,0,True,4
552,6,Harris,2,17,2,0,True,4
552,7,Harris,4,46,4,0,True,4
552,8,Harris,2,17,2,0,True,4
553,0,Harris,0,12,0,0,True,4
553,1,Harris,2,9,2,0,True,4
553,2,Harris,3,11,3,0,True,4
553,3,Harris,2,9,2,0,True,4
553,4,Harris,3,9,3,0,True,4
553,5,Harris,4,9,4,0,True,4
554,0,Harris,1,40,1,0,True,4
554,1,Harris,1,43,1,0,True,4
554,2,Harris,1,25,1,0,True,4
554,3,Harris,2,13,2,0,True,4
554,4,Harris,2,24,2,0,True,4
554,5,Harris,2,17,2,0,True,4
554,6,Harris,3,50,3,0,True,4
554,7,Harris,1,32,1,0,True,4
555,0,Harris,0,42,0,0,True,4
555,1,Harris,2,51,2,0,True,4
555,2,Harris,2,48,2,0,True,4
555,3,Harris,3,43,3,0,True,4
555,4,Harris,0,11,0,0,True,4
555,5,Harris,0,23,0,0,True,4
555,6,Harris,0,7,0,0,True,4
555,7,Harris,0,3,0,0,True,4
556,0,Harris,1,12,1,0,True,4
556,1,Harris,1,3,1,0,True,4
556,2,Harris,1,6,1,0,True,4
556,3,Harris,2,3,2,0,True,4
556,4,Harris,3,4,3,0,True,4
556,5,Harris,3,5,3,0,True,4
556,6,Harris,2,3,2,0,True,4
557,0,Harris,0,12,0,0,True,4
557,1,Harris,1,10,1,0,True,4
557,2,Harris,1,18,1,0,True,4
557,3,Harris,0,9,0,0,True,4
557,4,Harris,0,50,0,0,True,4
557,5,Harris,0,15,0,0,True,4
557,6,Harris,0,14,0,0,True,4
557,7,Harris,1,52,1,0,True,4
557,8,Harris,0,8,0,0,True,4
558,0,Harris,1,8,1,0,True,4
558,1,Harris,0,7,0,0,True,4
558,2,Harris,1,15,1,0,True,4
558,3,Harris,0,25,0,0,True,4
558,4,Harris,0,5,0,0,True,4
558,5,Harris,0,6,0,0,True,4
558,6,Harris,0,6,0,0,True,4
558,7,Harris,0,5,0,0,True,4
558,8,Harris,1,10,1,0,True,4
559,0,Harris,0,6,0,0,True,4
559,1,Harris,0,17,0,0,True,4
559,2,Harris,0,7,0,0,True,4
559,3,Harris,0,2,0,0,True,4
559,4,Harris,0,28,0,0,True,4
559,5,Harris,0,24,0,0,True,4
559,6,Harris,0,4,0,0,True,4
559,7,Harris,0,10,0,0,True,4
560,0,Harris,1,34,1,0,True,4
560,1,Harris,2,13,2,0,True,4
560,2,Harris,0,9,0,0,True,4
560,3,Harris,1,12,1,0,True,4
560,4,Harris,3,27,3,0,True,4
560,5,Harris,2,12,2,0,True,4
560,6,Harris,1,6,1,0,True,4
561,0,Harris,0,3,0,0,True,4
561,1,Harris,0,23,0,0,True,4
561,2,Harris,0,7,0,0,True,4
561,3,Harris,0,7,0,0,True,4
561,4,Harris,3,51,3,0,True,4
561,5,Harris,0,9,0,0,True,4
561,6,Harris,1,37,1,0,True,4
561,7,Harris,2,12,2,0,True,4
562,0,Harris,4,31,4,0,True,4
562,1,Harris,0,27,0,0,True,4
562,2,Harris,0,4,0,0,True,4
562,3,Harris,0,7,0,0,True,4
562,4,Harris,1,23,1,0,True,4
562,5,Harris,2,38,2,0,True,4
562,6,Harris,1,5,1,0,True,4
562,7,Harris,0,5,0,0,True,4
563,0,Harris,0,18,0,0,True,4
563,1,Harris,2,57,2,0,True,4
563,2,Harris,0,6,0,0,True,4
563,3,Harris,0,3,0,0,True,4
563,4,Harris,0,18,0,0,True,4
563,5,Harris,2,8,2,0,True,4
564,0,Harris,2,50,2,0,True,4
564,1,Harris,0,20,0,0,True,4
564,2,Harris,1,8,1,0,True,4
564,3,Harris,1,12,1,0,True,4
564,4,Harris,0,27,0,0,True,4
564,5,Harris,1,35,1,0,True,4
564,6,Harris,1,40,1,0,True,4
564,7,Harris,0,4,0,0,True,4
565,0,Harris,2,10,2,0,True,4
565,1,Harris,5,15,5,0,True,4
565,2,Harris,3,35,3,0,True,4
565,3,Harris,7,18,7,0,True,4
565,4,Harris,0,18,0,0,True,4
565,5,Harris,0,13,0,0,True,4
566,0,Harris,1,1,1,0,True,4
566,1,Harris,2,11,2,0,True,4
566,2,Harris,2,9,2,0,True,4
566,3,Harris,0,2,0,0,True,4
566,4,Harris,0,9,0,0,True,4
566,5,Harris,0,2,0,0,True,4
566,6,Harris,0,17,0,0,True,4
566,7,Harris,0,9,0,0,True,4
566,8,Harris,0,5,0,0,True,4
567,0,Harris,1,24,1,0,True,4
567,1,Harris,2,40,2,0,True,4
567,2,Harris,1,33,1,0,True,4
567,3,Harris,4,45,4,0,True,4
567,4,Harris,4,30,4,0,True,4
567,5,Harris,1,19,1,0,True,4
567,6,Harris,0,12,0,0,True,4
568,0,Harris,4,23,4,0,True,4
568,1,Harris,0,25,0,0,True,4
568,2,Harris,1,32,1,0,True,4
568,3,Harris,0,33,0,0,True,4
568,4,Harris,0,4,0,0,True,4
568,5,Harris,0,3,0,0,True,4
568,6,Harris,0,5,0,0,True,4
569,0,Harris,0,5,0,0,True,4
569,1,Harris,0,14,0,0,True,4
569,2,Harris,0,9,0,0,True,4
569,3,Harris,0,4,0,0,True,4
569,4,Harris,2,44,2,0,True,4
569,5,Harris,1,26,1,0,True,4
569,6,Harris,2,24,2,0,True,4
569,7,Harris,0,3,0,0,True,4
569,8,Harris,0,5,0,0,True,4
570,0,Harris,2,12,2,0,True,4
570,1,Harris,5,22,5,0,True,4
570,2,Harris,2,43,2,0,True,4
570,3,Harris,2,5,2,0,True,4
570,4,Harris,1,3,1,0,True,4
570,5,Harris,4,9,4,0,True,4
571,0,Harris,2,12,2,0,True,4
571,1,Harris,1,43,1,0,True,4
571,2,Harris,3,17,3,0,True,4
571,3,Harris,4,19,4,0,True,4
571,4,Harris,1,18,1,0,True,4
571,5,Harris,3,30,3,0,True,4
571,6,Harris,4,16,4,0,True,4
571,7,Harris,3,16,3,0,True,4
572,0,Harris,0,17,0,0,True,4
572,1,Harris,0,15,0,0,True,4
572,2,Harris,1,25,1,0,True,4
572,3,Harris,0,11,0,0,True,4
572,4,Harris,0,21,0,0,True,4
572,5,Harris,0,15,0,0,True,4
572,6,Harris,0,2,0,0,True,4
572,7,Harris,0,1,0,0,True,4
573,0,Harris,1,43,1,0,True,4
573,1,Harris,2,35,2,0,True,4
573,2,Harris,1,28,1,0,True,4
573,3,Harris,2,25,2,0,True,4
573,4,Harris,2,6,2,0,True,4
573,5,Harris,1,15,1,0,True,4
573,6,Harris,1,4,1,0,True,4
573,7,Harris,0,14,0,0,True,4
574,0,Harris,0,10,0,0,True,4
574,1,Harris,2,11,2,0,True,4
574,2,Harris,1,12,1,0,True,4
574,3,Harris,2,28,2,0,True,4
574,4,Harris,0,32,0,0,True,4
574,5,Harris,4,36,4,0,True,4
574,6,Harris,2,13,2,0,True,4
574,7,Harris,0,4,0,0,True,4
575,0,Harris,1,22,1,0,True,4
575,1,Harris,1,3,1,0,True,4
575,2,Harris,1,3,1,0,True,4
575,3,Harris,1,42,1,0,True,4
575,4,Harris,1,31,1,0,True,4
575,5,Harris,4,20,4,0,True,4
575,6,Harris,1,11,1,0,True,4
575,7,Harris,0,2,0,0,True,4
576,0,Harris,2,6,2,0,True,4
576,1,Harris,1,5,1,0,True,4
576,2,Harris,3,32,3,0,True,4
576,3,Harris,2,16,2,0,True,4
576,4,Harris,0,9,0,0,True,4
576,5,Harris,0,22,0,0,True,4
576,6,Harris,3,13,3,0,True,4
577,0,Harris,0,10,0,0,True,4
577,1,Harris,4,34,4,0,True,4
577,2,Harris,2,34,2,0,True,4
577,3,Harris,1,14,1,0,True,4
577,4,Harris,2,10,2,0,True,4
577,5,Harris,3,51,3,0,True,4
578,0,Harris,0,2,0,0,True,4
578,1,Harris,0,2,0,0,True,4
578,2,Harris,0,2,0,0,True,4
578,3,Harris,0,3,0,0,True,4
578,4,Harris,1,25,1,0,True,4
578,5,Harris,0,10,0,0,True,4
579,0,Harris,2,14,2,0,True,4
579,1,Harris,2,21,2,0,True,4
579,2,Harris,3,45,3,0,True,4
579,3,Harris,5,26,5,0,True,4
579,4,Harris,2,14,2,0,True,4
579,5,Harris,1,10,1,0,True,4
579,6,Harris,3,8,3,0,True,4
580,0,Harris,0,25,0,0,True,4
580,1,Harris,1,19,1,0,True,4
580,2,Harris,0,12,0,0,True,4
580,3,Harris,2,25,2,0,True,4
580,4,Harris,0,11,0,0,True,4
580,5,Harris,1,5,1,0,True,4
580,6,Harris,2,26,2,0,True,4
580,7,Harris,0,19,0,0,True,4
581,0,Harris,1,50,1,0,True,4
581,1,Harris,0,10,0,0,True,4
581,2,Harris,0,11,0,0,True,4
581,3,Harris,0,47,0,0,True,4
581,4,Harris,0,2,0,0,True,4
581,5,Harris,0,5,0,0,True,4
581,6,Harris,0,28,0,0,True,4
582,0,Harris,2,10,2,0,True,4
582,1,Harris,2,18,2,0,True,4
582,2,Harris,2,9,2,0,True,4
582,3,Harris,1,6,1,0,True,4
582,4,Harris,2,13,2,0,True,4
582,5,Harris,1,14,1,0,True,4
582,6,Harris,2,3,2,0,True,4
582,7,Harris,2,15,2,0,True,4
583,0,Harris,2,25,2,0,True,4
583,1,Harris,2,3,2,0,True,4
583,2,Harris,2,12,2,0,True,4
583,3,Harris,1,4,1,0,True,4
583,4,Harris,5,31,5,0,True,4
583,5,Harris,1,38,1,0,True,4
583,6,Harris,5,22,5,0,True,4
584,0,Harris,2,5,2,0,True,4
584,1,Harris,2,2,2,0,True,4
584,2,Harris,2,2,2,0,True,4
584,3,Harris,1,14,1,0,True,4
584,4,Harris,2,3,2,0,True,4
585,0,Harris,0,33,0,0,True,4
585,1,Harris,0,3,0,0,True,4
585,2,Harris,0,17,0,0,True,4
585,3,Harris,1,0,0,1,False,4
585,4,Harris,0,3,0,0,True,4
585,5,Harris,1,5,1,0,True,4
585,6,Harris,0,8,0,0,True,4
585,7,Harris,0,10,0,0,True,4
586,0,Harris,2,26,2,0,True,4
586,1,Harris,0,10,0,0,True,4
586,2,Harris,0,14,0,0,True,4
586,3,Harris,0,6,0,0,True,4
586,4,Harris,0,15,0,0,True,4
586,5,Harris,0,7,0,0,True,4
586,6,Harris,2,47,2,0,True,4
586,7,Harris,2,50,2,0,True,4
586,8,Harris,1,18,1,0,True,4
587,0,Harris,1,58,1,0,True,4
587,1,Harris,2,49,2,0,True,4
587,2,Harris,1,19,1,0,True,4
587,3,Harris,1,14,1,0,True,4
587,4,Harris,1,47,1,0,True,4
587,5,Harris,0,12,0,0,True,4
587,6,Harris,0,10,0,0,True,4
587,7,Harris,0,6,0,0,True,4
587,8,Harris,0,3,0,0,True,4
588,0,Harris,1,27,1,0,True,4
588,1,Harris,0,20,0,0,True,4
588,2,Harris,0,38,0,0,True,4
588,3,Harris,0,10,0,0,True,4
588,4,Harris,0,19,0,0,True,4
589,0,Harris,1,46,1,0,True,4
589,1,Harris,3,43,3,0,True,4
589,2,Harris,3,49,3,0,True,4
589,3,Harris,1,45,1,0,True,4
589,4,Harris,0,4,0,0,True,4
589,5,Harris,0,4,0,0,True,4
589,6,Harris,2,18,2,0,True,4
589,7,Harris,0,5,0,0,True,4
590,0,Harris,1,36,1,0,True,4
590,1,Harris,0,2,0,0,True,4
590,2,Harris,2,3,2,0,True,4
590,3,Harris,1,5,1,0,True,4
590,4,Harris,2,2,2,0,True,4
590,5,Harris,2,14,2,0,True,4
591,0,Harris,1,2,1,0,True,4
591,1,Harris,2,46,2,0,True,4
591,2,Harris,1,1,1,0,True,4
591,3,Harris,2,15,2,0,True,4
591,4,Harris,2,20,2,0,True,4
591,5,Harris,2,13,2,0,True,4
592,0,Harris,2,23,2,0,True,4
592,1,Harris,0,9,0,0,True,4
592,2,Harris,2,28,2,0,True,4
592,3,Harris,0,6,0,0,True,4
592,4,Harris,0,4,0,0,True,4
592,5,Harris,2,4,2,0,True,4
593,0,Harris,2,44,2,0,True,4
593,1,Harris,0,4,0,0,True,4
593,2,Harris,0,23,0,0,True,4
593,3,Harris,1,27,1,0,True,4
593,4,Harris,0,12,0,0,True,4
593,5,Harris,0,4,0,0,True,4
593,6,Harris,2,10,2,0,True,4
593,7,Harris,0,17,0,0,True,4
594,0,Harris,0,2,0,0,True,4
594,1,Harris,0,12,0,0,True,4
594,2,Harris,2,20,2,0,True,4
594,3,Harris,0,23,0,0,True,4
594,4,Harris,0,5,0,0,True,4
594,5,Harris,1,6,1,0,True,4
594,6,Harris,2,20,2,0,True,4
595,0,Harris,0,1,0,0,True,4
595,1,Harris,0,6,0,0,True,4
595,2,Harris,0,13,0,0,True,4
595,3,Harris,0,7,0,0,True,4
595,4,Harris,0,4,0,0,True,4
596,0,Harris,1,20,1,0,True,4
596,1,Harris,0,17,0,0,True,4
596,2,Harris,0,14,0,0,True,4
596,3,Harris,0,7,0,0,True,4
596,4,Harris,0,3,0,0,True,4
596,5,Harris,0,13,0,0,True,4
596,6,Harris,0,8,0,0,True,4
596,7,Harris,0,8,0,0,True,4
596,8,Harris,0,4,0,0,True,4
597,0,Harris,0,2,0,0,True,4
597,1,Harris,0,25,0,0,True,4
597,2,Harris,1,18,1,0,True,4
597,3,Harris,0,10,0,0,True,4
597,4,Harris,0,11,0,0,True,4
597,5,Harris,0,2,0,0,True,4
597,6,Harris,0,6,0,0,True,4
597,7,Harris,0,52,0,0,True,4
597,8,Harris,0,12,0,0,True,4
597,9,Harris,2,34,2,0,True,4
598,0,Harris,0,22,0,0,True,4
598,1,Harris,0,12,0,0,True,4
598,2,Harris,0,25,0,0,True,4
598,3,Harris,3,44,3,0,True,4
598,4,Harris,0,4,0,0,True,4
598,5,Harris,0,18,0,0,True,4
598,6,Harris,2,16,2,0,True,4
598,7,Harris,4,16,4,0,True,4
599,0,Harris,1,50,1,0,True,4
599,1,Harris,0,32,0,0,True,4
599,2,Harris,0,28,0,0,True,4
599,3,Harris,0,39,0,0,True,4
599,4,Harris,0,34,0,0,True,4
599,5,Harris,1,55,1,0,True,4
599,6,Harris,0,20,0,0,True,4
600,0,Harris,1,23,1,0,True,4
600,1,Harris,0,17,0,0,True,4
600,2,Harris,0,27,0,0,True,4
600,3,Harris,0,10,0,0,True,4
600,4,Harris,0,6,0,0,True,4
600,5,Harris,0,9,0,0,True,4
600,6,Harris,0,5,0,0,True,4
600,7,Harris,1,23,1,0,True,4
601,0,Harris,2,24,2,0,True,4
601,1,Harris,2,13,2,0,True,4
601,2,Harris,2,19,2,0,True,4
601,3,Harris,3,20,3,0,True,4
601,4,Harris,2,21,2,0,True,4
601,5,Harris,2,28,2,0,True,4
601,6,Harris,2,26,2,0,True,4
602,0,Harris,2,12,2,0,True,4
602,1,Harris,2,26,2,0,True,4
602,2,Harris,0,25,0,0,True,4
602,3,Harris,2,32,2,0,True,4
602,4,Harris,0,10,0,0,True,4
602,5,Harris,0,24,0,0,True,4
602,6,Harris,0,28,0,0,True,4
602,7,Harris,3,14,3,0,True,4
603,0,Harris,0,2,0,0,True,4
603,1,Harris,1,46,1,0,True,4
603,2,Harris,0,50,0,0,True,4
603,3,Harris,0,23,0,0,True,4
603,4,Harris,0,5,0,0,True,4
603,5,Harris,0,6,0,0,True,4
603,6,Harris,0,40,0,0,True,4
603,7,Harris,0,1,0,0,True,4
603,8,Harris,0,1,0,0,True,4
603,9,Harris,0,7,0,0,True,4
604,0,Harris,0,8,0,0,True,4
604,1,Harris,0,13,0,0,True,4
604,2,Harris,0,10,0,0,True,4
604,3,Harris,2,9,2,0,True,4
604,4,Harris,0,29,0,0,True,4
604,5,Harris,2,51,2,0,True,4
604,6,Harris,0,6,0,0,True,4
605,0,Harris,0,2,0,0,True,4
605,1,Harris,0,1,0,0,True,4
605,2,Harris,0,12,0,0,True,4
605,3,Harris,0,4,0,0,True,4
605,4,Harris,0,16,0,0,True,4
605,5,Harris,0,2,0,0,True,4
605,6,Harris,0,12,0,0,True,4
605,7,Harris,0,10,0,0,True,4
605,8,Harris,0,4,0,0,True,4
606,0,Harris,2,39,2,0,True,4
606,1,Harris,1,6,1,0,True,4
606,2,Harris,2,35,2,0,True,4
606,3,Harris,2,17,2,0,True,4
606,4,Harris,1,3,1,0,True,4
606,5,Harris,1,42,1,0,True,4
606,6,Harris,4,21,4,0,True,4
606,7,Harris,2,17,2,0,True,4
606,8,Harris,1,12,1,0,True,4
606,9,Harris,2,10,2,0,True,4
607,0,Harris,1,16,1,0,True,4
607,1,Harris,1,9,1,0,True,4
607,2,Harris,0,23,0,0,True,4
607,3,Harris,2,14,2,0,True,4
607,4,Harris,0,4,0,0,True,4
607,5,Harris,0,2,0,0,True,4
607,6,Harris,1,24,1,0,True,4
607,7,Harris,2,29,2,0,True,4
608,0,Harris,2,26,2,0,True,4
608,1,Harris,0,8,0,0,True,4
608,2,Harris,2,29,2,0,True,4
608,3,Harris,0,13,0,0,True,4
608,4,Harris,0,25,0,0,True,4
608,5,Harris,0,20,0,0,True,4
608,6,Harris,1,6,1,0,True,4
608,7,Harris,0,2,0,0,True,4
609,0,Harris,1,12,1,0,True,4
609,1,Harris,0,7,0,0,True,4
609,2,Harris,0,1,0,0,True,4
609,3,Harris,1,49,1,0,True,4
609,4,Harris,0,5,0,0,True,4
609,5,Harris,1,24,1,0,True,4
609,6,Harris,2,23,2,0,True,4
610,0,Harris,0,3,0,0,True,4
610,1,Harris,0,35,0,0,True,4
610,2,Harris,0,25,0,0,True,4
610,3,Harris,0,4,0,0,True,4
610,4,Harris,0,23,0,0,True,4
610,5,Harris,0,8,0,0,True,4
610,6,Harris,0,0,0,0,True,4
610,7,Harris,0,8,0,0,True,4
611,0,Harris,2,24,2,0,True,4
611,1,Harris,0,5,0,0,True,4
611,2,Harris,0,26,0,0,True,4
611,3,Harris,0,4,0,0,True,4
611,4,Harris,0,2,0,0,True,4
611,5,Harris,0,12,0,0,True,4
611,6,Harris,0,18,0,0,True,4
612,0,Harris,0,8,0,0,True,4
612,1,Harris,0,5,0,0,True,4
612,2,Harris,0,3,0,0,True,4
612,3,Harris,0,9,0,0,True,4
612,4,Harris,0,15,0,0,True,4
612,5,Harris,0,6,0,0,True,4
612,6,Harris,2,11,2,0,True,4
612,7,Harris,0,8,0,0,True,4
613,0,Harris,0,16,0,0,True,4
613,1,Harris,0,1,0,0,True,4
613,2,Harris,0,5,0,0,True,4
613,3,Harris,0,3,0,0,True,4
613,4,Harris,0,0,0,0,True,4
613,5,Harris,0,46,0,0,True,4
613,6,Harris,0,3,0,0,True,4
613,7,Harris,0,1,0,0,True,4
614,0,Harris,0,6,0,0,True,4
614,1,Harris,0,23,0,0,True,4
614,2,Harris,0,2,0,0,True,4
614,3,Harris,6,42,6,0,True,4
614,4,Harris,2,28,2,0,True,4
614,5,Harris,0,2,0,0,True,4
614,6,Harris,1,11,1,0,True,4
614,7,Harris,0,4,0,0,True,4
614,8,Harris,0,13,0,0,True,4
615,0,Harris,0,6,0,0,True,4
615,1,Harris,0,50,0,0,True,4
615,2,Harris,0,4,0,0,True,4
615,3,Harris,0,0,0,0,True,4
615,4,Harris,0,17,0,0,True,4
615,5,Harris,0,20,0,0,True,4
616,0,Harris,0,19,0,0,True,4
616,1,Harris,0,5,0,0,True,4
616,2,Harris,1,31,1,0,True,4
616,3,Harris,0,16,0,0,True,4
616,4,Harris,0,23,0,0,True,4
616,5,Harris,0,5,0,0,True,4
616,6,Harris,0,4,0,0,True,4
616,7,Harris,0,2,0,0,True,4
616,8,Harris,0,21,0,0,True,4
617,0,Harris,0,8,0,0,True,4
617,1,Harris,0,11,0,0,True,4
617,2,Harris,2,30,2,0,True,4
617,3,Harris,0,3,0,0,True,4
617,4,Harris,0,16,0,0,True,4
617,5,Harris,0,13,0,0,True,4
617,6,Harris,1,46,1,0,True,4
617,7,Harris,0,16,0,0,True,4
618,0,Harris,0,25,0,0,True,4
618,1,Harris,0,23,0,0,True,4
618,2,Harris,0,12,0,0,True,4
618,3,Harris,0,4,0,0,True,4
618,4,Harris,0,15,0,0,True,4
618,5,Harris,0,4,0,0,True,4
618,6,Harris,0,23,0,0,True,4
618,7,Harris,2,25,2,0,True,4
618,8,Harris,0,15,0,0,True,4
619,0,Harris,2,59,2,0,True,4
619,1,Harris,2,23,2,0,True,4
619,2,Harris,2,35,2,0,True,4
619,3,Harris,3,9,3,0,True,4
619,4,Harris,2,11,2,0,True,4
619,5,Harris,2,8,2,0,True,4
620,0,Harris,3,32,3,0,True,4
620,1,Harris,0,18,0,0,True,4
620,2,Harris,0,18,0,0,True,4
620,3,Harris,0,4,0,0,True,4
620,4,Harris,0,0,0,0,True,4
620,5,Harris,0,2,0,0,True,4
620,6,Harris,0,13,0,0,True,4
620,7,Harris,1,45,1,0,True,4
621,0,Harris,0,3,0,0,True,4
621,1,Harris,0,11,0,0,True,4
621,2,Harris,0,6,0,0,True,4
621,3,Harris,0,12,0,0,True,4
621,4,Harris,0,9,0,0,True,4
621,5,Harris,0,1,0,0,True,4
621,6,Harris,0,47,0,0,True,4
621,7,Harris,1,55,1,0,True,4
621,8,Harris,0,1,0,0,True,4
622,0,Harris,0,4,0,0,True,4
622,1,Harris,0,8,0,0,True,4
622,2,Harris,0,9,0,0,True,4
622,3,Harris,0,12,0,0,True,4
622,4,Harris,0,8,0,0,True,4
622,5,Harris,0,9,0,0,True,4
622,6,Harris,2,17,2,0,True,4
622,7,Harris,0,5,0,0,True,4
623,0,Harris,0,7,0,0,True,4
623,1,Harris,0,2,0,0,True,4
623,2,Harris,0,5,0,0,True,4
623,3,Harris,0,3,0,0,True,4
623,4,Harris,2,48,2,0,True,4
623,5,Harris,1,29,1,0,True,4
623,6,Harris,0,21,0,0,True,4
623,7,Harris,0,32,0,0,True,4
623,8,Harris,0,7,0,0,True,4
624,0,Harris,0,23,0,0,True,4
624,1,Harris,4,35,4,0,True,4
624,2,Harris,2,49,2,0,True,4
624,3,Harris,0,25,0,0,True,4
624,4,Harris,1,34,1,0,True,4
624,5,Harris,0,22,0,0,True,4
625,0,Harris,0,13,0,0,True,4
625,1,Harris,0,11,0,0,True,4
625,2,Harris,0,17,0,0,True,4
625,3,Harris,0,20,0,0,True,4
625,4,Harris,0,16,0,0,True,4
625,5,Harris,0,16,0,0,True,4
625,6,Harris,0,13,0,0,True,4
626,0,Harris,0,18,0,0,True,4
626,1,Harris,0,15,0,0,True,4
626,2,Harris,0,6,0,0,True,4
626,3,Harris,1,29,1,0,True,4
626,4,Harris,2,20,2,0,True,4
626,5,Harris,0,15,0,0,True,4
626,6,Harris,0,23,0,0,True,4
626,7,Harris,0,4,0,0,True,4
626,8,Harris,0,1,0,0,True,4
627,0,Harris,0,9,0,0,True,4
627,1,Harris,0,13,0,0,True,4
627,2,Harris,0,8,0,0,True,4
627,3,Harris,0,8,0,0,True,4
627,4,Harris,1,17,1,0,True,4
627,5,Harris,0,12,0,0,True,4
627,6,Harris,0,3,0,0,True,4
627,7,Harris,0,14,0,0,True,4
627,8,Harris,0,20,0,0,True,4
628,0,Harris,0,9,0,0,True,4
628,1,Harris,0,3,0,0,True,4
628,2,Harris,0,27,0,0,True,4
628,3,Harris,0,50,0,0,True,4
628,4,Harris,1,26,1,0,True,4
628,5,Harris,0,20,0,0,True,4
628,6,Harris,0,15,0,0,True,4
628,7,Harris,0,7,0,0,True,4
628,8,Harris,0,3,0,0,True,4
629,0,Harris,0,26,0,0,True,4
629,1,Harris,4,21,4,0,True,4
629,2,Harris,0,20,0,0,True,4
629,3,Harris,2,14,2,0,True,4
629,4,Harris,0,3,0,0,True,4
629,5,Harris,1,4,1,0,True,4
629,6,Harris,3,52,3,0,True,4
629,7,Harris,4,41,4,0,True,4
630,0,Harris,0,2,0,0,True,4
630,1,Harris,0,11,0,0,True,4
630,2,Harris,0,3,0,0,True,4
630,3,Harris,0,4,0,0,True,4
630,4,Harris,0,36,0,0,True,4
630,5,Harris,0,7,0,0,True,4
630,6,Harris,2,27,2,0,True,4
630,7,Harris,0,5,0,0,True,4
630,8,Harris,0,5,0,0,True,4
631,0,Harris,0,10,0,0,True,4
631,1,Harris,0,6,0,0,True,4
631,2,Harris,0,15,0,0,True,4
631,3,Harris,0,1,0,0,True,4
631,4,Harris,1,5,1,0,True,4
631,5,Harris,0,10,0,0,True,4
631,6,Harris,0,6,0,0,True,4
632,0,Harris,0,18,0,0,True,4
632,1,Harris,0,37,0,0,True,4
632,2,Harris,0,24,0,0,True,4
632,3,Harris,0,14,0,0,True,4
632,4,Harris,0,15,0,0,True,4
632,5,Harris,1,36,1,0,True,4
632,6,Harris,0,17,0,0,True,4
632,7,Harris,0,3,0,0,True,4
632,8,Harris,0,12,0,0,True,4
633,0,Harris,0,3,0,0,True,4
633,1,Harris,0,6,0,0,True,4
633,2,Harris,0,25,0,0,True,4
633,3,Harris,2,9,2,0,True,4
633,4,Harris,0,15,0,0,True,4
633,5,Harris,1,10,1,0,True,4
634,0,Harris,0,25,0,0,True,4
634,1,Harris,2,26,2,0,True,4
634,2,Harris,0,3,0,0,True,4
634,3,Harris,2,43,2,0,True,4
634,4,Harris,0,8,0,0,True,4
634,5,Harris,0,3,0,0,True,4
634,6,Harris,0,4,0,0,True,4
634,7,Harris,1,11,1,0,True,4
635,0,Harris,0,16,0,0,True,4
635,1,Harris,0,21,0,0,True,4
635,2,Harris,0,14,0,0,True,4
635,3,Harris,0,57,0,0,True,4
635,4,Harris,0,38,0,0,True,4
635,5,Harris,0,7,0,0,True,4
635,6,Harris,1,43,1,0,True,4
635,7,Harris,0,52,0,0,True,4
636,0,Harris,0,15,0,0,True,4
636,1,Harris,0,3,0,0,True,4
636,2,Harris,0,44,0,0,True,4
636,3,Harris,0,7,0,0,True,4
636,4,Harris,0,4,0,0,True,4
636,5,Harris,0,17,0,0,True,4
636,6,Harris,0,8,0,0,True,4
636,7,Harris,2,1,1,1,False,4
637,0,Harris,1,9,1,0,True,4
637,1,Harris,2,42,2,0,True,4
637,2,Harris,0,46,0,0,True,4
637,3,Harris,0,15,0,0,True,4
637,4,Harris,0,15,0,0,True,4
637,5,Harris,1,11,1,0,True,4
637,6,Harris,0,1,0,0,True,4
637,7,Harris,1,18,1,0,True,4
638,0,Harris,0,12,0,0,True,4
638,1,Harris,1,17,1,0,True,4
638,2,Harris,0,13,0,0,True,4
638,3,Harris,0,6,0,0,True,4
638,4,Harris,0,24,0,0,True,4
638,5,Harris,0,7,0,0,True,4
638,6,Harris,0,12,0,0,True,4
638,7,Harris,0,12,0,0,True,4
639,0,Harris,0,16,0,0,True,4
639,1,Harris,0,12,0,0,True,4
639,2,Harris,0,14,0,0,True,4
639,3,Harris,0,17,0,0,True,4
639,4,Harris,1,17,1,0,True,4
639,5,Harris,0,17,0,0,True,4
639,6,Harris,0,5,0,0,True,4
639,7,Harris,0,21,0,0,True,4
640,0,Harris,2,27,2,0,True,4
640,1,Harris,0,17,0,0,True,4
640,2,Harris,0,12,0,0,True,4
640,3,Harris,0,9,0,0,True,4
640,4,Harris,0,6,0,0,True,4
640,5,Harris,0,17,0,0,True,4
640,6,Harris,0,12,0,0,True,4
641,0,Harris,2,43,2,0,True,4
641,1,Harris,0,14,0,0,True,4
641,2,Harris,0,22,0,0,True,4
641,3,Harris,1,51,1,0,True,4
641,4,Harris,2,31,2,0,True,4
641,5,Harris,0,19,0,0,True,4
642,0,Harris,2,18,2,0,True,4
642,1,Harris,1,15,1,0,True,4
642,2,Harris,2,13,2,0,True,4
642,3,Harris,3,29,3,0,True,4
642,4,Harris,2,17,2,0,True,4
642,5,Harris,2,34,2,0,True,4
642,6,Harris,2,33,2,0,True,4
643,0,Harris,0,0,0,0,True,4
643,1,Harris,0,21,0,0,True,4
643,2,Harris,0,5,0,0,True,4
643,3,Harris,0,13,0,0,True,4
643,4,Harris,0,10,0,0,True,4
643,5,Harris,1,36,1,0,True,4
643,6,Harris,0,36,0,0,True,4
643,7,Harris,1,25,1,0,True,4
644,0,Harris,2,26,2,0,True,4
644,1,Harris,0,25,0,0,True,4
644,2,Harris,0,4,0,0,True,4
644,3,Harris,0,17,0,0,True,4
644,4,Harris,0,37,0,0,True,4
644,5,Harris,0,6,0,0,True,4
644,6,Harris,0,1,0,0,True,4
644,7,Harris,0,3,0,0,True,4
644,8,Harris,0,1,0,0,True,4
645,0,Harris,0,3,0,0,True,4
645,1,Harris,0,52,0,0,True,4
645,2,Harris,0,29,0,0,True,4
645,3,Harris,0,7,0,0,True,4
645,4,Harris,0,6,0,0,True,4
645,5,Harris,0,21,0,0,True,4
645,6,Harris,0,11,0,0,True,4
645,7,Harris,1,24,1,0,True,4
646,0,Harris,2,17,2,0,True,4
646,1,Harris,0,6,0,0,True,4
646,2,Harris,0,28,0,0,True,4
646,3,Harris,0,10,0,0,True,4
646,4,Harris,0,9,0,0,True,4
646,5,Harris,0,2,0,0,True,4
646,6,Harris,0,7,0,0,True,4
647,0,Harris,0,48,0,0,True,4
647,1,Harris,0,48,0,0,True,4
647,2,Harris,1,50,1,0,True,4
647,3,Harris,0,8,0,0,True,4
647,4,Harris,1,33,1,0,True,4
647,5,Harris,2,34,2,0,True,4
647,6,Harris,1,34,1,0,True,4
648,0,Harris,0,2,0,0,True,4
648,1,Harris,2,26,2,0,True,4
648,2,Harris,0,22,0,0,True,4
648,3,Harris,0,2,0,0,True,4
648,4,Harris,2,42,2,0,True,4
648,5,Harris,1,37,1,0,True,4
648,6,Harris,0,9,0,0,True,4
648,7,Harris,2,3,2,0,True,4
648,8,Harris,0,5,0,0,True,4
648,9,Harris,0,9,0,0,True,4
649,0,Harris,0,23,0,0,True,4
649,1,Harris,1,38,1,0,True,4
650,0,Harris,2,11,2,0,True,4
650,1,Harris,0,8,0,0,True,4
650,2,Harris,0,22,0,0,True,4
650,3,Harris,0,5,0,0,True,4
650,4,Harris,0,3,0,0,True,4
650,5,Harris,0,11,0,0,True,4
650,6,Harris,0,3,0,0,True,4
650,7,Harris,0,6,0,0,True,4
650,8,Harris,0,0,0,0,True,4
650,9,Harris,0,16,0,0,True,4
651,0,Harris,1,27,1,0,True,4
651,1,Harris,0,18,0,0,True,4
651,2,Harris,0,9,0,0,True,4
651,3,Harris,1,17,1,0,True,4
651,4,Harris,0,13,0,0,True,4
651,5,Harris,0,43,0,0,True,4
651,6,Harris,0,5,0,0,True,4
651,7,Harris,0,13,0,0,True,4
651,8,Harris,1,9,1,0,True,4
652,0,Harris,0,9,0,0,True,4
652,1,Harris,0,4,0,0,True,4
652,2,Harris,0,1,0,0,True,4
652,3,Harris,0,19,0,0,True,4
652,4,Harris,0,8,0,0,True,4
652,5,Harris,0,3,0,0,True,4
652,6,Harris,0,18,0,0,True,4
653,0,Harris,0,10,0,0,True,4
653,1,Harris,0,9,0,0,True,4
653,2,Harris,0,35,0,0,True,4
653,3,Harris,0,21,0,0,True,4
653,4,Harris,0,5,0,0,True,4
653,5,Harris,4,16,4,0,True,4
653,6,Harris,0,14,0,0,True,4
653,7,Harris,0,10,0,0,True,4
654,0,Harris,0,5,0,0,True,4
654,1,Harris,0,5,0,0,True,4
654,2,Harris,0,16,0,0,True,4
654,3,Harris,1,8,1,0,True,4
654,4,Harris,2,14,2,0,True,4
654,5,Harris,2,5,2,0,True,4
654,6,Harris,3,35,3,0,True,4
655,0,Harris,0,2,0,0,True,4
655,1,Harris,1,11,1,0,True,4
655,2,Harris,1,25,1,0,True,4
655,3,Harris,0,24,0,0,True,4
655,4,Harris,0,32,0,0,True,4
655,5,Harris,1,35,1,0,True,4
655,6,Harris,0,15,0,0,True,4
656,0,Harris,0,6,0,0,True,4
656,1,Harris,0,28,0,0,True,4
656,2,Harris,0,3,0,0,True,4
656,3,Harris,0,4,0,0,True,4
656,4,Harris,0,11,0,0,True,4
656,5,Harris,0,2,0,0,True,4
656,6,Harris,2,50,2,0,True,4
656,7,Harris,0,11,0,0,True,4
657,0,Harris,0,4,0,0,True,4
657,1,Harris,0,9,0,0,True,4
657,2,Harris,0,5,0,0,True,4
657,3,Harris,0,15,0,0,True,4
657,4,Harris,0,3,0,0,True,4
657,5,Harris,0,4,0,0,True,4
657,6,Harris,0,14,0,0,True,4
657,7,Harris,0,7,0,0,True,4
657,8,Harris,0,12,0,0,True,4
657,9,Harris,0,21,0,0,True,4
658,0,Harris,1,19,1,0,True,4
658,1,Harris,1,26,1,0,True,4
658,2,Harris,3,48,3,0,True,4
658,3,Harris,0,8,0,0,True,4
658,4,Harris,1,47,1,0,True,4
658,5,Harris,0,40,0,0,True,4
658,6,Harris,0,11,0,0,True,4
659,0,Harris,0,25,0,0,True,4
659,1,Harris,4,20,4,0,True,4
659,2,Harris,0,3,0,0,True,4
659,3,Harris,0,25,0,0,True,4
659,4,Harris,0,5,0,0,True,4
659,5,Harris,2,25,2,0,True,4
659,6,Harris,0,2,0,0,True,4
659,7,Harris,0,4,0,0,True,4
659,8,Harris,0,4,0,0,True,4
660,0,Harris,2,37,2,0,True,4
660,1,Harris,1,47,1,0,True,4
660,2,Harris,2,46,2,0,True,4
660,3,Harris,3,36,3,0,True,4
660,4,Harris,2,47,2,0,True,4
660,5,Harris,2,38,2,0,True,4
660,6,Harris,0,19,0,0,True,4
661,0,Harris,0,8,0,0,True,4
661,1,Harris,0,54,0,0,True,4
661,2,Harris,0,13,0,0,True,4
661,3,Harris,0,33,0,0,True,4
661,4,Harris,1,11,1,0,True,4
661,5,Harris,0,14,0,0,True,4
661,6,Harris,0,28,0,0,True,4
661,7,Harris,1,30,1,0,True,4
661,8,Harris,0,43,0,0,True,4
661,9,Harris,1,11,1,0,True,4
662,0,Harris,0,4,0,0,True,4
662,1,Harris,0,13,0,0,True,4
662,2,Harris,0,6,0,0,True,4
662,3,Harris,0,8,0,0,True,4
662,4,Harris,2,23,2,0,True,4
662,5,Harris,0,5,0,0,True,4
662,6,Harris,0,5,0,0,True,4
662,7,Harris,0,23,0,0,True,4
662,8,Harris,0,38,0,0,True,4
663,0,Harris,0,40,0,0,True,4
663,1,Harris,3,42,3,0,True,4
663,2,Harris,0,2,0,0,True,4
663,3,Harris,0,2,0,0,True,4
663,4,Harris,0,55,0,0,True,4
663,5,Harris,2,52,2,0,True,4
663,6,Harris,0,3,0,0,True,4
664,0,Harris,0,21,0,0,True,4
664,1,Harris,0,33,0,0,True,4
664,2,Harris,0,7,0,0,True,4
664,3,Harris,0,8,0,0,True,4
664,4,Harris,0,5,0,0,True,4
664,5,Harris,0,9,0,0,True,4
664,6,Harris,0,8,0,0,True,4
664,7,Harris,0,30,0,0,True,4
665,0,Harris,1,13,1,0,True,4
665,1,Harris,0,8,0,0,True,4
665,2,Harris,0,1,0,0,True,4
665,3,Harris,0,0,0,0,True,4
665,4,Harris,0,3,0,0,True,4
665,5,Harris,0,3,0,0,True,4
665,6,Harris,0,0,0,0,True,4
666,0,Harris,1,20,1,0,True,4
666,1,Harris,0,14,0,0,True,4
666,2,Harris,0,12,0,0,True,4
666,3,Harris,0,10,0,0,True,4
666,4,Harris,0,10,0,0,True,4
666,5,Harris,0,17,0,0,True,4
666,6,Harris,2,30,2,0,True,4
666,7,Harris,0,9,0,0,True,4
666,8,Harris,1,11,1,0,True,4
666,9,Harris,0,17,0,0,True,4
667,0,Harris,0,3,0,0,True,4
667,1,Harris,2,17,2,0,True,4
667,2,Harris,1,8,1,0,True,4
667,3,Harris,1,13,1,0,True,4
667,4,Harris,1,13,1,0,True,4
667,5,Harris,0,28,0,0,True,4
668,0,Harris,0,9,0,0,True,4
668,1,Harris,0,54,0,0,True,4
668,2,Harris,0,6,0,0,True,4
668,3,Harris,0,49,0,0,True,4
668,4,Harris,1,38,1,0,True,4
668,5,Harris,1,12,1,0,True,4
668,6,Harris,0,39,0,0,True,4
668,7,Harris,0,28,0,0,True,4
669,0,Harris,0,4,0,0,True,4
669,1,Harris,2,25,2,0,True,4
669,2,Harris,1,19,1,0,True,4
669,3,Harris,1,37,1,0,True,4
669,4,Harris,0,3,0,0,True,4
669,5,Harris,0,8,0,0,True,4
670,0,Harris,0,13,0,0,True,4
670,1,Harris,0,8,0,0,True,4
670,2,Harris,0,55,0,0,True,4
670,3,Harris,0,4,0,0,True,4
670,4,Harris,0,15,0,0,True,4
670,5,Harris,0,13,0,0,True,4
670,6,Harris,0,50,0,0,True,4
670,7,Harris,1,8,1,0,True,4
671,0,Harris,0,5,0,0,True,4
671,1,Harris,0,2,0,0,True,4
671,2,Harris,0,13,0,0,True,4
671,3,Harris,0,9,0,0,True,4
671,4,Harris,0,15,0,0,True,4
671,5,Harris,1,6,1,0,True,4
671,6,Harris,0,4,0,0,True,4
671,7,Harris,0,27,0,0,True,4
671,8,Harris,0,14,0,0,True,4
671,9,Harris,0,24,0,0,True,4
672,0,Harris,0,3,0,0,True,4
672,1,Harris,0,6,0,0,True,4
672,2,Harris,0,1,0,0,True,4
672,3,Harris,0,11,0,0,True,4
672,4,Harris,1,10,1,0,True,4
672,5,Harris,1,27,1,0,True,4
672,6,Harris,0,2,0,0,True,4
672,7,Harris,0,2,0,0,True,4
672,8,Harris,0,4,0,0,True,4
673,0,Harris,0,20,0,0,True,4
673,1,Harris,0,3,0,0,True,4
673,2,Harris,0,9,0,0,True,4
673,3,Harris,0,18,0,0,True,4
673,4,Harris,0,8,0,0,True,4
673,5,Harris,1,12,1,0,True,4
673,6,Harris,0,8,0,0,True,4
673,7,Harris,0,47,0,0,True,4
674,0,Harris,0,18,0,0,True,4
674,1,Harris,0,11,0,0,True,4
674,2,Harris,0,39,0,0,True,4
674,3,Harris,0,7,0,0,True,4
674,4,Harris,2,36,2,0,True,4
674,5,Harris,1,21,1,0,True,4
674,6,Harris,1,20,1,0,True,4
674,7,Harris,1,4,1,0,True,4
674,8,Harris,0,24,0,0,True,4
675,0,Harris,0,8,0,0,True,4
675,1,Harris,0,25,0,0,True,4
675,2,Harris,0,16,0,0,True,4
675,3,Harris,0,19,0,0,True,4
675,4,Harris,0,35,0,0,True,4
675,5,Harris,0,8,0,0,True,4
675,6,Harris,0,40,0,0,True,4
676,0,Harris,0,16,0,0,True,4
676,1,Harris,0,3,0,0,True,4
676,2,Harris,0,5,0,0,True,4
676,3,Harris,1,25,1,0,True,4
676,4,Harris,0,1,0,0,True,4
676,5,Harris,0,1,0,0,True,4
676,6,Harris,0,1,0,0,True,4
676,7,Harris,0,1,0,0,True,4
676,8,Harris,0,1,0,0,True,4
677,0,Harris,0,9,0,0,True,4
677,1,Harris,0,2,0,0,True,4
677,2,Harris,0,18,0,0,True,4
677,3,Harris,0,5,0,0,True,4
677,4,Harris,0,16,0,0,True,4
677,5,Harris,0,28,0,0,True,4
677,6,Harris,0,6,0,0,True,4
677,7,Harris,0,10,0,0,True,4
678,0,Harris,0,15,0,0,True,4
678,1,Harris,0,5,0,0,True,4
678,2,Harris,2,3,2,0,True,4
678,3,Harris,3,11,3,0,True,4
678,4,Harris,1,12,1,0,True,4
678,5,Harris,0,5,0,0,True,4
679,0,Harris,1,27,1,0,True,4
679,1,Harris,0,5,0,0,True,4
679,2,Harris,0,8,0,0,True,4
679,3,Harris,0,6,0,0,True,4
679,4,Harris,0,13,0,0,True,4
679,5,Harris,1,13,1,0,True,4
679,6,Harris,0,40,0,0,True,4
679,7,Harris,0,1,0,0,True,4
680,0,Harris,1,17,1,0,True,4
680,1,Harris,1,17,1,0,True,4
680,2,Harris,1,16,1,0,True,4
680,3,Harris,1,16,1,0,True,4
680,4,Harris,1,17,1,0,True,4
680,5,Harris,0,6,0,0,True,4
681,0,Harris,1,49,1,0,True,4
681,1,Harris,1,2,1,0,True,4
681,2,Harris,0,2,0,0,True,4
681,3,Harris,0,14,0,0,True,4
681,4,Harris,0,7,0,0,True,4
681,5,Harris,0,32,0,0,True,4
682,0,Harris,0,7,0,0,True,4
682,1,Harris,0,6,0,0,True,4
682,2,Harris,0,19,0,0,True,4
682,3,Harris,0,53,0,0,True,4
682,4,Harris,3,45,3,0,True,4
682,5,Harris,1,19,1,0,True,4
682,6,Harris,0,7,0,0,True,4
682,7,Harris,0,24,0,0,True,4
682,8,Harris,0,13,0,0,True,4
683,0,Harris,0,7,0,0,True,4
683,1,Harris,0,15,0,0,True,4
683,2,Harris,0,5,0,0,True,4
683,3,Harris,1,7,1,0,True,4
683,4,Harris,0,26,0,0,True,4
683,5,Harris,0,18,0,0,True,4
683,6,Harris,0,41,0,0,True,4
683,7,Harris,1,41,1,0,True,4
684,0,Harris,2,26,2,0,True,4
684,1,Harris,2,34,2,0,True,4
684,2,Harris,0,9,0,0,True,4
684,3,Harris,0,45,0,0,True,4
684,4,Harris,2,16,2,0,True,4
684,5,Harris,0,20,0,0,True,4
684,6,Harris,1,23,1,0,True,4
685,0,Harris,0,50,0,0,True,4
685,1,Harris,0,2,0,0,True,4
685,2,Harris,1,38,1,0,True,4
685,3,Harris,1,18,1,0,True,4
685,4,Harris,0,54,0,0,True,4
685,5,Harris,0,20,0,0,True,4
685,6,Harris,0,28,0,0,True,4
686,0,Harris,1,49,1,0,True,4
686,1,Harris,0,38,0,0,True,4
686,2,Harris,0,17,0,0,True,4
686,3,Harris,1,15,1,0,True,4
686,4,Harris,1,10,1,0,True,4
686,5,Harris,0,13,0,0,True,4
686,6,Harris,1,10,1,0,True,4
686,7,Harris,0,20,0,0,True,4
687,0,Harris,0,4,0,0,True,4
687,1,Harris,0,13,0,0,True,4
687,2,Harris,0,23,0,0,True,4
687,3,Harris,0,6,0,0,True,4
687,4,Harris,0,7,0,0,True,4
687,5,Harris,0,34,0,0,True,4
687,6,Harris,0,1,0,0,True,4
687,7,Harris,2,29,2,0,True,4
687,8,Harris,9,42,9,0,True,4
688,0,Harris,0,11,0,0,True,4
688,1,Harris,0,50,0,0,True,4
688,2,Harris,0,22,0,0,True,4
688,3,Harris,1,13,1,0,True,4
688,4,Harris,1,37,1,0,True,4
688,5,Harris,0,20,0,0,True,4
688,6,Harris,0,25,0,0,True,4
688,7,Harris,0,25,0,0,True,4
688,8,Harris,0,1,0,0,True,4
689,0,Harris,0,6,0,0,True,4
689,1,Harris,1,54,1,0,True,4
689,2,Harris,0,16,0,0,True,4
689,3,Harris,2,29,2,0,True,4
689,4,Harris,2,28,2,0,True,4
689,5,Harris,0,11,0,0,True,4
689,6,Harris,0,12,0,0,True,4
689,7,Harris,1,13,1,0,True,4
690,0,Harris,0,13,0,0,True,4
690,1,Harris,0,11,0,0,True,4
690,2,Harris,2,16,2,0,True,4
690,3,Harris,1,20,1,0,True,4
690,4,Harris,2,32,2,0,True,4
690,5,Harris,0,2,0,0,True,4
690,6,Harris,0,5,0,0,True,4
691,0,Harris,0,5,0,0,True,4
691,1,Harris,0,10,0,0,True,4
691,2,Harris,0,23,0,0,True,4
691,3,Harris,0,5,0,0,True,4
691,4,Harris,0,17,0,0,True,4
691,5,Harris,1,17,1,0,True,4
691,6,Harris,1,26,1,0,True,4
692,0,Harris,3,53,3,0,True,4
692,1,Harris,0,3,0,0,True,4
692,2,Harris,0,27,0,0,True,4
692,3,Harris,0,7,0,0,True,4
692,4,Harris,0,53,0,0,True,4
692,5,Harris,0,63,0,0,True,4
692,6,Harris,1,58,1,0,True,4
692,7,Harris,1,31,1,0,True,4
692,8,Harris,1,52,1,0,True,4
693,0,Harris,0,0,0,0,True,4
693,1,Harris,0,16,0,0,True,4
693,2,Harris,2,25,2,0,True,4
693,3,Harris,1,19,1,0,True,4
693,4,Harris,0,19,0,0,True,4
693,5,Harris,0,0,0,0,True,4
694,0,Harris,0,24,0,0,True,4
694,1,Harris,1,6,1,0,True,4
694,2,Harris,0,22,0,0,True,4
694,3,Harris,0,33,0,0,True,4
694,4,Harris,1,35,1,0,True,4
694,5,Harris,0,3,0,0,True,4
694,6,Harris,0,3,0,0,True,4
694,7,Harris,0,26,0,0,True,4
694,8,Harris,0,27,0,0,True,4
695,0,Harris,0,17,0,0,True,4
695,1,Harris,2,39,2,0,True,4
695,2,Harris,0,4,0,0,True,4
695,3,Harris,0,17,0,0,True,4
695,4,Harris,0,15,0,0,True,4
695,5,Harris,0,1,0,0,True,4
695,6,Harris,1,10,1,0,True,4
695,7,Harris,0,16,0,0,True,4
695,8,Harris,2,50,2,0,True,4
696,0,Harris,0,3,0,0,True,4
696,1,Harris,2,29,2,0,True,4
696,2,Harris,0,2,0,0,True,4
696,3,Harris,0,2,0,0,True,4
696,4,Harris,0,24,0,0,True,4
696,5,Harris,0,10,0,0,True,4
696,6,Harris,2,49,2,0,True,4
696,7,Harris,0,23,0,0,True,4
697,0,Harris,0,27,0,0,True,4
697,1,Harris,0,13,0,0,True,4
697,2,Harris,0,13,0,0,True,4
697,3,Harris,0,7,0,0,True,4
697,4,Harris,1,25,1,0,True,4
697,5,Harris,0,4,0,0,True,4
697,6,Harris,0,7,0,0,True,4
697,7,Harris,0,15,0,0,True,4
698,0,Harris,0,8,0,0,True,4
698,1,Harris,1,19,1,0,True,4
698,2,Harris,2,51,2,0,True,4
698,3,Harris,0,20,0,0,True,4
698,4,Harris,0,12,0,0,True,4
698,5,Harris,0,10,0,0,True,4
698,6,Harris,1,54,1,0,True,4
698,7,Harris,3,36,3,0,True,4
698,8,Harris,0,4,0,0,True,4
699,0,Harris,2,18,2,0,True,4
699,1,Harris,1,8,1,0,True,4
699,2,Harris,2,11,2,0,True,4
699,3,Harris,2,6,2,0,True,4
699,4,Harris,2,29,2,0,True,4
699,5,Harris,2,36,2,0,True,4
699,6,Harris,0,11,0,0,True,4
699,7,Harris,4,16,4,0,True,4
700,0,Harris,0,10,0,0,True,4
700,1,Harris,0,13,0,0,True,4
700,2,Harris,0,6,0,0,True,4
700,3,Harris,0,6,0,0,True,4
700,4,Harris,0,5,0,0,True,4
700,5,Harris,0,2,0,0,True,4
700,6,Harris,0,15,0,0,True,4
701,0,Harris,2,38,2,0,True,4
701,1,Harris,3,35,3,0,True,4
701,2,Harris,2,41,2,0,True,4
701,3,Harris,2,24,2,0,True,4
701,4,Harris,2,9,2,0,True,4
701,5,Harris,1,48,1,0,True,4
701,6,Harris,1,39,1,0,True,4
701,7,Harris,0,5,0,0,True,4
702,0,Harris,0,2,0,0,True,4
702,1,Harris,0,7,0,0,True,4
702,2,Harris,2,25,2,0,True,4
702,3,Harris,2,23,2,0,True,4
702,4,Harris,0,21,0,0,True,4
702,5,Harris,0,1,0,0,True,4
702,6,Harris,0,10,0,0,True,4
702,7,Harris,0,10,0,0,True,4
702,8,Harris,0,3,0,0,True,4
703,0,Harris,2,26,2,0,True,4
703,1,Harris,0,26,0,0,True,4
703,2,Harris,0,26,0,0,True,4
703,3,Harris,0,5,0,0,True,4
703,4,Harris,0,5,0,0,True,4
703,5,Harris,0,15,0,0,True,4
703,6,Harris,1,9,1,0,True,4
703,7,Harris,0,13,0,0,True,4
703,8,Harris,2,26,2,0,True,4
703,9,Harris,1,13,1,0,True,4
704,0,Harris,4,32,4,0,True,4
704,1,Harris,0,53,0,0,True,4
704,2,Harris,0,5,0,0,True,4
704,3,Harris,0,23,0,0,True,4
704,4,Harris,0,10,0,0,True,4
704,5,Harris,3,44,3,0,True,4
704,6,Harris,0,3,0,0,True,4
705,0,Harris,0,12,0,0,True,4
705,1,Harris,0,7,0,0,True,4
705,2,Harris,2,11,2,0,True,4
705,3,Harris,1,47,1,0,True,4
705,4,Harris,1,12,1,0,True,4
705,5,Harris,1,51,1,0,True,4
705,6,Harris,1,56,1,0,True,4
706,0,Harris,1,36,1,0,True,4
706,1,Harris,0,18,0,0,True,4
706,2,Harris,2,23,2,0,True,4
706,3,Harris,1,17,1,0,True,4
706,4,Harris,1,36,1,0,True,4
706,5,Harris,3,37,3,0,True,4
706,6,Harris,3,11,3,0,True,4
706,7,Harris,0,7,0,0,True,4
707,0,Harris,0,4,0,0,True,4
707,1,Harris,0,19,0,0,True,4
707,2,Harris,1,5,1,0,True,4
707,3,Harris,0,5,0,0,True,4
707,4,Harris,0,8,0,0,True,4
707,5,Harris,2,11,2,0,True,4
707,6,Harris,0,13,0,0,True,4
707,7,Harris,0,8,0,0,True,4
707,8,Harris,0,7,0,0,True,4
708,0,Harris,0,4,0,0,True,4
708,1,Harris,0,49,0,0,True,4
708,2,Harris,0,38,0,0,True,4
708,3,Harris,0,1,0,0,True,4
708,4,Harris,0,7,0,0,True,4
708,5,Harris,0,10,0,0,True,4
708,6,Harris,0,3,0,0,True,4
708,7,Harris,0,28,0,0,True,4
709,0,Harris,0,3,0,0,True,4
709,1,Harris,1,9,1,0,True,4
709,2,Harris,0,30,0,0,True,4
709,3,Harris,0,12,0,0,True,4
709,4,Harris,0,17,0,0,True,4
709,5,Harris,0,16,0,0,True,4
709,6,Harris,0,24,0,0,True,4
709,7,Harris,1,7,1,0,True,4
709,8,Harris,0,4,0,0,True,4
710,0,Harris,1,20,1,0,True,4
710,1,Harris,0,3,0,0,True,4
710,2,Harris,0,2,0,0,True,4
710,3,Harris,2,50,2,0,True,4
710,4,Harris,0,23,0,0,True,4
710,5,Harris,0,4,0,0,True,4
710,6,Harris,0,30,0,0,True,4
710,7,Harris,0,17,0,0,True,4
710,8,Harris,0,9,0,0,True,4
711,0,Harris,0,23,0,0,True,4
711,1,Harris,0,14,0,0,True,4
711,2,Harris,0,1,0,0,True,4
711,3,Harris,0,3,0,0,True,4
711,4,Harris,0,6,0,0,True,4
711,5,Harris,1,24,1,0,True,4
711,6,Harris,0,3,0,0,True,4
711,7,Harris,0,9,0,0,True,4
711,8,Harris,2,11,2,0,True,4
712,0,Harris,2,38,2,0,True,4
712,1,Harris,1,16,1,0,True,4
712,2,Harris,0,17,0,0,True,4
712,3,Harris,1,13,1,0,True,4
712,4,Harris,3,36,3,0,True,4
712,5,Harris,0,4,0,0,True,4
712,6,Harris,4,49,4,0,True,4
712,7,Harris,0,3,0,0,True,4
713,0,Harris,0,12,0,0,True,4
713,1,Harris,0,2,0,0,True,4
713,2,Harris,0,18,0,0,True,4
713,3,Harris,0,34,0,0,True,4
713,4,Harris,0,23,0,0,True,4
713,5,Harris,0,39,0,0,True,4
713,6,Harris,0,13,0,0,True,4
714,0,Harris,0,2,0,0,True,4
714,1,Harris,2,19,2,0,True,4
714,2,Harris,1,11,1,0,True,4
714,3,Harris,1,34,1,0,True,4
714,4,Harris,0,16,0,0,True,4
714,5,Harris,1,14,1,0,True,4
714,6,Harris,0,13,0,0,True,4
714,7,Harris,1,13,1,0,True,4
715,0,Harris,0,3,0,0,True,4
715,1,Harris,0,11,0,0,True,4
715,2,Harris,0,6,0,0,True,4
715,3,Harris,0,20,0,0,True,4
715,4,Harris,0,35,0,0,True,4
715,5,Harris,0,14,0,0,True,4
715,6,Harris,0,42,0,0,True,4
715,7,Harris,0,1,0,0,True,4
715,8,Harris,0,3,0,0,True,4
716,0,Harris,0,4,0,0,True,4
716,1,Harris,0,12,0,0,True,4
716,2,Harris,0,10,0,0,True,4
716,3,Harris,0,21,0,0,True,4
716,4,Harris,2,29,2,0,True,4
716,5,Harris,6,42,6,0,True,4
716,6,Harris,0,18,0,0,True,4
716,7,Harris,2,11,2,0,True,4
717,0,Harris,1,19,1,0,True,4
717,1,Harris,2,23,2,0,True,4
717,2,Harris,1,8,1,0,True,4
717,3,Harris,2,8,2,0,True,4
717,4,Harris,0,10,0,0,True,4
717,5,Harris,2,12,2,0,True,4
717,6,Harris,1,10,1,0,True,4
717,7,Harris,2,21,2,0,True,4
718,0,Harris,0,46,0,0,True,4
718,1,Harris,1,9,1,0,True,4
718,2,Harris,1,11,1,0,True,4
718,3,Harris,0,13,0,0,True,4
718,4,Harris,0,7,0,0,True,4
718,5,Harris,0,5,0,0,True,4
718,6,Harris,0,12,0,0,True,4
718,7,Harris,0,14,0,0,True,4
718,8,Harris,0,12,0,0,True,4
719,0,Harris,0,6,0,0,True,4
719,1,Harris,1,30,1,0,True,4
719,2,Harris,0,2,0,0,True,4
719,3,Harris,0,8,0,0,True,4
719,4,Harris,0,25,0,0,True,4
719,5,Harris,0,3,0,0,True,4
719,6,Harris,0,2,0,0,True,4
719,7,Harris,0,7,0,0,True,4
719,8,Harris,1,9,1,0,True,4
720,0,Harris,0,9,0,0,True,4
720,1,Harris,0,9,0,0,True,4
720,2,Harris,0,52,0,0,True,4
720,3,Harris,0,8,0,0,True,4
720,4,Harris,0,57,0,0,True,4
721,0,Harris,1,20,1,0,True,4
721,1,Harris,0,17,0,0,True,4
721,2,Harris,0,28,0,0,True,4
721,3,Harris,0,1,0,0,True,4
721,4,Harris,0,13,0,0,True,4
721,5,Harris,0,27,0,0,True,4
721,6,Harris,0,18,0,0,True,4
721,7,Harris,0,15,0,0,True,4
721,8,Harris,0,15,0,0,True,4
721,9,Harris,0,5,0,0,True,4
722,0,Harris,0,10,0,0,True,4
722,1,Harris,2,24,2,0,True,4
722,2,Harris,2,22,2,0,True,4
722,3,Harris,0,10,0,0,True,4
722,4,Harris,0,4,0,0,True,4
722,5,Harris,1,3,1,0,True,4
722,6,Harris,0,5,0,0,True,4
723,0,Harris,2,15,2,0,True,4
723,1,Harris,0,3,0,0,True,4
723,2,Harris,1,6,1,0,True,4
723,3,Harris,0,21,0,0,True,4
723,4,Harris,0,12,0,0,True,4
723,5,Harris,0,4,0,0,True,4
723,6,Harris,2,42,2,0,True,4
723,7,Harris,0,17,0,0,True,4
723,8,Harris,0,6,0,0,True,4
724,0,Harris,0,22,0,0,True,4
724,1,Harris,0,2,0,0,True,4
724,2,Harris,1,13,1,0,True,4
724,3,Harris,1,8,1,0,True,4
724,4,Harris,0,45,0,0,True,4
724,5,Harris,1,12,1,0,True,4
724,6,Harris,2,50,2,0,True,4
725,0,Harris,2,5,2,0,True,4
725,1,Harris,2,5,2,0,True,4
725,2,Harris,2,7,2,0,True,4
725,3,Harris,2,4,2,0,True,4
725,4,Harris,1,3,1,0,True,4
725,5,Harris,2,15,2,0,True,4
725,6,Harris,2,8,2,0,True,4
726,0,Harris,0,21,0,0,True,4
726,1,Harris,2,23,2,0,True,4
726,2,Harris,0,19,0,0,True,4
726,3,Harris,0,46,0,0,True,4
726,4,Harris,0,12,0,0,True,4
726,5,Harris,0,1,0,0,True,4
726,6,Harris,0,6,0,0,True,4
726,7,Harris,0,0,0,0,True,4
727,0,Harris,1,11,1,0,True,4
727,1,Harris,0,2,0,0,True,4
727,2,Harris,0,15,0,0,True,4
727,3,Harris,1,27,1,0,True,4
727,4,Harris,0,17,0,0,True,4
727,5,Harris,0,19,0,0,True,4
727,6,Harris,1,8,1,0,True,4
727,7,Harris,0,26,0,0,True,4
728,0,Harris,0,7,0,0,True,4
728,1,Harris,0,23,0,0,True,4
728,2,Harris,0,21,0,0,True,4
728,3,Harris,0,46,0,0,True,4
728,4,Harris,0,5,0,0,True,4
728,5,Harris,1,13,1,0,True,4
728,6,Harris,1,16,1,0,True,4
728,7,Harris,0,17,0,0,True,4
729,0,Harris,2,4,2,0,True,4
729,1,Harris,0,7,0,0,True,4
729,2,Harris,0,34,0,0,True,4
729,3,Harris,0,17,0,0,True,4
729,4,Harris,0,3,0,0,True,4
729,5,Harris,0,4,0,0,True,4
729,6,Harris,0,4,0,0,True,4
729,7,Harris,1,18,1,0,True,4
729,8,Harris,1,19,1,0,True,4
730,0,Harris,0,7,0,0,True,4
730,1,Harris,0,23,0,0,True,4
730,2,Harris,0,45,0,0,True,4
730,3,Harris,0,10,0,0,True,4
730,4,Harris,0,12,0,0,True,4
730,5,Harris,0,10,0,0,True,4
730,6,Harris,0,4,0,0,True,4
731,0,Harris,0,3,0,0,True,4
731,1,Harris,0,6,0,0,True,4
731,2,Harris,0,15,0,0,True,4
731,3,Harris,0,13,0,0,True,4
731,4,Harris,0,30,0,0,True,4
731,5,Harris,0,15,0,0,True,4
731,6,Harris,0,4,0,0,True,4
731,7,Harris,0,4,0,0,True,4
732,0,Harris,1,16,1,0,True,4
732,1,Harris,0,3,0,0,True,4
732,2,Harris,0,22,0,0,True,4
732,3,Harris,0,23,0,0,True,4
732,4,Harris,0,27,0,0,True,4
732,5,Harris,0,23,0,0,True,4
732,6,Harris,1,12,1,0,True,4
732,7,Harris,1,23,1,0,True,4
732,8,Harris,0,1,0,0,True,4
733,0,Harris,0,12,0,0,True,4
733,1,Harris,2,24,2,0,True,4
733,2,Harris,3,38,3,0,True,4
733,3,Harris,1,18,1,0,True,4
733,4,Harris,1,6,1,0,True,4
733,5,Harris,2,51,2,0,True,4
733,6,Harris,2,26,2,0,True,4
734,0,Harris,0,4,0,0,True,4
734,1,Harris,0,9,0,0,True,4
734,2,Harris,0,22,0,0,True,4
734,3,Harris,2,25,2,0,True,4
734,4,Harris,0,4,0,0,True,4
734,5,Harris,0,4,0,0,True,4
734,6,Harris,0,2,0,0,True,4
734,7,Harris,0,4,0,0,True,4
735,0,Harris,0,4,0,0,True,4
735,1,Harris,0,3,0,0,True,4
735,2,Harris,0,3,0,0,True,4
735,3,Harris,0,2,0,0,True,4
735,4,Harris,1,43,1,0,True,4
735,5,Harris,0,2,0,0,True,4
736,0,Harris,0,30,0,0,True,4
736,1,Harris,0,30,0,0,True,4
736,2,Harris,0,26,0,0,True,4
736,3,Harris,0,27,0,0,True,4
736,4,Harris,0,31,0,0,True,4
736,5,Harris,0,27,0,0,True,4
736,6,Harris,2,25,2,0,True,4
737,0,Harris,1,13,1,0,True,4
737,1,Harris,1,13,1,0,True,4
737,2,Harris,1,20,1,0,True,4
737,3,Harris,2,14,2,0,True,4
737,4,Harris,0,15,0,0,True,4
737,5,Harris,0,16,0,0,True,4
737,6,Harris,0,4,0,0,True,4
738,0,Harris,0,5,0,0,True,4
738,1,Harris,0,16,0,0,True,4
738,2,Harris,0,18,0,0,True,4
738,3,Harris,0,3,0,0,True,4
738,4,Harris,0,7,0,0,True,4
738,5,Harris,0,15,0,0,True,4
738,6,Harris,7,40,7,0,True,4
739,0,Harris,3,57,3,0,True,4
739,1,Harris,0,10,0,0,True,4
739,2,Harris,0,14,0,0,True,4
739,3,Harris,2,15,2,0,True,4
739,4,Harris,0,17,0,0,True,4
739,5,Harris,0,11,0,0,True,4
739,6,Harris,2,11,2,0,True,4
739,7,Harris,0,7,0,0,True,4
739,8,Harris,2,38,2,0,True,4
740,0,Harris,0,5,0,0,True,4
740,1,Harris,0,13,0,0,True,4
740,2,Harris,0,36,0,0,True,4
740,3,Harris,0,15,0,0,True,4
740,4,Harris,0,5,0,0,True,4
740,5,Harris,2,11,2,0,True,4
740,6,Harris,0,4,0,0,True,4
740,7,Harris,0,19,0,0,True,4
740,8,Harris,1,26,1,0,True,4
741,0,Harris,0,8,0,0,True,4
741,1,Harris,0,30,0,0,True,4
741,2,Harris,0,14,0,0,True,4
741,3,Harris,0,5,0,0,True,4
741,4,Harris,0,2,0,0,True,4
741,5,Harris,0,3,0,0,True,4
741,6,Harris,2,26,2,0,True,4
741,7,Harris,0,9,0,0,True,4
741,8,Harris,0,15,0,0,True,4
741,9,Harris,1,11,1,0,True,4
742,0,Harris,0,38,0,0,True,4
742,1,Harris,0,16,0,0,True,4
742,2,Harris,0,18,0,0,True,4
742,3,Harris,0,5,0,0,True,4
742,4,Harris,0,4,0,0,True,4
742,5,Harris,0,1,0,0,True,4
742,6,Harris,0,4,0,0,True,4
742,7,Harris,0,0,0,0,True,4
743,0,Harris,0,5,0,0,True,4
743,1,Harris,2,25,2,0,True,4
743,2,Harris,0,27,0,0,True,4
743,3,Harris,0,7,0,0,True,4
743,4,Harris,0,1,0,0,True,4
743,5,Harris,1,19,1,0,True,4
743,6,Harris,2,18,2,0,True,4
743,7,Harris,0,19,0,0,True,4
744,0,Harris,2,6,2,0,True,4
744,1,Harris,0,28,0,0,True,4
744,2,Harris,0,2,0,0,True,4
744,3,Harris,1,15,1,0,True,4
744,4,Harris,0,4,0,0,True,4
744,5,Harris,0,1,0,0,True,4
744,6,Harris,0,10,0,0,True,4
744,7,Harris,0,25,0,0,True,4
744,8,Harris,0,8,0,0,True,4
745,0,Harris,1,55,1,0,True,4
745,1,Harris,0,6,0,0,True,4
745,2,Harris,0,16,0,0,True,4
745,3,Harris,0,34,0,0,True,4
745,4,Harris,0,24,0,0,True,4
745,5,Harris,0,7,0,0,True,4
745,6,Harris,2,50,2,0,True,4
745,7,Harris,0,23,0,0,True,4
746,0,Harris,2,8,2,0,True,4
746,1,Harris,3,20,3,0,True,4
746,2,Harris,3,27,3,0,True,4
746,3,Harris,1,53,1,0,True,4
746,4,Harris,2,34,2,0,True,4
746,5,Harris,1,11,1,0,True,4
746,6,Harris,0,7,0,0,True,4
747,0,Harris,0,23,0,0,True,4
747,1,Harris,0,0,0,0,True,4
747,2,Harris,0,8,0,0,True,4
747,3,Harris,0,15,0,0,True,4
747,4,Harris,0,11,0,0,True,4
747,5,Harris,4,30,4,0,True,4
747,6,Harris,2,26,2,0,True,4
747,7,Harris,0,2,0,0,True,4
747,8,Harris,0,26,0,0,True,4
747,9,Harris,0,30,0,0,True,4
748,0,Harris,1,58,1,0,True,4
748,1,Harris,2,37,2,0,True,4
748,2,Harris,2,46,2,0,True,4
748,3,Harris,3,33,3,0,True,4
748,4,Harris,0,23,0,0,True,4
748,5,Harris,0,23,0,0,True,4
748,6,Harris,0,22,0,0,True,4
749,0,Harris,2,15,2,0,True,4
749,1,Harris,0,16,0,0,True,4
749,2,Harris,2,22,2,0,True,4
749,3,Harris,0,17,0,0,True,4
749,4,Harris,0,13,0,0,True,4
749,5,Harris,0,22,0,0,True,4
749,6,Harris,0,6,0,0,True,4
750,0,Harris,0,11,0,0,True,4
750,1,Harris,0,30,0,0,True,4
750,2,Harris,0,8,0,0,True,4
750,3,Harris,0,12,0,0,True,4
750,4,Harris,0,3,0,0,True,4
750,5,Harris,0,7,0,0,True,4
750,6,Harris,0,2,0,0,True,4
750,7,Harris,0,15,0,0,True,4
750,8,Harris,0,2,0,0,True,4
751,0,Harris,0,48,0,0,True,4
751,1,Harris,0,25,0,0,True,4
751,2,Harris,0,9,0,0,True,4
751,3,Harris,0,2,0,0,True,4
751,4,Harris,0,17,0,0,True,4
751,5,Harris,2,23,2,0,True,4
751,6,Harris,0,4,0,0,True,4
751,7,Harris,0,30,0,0,True,4
752,0,Harris,0,1,0,0,True,4
752,1,Harris,0,1,0,0,True,4
752,2,Harris,2,10,2,0,True,4
752,3,Harris,2,7,2,0,True,4
752,4,Harris,1,14,1,0,True,4
752,5,Harris,1,10,1,0,True,4
752,6,Harris,0,1,0,0,True,4
752,7,Harris,3,8,3,0,True,4
753,0,Harris,1,46,1,0,True,4
753,1,Harris,1,52,1,0,True,4
753,2,Harris,0,14,0,0,True,4
753,3,Harris,0,36,0,0,True,4
753,4,Harris,0,17,0,0,True,4
753,5,Harris,0,25,0,0,True,4
753,6,Harris,0,7,0,0,True,4
754,0,Harris,1,15,1,0,True,4
754,1,Harris,1,40,1,0,True,4
754,2,Harris,1,18,1,0,True,4
754,3,Harris,3,50,3,0,True,4
754,4,Harris,2,17,2,0,True,4
754,5,Harris,0,4,0,0,True,4
754,6,Harris,1,33,1,0,True,4
754,7,Harris,1,20,1,0,True,4
754,8,Harris,0,12,0,0,True,4
755,0,Harris,1,57,1,0,True,4
755,1,Harris,2,33,2,0,True,4
755,2,Harris,2,50,2,0,True,4
755,3,Harris,2,29,2,0,True,4
755,4,Harris,2,28,2,0,True,4
755,5,Harris,0,6,0,0,True,4
756,0,Harris,0,13,0,0,True,4
756,1,Harris,0,30,0,0,True,4
756,2,Harris,0,20,0,0,True,4
756,3,Harris,0,18,0,0,True,4
756,4,Harris,0,22,0,0,True,4
756,5,Harris,0,5,0,0,True,4
756,6,Harris,1,13,1,0,True,4
756,7,Harris,1,31,1,0,True,4
757,0,Harris,2,18,2,0,True,4
757,1,Harris,0,8,0,0,True,4
757,2,Harris,1,27,1,0,True,4
757,3,Harris,0,5,0,0,True,4
757,4,Harris,2,15,2,0,True,4
757,5,Harris,0,40,0,0,True,4
757,6,Harris,0,19,0,0,True,4
757,7,Harris,1,24,1,0,True,4
758,0,Harris,0,5,0,0,True,4
758,1,Harris,0,4,0,0,True,4
758,2,Harris,0,3,0,0,True,4
758,3,Harris,0,3,0,0,True,4
758,4,Harris,0,6,0,0,True,4
758,5,Harris,0,3,0,0,True,4
758,6,Harris,0,9,0,0,True,4
758,7,Harris,0,23,0,0,True,4
758,8,Harris,0,8,0,0,True,4
759,0,Harris,1,18,1,0,True,4
759,1,Harris,0,10,0,0,True,4
759,2,Harris,0,9,0,0,True,4
759,3,Harris,0,18,0,0,True,4
759,4,Harris,0,7,0,0,True,4
759,5,Harris,0,6,0,0,True,4
759,6,Harris,0,3,0,0,True,4
759,7,Harris,0,6,0,0,True,4
760,0,Harris,0,43,0,0,True,4
760,1,Harris,0,9,0,0,True,4
760,2,Harris,0,13,0,0,True,4
760,3,Harris,0,3,0,0,True,4
760,4,Harris,0,3,0,0,True,4
760,5,Harris,2,29,2,0,True,4
760,6,Harris,0,18,0,0,True,4
760,7,Harris,0,5,0,0,True,4
761,0,Harris,0,51,0,0,True,4
761,1,Harris,1,58,1,0,True,4
761,2,Harris,0,53,0,0,True,4
761,3,Harris,0,1,0,0,True,4
761,4,Harris,0,48,0,0,True,4
761,5,Harris,0,23,0,0,True,4
761,6,Harris,1,24,1,0,True,4
761,7,Harris,0,8,0,0,True,4
762,0,Harris,1,10,1,0,True,4
762,1,Harris,0,0,0,0,True,4
762,2,Harris,1,9,1,0,True,4
762,3,Harris,0,26,0,0,True,4
762,4,Harris,0,9,0,0,True,4
762,5,Harris,0,44,0,0,True,4
762,6,Harris,2,40,2,0,True,4
762,7,Harris,0,21,0,0,True,4
763,0,Harris,1,42,1,0,True,4
763,1,Harris,0,13,0,0,True,4
763,2,Harris,1,22,1,0,True,4
763,3,Harris,0,11,0,0,True,4
763,4,Harris,0,5,0,0,True,4
763,5,Harris,2,23,2,0,True,4
763,6,Harris,0,0,0,0,True,4
764,0,Harris,1,22,1,0,True,4
764,1,Harris,0,5,0,0,True,4
764,2,Harris,1,20,1,0,True,4
764,3,Harris,2,44,2,0,True,4
764,4,Harris,0,4,0,0,True,4
764,5,Harris,1,18,1,0,True,4
764,6,Harris,2,11,2,0,True,4
765,0,Harris,0,17,0,0,True,4
765,1,Harris,1,55,1,0,True,4
765,2,Harris,0,26,0,0,True,4
765,3,Harris,0,9,0,0,True,4
765,4,Harris,1,40,1,0,True,4
765,5,Harris,2,48,2,0,True,4
765,6,Harris,0,19,0,0,True,4
765,7,Harris,0,12,0,0,True,4
765,8,Harris,0,17,0,0,True,4
766,0,Harris,0,6,0,0,True,4
766,1,Harris,0,0,0,0,True,4
766,2,Harris,0,21,0,0,True,4
766,3,Harris,1,4,1,0,True,4
766,4,Harris,0,27,0,0,True,4
766,5,Harris,2,50,2,0,True,4
767,0,Harris,0,7,0,0,True,4
767,1,Harris,0,19,0,0,True,4
767,2,Harris,0,13,0,0,True,4
767,3,Harris,1,21,1,0,True,4
767,4,Harris,2,17,2,0,True,4
767,5,Harris,0,10,0,0,True,4
767,6,Harris,0,13,0,0,True,4
767,7,Harris,0,17,0,0,True,4
767,8,Harris,0,13,0,0,True,4
768,0,Harris,0,6,0,0,True,4
768,1,Harris,0,9,0,0,True,4
768,2,Harris,0,9,0,0,True,4
768,3,Harris,0,4,0,0,True,4
768,4,Harris,2,4,2,0,True,4
768,5,Harris,0,8,0,0,True,4
769,0,Harris,1,33,1,0,True,4
769,1,Harris,0,10,0,0,True,4
769,2,Harris,0,11,0,0,True,4
769,3,Harris,2,24,2,0,True,4
769,4,Harris,2,11,2,0,True,4
769,5,Harris,1,35,1,0,True,4
769,6,Harris,0,26,0,0,True,4
769,7,Harris,0,6,0,0,True,4
769,8,Harris,1,57,1,0,True,4
770,0,Harris,0,7,0,0,True,4
770,1,Harris,0,18,0,0,True,4
770,2,Harris,1,21,1,0,True,4
770,3,Harris,0,2,0,0,True,4
770,4,Harris,0,9,0,0,True,4
770,5,Harris,0,24,0,0,True,4
770,6,Harris,0,6,0,0,True,4
770,7,Harris,0,12,0,0,True,4
771,0,Harris,0,7,0,0,True,4
771,1,Harris,0,25,0,0,True,4
771,2,Harris,0,5,0,0,True,4
771,3,Harris,0,17,0,0,True,4
771,4,Harris,2,41,2,0,True,4
771,5,Harris,0,22,0,0,True,4
771,6,Harris,3,14,3,0,True,4
771,7,Harris,0,3,0,0,True,4
771,8,Harris,0,6,0,0,True,4
772,0,Harris,0,52,0,0,True,4
772,1,Harris,0,9,0,0,True,4
772,2,Harris,0,48,0,0,True,4
772,3,Harris,2,33,2,0,True,4
772,4,Harris,0,42,0,0,True,4
772,5,Harris,0,23,0,0,True,4
772,6,Harris,0,15,0,0,True,4
772,7,Harris,2,53,2,0,True,4
772,8,Harris,0,11,0,0,True,4
772,9,Harris,0,9,0,0,True,4
773,0,Harris,0,20,0,0,True,4
773,1,Harris,0,22,0,0,True,4
773,2,Harris,0,27,0,0,True,4
773,3,Harris,0,17,0,0,True,4
773,4,Harris,0,8,0,0,True,4
773,5,Harris,0,23,0,0,True,4
773,6,Harris,0,8,0,0,True,4
773,7,Harris,3,41,3,0,True,4
773,8,Harris,0,5,0,0,True,4
774,0,Harris,0,1,0,0,True,4
774,1,Harris,0,13,0,0,True,4
774,2,Harris,0,15,0,0,True,4
774,3,Harris,0,17,0,0,True,4
774,4,Harris,0,19,0,0,True,4
774,5,Harris,0,16,0,0,True,4
774,6,Harris,0,12,0,0,True,4
774,7,Harris,0,2,0,0,True,4
774,8,Harris,0,3,0,0,True,4
775,0,Harris,0,42,0,0,True,4
775,1,Harris,0,12,0,0,True,4
775,2,Harris,1,21,1,0,True,4
775,3,Harris,0,15,0,0,True,4
775,4,Harris,0,23,0,0,True,4
775,5,Harris,0,8,0,0,True,4
775,6,Harris,0,2,0,0,True,4
775,7,Harris,0,3,0,0,True,4
775,8,Harris,0,24,0,0,True,4
776,0,Harris,0,23,0,0,True,4
776,1,Harris,1,16,1,0,True,4
776,2,Harris,0,13,0,0,True,4
776,3,Harris,0,21,0,0,True,4
776,4,Harris,0,15,0,0,True,4
776,5,Harris,0,18,0,0,True,4
776,6,Harris,0,16,0,0,True,4
776,7,Harris,0,37,0,0,True,4
777,0,Harris,1,23,1,0,True,4
777,1,Harris,0,10,0,0,True,4
777,2,Harris,0,33,0,0,True,4
777,3,Harris,0,7,0,0,True,4
777,4,Harris,1,20,1,0,True,4
777,5,Harris,0,6,0,0,True,4
777,6,Harris,0,25,0,0,True,4
777,7,Harris,0,5,0,0,True,4
778,0,Harris,1,9,1,0,True,4
778,1,Harris,0,12,0,0,True,4
778,2,Harris,0,2,0,0,True,4
778,3,Harris,2,29,2,0,True,4
778,4,Harris,0,20,0,0,True,4
778,5,Harris,0,2,0,0,True,4
779,0,Harris,1,46,1,0,True,4
779,1,Harris,1,11,1,0,True,4
779,2,Harris,2,44,2,0,True,4
779,3,Harris,2,51,2,0,True,4
779,4,Harris,2,48,2,0,True,4
779,5,Harris,2,33,2,0,True,4
779,6,Harris,2,24,2,0,True,4
779,7,Harris,4,49,4,0,True,4
780,0,Harris,0,4,0,0,True,4
780,1,Harris,0,5,0,0,True,4
780,2,Harris,0,2,0,0,True,4
780,3,Harris,0,32,0,0,True,4
780,4,Harris,0,30,0,0,True,4
780,5,Harris,0,20,0,0,True,4
780,6,Harris,0,13,0,0,True,4
780,7,Harris,5,45,5,0,True,4
780,8,Harris,0,23,0,0,True,4
781,0,Harris,0,5,0,0,True,4
781,1,Harris,0,9,0,0,True,4
781,2,Harris,0,30,0,0,True,4
781,3,Harris,0,12,0,0,True,4
781,4,Harris,0,24,0,0,True,4
781,5,Harris,0,15,0,0,True,4
781,6,Harris,1,23,1,0,True,4
781,7,Harris,0,3,0,0,True,4
782,0,Harris,2,24,2,0,True,4
782,1,Harris,1,27,1,0,True,4
782,2,Harris,1,14,1,0,True,4
782,3,Harris,1,42,1,0,True,4
782,4,Harris,1,1,1,0,True,4
782,5,Harris,1,28,1,0,True,4
782,6,Harris,0,10,0,0,True,4
782,7,Harris,1,16,1,0,True,4
783,0,Harris,0,1,0,0,True,4
783,1,Harris,0,21,0,0,True,4
783,2,Harris,0,20,0,0,True,4
783,3,Harris,2,26,2,0,True,4
783,4,Harris,1,27,1,0,True,4
783,5,Harris,0,20,0,0,True,4
783,6,Harris,1,16,1,0,True,4
783,7,Harris,0,5,0,0,True,4
784,0,Harris,0,5,0,0,True,4
784,1,Harris,3,38,3,0,True,4
784,2,Harris,0,25,0,0,True,4
784,3,Harris,2,36,2,0,True,4
784,4,Harris,0,13,0,0,True,4
784,5,Harris,2,16,2,0,True,4
784,6,Harris,0,5,0,0,True,4
785,0,Harris,0,6,0,0,True,4
785,1,Harris,0,13,0,0,True,4
785,2,Harris,0,4,0,0,True,4
785,3,Harris,0,6,0,0,True,4
785,4,Harris,0,8,0,0,True,4
785,5,Harris,1,9,1,0,True,4
785,6,Harris,1,5,1,0,True,4
785,7,Harris,2,12,2,0,True,4
786,0,Harris,0,3,0,0,True,4
786,1,Harris,0,19,0,0,True,4
786,2,Harris,0,11,0,0,True,4
786,3,Harris,0,41,0,0,True,4
786,4,Harris,2,45,2,0,True,4
786,5,Harris,0,17,0,0,True,4
786,6,Harris,0,24,0,0,True,4
786,7,Harris,0,48,0,0,True,4
787,0,Harris,1,53,1,0,True,4
787,1,Harris,1,10,1,0,True,4
787,2,Harris,2,51,2,0,True,4
787,3,Harris,0,1,0,0,True,4
787,4,Harris,0,4,0,0,True,4
787,5,Harris,0,13,0,0,True,4
787,6,Harris,0,16,0,0,True,4
788,0,Harris,0,12,0,0,True,4
788,1,Harris,2,37,2,0,True,4
788,2,Harris,0,15,0,0,True,4
788,3,Harris,0,4,0,0,True,4
788,4,Harris,0,18,0,0,True,4
788,5,Harris,1,9,1,0,True,4
788,6,Harris,0,20,0,0,True,4
788,7,Harris,0,13,0,0,True,4
788,8,Harris,0,16,0,0,True,4
789,0,Harris,2,2,2,0,True,4
789,1,Harris,2,22,2,0,True,4
789,2,Harris,0,56,0,0,True,4
789,3,Harris,1,50,1,0,True,4
789,4,Harris,3,57,3,0,True,4
789,5,Harris,2,31,2,0,True,4
789,6,Harris,2,15,2,0,True,4
790,0,Harris,2,9,2,0,True,4
790,1,Harris,0,10,0,0,True,4
790,2,Harris,1,24,1,0,True,4
790,3,Harris,1,56,1,0,True,4
790,4,Harris,2,20,2,0,True,4
790,5,Harris,2,13,2,0,True,4
790,6,Harris,0,15,0,0,True,4
790,7,Harris,0,19,0,0,True,4
790,8,Harris,1,30,1,0,True,4
791,0,Harris,0,48,0,0,True,4
791,1,Harris,0,50,0,0,True,4
791,2,Harris,0,37,0,0,True,4
791,3,Harris,0,36,0,0,True,4
791,4,Harris,0,23,0,0,True,4
791,5,Harris,0,16,0,0,True,4
791,6,Harris,1,40,1,0,True,4
792,0,Harris,0,14,0,0,True,4
792,1,Harris,0,0,0,0,True,4
792,2,Harris,0,13,0,0,True,4
792,3,Harris,0,10,0,0,True,4
792,4,Harris,0,22,0,0,True,4
792,5,Harris,0,35,0,0,True,4
793,0,Harris,1,53,1,0,True,4
793,1,Harris,2,17,2,0,True,4
793,2,Harris,4,50,4,0,True,4
793,3,Harris,2,43,2,0,True,4
793,4,Harris,2,49,2,0,True,4
793,5,Harris,4,42,4,0,True,4
793,6,Harris,4,52,4,0,True,4
793,7,Harris,2,43,2,0,True,4
794,0,Harris,0,0,0,0,True,4
794,1,Harris,0,38,0,0,True,4
794,2,Harris,0,10,0,0,True,4
794,3,Harris,0,14,0,0,True,4
794,4,Harris,3,44,3,0,True,4
794,5,Harris,0,21,0,0,True,4
794,6,Harris,0,5,0,0,True,4
794,7,Harris,0,5,0,0,True,4
794,8,Harris,0,5,0,0,True,4
795,0,Harris,2,15,2,0,True,4
795,1,Harris,1,9,1,0,True,4
795,2,Harris,0,39,0,0,True,4
795,3,Harris,0,27,0,0,True,4
795,4,Harris,0,2,0,0,True,4
795,5,Harris,1,3,1,0,True,4
795,6,Harris,2,31,2,0,True,4
796,0,Harris,0,3,0,0,True,4
796,1,Harris,0,14,0,0,True,4
796,2,Harris,0,35,0,0,True,4
796,3,Harris,0,5,0,0,True,4
796,4,Harris,0,22,0,0,True,4
796,5,Harris,0,39,0,0,True,4
796,6,Harris,0,3,0,0,True,4
796,7,Harris,0,7,0,0,True,4
796,8,Harris,0,14,0,0,True,4
797,0,Harris,1,21,1,0,True,4
797,1,Harris,0,3,0,0,True,4
797,2,Harris,2,12,2,0,True,4
797,3,Harris,0,19,0,0,True,4
797,4,Harris,2,7,2,0,True,4
797,5,Harris,3,49,3,0,True,4
797,6,Harris,0,9,0,0,True,4
797,7,Harris,0,8,0,0,True,4
797,8,Harris,0,13,0,0,True,4
798,0,Harris,1,9,1,0,True,4
798,1,Harris,1,43,1,0,True,4
798,2,Harris,1,9,1,0,True,4
798,3,Harris,1,9,1,0,True,4
798,4,Harris,0,7,0,0,True,4
798,5,Harris,0,14,0,0,True,4
798,6,Harris,1,14,1,0,True,4
798,7,Harris,2,11,2,0,True,4
799,0,Harris,2,41,2,0,True,4
799,1,Harris,0,22,0,0,True,4
799,2,Harris,1,9,1,0,True,4
799,3,Harris,0,21,0,0,True,4
799,4,Harris,1,9,1,0,True,4
799,5,Harris,0,9,0,0,True,4
799,6,Harris,0,19,0,0,True,4
800,0,Harris,0,20,0,0,True,4
800,1,Harris,0,17,0,0,True,4
800,2,Harris,0,5,0,0,True,4
800,3,Harris,1,3,1,0,True,4
800,4,Harris,0,10,0,0,True,4
800,5,Harris,0,20,0,0,True,4
800,6,Harris,1,17,1,0,True,4
800,7,Harris,0,9,0,0,True,4
800,8,Harris,0,11,0,0,True,4
800,9,Harris,0,16,0,0,True,4
801,0,Harris,0,7,0,0,True,4
801,1,Harris,0,30,0,0,True,4
801,2,Harris,0,4,0,0,True,4
801,3,Harris,0,3,0,0,True,4
801,4,Harris,0,14,0,0,True,4
801,5,Harris,0,8,0,0,True,4
801,6,Harris,0,4,0,0,True,4
801,7,Harris,0,1,0,0,True,4
801,8,Harris,0,13,0,0,True,4
801,9,Harris,0,33,0,0,True,4
802,0,Harris,1,58,1,0,True,4
802,1,Harris,2,28,2,0,True,4
802,2,Harris,0,12,0,0,True,4
802,3,Harris,2,6,2,0,True,4
802,4,Harris,0,2,0,0,True,4
802,5,Harris,1,17,1,0,True,4
803,0,Harris,1,25,1,0,True,4
803,1,Harris,2,32,2,0,True,4
803,2,Harris,2,50,2,0,True,4
803,3,Harris,2,45,2,0,True,4
803,4,Harris,2,10,2,0,True,4
803,5,Harris,2,15,2,0,True,4
803,6,Harris,2,39,2,0,True,4
804,0,Harris,2,30,2,0,True,4
804,1,Harris,0,6,0,0,True,4
804,2,Harris,0,55,0,0,True,4
804,3,Harris,0,10,0,0,True,4
804,4,Harris,0,23,0,0,True,4
804,5,Harris,0,27,0,0,True,4
804,6,Harris,0,18,0,0,True,4
804,7,Harris,0,22,0,0,True,4
804,8,Harris,2,25,2,0,True,4
805,0,Harris,0,10,0,0,True,4
805,1,Harris,0,30,0,0,True,4
805,2,Harris,1,41,1,0,True,4
805,3,Harris,0,27,0,0,True,4
805,4,Harris,0,3,0,0,True,4
805,5,Harris,0,8,0,0,True,4
805,6,Harris,0,18,0,0,True,4
806,0,Harris,0,11,0,0,True,4
806,1,Harris,0,4,0,0,True,4
806,2,Harris,1,49,1,0,True,4
806,3,Harris,1,39,1,0,True,4
806,4,Harris,1,19,1,0,True,4
806,5,Harris,1,32,1,0,True,4
806,6,Harris,0,2,0,0,True,4
807,0,Harris,0,8,0,0,True,4
807,1,Harris,0,26,0,0,True,4
807,2,Harris,0,25,0,0,True,4
807,3,Harris,0,8,0,0,True,4
807,4,Harris,0,31,0,0,True,4
807,5,Harris,1,6,1,0,True,4
807,6,Harris,0,6,0,0,True,4
807,7,Harris,1,22,1,0,True,4
808,0,Harris,0,13,0,0,True,4
808,1,Harris,0,21,0,0,True,4
808,2,Harris,0,11,0,0,True,4
808,3,Harris,0,15,0,0,True,4
808,4,Harris,0,27,0,0,True,4
808,5,Harris,0,12,0,0,True,4
808,6,Harris,0,7,0,0,True,4
808,7,Harris,0,18,0,0,True,4
808,8,Harris,0,22,0,0,True,4
809,0,Harris,1,13,1,0,True,4
809,1,Harris,1,28,1,0,True,4
809,2,Harris,3,29,3,0,True,4
809,3,Harris,2,36,2,0,True,4
809,4,Harris,4,49,4,0,True,4
809,5,Harris,2,31,2,0,True,4
809,6,Harris,0,10,0,0,True,4
809,7,Harris,0,7,0,0,True,4
810,0,Harris,1,40,1,0,True,4
810,1,Harris,0,24,0,0,True,4
810,2,Harris,1,49,1,0,True,4
810,3,Harris,0,5,0,0,True,4
810,4,Harris,0,16,0,0,True,4
810,5,Harris,0,0,0,0,True,4
810,6,Harris,0,49,0,0,True,4
810,7,Harris,0,24,0,0,True,4
811,0,Harris,1,24,1,0,True,4
811,1,Harris,1,47,1,0,True,4
811,2,Harris,0,33,0,0,True,4
811,3,Harris,0,10,0,0,True,4
811,4,Harris,0,24,0,0,True,4
811,5,Harris,1,32,1,0,True,4
811,6,Harris,2,35,2,0,True,4
811,7,Harris,1,50,1,0,True,4
811,8,Harris,1,18,1,0,True,4
812,0,Harris,0,7,0,0,True,4
812,1,Harris,1,44,1,0,True,4
812,2,Harris,2,12,2,0,True,4
812,3,Harris,0,23,0,0,True,4
812,4,Harris,2,13,2,0,True,4
813,0,Harris,3,22,3,0,True,4
813,1,Harris,0,18,0,0,True,4
813,2,Harris,0,4,0,0,True,4
813,3,Harris,0,11,0,0,True,4
813,4,Harris,0,14,0,0,True,4
813,5,Harris,1,2,1,0,True,4
813,6,Harris,0,5,0,0,True,4
813,7,Harris,0,5,0,0,True,4
813,8,Harris,0,4,0,0,True,4
813,9,Harris,0,22,0,0,True,4
814,0,Harris,2,21,2,0,True,4
814,1,Harris,0,55,0,0,True,4
814,2,Harris,0,14,0,0,True,4
814,3,Harris,0,21,0,0,True,4
814,4,Harris,0,29,0,0,True,4
814,5,Harris,0,11,0,0,True,4
814,6,Harris,0,15,0,0,True,4
814,7,Harris,0,7,0,0,True,4
815,0,Harris,0,4,0,0,True,4
815,1,Harris,0,9,0,0,True,4
815,2,Harris,2,13,2,0,True,4
815,3,Harris,2,30,2,0,True,4
815,4,Harris,0,7,0,0,True,4
815,5,Harris,0,7,0,0,True,4
815,6,Harris,0,5,0,0,True,4
815,7,Harris,0,7,0,0,True,4
816,0,Harris,2,17,2,0,True,4
816,1,Harris,0,10,0,0,True,4
816,2,Harris,1,8,1,0,True,4
816,3,Harris,1,32,1,0,True,4
816,4,Harris,1,11,1,0,True,4
816,5,Harris,1,23,1,0,True,4
816,6,Harris,1,2,1,0,True,4
817,0,Harris,4,39,4,0,True,4
817,1,Harris,4,33,4,0,True,4
817,2,Harris,2,49,2,0,True,4
817,3,Harris,4,35,4,0,True,4
817,4,Harris,1,11,1,0,True,4
817,5,Harris,2,15,2,0,True,4
817,6,Harris,2,20,2,0,True,4
817,7,Harris,2,17,2,0,True,4
818,0,Harris,0,10,0,0,True,4
818,1,Harris,0,15,0,0,True,4
818,2,Harris,0,14,0,0,True,4
818,3,Harris,3,52,3,0,True,4
818,4,Harris,0,6,0,0,True,4
818,5,Harris,0,25,0,0,True,4
818,6,Harris,0,18,0,0,True,4
819,0,Harris,0,30,0,0,True,4
819,1,Harris,0,17,0,0,True,4
819,2,Harris,0,5,0,0,True,4
819,3,Harris,0,3,0,0,True,4
819,4,Harris,0,15,0,0,True,4
819,5,Harris,0,29,0,0,True,4
819,6,Harris,0,25,0,0,True,4
819,7,Harris,0,3,0,0,True,4
819,8,Harris,0,63,0,0,True,4
820,0,Harris,2,19,2,0,True,4
820,1,Harris,2,36,2,0,True,4
820,2,Harris,3,11,3,0,True,4
820,3,Harris,0,6,0,0,True,4
820,4,Harris,0,7,0,0,True,4
820,5,Harris,0,22,0,0,True,4
820,6,Harris,0,24,0,0,True,4
820,7,Harris,2,14,2,0,True,4
821,0,Harris,0,20,0,0,True,4
821,1,Harris,0,45,0,0,True,4
821,2,Harris,0,16,0,0,True,4
821,3,Harris,0,9,0,0,True,4
821,4,Harris,0,36,0,0,True,4
821,5,Harris,0,2,0,0,True,4
821,6,Harris,0,8,0,0,True,4
821,7,Harris,0,15,0,0,True,4
821,8,Harris,0,27,0,0,True,4
821,9,Harris,2,34,2,0,True,4
822,0,Harris,0,15,0,0,True,4
822,1,Harris,0,7,0,0,True,4
822,2,Harris,0,6,0,0,True,4
822,3,Harris,0,2,0,0,True,4
822,4,Harris,0,1,0,0,True,4
822,5,Harris,0,47,0,0,True,4
822,6,Harris,0,58,0,0,True,4
822,7,Harris,1,11,1,0,True,4
822,8,Harris,0,6,0,0,True,4
823,0,Harris,0,7,0,0,True,4
823,1,Harris,0,34,0,0,True,4
823,2,Harris,0,41,0,0,True,4
823,3,Harris,1,9,1,0,True,4
823,4,Harris,2,10,2,0,True,4
823,5,Harris,0,50,0,0,True,4
823,6,Harris,0,18,0,0,True,4
823,7,Harris,0,48,0,0,True,4
823,8,Harris,0,39,0,0,True,4
824,0,Harris,2,8,2,0,True,4
824,1,Harris,0,6,0,0,True,4
824,2,Harris,1,27,1,0,True,4
824,3,Harris,2,11,2,0,True,4
824,4,Harris,0,15,0,0,True,4
824,5,Harris,1,8,1,0,True,4
824,6,Harris,1,16,1,0,True,4
825,0,Harris,0,23,0,0,True,4
825,1,Harris,0,26,0,0,True,4
825,2,Harris,0,1,0,0,True,4
825,3,Harris,1,46,1,0,True,4
825,4,Harris,0,8,0,0,True,4
825,5,Harris,0,14,0,0,True,4
825,6,Harris,2,50,2,0,True,4
825,7,Harris,0,0,0,0,True,4
826,0,Harris,1,9,1,0,True,4
826,1,Harris,0,6,0,0,True,4
826,2,Harris,0,11,0,0,True,4
826,3,Harris,0,37,0,0,True,4
826,4,Harris,0,17,0,0,True,4
826,5,Harris,0,12,0,0,True,4
826,6,Harris,0,9,0,0,True,4
827,0,Harris,0,21,0,0,True,4
827,1,Harris,0,52,0,0,True,4
827,2,Harris,0,14,0,0,True,4
827,3,Harris,0,13,0,0,True,4
827,4,Harris,0,28,0,0,True,4
827,5,Harris,0,12,0,0,True,4
827,6,Harris,2,25,2,0,True,4
827,7,Harris,2,40,2,0,True,4
827,8,Harris,0,1,0,0,True,4
828,0,Harris,0,4,0,0,True,4
828,1,Harris,0,1,0,0,True,4
828,2,Harris,3,26,3,0,True,4
828,3,Harris,0,53,0,0,True,4
828,4,Harris,2,31,2,0,True,4
828,5,Harris,0,47,0,0,True,4
828,6,Harris,5,32,5,0,True,4
828,7,Harris,1,46,1,0,True,4
829,0,Harris,0,21,0,0,True,4
829,1,Harris,0,13,0,0,True,4
829,2,Harris,0,40,0,0,True,4
829,3,Harris,2,33,2,0,True,4
829,4,Harris,0,15,0,0,True,4
829,5,Harris,0,4,0,0,True,4
830,0,Harris,0,3,0,0,True,4
830,1,Harris,0,6,0,0,True,4
830,2,Harris,0,1,0,0,True,4
830,3,Harris,0,18,0,0,True,4
830,4,Harris,0,12,0,0,True,4
830,5,Harris,1,41,1,0,True,4
830,6,Harris,0,8,0,0,True,4
830,7,Harris,1,53,1,0,True,4
830,8,Harris,0,14,0,0,True,4
831,0,Harris,0,14,0,0,True,4
831,1,Harris,0,36,0,0,True,4
831,2,Harris,0,23,0,0,True,4
831,3,Harris,0,19,0,0,True,4
831,4,Harris,1,37,1,0,True,4
831,5,Harris,1,18,1,0,True,4
831,6,Harris,0,10,0,0,True,4
831,7,Harris,0,8,0,0,True,4
832,0,Harris,0,29,0,0,True,4
832,1,Harris,0,13,0,0,True,4
832,2,Harris,0,10,0,0,True,4
832,3,Harris,0,14,0,0,True,4
832,4,Harris,0,8,0,0,True,4
832,5,Harris,0,9,0,0,True,4
832,6,Harris,2,6,2,0,True,4
832,7,Harris,0,12,0,0,True,4
832,8,Harris,0,18,0,0,True,4
833,0,Harris,0,23,0,0,True,4
833,1,Harris,0,8,0,0,True,4
833,2,Harris,0,15,0,0,True,4
833,3,Harris,0,20,0,0,True,4
833,4,Harris,2,9,2,0,True,4
833,5,Harris,0,7,0,0,True,4
833,6,Harris,1,6,1,0,True,4
834,0,Harris,0,11,0,0,True,4
834,1,Harris,0,11,0,0,True,4
834,2,Harris,0,3,0,0,True,4
834,3,Harris,0,1,0,0,True,4
834,4,Harris,0,16,0,0,True,4
834,5,Harris,0,6,0,0,True,4
834,6,Harris,0,6,0,0,True,4
835,0,Harris,0,20,0,0,True,4
835,1,Harris,0,17,0,0,True,4
835,2,Harris,0,20,0,0,True,4
835,3,Harris,0,28,0,0,True,4
835,4,Harris,0,15,0,0,True,4
835,5,Harris,0,4,0,0,True,4
835,6,Harris,0,13,0,0,True,4
835,7,Harris,0,11,0,0,True,4
835,8,Harris,0,30,0,0,True,4
836,0,Harris,0,1,0,0,True,4
836,1,Harris,1,38,1,0,True,4
836,2,Harris,0,10,0,0,True,4
836,3,Harris,0,25,0,0,True,4
836,4,Harris,0,5,0,0,True,4
836,5,Harris,4,55,4,0,True,4
836,6,Harris,0,14,0,0,True,4
837,0,Harris,0,4,0,0,True,4
837,1,Harris,0,6,0,0,True,4
837,2,Harris,0,23,0,0,True,4
837,3,Harris,1,53,1,0,True,4
837,4,Harris,1,16,1,0,True,4
837,5,Harris,3,53,3,0,True,4
837,6,Harris,2,51,2,0,True,4
837,7,Harris,0,5,0,0,True,4
838,0,Harris,0,1,0,0,True,4
838,1,Harris,3,35,3,0,True,4
838,2,Harris,1,58,1,0,True,4
838,3,Harris,2,42,2,0,True,4
838,4,Harris,0,2,0,0,True,4
838,5,Harris,0,50,0,0,True,4
838,6,Harris,0,50,0,0,True,4
839,0,Harris,4,41,4,0,True,4
839,1,Harris,1,6,1,0,True,4
839,2,Harris,2,46,2,0,True,4
839,3,Harris,1,35,1,0,True,4
839,4,Harris,1,31,1,0,True,4
839,5,Harris,2,39,2,0,True,4
839,6,Harris,1,54,1,0,True,4
839,7,Harris,1,63,1,0,True,4
840,0,Harris,1,49,1,0,True,4
840,1,Harris,0,18,0,0,True,4
840,2,Harris,0,55,0,0,True,4
840,3,Harris,0,57,0,0,True,4
840,4,Harris,2,50,2,0,True,4
840,5,Harris,2,58,2,0,True,4
840,6,Harris,0,25,0,0,True,4
841,0,Harris,3,35,3,0,True,4
841,1,Harris,1,5,1,0,True,4
841,2,Harris,2,36,2,0,True,4
841,3,Harris,0,4,0,0,True,4
841,4,Harris,2,50,2,0,True,4
842,0,Harris,0,20,0,0,True,4
842,1,Harris,0,9,0,0,True,4
842,2,Harris,2,42,2,0,True,4
842,3,Harris,0,21,0,0,True,4
842,4,Harris,0,2,0,0,True,4
842,5,Harris,0,11,0,0,True,4
842,6,Harris,0,20,0,0,True,4
842,7,Harris,0,16,0,0,True,4
843,0,Harris,0,27,0,0,True,4
843,1,Harris,3,34,3,0,True,4
843,2,Harris,0,52,0,0,True,4
843,3,Harris,0,4,0,0,True,4
843,4,Harris,0,23,0,0,True,4
843,5,Harris,0,3,0,0,True,4
843,6,Harris,0,25,0,0,True,4
843,7,Harris,0,0,0,0,True,4
844,0,Harris,0,23,0,0,True,4
844,1,Harris,0,7,0,0,True,4
844,2,Harris,0,16,0,0,True,4
844,3,Harris,0,16,0,0,True,4
844,4,Harris,0,12,0,0,True,4
844,5,Harris,0,13,0,0,True,4
844,6,Harris,0,2,0,0,True,4
844,7,Harris,0,12,0,0,True,4
844,8,Harris,0,13,0,0,True,4
845,0,Harris,2,14,2,0,True,4
845,1,Harris,0,13,0,0,True,4
845,2,Harris,0,28,0,0,True,4
845,3,Harris,0,1,0,0,True,4
845,4,Harris,1,43,1,0,True,4
845,5,Harris,1,52,1,0,True,4
845,6,Harris,1,19,1,0,True,4
846,0,Harris,2,3,2,0,True,4
846,1,Harris,2,18,2,0,True,4
846,2,Harris,1,21,1,0,True,4
846,3,Harris,2,12,2,0,True,4
846,4,Harris,2,15,2,0,True,4
846,5,Harris,2,50,2,0,True,4
846,6,Harris,4,46,4,0,True,4
847,0,Harris,2,17,2,0,True,4
847,1,Harris,2,37,2,0,True,4
847,2,Harris,1,39,1,0,True,4
847,3,Harris,4,42,4,0,True,4
847,4,Harris,3,37,3,0,True,4
847,5,Harris,2,41,2,0,True,4
847,6,Harris,1,8,1,0,True,4
848,0,Harris,1,19,1,0,True,4
848,1,Harris,2,37,2,0,True,4
848,2,Harris,4,20,4,0,True,4
848,3,Harris,1,24,1,0,True,4
848,4,Harris,2,2,2,0,True,4
848,5,Harris,1,17,1,0,True,4
848,6,Harris,2,22,2,0,True,4
849,0,Harris,2,18,2,0,True,4
849,1,Harris,2,11,2,0,True,4
849,2,Harris,1,16,1,0,True,4
849,3,Harris,3,56,3,0,True,4
849,4,Harris,2,6,2,0,True,4
849,5,Harris,2,49,2,0,True,4
849,6,Harris,3,54,3,0,True,4
849,7,Harris,3,56,3,0,True,4
849,8,Harris,2,18,2,0,True,4
850,0,Harris,4,29,4,0,True,4
850,1,Harris,2,36,2,0,True,4
850,2,Harris,2,32,2,0,True,4
850,3,Harris,2,38,2,0,True,4
850,4,Harris,3,12,3,0,True,4
850,5,Harris,3,42,3,0,True,4
850,6,Harris,2,48,2,0,True,4
850,7,Harris,1,35,1,0,True,4
851,0,Harris,2,2,2,0,True,4
851,1,Harris,1,13,1,0,True,4
851,2,Harris,2,5,2,0,True,4
851,3,Harris,2,4,2,0,True,4
851,4,Harris,2,2,2,0,True,4
851,5,Harris,2,1,1,1,False,4
851,6,Harris,2,7,2,0,True,4
851,7,Harris,2,4,2,0,True,4
852,0,Harris,1,28,1,0,True,4
852,1,Harris,0,15,0,0,True,4
852,2,Harris,0,6,0,0,True,4
852,3,Harris,0,4,0,0,True,4
852,4,Harris,4,49,4,0,True,4
852,5,Harris,2,58,2,0,True,4
852,6,Harris,0,6,0,0,True,4
853,0,Harris,1,0,0,1,False,4
853,1,Harris,4,31,4,0,True,4
853,2,Harris,2,5,2,0,True,4
853,3,Harris,2,10,2,0,True,4
853,4,Harris,3,22,3,0,True,4
853,5,Harris,6,11,6,0,True,4
854,0,Harris,0,6,0,0,True,4
854,1,Harris,2,5,2,0,True,4
854,2,Harris,0,26,0,0,True,4
854,3,Harris,2,25,2,0,True,4
854,4,Harris,0,17,0,0,True,4
854,5,Harris,0,29,0,0,True,4
855,0,Harris,2,7,2,0,True,4
855,1,Harris,2,35,2,0,True,4
855,2,Harris,2,29,2,0,True,4
855,3,Harris,2,49,2,0,True,4
855,4,Harris,1,55,1,0,True,4
855,5,Harris,3,45,3,0,True,4
855,6,Harris,5,37,5,0,True,4
855,7,Harris,3,29,3,0,True,4
855,8,Harris,0,3,0,0,True,4
856,0,Harris,2,31,2,0,True,4
856,1,Harris,1,14,1,0,True,4
856,2,Harris,2,50,2,0,True,4
856,3,Harris,1,21,1,0,True,4
856,4,Harris,1,29,1,0,True,4
856,5,Harris,1,15,1,0,True,4
856,6,Harris,1,16,1,0,True,4
857,0,Harris,0,7,0,0,True,4
857,1,Harris,1,20,1,0,True,4
857,2,Harris,1,14,1,0,True,4
857,3,Harris,1,24,1,0,True,4
857,4,Harris,1,17,1,0,True,4
857,5,Harris,2,30,2,0,True,4
857,6,Harris,2,10,2,0,True,4
858,0,Harris,0,10,0,0,True,4
858,1,Harris,2,11,2,0,True,4
858,2,Harris,1,32,1,0,True,4
858,3,Harris,1,11,1,0,True,4
858,4,Harris,2,50,2,0,True,4
858,5,Harris,0,5,0,0,True,4
858,6,Harris,0,11,0,0,True,4
858,7,Harris,0,17,0,0,True,4
859,0,Harris,2,7,2,0,True,4
859,1,Harris,2,9,2,0,True,4
859,2,Harris,1,4,1,0,True,4
859,3,Harris,2,18,2,0,True,4
859,4,Harris,2,13,2,0,True,4
859,5,Harris,2,20,2,0,True,4
859,6,Harris,2,10,2,0,True,4
859,7,Harris,2,20,2,0,True,4
860,0,Harris,0,8,0,0,True,4
860,1,Harris,2,50,2,0,True,4
860,2,Harris,2,50,2,0,True,4
860,3,Harris,2,45,2,0,True,4
860,4,Harris,2,14,2,0,True,4
860,5,Harris,0,5,0,0,True,4
860,6,Harris,0,19,0,0,True,4
861,0,Harris,3,33,3,0,True,4
861,1,Harris,1,53,1,0,True,4
861,2,Harris,3,48,3,0,True,4
861,3,Harris,1,5,1,0,True,4
861,4,Harris,1,55,1,0,True,4
861,5,Harris,2,17,2,0,True,4
861,6,Harris,0,7,0,0,True,4
862,0,Harris,0,16,0,0,True,4
862,1,Harris,2,26,2,0,True,4
862,2,Harris,6,43,6,0,True,4
862,3,Harris,0,4,0,0,True,4
862,4,Harris,0,13,0,0,True,4
862,5,Harris,0,5,0,0,True,4
862,6,Harris,0,12,0,0,True,4
863,0,Harris,3,25,3,0,True,4
863,1,Harris,1,23,1,0,True,4
863,2,Harris,0,8,0,0,True,4
863,3,Harris,1,23,1,0,True,4
863,4,Harris,1,35,1,0,True,4
863,5,Harris,1,51,1,0,True,4
863,6,Harris,0,6,0,0,True,4
864,0,Harris,1,22,1,0,True,4
864,1,Harris,3,24,3,0,True,4
864,2,Harris,1,12,1,0,True,4
864,3,Harris,2,56,2,0,True,4
864,4,Harris,0,3,0,0,True,4
864,5,Harris,0,17,0,0,True,4
864,6,Harris,0,5,0,0,True,4
865,0,Harris,1,16,1,0,True,4
865,1,Harris,0,19,0,0,True,4
865,2,Harris,2,31,2,0,True,4
865,3,Harris,2,16,2,0,True,4
865,4,Harris,2,54,2,0,True,4
865,5,Harris,2,48,2,0,True,4
866,0,Harris,2,9,2,0,True,4
866,1,Harris,0,5,0,0,True,4
866,2,Harris,3,3,3,0,True,4
866,3,Harris,2,1,1,1,False,4
866,4,Harris,2,10,2,0,True,4
866,5,Harris,0,8,0,0,True,4
866,6,Harris,3,32,3,0,True,4
867,0,Harris,2,6,2,0,True,4
867,1,Harris,2,5,2,0,True,4
867,2,Harris,2,3,2,0,True,4
867,3,Harris,2,6,2,0,True,4
867,4,Harris,2,2,2,0,True,4
867,5,Harris,2,9,2,0,True,4
868,0,Harris,2,32,2,0,True,4
868,1,Harris,4,39,4,0,True,4
868,2,Harris,2,3,2,0,True,4
868,3,Harris,1,11,1,0,True,4
868,4,Harris,2,2,2,0,True,4
868,5,Harris,2,50,2,0,True,4
869,0,Harris,1,14,1,0,True,4
869,1,Harris,0,8,0,0,True,4
869,2,Harris,0,5,0,0,True,4
869,3,Harris,1,17,1,0,True,4
869,4,Harris,1,6,1,0,True,4
869,5,Harris,2,7,2,0,True,4
869,6,Harris,0,5,0,0,True,4
870,0,Harris,5,28,5,0,True,4
870,1,Harris,0,2,0,0,True,4
870,2,Harris,1,21,1,0,True,4
870,3,Harris,2,5,2,0,True,4
870,4,Harris,1,25,1,0,True,4
870,5,Harris,1,14,1,0,True,4
870,6,Harris,2,32,2,0,True,4
871,0,Harris,0,13,0,0,True,4
871,1,Harris,1,6,1,0,True,4
871,2,Harris,0,5,0,0,True,4
871,3,Harris,1,8,1,0,True,4
871,4,Harris,1,16,1,0,True,4
871,5,Harris,1,8,1,0,True,4
871,6,Harris,0,13,0,0,True,4
871,7,Harris,2,28,2,0,True,4
872,0,Harris,0,3,0,0,True,4
872,1,Harris,0,10,0,0,True,4
872,2,Harris,0,5,0,0,True,4
872,3,Harris,0,2,0,0,True,4
872,4,Harris,0,8,0,0,True,4
872,5,Harris,0,12,0,0,True,4
872,6,Harris,0,16,0,0,True,4
872,7,Harris,0,17,0,0,True,4
872,8,Harris,1,3,1,0,True,4
873,0,Harris,1,36,1,0,True,4
873,1,Harris,2,13,2,0,True,4
873,2,Harris,1,6,1,0,True,4
873,3,Harris,1,37,1,0,True,4
873,4,Harris,1,11,1,0,True,4
873,5,Harris,2,47,2,0,True,4
873,6,Harris,1,14,1,0,True,4
873,7,Harris,2,26,2,0,True,4
874,0,Harris,0,20,0,0,True,4
874,1,Harris,0,3,0,0,True,4
874,2,Harris,0,9,0,0,True,4
874,3,Harris,0,7,0,0,True,4
874,4,Harris,0,15,0,0,True,4
874,5,Harris,0,22,0,0,True,4
874,6,Harris,0,23,0,0,True,4
874,7,Harris,1,6,1,0,True,4
874,8,Harris,0,14,0,0,True,4
875,0,Harris,0,13,0,0,True,4
875,1,Harris,0,9,0,0,True,4
875,2,Harris,0,7,0,0,True,4
875,3,Harris,0,4,0,0,True,4
875,4,Harris,0,15,0,0,True,4
875,5,Harris,0,5,0,0,True,4
875,6,Harris,0,3,0,0,True,4
875,7,Harris,0,8,0,0,True,4
876,0,Harris,0,8,0,0,True,4
876,1,Harris,0,4,0,0,True,4
876,2,Harris,1,17,1,0,True,4
876,3,Harris,3,39,3,0,True,4
876,4,Harris,1,16,1,0,True,4
876,5,Harris,0,16,0,0,True,4
876,6,Harris,1,25,1,0,True,4
876,7,Harris,1,10,1,0,True,4
876,8,Harris,0,22,0,0,True,4
877,0,Harris,1,12,1,0,True,4
877,1,Harris,1,9,1,0,True,4
877,2,Harris,1,16,1,0,True,4
877,3,Harris,3,16,3,0,True,4
877,4,Harris,0,17,0,0,True,4
877,5,Harris,0,17,0,0,True,4
877,6,Harris,1,7,1,0,True,4
878,0,Harris,0,6,0,0,True,4
878,1,Harris,1,12,1,0,True,4
878,2,Harris,2,11,2,0,True,4
878,3,Harris,2,21,2,0,True,4
878,4,Harris,2,10,2,0,True,4
878,5,Harris,0,11,0,0,True,4
878,6,Harris,0,2,0,0,True,4
878,7,Harris,1,36,1,0,True,4
879,0,Harris,0,3,0,0,True,4
879,1,Harris,0,26,0,0,True,4
879,2,Harris,1,30,1,0,True,4
879,3,Harris,0,10,0,0,True,4
879,4,Harris,2,15,2,0,True,4
879,5,Harris,2,52,2,0,True,4
879,6,Harris,4,21,4,0,True,4
879,7,Harris,2,29,2,0,True,4
880,0,Harris,2,51,2,0,True,4
880,1,Harris,2,55,2,0,True,4
880,2,Harris,1,3,1,0,True,4
880,3,Harris,1,6,1,0,True,4
880,4,Harris,1,2,1,0,True,4
880,5,Harris,1,3,1,0,True,4
880,6,Harris,1,18,1,0,True,4
881,0,Harris,1,43,1,0,True,4
881,1,Harris,1,12,1,0,True,4
881,2,Harris,1,14,1,0,True,4
881,3,Harris,1,7,1,0,True,4
881,4,Harris,2,30,2,0,True,4
881,5,Harris,2,26,2,0,True,4
881,6,Harris,2,8,2,0,True,4
881,7,Harris,0,0,0,0,True,4
882,0,Harris,1,19,1,0,True,4
882,1,Harris,0,8,0,0,True,4
882,2,Harris,0,38,0,0,True,4
882,3,Harris,1,54,1,0,True,4
882,4,Harris,0,24,0,0,True,4
882,5,Harris,0,57,0,0,True,4
882,6,Harris,2,20,2,0,True,4
882,7,Harris,0,62,0,0,True,4
883,0,Harris,1,3,1,0,True,4
883,1,Harris,2,10,2,0,True,4
883,2,Harris,0,6,0,0,True,4
883,3,Harris,0,12,0,0,True,4
883,4,Harris,2,22,2,0,True,4
883,5,Harris,1,5,1,0,True,4
884,0,Harris,1,11,1,0,True,4
884,1,Harris,0,10,0,0,True,4
884,2,Harris,0,9,0,0,True,4
884,3,Harris,2,5,2,0,True,4
884,4,Harris,3,27,3,0,True,4
884,5,Harris,1,5,1,0,True,4
884,6,Harris,1,3,1,0,True,4
885,0,Harris,5,13,5,0,True,4
885,1,Harris,1,10,1,0,True,4
885,2,Harris,2,7,2,0,True,4
885,3,Harris,2,12,2,0,True,4
885,4,Harris,2,10,2,0,True,4
885,5,Harris,3,6,3,0,True,4
886,0,Harris,0,26,0,0,True,4
886,1,Harris,2,8,2,0,True,4
886,2,Harris,2,5,2,0,True,4
886,3,Harris,2,18,2,0,True,4
886,4,Harris,2,9,2,0,True,4
886,5,Harris,2,14,2,0,True,4
887,0,Harris,2,29,2,0,True,4
887,1,Harris,1,62,1,0,True,4
887,2,Harris,0,9,0,0,True,4
887,3,Harris,2,20,2,0,True,4
887,4,Harris,0,7,0,0,True,4
887,5,Harris,0,5,0,0,True,4
887,6,Harris,0,8,0,0,True,4
887,7,Harris,0,3,0,0,True,4
887,8,Harris,0,13,0,0,True,4
888,0,Harris,1,51,1,0,True,4
888,1,Harris,1,5,1,0,True,4
888,2,Harris,2,14,2,0,True,4
888,3,Harris,2,40,2,0,True,4
888,4,Harris,2,29,2,0,True,4
888,5,Harris,0,13,0,0,True,4
889,0,Harris,0,29,0,0,True,4
889,1,Harris,2,25,2,0,True,4
889,2,Harris,1,31,1,0,True,4
889,3,Harris,0,17,0,0,True,4
889,4,Harris,0,37,0,0,True,4
889,5,Harris,0,29,0,0,True,4
889,6,Harris,2,53,2,0,True,4
0,0,Trump,1,1,1,0,True,5
0,1,Trump,1,37,1,0,True,5
0,2,Trump,2,29,2,0,True,5
0,3,Trump,1,8,1,0,True,5
0,4,Trump,2,21,2,0,True,5
0,5,Trump,1,17,1,0,True,5
0,6,Trump,4,53,4,0,True,5
0,7,Trump,0,13,0,0,True,5
1,0,Trump,0,10,0,0,True,5
1,1,Trump,0,8,0,0,True,5
1,2,Trump,1,8,1,0,True,5
1,3,Trump,2,18,2,0,True,5
1,4,Trump,0,10,0,0,True,5
1,5,Trump,1,31,1,0,True,5
1,6,Trump,0,2,0,0,True,5
1,7,Trump,0,16,0,0,True,5
1,8,Trump,0,16,0,0,True,5
2,0,Trump,2,28,2,0,True,5
2,1,Trump,2,30,2,0,True,5
2,2,Trump,2,46,2,0,True,5
2,3,Trump,1,30,1,0,True,5
2,4,Trump,2,51,2,0,True,5
2,5,Trump,0,3,0,0,True,5
2,6,Trump,0,6,0,0,True,5
3,0,Trump,2,34,2,0,True,5
3,1,Trump,1,12,1,0,True,5
3,2,Trump,1,42,1,0,True,5
3,3,Trump,1,6,1,0,True,5
3,4,Trump,1,10,1,0,True,5
3,5,Trump,0,4,0,0,True,5
3,6,Trump,0,22,0,0,True,5
3,7,Trump,0,7,0,0,True,5
3,8,Trump,1,8,1,0,True,5
4,0,Trump,1,4,1,0,True,5
4,1,Trump,0,46,0,0,True,5
4,2,Trump,1,21,1,0,True,5
4,3,Trump,0,10,0,0,True,5
4,4,Trump,2,24,2,0,True,5
4,5,Trump,1,14,1,0,True,5
4,6,Trump,2,13,2,0,True,5
4,7,Trump,1,5,1,0,True,5
5,0,Trump,1,9,1,0,True,5
5,1,Trump,2,16,2,0,True,5
5,2,Trump,1,4,1,0,True,5
5,3,Trump,2,1,1,1,False,5
5,4,Trump,1,14,1,0,True,5
5,5,Trump,1,8,1,0,True,5
6,0,Trump,2,4,2,0,True,5
6,1,Trump,1,10,1,0,True,5
6,2,Trump,3,18,3,0,True,5
6,3,Trump,2,15,2,0,True,5
6,4,Trump,2,16,2,0,True,5
6,5,Trump,2,11,2,0,True,5
6,6,Trump,2,22,2,0,True,5
6,7,Trump,1,19,1,0,True,5
6,8,Trump,2,31,2,0,True,5
7,0,Trump,2,11,2,0,True,5
7,1,Trump,1,17,1,0,True,5
7,2,Trump,1,20,1,0,True,5
7,3,Trump,2,11,2,0,True,5
7,4,Trump,1,5,1,0,True,5
7,5,Trump,0,4,0,0,True,5
7,6,Trump,1,4,1,0,True,5
7,7,Trump,0,2,0,0,True,5
8,0,Trump,1,10,1,0,True,5
8,1,Trump,1,2,1,0,True,5
8,2,Trump,1,6,1,0,True,5
8,3,Trump,0,10,0,0,True,5
8,4,Trump,1,4,1,0,True,5
8,5,Trump,1,9,1,0,True,5
8,6,Trump,1,8,1,0,True,5
8,7,Trump,1,17,1,0,True,5
9,0,Trump,1,8,1,0,True,5
9,1,Trump,1,20,1,0,True,5
9,2,Trump,0,1,0,0,True,5
9,3,Trump,1,7,1,0,True,5
9,4,Trump,1,23,1,0,True,5
9,5,Trump,1,6,1,0,True,5
9,6,Trump,2,26,2,0,True,5
9,7,Trump,0,14,0,0,True,5
10,0,Trump,1,8,1,0,True,5
10,1,Trump,1,0,0,1,False,5
10,2,Trump,1,8,1,0,True,5
10,3,Trump,1,13,1,0,True,5
10,4,Trump,1,13,1,0,True,5
10,5,Trump,1,3,1,0,True,5
10,6,Trump,1,7,1,0,True,5
11,0,Trump,1,32,1,0,True,5
11,1,Trump,0,4,0,0,True,5
11,2,Trump,2,58,2,0,True,5
11,3,Trump,1,8,1,0,True,5
11,4,Trump,0,7,0,0,True,5
11,5,Trump,1,4,1,0,True,5
11,6,Trump,1,20,1,0,True,5
12,0,Trump,1,32,1,0,True,5
12,1,Trump,1,26,1,0,True,5
12,2,Trump,2,6,2,0,True,5
12,3,Trump,1,6,1,0,True,5
12,4,Trump,0,13,0,0,True,5
12,5,Trump,1,12,1,0,True,5
12,6,Trump,0,28,0,0,True,5
12,7,Trump,0,7,0,0,True,5
13,0,Trump,1,32,1,0,True,5
13,1,Trump,1,1,1,0,True,5
13,2,Trump,1,30,1,0,True,5
13,3,Trump,0,4,0,0,True,5
13,4,Trump,0,4,0,0,True,5
13,5,Trump,1,7,1,0,True,5
13,6,Trump,2,6,2,0,True,5
13,7,Trump,0,8,0,0,True,5
14,0,Trump,1,58,1,0,True,5
14,1,Trump,1,12,1,0,True,5
14,2,Trump,1,15,1,0,True,5
14,3,Trump,2,44,2,0,True,5
14,4,Trump,2,52,2,0,True,5
14,5,Trump,2,50,2,0,True,5
14,6,Trump,2,9,2,0,True,5
15,0,Trump,0,3,0,0,True,5
15,1,Trump,0,15,0,0,True,5
15,2,Trump,0,9,0,0,True,5
15,3,Trump,1,7,1,0,True,5
15,4,Trump,0,2,0,0,True,5
15,5,Trump,1,17,1,0,True,5
15,6,Trump,0,4,0,0,True,5
15,7,Trump,2,15,2,0,True,5
16,0,Trump,1,32,1,0,True,5
16,1,Trump,1,7,1,0,True,5
16,2,Trump,1,0,0,1,False,5
16,3,Trump,2,6,2,0,True,5
16,4,Trump,2,17,2,0,True,5
16,5,Trump,2,1,1,1,False,5
16,6,Trump,1,17,1,0,True,5
16,7,Trump,2,15,2,0,True,5
17,0,Trump,2,4,2,0,True,5
17,1,Trump,2,13,2,0,True,5
17,2,Trump,2,6,2,0,True,5
17,3,Trump,1,7,1,0,True,5
17,4,Trump,1,2,1,0,True,5
17,5,Trump,0,0,0,0,True,5
17,6,Trump,0,0,0,0,True,5
18,0,Trump,1,16,1,0,True,5
18,1,Trump,1,11,1,0,True,5
18,2,Trump,1,8,1,0,True,5
18,3,Trump,4,34,4,0,True,5
18,4,Trump,2,20,2,0,True,5
18,5,Trump,14,23,14,0,True,5
19,0,Trump,0,5,0,0,True,5
19,1,Trump,1,1,1,0,True,5
19,2,Trump,0,5,0,0,True,5
19,3,Trump,1,6,1,0,True,5
19,4,Trump,0,5,0,0,True,5
19,5,Trump,1,17,1,0,True,5
19,6,Trump,1,6,1,0,True,5
19,7,Trump,2,7,2,0,True,5
20,0,Trump,0,25,0,0,True,5
20,1,Trump,1,54,1,0,True,5
20,2,Trump,1,16,1,0,True,5
20,3,Trump,0,43,0,0,True,5
20,4,Trump,1,21,1,0,True,5
20,5,Trump,1,56,1,0,True,5
20,6,Trump,1,13,1,0,True,5
20,7,Trump,2,20,2,0,True,5
21,0,Trump,1,4,1,0,True,5
21,1,Trump,0,28,0,0,True,5
21,2,Trump,3,12,3,0,True,5
21,3,Trump,1,2,1,0,True,5
21,4,Trump,1,23,1,0,True,5
21,5,Trump,1,8,1,0,True,5
21,6,Trump,1,18,1,0,True,5
22,0,Trump,3,50,3,0,True,5
22,1,Trump,1,9,1,0,True,5
22,2,Trump,1,11,1,0,True,5
22,3,Trump,1,13,1,0,True,5
22,4,Trump,2,11,2,0,True,5
22,5,Trump,1,30,1,0,True,5
22,6,Trump,0,3,0,0,True,5
22,7,Trump,0,12,0,0,True,5
23,0,Trump,0,21,0,0,True,5
23,1,Trump,2,13,2,0,True,5
23,2,Trump,0,21,0,0,True,5
23,3,Trump,0,25,0,0,True,5
23,4,Trump,1,0,0,1,False,5
23,5,Trump,1,7,1,0,True,5
23,6,Trump,1,20,1,0,True,5
24,0,Trump,1,8,1,0,True,5
24,1,Trump,1,9,1,0,True,5
24,2,Trump,1,8,1,0,True,5
24,3,Trump,2,23,2,0,True,5
24,4,Trump,3,29,3,0,True,5
24,5,Trump,1,11,1,0,True,5
25,0,Trump,0,13,0,0,True,5
25,1,Trump,1,5,1,0,True,5
25,2,Trump,1,10,1,0,True,5
25,3,Trump,1,4,1,0,True,5
25,4,Trump,1,17,1,0,True,5
25,5,Trump,1,6,1,0,True,5
25,6,Trump,1,26,1,0,True,5
25,7,Trump,0,3,0,0,True,5
26,0,Trump,0,9,0,0,True,5
26,1,Trump,2,17,2,0,True,5
26,2,Trump,2,7,2,0,True,5
26,3,Trump,2,5,2,0,True,5
26,4,Trump,1,16,1,0,True,5
26,5,Trump,0,9,0,0,True,5
26,6,Trump,1,8,1,0,True,5
27,0,Trump,1,31,1,0,True,5
27,1,Trump,1,9,1,0,True,5
27,2,Trump,1,18,1,0,True,5
27,3,Trump,0,15,0,0,True,5
27,4,Trump,1,5,1,0,True,5
27,5,Trump,1,36,1,0,True,5
27,6,Trump,4,24,4,0,True,5
28,0,Trump,0,25,0,0,True,5
28,1,Trump,1,1,1,0,True,5
28,2,Trump,1,4,1,0,True,5
28,3,Trump,1,2,1,0,True,5
28,4,Trump,1,9,1,0,True,5
28,5,Trump,0,6,0,0,True,5
28,6,Trump,1,15,1,0,True,5
29,0,Trump,2,14,2,0,True,5
29,1,Trump,1,1,1,0,True,5
29,2,Trump,1,6,1,0,True,5
29,3,Trump,2,3,2,0,True,5
29,4,Trump,1,16,1,0,True,5
29,5,Trump,1,20,1,0,True,5
30,0,Trump,0,9,0,0,True,5
30,1,Trump,1,31,1,0,True,5
30,2,Trump,1,2,1,0,True,5
30,3,Trump,1,6,1,0,True,5
30,4,Trump,1,9,1,0,True,5
30,5,Trump,0,0,0,0,True,5
30,6,Trump,1,6,1,0,True,5
31,0,Trump,1,0,0,1,False,5
31,1,Trump,1,0,0,1,False,5
31,2,Trump,1,8,1,0,True,5
31,3,Trump,1,13,1,0,True,5
31,4,Trump,2,11,2,0,True,5
31,5,Trump,2,14,2,0,True,5
31,6,Trump,1,5,1,0,True,5
31,7,Trump,2,17,2,0,True,5
32,0,Trump,1,14,1,0,True,5
32,1,Trump,1,19,1,0,True,5
32,2,Trump,0,17,0,0,True,5
32,3,Trump,0,4,0,0,True,5
32,4,Trump,2,11,2,0,True,5
32,5,Trump,1,9,1,0,True,5
32,6,Trump,2,50,2,0,True,5
33,0,Trump,3,19,3,0,True,5
33,1,Trump,2,20,2,0,True,5
33,2,Trump,1,17,1,0,True,5
33,3,Trump,1,6,1,0,True,5
33,4,Trump,0,12,0,0,True,5
33,5,Trump,2,23,2,0,True,5
34,0,Trump,0,25,0,0,True,5
34,1,Trump,0,15,0,0,True,5
34,2,Trump,1,7,1,0,True,5
34,3,Trump,0,10,0,0,True,5
34,4,Trump,1,6,1,0,True,5
34,5,Trump,0,1,0,0,True,5
34,6,Trump,0,11,0,0,True,5
34,7,Trump,0,9,0,0,True,5
34,8,Trump,0,17,0,0,True,5
35,0,Trump,1,2,1,0,True,5
35,1,Trump,0,8,0,0,True,5
35,2,Trump,2,46,2,0,True,5
35,3,Trump,1,12,1,0,True,5
35,4,Trump,1,8,1,0,True,5
35,5,Trump,2,2,2,0,True,5
35,6,Trump,3,18,3,0,True,5
35,7,Trump,0,0,0,0,True,5
36,0,Trump,2,48,2,0,True,5
36,1,Trump,3,30,3,0,True,5
36,2,Trump,2,42,2,0,True,5
36,3,Trump,2,32,2,0,True,5
36,4,Trump,0,35,0,0,True,5
36,5,Trump,0,54,0,0,True,5
36,6,Trump,0,13,0,0,True,5
36,7,Trump,0,15,0,0,True,5
37,0,Trump,2,26,2,0,True,5
37,1,Trump,1,24,1,0,True,5
37,2,Trump,0,7,0,0,True,5
37,3,Trump,1,21,1,0,True,5
37,4,Trump,0,19,0,0,True,5
37,5,Trump,2,41,2,0,True,5
38,0,Trump,1,0,0,1,False,5
38,1,Trump,1,6,1,0,True,5
38,2,Trump,1,2,1,0,True,5
38,3,Trump,1,6,1,0,True,5
38,4,Trump,1,7,1,0,True,5
38,5,Trump,1,5,1,0,True,5
39,0,Trump,2,47,2,0,True,5
39,1,Trump,0,23,0,0,True,5
39,2,Trump,4,16,4,0,True,5
39,3,Trump,1,11,1,0,True,5
39,4,Trump,0,11,0,0,True,5
39,5,Trump,0,10,0,0,True,5
39,6,Trump,0,1,0,0,True,5
39,7,Trump,2,35,2,0,True,5
40,0,Trump,1,10,1,0,True,5
40,1,Trump,1,4,1,0,True,5
40,2,Trump,1,3,1,0,True,5
40,3,Trump,1,9,1,0,True,5
40,4,Trump,2,11,2,0,True,5
40,5,Trump,0,3,0,0,True,5
40,6,Trump,2,13,2,0,True,5
40,7,Trump,0,16,0,0,True,5
41,0,Trump,0,7,0,0,True,5
41,1,Trump,1,32,1,0,True,5
41,2,Trump,0,18,0,0,True,5
41,3,Trump,1,2,1,0,True,5
41,4,Trump,1,2,1,0,True,5
41,5,Trump,0,10,0,0,True,5
41,6,Trump,3,19,3,0,True,5
41,7,Trump,0,3,0,0,True,5
42,0,Trump,0,31,0,0,True,5
42,1,Trump,1,0,0,1,False,5
42,2,Trump,1,17,1,0,True,5
42,3,Trump,0,1,0,0,True,5
42,4,Trump,1,11,1,0,True,5
42,5,Trump,1,38,1,0,True,5
43,0,Trump,1,13,1,0,True,5
43,1,Trump,1,14,1,0,True,5
43,2,Trump,1,6,1,0,True,5
43,3,Trump,1,4,1,0,True,5
43,4,Trump,1,50,1,0,True,5
43,5,Trump,1,8,1,0,True,5
43,6,Trump,2,12,2,0,True,5
43,7,Trump,2,21,2,0,True,5
44,0,Trump,0,9,0,0,True,5
44,1,Trump,0,10,0,0,True,5
44,2,Trump,0,5,0,0,True,5
44,3,Trump,2,22,2,0,True,5
44,4,Trump,0,5,0,0,True,5
44,5,Trump,1,20,1,0,True,5
45,0,Trump,1,15,1,0,True,5
45,1,Trump,0,15,0,0,True,5
45,2,Trump,1,9,1,0,True,5
45,3,Trump,1,6,1,0,True,5
45,4,Trump,0,13,0,0,True,5
45,5,Trump,1,33,1,0,True,5
46,0,Trump,4,16,4,0,True,5
46,1,Trump,2,14,2,0,True,5
46,2,Trump,1,30,1,0,True,5
46,3,Trump,0,8,0,0,True,5
46,4,Trump,1,36,1,0,True,5
46,5,Trump,1,9,1,0,True,5
46,6,Trump,0,15,0,0,True,5
46,7,Trump,1,21,1,0,True,5
46,8,Trump,1,47,1,0,True,5
47,0,Trump,2,7,2,0,True,5
47,1,Trump,0,5,0,0,True,5
47,2,Trump,0,2,0,0,True,5
47,3,Trump,1,37,1,0,True,5
47,4,Trump,2,13,2,0,True,5
47,5,Trump,1,6,1,0,True,5
47,6,Trump,0,27,0,0,True,5
47,7,Trump,2,12,2,0,True,5
47,8,Trump,1,22,1,0,True,5
48,0,Trump,1,20,1,0,True,5
48,1,Trump,1,4,1,0,True,5
48,2,Trump,1,47,1,0,True,5
48,3,Trump,0,27,0,0,True,5
48,4,Trump,0,8,0,0,True,5
48,5,Trump,1,22,1,0,True,5
48,6,Trump,2,55,2,0,True,5
49,0,Trump,1,24,1,0,True,5
49,1,Trump,1,0,0,1,False,5
49,2,Trump,1,7,1,0,True,5
49,3,Trump,1,0,0,1,False,5
49,4,Trump,1,6,1,0,True,5
49,5,Trump,0,9,0,0,True,5
49,6,Trump,1,30,1,0,True,5
50,0,Trump,6,34,6,0,True,5
50,1,Trump,4,2,2,2,False,5
50,2,Trump,7,3,3,4,False,5
50,3,Trump,2,1,1,1,False,5
50,4,Trump,1,0,0,1,False,5
50,5,Trump,4,2,2,2,False,5
51,0,Trump,1,0,0,1,False,5
51,1,Trump,1,4,1,0,True,5
51,2,Trump,1,4,1,0,True,5
51,3,Trump,1,16,1,0,True,5
51,4,Trump,1,6,1,0,True,5
51,5,Trump,2,11,2,0,True,5
52,0,Trump,1,1,1,0,True,5
52,1,Trump,0,7,0,0,True,5
52,2,Trump,0,32,0,0,True,5
52,3,Trump,0,22,0,0,True,5
52,4,Trump,1,26,1,0,True,5
52,5,Trump,1,19,1,0,True,5
52,6,Trump,0,12,0,0,True,5
53,0,Trump,1,3,1,0,True,5
53,1,Trump,1,22,1,0,True,5
53,2,Trump,1,45,1,0,True,5
53,3,Trump,1,6,1,0,True,5
53,4,Trump,1,19,1,0,True,5
53,5,Trump,0,6,0,0,True,5
53,6,Trump,0,2,0,0,True,5
53,7,Trump,1,17,1,0,True,5
54,0,Trump,1,19,1,0,True,5
54,1,Trump,2,58,2,0,True,5
54,2,Trump,2,21,2,0,True,5
54,3,Trump,1,5,1,0,True,5
54,4,Trump,1,7,1,0,True,5
54,5,Trump,3,42,3,0,True,5
54,6,Trump,1,31,1,0,True,5
54,7,Trump,1,5,1,0,True,5
54,8,Trump,0,15,0,0,True,5
55,0,Trump,0,16,0,0,True,5
55,1,Trump,0,3,0,0,True,5
55,2,Trump,3,35,3,0,True,5
55,3,Trump,2,11,2,0,True,5
55,4,Trump,0,6,0,0,True,5
55,5,Trump,2,50,2,0,True,5
55,6,Trump,0,2,0,0,True,5
55,7,Trump,0,3,0,0,True,5
55,8,Trump,0,6,0,0,True,5
56,0,Trump,1,25,1,0,True,5
56,1,Trump,1,36,1,0,True,5
56,2,Trump,1,13,1,0,True,5
56,3,Trump,1,42,1,0,True,5
56,4,Trump,1,3,1,0,True,5
56,5,Trump,0,2,0,0,True,5
56,6,Trump,0,37,0,0,True,5
56,7,Trump,1,8,1,0,True,5
57,0,Trump,1,8,1,0,True,5
57,1,Trump,3,11,3,0,True,5
57,2,Trump,0,2,0,0,True,5
57,3,Trump,2,11,2,0,True,5
57,4,Trump,0,9,0,0,True,5
57,5,Trump,1,10,1,0,True,5
57,6,Trump,0,19,0,0,True,5
57,7,Trump,0,6,0,0,True,5
58,0,Trump,0,12,0,0,True,5
58,1,Trump,0,4,0,0,True,5
58,2,Trump,1,6,1,0,True,5
58,3,Trump,1,38,1,0,True,5
58,4,Trump,1,17,1,0,True,5
58,5,Trump,1,14,1,0,True,5
58,6,Trump,0,15,0,0,True,5
59,0,Trump,2,23,2,0,True,5
59,1,Trump,1,17,1,0,True,5
59,2,Trump,1,1,1,0,True,5
59,3,Trump,1,40,1,0,True,5
59,4,Trump,1,24,1,0,True,5
60,0,Trump,1,4,1,0,True,5
60,1,Trump,1,12,1,0,True,5
60,2,Trump,0,22,0,0,True,5
60,3,Trump,0,4,0,0,True,5
60,4,Trump,1,13,1,0,True,5
60,5,Trump,2,11,2,0,True,5
60,6,Trump,0,10,0,0,True,5
61,0,Trump,2,6,2,0,True,5
61,1,Trump,1,11,1,0,True,5
61,2,Trump,0,6,0,0,True,5
61,3,Trump,1,21,1,0,True,5
61,4,Trump,2,52,2,0,True,5
61,5,Trump,0,7,0,0,True,5
61,6,Trump,1,45,1,0,True,5
61,7,Trump,0,3,0,0,True,5
62,0,Trump,2,15,2,0,True,5
62,1,Trump,2,34,2,0,True,5
62,2,Trump,1,5,1,0,True,5
62,3,Trump,1,4,1,0,True,5
62,4,Trump,2,26,2,0,True,5
62,5,Trump,2,23,2,0,True,5
62,6,Trump,1,3,1,0,True,5
62,7,Trump,1,5,1,0,True,5
62,8,Trump,2,0,0,2,False,5
63,0,Trump,1,4,1,0,True,5
63,1,Trump,1,6,1,0,True,5
63,2,Trump,2,11,2,0,True,5
63,3,Trump,1,9,1,0,True,5
63,4,Trump,1,15,1,0,True,5
63,5,Trump,1,7,1,0,True,5
63,6,Trump,2,7,2,0,True,5
63,7,Trump,2,16,2,0,True,5
63,8,Trump,1,4,1,0,True,5
63,9,Trump,1,12,1,0,True,5
64,0,Trump,1,0,0,1,False,5
64,1,Trump,1,16,1,0,True,5
64,2,Trump,0,3,0,0,True,5
64,3,Trump,1,4,1,0,True,5
64,4,Trump,1,40,1,0,True,5
64,5,Trump,1,9,1,0,True,5
64,6,Trump,2,5,2,0,True,5
65,0,Trump,1,6,1,0,True,5
65,1,Trump,1,14,1,0,True,5
65,2,Trump,1,13,1,0,True,5
65,3,Trump,1,22,1,0,True,5
65,4,Trump,1,1,1,0,True,5
65,5,Trump,1,13,1,0,True,5
65,6,Trump,1,3,1,0,True,5
66,0,Trump,0,46,0,0,True,5
66,1,Trump,0,12,0,0,True,5
66,2,Trump,2,6,2,0,True,5
66,3,Trump,0,13,0,0,True,5
66,4,Trump,1,48,1,0,True,5
66,5,Trump,1,14,1,0,True,5
66,6,Trump,0,15,0,0,True,5
66,7,Trump,0,29,0,0,True,5
67,0,Trump,1,46,1,0,True,5
67,1,Trump,2,11,2,0,True,5
67,2,Trump,1,13,1,0,True,5
67,3,Trump,1,14,1,0,True,5
67,4,Trump,1,21,1,0,True,5
67,5,Trump,0,30,0,0,True,5
67,6,Trump,0,20,0,0,True,5
68,0,Trump,1,3,1,0,True,5
68,1,Trump,0,5,0,0,True,5
68,2,Trump,1,17,1,0,True,5
68,3,Trump,2,10,2,0,True,5
68,4,Trump,1,44,1,0,True,5
68,5,Trump,1,8,1,0,True,5
68,6,Trump,2,11,2,0,True,5
68,7,Trump,2,11,2,0,True,5
69,0,Trump,1,0,0,1,False,5
69,1,Trump,0,5,0,0,True,5
69,2,Trump,1,57,1,0,True,5
69,3,Trump,1,4,1,0,True,5
69,4,Trump,1,3,1,0,True,5
69,5,Trump,1,3,1,0,True,5
69,6,Trump,0,4,0,0,True,5
70,0,Trump,0,21,0,0,True,5
70,1,Trump,3,48,3,0,True,5
70,2,Trump,1,50,1,0,True,5
70,3,Trump,0,14,0,0,True,5
70,4,Trump,1,24,1,0,True,5
70,5,Trump,0,21,0,0,True,5
70,6,Trump,2,38,2,0,True,5
70,7,Trump,3,48,3,0,True,5
70,8,Trump,1,36,1,0,True,5
71,0,Trump,0,4,0,0,True,5
71,1,Trump,0,22,0,0,True,5
71,2,Trump,0,13,0,0,True,5
71,3,Trump,0,11,0,0,True,5
71,4,Trump,2,5,2,0,True,5
71,5,Trump,1,12,1,0,True,5
71,6,Trump,1,13,1,0,True,5
71,7,Trump,1,8,1,0,True,5
72,0,Trump,2,64,2,0,True,5
72,1,Trump,1,5,1,0,True,5
72,2,Trump,1,8,1,0,True,5
72,3,Trump,1,22,1,0,True,5
72,4,Trump,1,3,1,0,True,5
72,5,Trump,0,1,0,0,True,5
72,6,Trump,0,2,0,0,True,5
72,7,Trump,0,0,0,0,True,5
73,0,Trump,1,8,1,0,True,5
73,1,Trump,0,5,0,0,True,5
73,2,Trump,1,8,1,0,True,5
73,3,Trump,1,21,1,0,True,5
73,4,Trump,2,42,2,0,True,5
73,5,Trump,1,17,1,0,True,5
73,6,Trump,1,16,1,0,True,5
74,0,Trump,0,4,0,0,True,5
74,1,Trump,0,4,0,0,True,5
74,2,Trump,1,6,1,0,True,5
74,3,Trump,1,0,0,1,False,5
74,4,Trump,1,3,1,0,True,5
74,5,Trump,0,9,0,0,True,5
74,6,Trump,1,10,1,0,True,5
74,7,Trump,0,5,0,0,True,5
75,0,Trump,1,15,1,0,True,5
75,1,Trump,1,11,1,0,True,5
75,2,Trump,1,12,1,0,True,5
75,3,Trump,0,35,0,0,True,5
75,4,Trump,0,8,0,0,True,5
75,5,Trump,1,46,1,0,True,5
75,6,Trump,1,26,1,0,True,5
76,0,Trump,1,17,1,0,True,5
76,1,Trump,1,22,1,0,True,5
76,2,Trump,0,26,0,0,True,5
76,3,Trump,1,6,1,0,True,5
76,4,Trump,0,4,0,0,True,5
76,5,Trump,4,7,4,0,True,5
76,6,Trump,1,18,1,0,True,5
76,7,Trump,0,9,0,0,True,5
76,8,Trump,0,0,0,0,True,5
77,0,Trump,2,11,2,0,True,5
77,1,Trump,1,24,1,0,True,5
77,2,Trump,1,3,1,0,True,5
77,3,Trump,0,6,0,0,True,5
77,4,Trump,1,6,1,0,True,5
77,5,Trump,1,22,1,0,True,5
77,6,Trump,1,14,1,0,True,5
77,7,Trump,0,11,0,0,True,5
78,0,Trump,2,30,2,0,True,5
78,1,Trump,1,8,1,0,True,5
78,2,Trump,2,6,2,0,True,5
78,3,Trump,0,12,0,0,True,5
78,4,Trump,2,46,2,0,True,5
78,5,Trump,1,43,1,0,True,5
79,0,Trump,1,22,1,0,True,5
79,1,Trump,1,15,1,0,True,5
79,2,Trump,0,29,0,0,True,5
79,3,Trump,0,3,0,0,True,5
79,4,Trump,1,12,1,0,True,5
79,5,Trump,0,8,0,0,True,5
79,6,Trump,0,16,0,0,True,5
80,0,Trump,1,6,1,0,True,5
80,1,Trump,1,8,1,0,True,5
80,2,Trump,0,2,0,0,True,5
80,3,Trump,2,11,2,0,True,5
80,4,Trump,0,7,0,0,True,5
80,5,Trump,1,3,1,0,True,5
80,6,Trump,1,13,1,0,True,5
81,0,Trump,0,38,0,0,True,5
81,1,Trump,1,16,1,0,True,5
81,2,Trump,4,47,4,0,True,5
81,3,Trump,2,16,2,0,True,5
81,4,Trump,0,10,0,0,True,5
81,5,Trump,3,17,3,0,True,5
81,6,Trump,1,35,1,0,True,5
81,7,Trump,0,18,0,0,True,5
82,0,Trump,0,8,0,0,True,5
82,1,Trump,1,8,1,0,True,5
82,2,Trump,0,1,0,0,True,5
82,3,Trump,2,54,2,0,True,5
82,4,Trump,1,12,1,0,True,5
82,5,Trump,1,17,1,0,True,5
82,6,Trump,1,10,1,0,True,5
82,7,Trump,0,7,0,0,True,5
83,0,Trump,1,45,1,0,True,5
83,1,Trump,2,19,2,0,True,5
83,2,Trump,1,27,1,0,True,5
83,3,Trump,1,16,1,0,True,5
83,4,Trump,1,14,1,0,True,5
83,5,Trump,0,48,0,0,True,5
83,6,Trump,0,10,0,0,True,5
84,0,Trump,0,4,0,0,True,5
84,1,Trump,0,46,0,0,True,5
84,2,Trump,1,1,1,0,True,5
84,3,Trump,0,5,0,0,True,5
84,4,Trump,2,13,2,0,True,5
84,5,Trump,1,17,1,0,True,5
84,6,Trump,1,9,1,0,True,5
84,7,Trump,1,9,1,0,True,5
84,8,Trump,0,28,0,0,True,5
85,0,Trump,1,7,1,0,True,5
85,1,Trump,1,14,1,0,True,5
85,2,Trump,1,23,1,0,True,5
85,3,Trump,1,4,1,0,True,5
85,4,Trump,1,12,1,0,True,5
85,5,Trump,1,20,1,0,True,5
85,6,Trump,1,13,1,0,True,5
85,7,Trump,1,43,1,0,True,5
86,0,Trump,1,15,1,0,True,5
86,1,Trump,0,4,0,0,True,5
86,2,Trump,1,17,1,0,True,5
86,3,Trump,2,11,2,0,True,5
86,4,Trump,2,5,2,0,True,5
86,5,Trump,0,3,0,0,True,5
86,6,Trump,1,18,1,0,True,5
87,0,Trump,1,13,1,0,True,5
87,1,Trump,1,4,1,0,True,5
87,2,Trump,2,11,2,0,True,5
87,3,Trump,2,35,2,0,True,5
87,4,Trump,1,43,1,0,True,5
87,5,Trump,1,43,1,0,True,5
88,0,Trump,0,23,0,0,True,5
88,1,Trump,0,34,0,0,True,5
88,2,Trump,3,24,3,0,True,5
88,3,Trump,2,13,2,0,True,5
88,4,Trump,1,49,1,0,True,5
88,5,Trump,1,21,1,0,True,5
88,6,Trump,2,41,2,0,True,5
89,0,Trump,1,54,1,0,True,5
89,1,Trump,1,23,1,0,True,5
89,2,Trump,1,31,1,0,True,5
89,3,Trump,1,7,1,0,True,5
89,4,Trump,1,5,1,0,True,5
89,5,Trump,1,22,1,0,True,5
89,6,Trump,1,6,1,0,True,5
90,0,Trump,2,26,2,0,True,5
90,1,Trump,2,9,2,0,True,5
90,2,Trump,2,12,2,0,True,5
90,3,Trump,1,22,1,0,True,5
90,4,Trump,1,16,1,0,True,5
90,5,Trump,0,19,0,0,True,5
90,6,Trump,1,13,1,0,True,5
90,7,Trump,1,14,1,0,True,5
90,8,Trump,1,15,1,0,True,5
91,0,Trump,0,6,0,0,True,5
91,1,Trump,0,16,0,0,True,5
91,2,Trump,2,23,2,0,True,5
91,3,Trump,2,20,2,0,True,5
91,4,Trump,1,6,1,0,True,5
91,5,Trump,2,11,2,0,True,5
91,6,Trump,0,6,0,0,True,5
92,0,Trump,0,4,0,0,True,5
92,1,Trump,2,16,2,0,True,5
92,2,Trump,1,5,1,0,True,5
92,3,Trump,1,7,1,0,True,5
92,4,Trump,1,26,1,0,True,5
92,5,Trump,1,26,1,0,True,5
92,6,Trump,0,37,0,0,True,5
93,0,Trump,1,50,1,0,True,5
93,1,Trump,1,0,0,1,False,5
93,2,Trump,1,24,1,0,True,5
93,3,Trump,1,16,1,0,True,5
93,4,Trump,1,34,1,0,True,5
93,5,Trump,2,50,2,0,True,5
94,0,Trump,0,54,0,0,True,5
94,1,Trump,1,13,1,0,True,5
94,2,Trump,1,1,1,0,True,5
94,3,Trump,1,1,1,0,True,5
94,4,Trump,1,15,1,0,True,5
94,5,Trump,0,4,0,0,True,5
94,6,Trump,1,31,1,0,True,5
95,0,Trump,0,10,0,0,True,5
95,1,Trump,2,29,2,0,True,5
95,2,Trump,0,1,0,0,True,5
95,3,Trump,1,44,1,0,True,5
95,4,Trump,1,2,1,0,True,5
95,5,Trump,0,3,0,0,True,5
95,6,Trump,0,11,0,0,True,5
95,7,Trump,0,11,0,0,True,5
95,8,Trump,0,3,0,0,True,5
96,0,Trump,1,5,1,0,True,5
96,1,Trump,1,5,1,0,True,5
96,2,Trump,0,5,0,0,True,5
96,3,Trump,1,4,1,0,True,5
96,4,Trump,1,4,1,0,True,5
96,5,Trump,1,11,1,0,True,5
97,0,Trump,1,30,1,0,True,5
97,1,Trump,1,7,1,0,True,5
97,2,Trump,1,17,1,0,True,5
97,3,Trump,0,3,0,0,True,5
97,4,Trump,1,31,1,0,True,5
97,5,Trump,1,36,1,0,True,5
97,6,Trump,0,4,0,0,True,5
97,7,Trump,2,11,2,0,True,5
98,0,Trump,1,4,1,0,True,5
98,1,Trump,1,9,1,0,True,5
98,2,Trump,1,7,1,0,True,5
98,3,Trump,1,17,1,0,True,5
98,4,Trump,1,6,1,0,True,5
98,5,Trump,2,31,2,0,True,5
98,6,Trump,2,11,2,0,True,5
99,0,Trump,0,6,0,0,True,5
99,1,Trump,1,16,1,0,True,5
99,2,Trump,0,14,0,0,True,5
99,3,Trump,2,8,2,0,True,5
99,4,Trump,1,15,1,0,True,5
99,5,Trump,2,19,2,0,True,5
99,6,Trump,0,5,0,0,True,5
99,7,Trump,1,11,1,0,True,5
99,8,Trump,1,18,1,0,True,5
100,0,Trump,1,19,1,0,True,5
100,1,Trump,1,35,1,0,True,5
100,2,Trump,0,36,0,0,True,5
100,3,Trump,0,18,0,0,True,5
100,4,Trump,1,14,1,0,True,5
100,5,Trump,0,3,0,0,True,5
100,6,Trump,1,30,1,0,True,5
100,7,Trump,0,9,0,0,True,5
100,8,Trump,0,4,0,0,True,5
101,0,Trump,2,28,2,0,True,5
101,1,Trump,2,11,2,0,True,5
101,2,Trump,1,50,1,0,True,5
101,3,Trump,1,54,1,0,True,5
101,4,Trump,4,16,4,0,True,5
101,5,Trump,2,50,2,0,True,5
101,6,Trump,0,4,0,0,True,5
102,0,Trump,1,27,1,0,True,5
102,1,Trump,2,20,2,0,True,5
102,2,Trump,0,15,0,0,True,5
102,3,Trump,2,28,2,0,True,5
102,4,Trump,1,26,1,0,True,5
102,5,Trump,0,14,0,0,True,5
102,6,Trump,2,11,2,0,True,5
102,7,Trump,1,9,1,0,True,5
103,0,Trump,1,12,1,0,True,5
103,1,Trump,1,13,1,0,True,5
103,2,Trump,1,6,1,0,True,5
103,3,Trump,1,9,1,0,True,5
103,4,Trump,1,28,1,0,True,5
103,5,Trump,2,28,2,0,True,5
104,0,Trump,1,17,1,0,True,5
104,1,Trump,1,20,1,0,True,5
104,2,Trump,1,27,1,0,True,5
104,3,Trump,0,2,0,0,True,5
104,4,Trump,1,1,1,0,True,5
104,5,Trump,0,0,0,0,True,5
105,0,Trump,1,20,1,0,True,5
105,1,Trump,2,11,2,0,True,5
105,2,Trump,1,4,1,0,True,5
105,3,Trump,2,1,1,1,False,5
105,4,Trump,1,15,1,0,True,5
105,5,Trump,1,31,1,0,True,5
105,6,Trump,2,4,2,0,True,5
106,0,Trump,1,8,1,0,True,5
106,1,Trump,1,10,1,0,True,5
106,2,Trump,0,13,0,0,True,5
106,3,Trump,2,7,2,0,True,5
106,4,Trump,1,12,1,0,True,5
106,5,Trump,2,7,2,0,True,5
106,6,Trump,1,9,1,0,True,5
106,7,Trump,2,4,2,0,True,5
106,8,Trump,1,14,1,0,True,5
107,0,Trump,1,18,1,0,True,5
107,1,Trump,1,6,1,0,True,5
107,2,Trump,2,11,2,0,True,5
107,3,Trump,2,5,2,0,True,5
107,4,Trump,1,19,1,0,True,5
107,5,Trump,1,8,1,0,True,5
107,6,Trump,1,17,1,0,True,5
108,0,Trump,2,9,2,0,True,5
108,1,Trump,2,9,2,0,True,5
108,2,Trump,3,9,3,0,True,5
108,3,Trump,3,12,3,0,True,5
108,4,Trump,5,6,5,0,True,5
108,5,Trump,5,9,5,0,True,5
108,6,Trump,1,10,1,0,True,5
109,0,Trump,2,25,2,0,True,5
109,1,Trump,3,41,3,0,True,5
109,2,Trump,1,26,1,0,True,5
109,3,Trump,2,12,2,0,True,5
109,4,Trump,3,40,3,0,True,5
109,5,Trump,0,8,0,0,True,5
109,6,Trump,0,20,0,0,True,5
109,7,Trump,2,16,2,0,True,5
109,8,Trump,0,6,0,0,True,5
109,9,Trump,0,10,0,0,True,5
110,0,Trump,1,35,1,0,True,5
110,1,Trump,1,28,1,0,True,5
110,2,Trump,3,43,3,0,True,5
110,3,Trump,1,4,1,0,True,5
110,4,Trump,0,11,0,0,True,5
110,5,Trump,0,27,0,0,True,5
110,6,Trump,1,19,1,0,True,5
110,7,Trump,0,23,0,0,True,5
111,0,Trump,2,15,2,0,True,5
111,1,Trump,1,13,1,0,True,5
111,2,Trump,1,18,1,0,True,5
111,3,Trump,1,32,1,0,True,5
111,4,Trump,2,8,2,0,True,5
111,5,Trump,3,5,3,0,True,5
111,6,Trump,0,1,0,0,True,5
111,7,Trump,0,3,0,0,True,5
112,0,Trump,1,12,1,0,True,5
112,1,Trump,1,7,1,0,True,5
112,2,Trump,1,51,1,0,True,5
112,3,Trump,0,9,0,0,True,5
112,4,Trump,0,50,0,0,True,5
112,5,Trump,0,14,0,0,True,5
112,6,Trump,1,21,1,0,True,5
112,7,Trump,1,19,1,0,True,5
113,0,Trump,1,21,1,0,True,5
113,1,Trump,1,38,1,0,True,5
113,2,Trump,1,8,1,0,True,5
113,3,Trump,1,17,1,0,True,5
113,4,Trump,0,5,0,0,True,5
113,5,Trump,1,13,1,0,True,5
113,6,Trump,1,18,1,0,True,5
113,7,Trump,1,50,1,0,True,5
114,0,Trump,0,17,0,0,True,5
114,1,Trump,0,7,0,0,True,5
114,2,Trump,2,12,2,0,True,5
114,3,Trump,2,34,2,0,True,5
114,4,Trump,1,15,1,0,True,5
114,5,Trump,0,4,0,0,True,5
114,6,Trump,1,11,1,0,True,5
115,0,Trump,0,17,0,0,True,5
115,1,Trump,0,13,0,0,True,5
115,2,Trump,0,9,0,0,True,5
115,3,Trump,0,22,0,0,True,5
115,4,Trump,0,32,0,0,True,5
115,5,Trump,0,46,0,0,True,5
115,6,Trump,1,12,1,0,True,5
116,0,Trump,1,54,1,0,True,5
116,1,Trump,1,49,1,0,True,5
116,2,Trump,1,9,1,0,True,5
116,3,Trump,1,27,1,0,True,5
116,4,Trump,1,35,1,0,True,5
116,5,Trump,1,12,1,0,True,5
116,6,Trump,1,8,1,0,True,5
117,0,Trump,1,44,1,0,True,5
117,1,Trump,1,49,1,0,True,5
117,2,Trump,0,4,0,0,True,5
117,3,Trump,1,5,1,0,True,5
117,4,Trump,2,40,2,0,True,5
117,5,Trump,0,0,0,0,True,5
117,6,Trump,1,21,1,0,True,5
117,7,Trump,1,53,1,0,True,5
117,8,Trump,1,48,1,0,True,5
117,9,Trump,1,8,1,0,True,5
118,0,Trump,0,4,0,0,True,5
118,1,Trump,3,38,3,0,True,5
118,2,Trump,2,3,2,0,True,5
118,3,Trump,1,5,1,0,True,5
118,4,Trump,0,6,0,0,True,5
118,5,Trump,1,5,1,0,True,5
118,6,Trump,1,19,1,0,True,5
118,7,Trump,0,18,0,0,True,5
119,0,Trump,1,14,1,0,True,5
119,1,Trump,1,12,1,0,True,5
119,2,Trump,1,35,1,0,True,5
119,3,Trump,1,36,1,0,True,5
119,4,Trump,1,40,1,0,True,5
119,5,Trump,0,4,0,0,True,5
119,6,Trump,1,23,1,0,True,5
119,7,Trump,1,13,1,0,True,5
120,0,Trump,3,16,3,0,True,5
120,1,Trump,3,10,3,0,True,5
120,2,Trump,4,7,4,0,True,5
120,3,Trump,4,14,4,0,True,5
120,4,Trump,3,21,3,0,True,5
120,5,Trump,3,16,3,0,True,5
120,6,Trump,4,14,4,0,True,5
120,7,Trump,0,13,0,0,True,5
121,0,Trump,1,4,1,0,True,5
121,1,Trump,0,3,0,0,True,5
121,2,Trump,2,11,2,0,True,5
121,3,Trump,0,9,0,0,True,5
121,4,Trump,1,9,1,0,True,5
121,5,Trump,0,6,0,0,True,5
121,6,Trump,1,20,1,0,True,5
121,7,Trump,0,17,0,0,True,5
121,8,Trump,1,0,0,1,False,5
122,0,Trump,1,7,1,0,True,5
122,1,Trump,1,54,1,0,True,5
122,2,Trump,2,19,2,0,True,5
122,3,Trump,3,13,3,0,True,5
122,4,Trump,2,30,2,0,True,5
122,5,Trump,2,22,2,0,True,5
123,0,Trump,0,19,0,0,True,5
123,1,Trump,0,25,0,0,True,5
123,2,Trump,1,45,1,0,True,5
123,3,Trump,1,53,1,0,True,5
123,4,Trump,0,48,0,0,True,5
123,5,Trump,0,33,0,0,True,5
123,6,Trump,0,5,0,0,True,5
124,0,Trump,1,9,1,0,True,5
124,1,Trump,1,13,1,0,True,5
124,2,Trump,2,27,2,0,True,5
124,3,Trump,0,4,0,0,True,5
124,4,Trump,1,24,1,0,True,5
124,5,Trump,3,29,3,0,True,5
124,6,Trump,1,9,1,0,True,5
124,7,Trump,2,11,2,0,True,5
125,0,Trump,1,6,1,0,True,5
125,1,Trump,2,6,2,0,True,5
125,2,Trump,2,6,2,0,True,5
125,3,Trump,2,6,2,0,True,5
125,4,Trump,0,5,0,0,True,5
125,5,Trump,2,4,2,0,True,5
125,6,Trump,2,2,2,0,True,5
126,0,Trump,3,27,3,0,True,5
126,1,Trump,2,17,2,0,True,5
126,2,Trump,3,17,3,0,True,5
126,3,Trump,2,8,2,0,True,5
126,4,Trump,3,16,3,0,True,5
126,5,Trump,1,6,1,0,True,5
126,6,Trump,2,10,2,0,True,5
127,0,Trump,0,17,0,0,True,5
127,1,Trump,1,20,1,0,True,5
127,2,Trump,1,15,1,0,True,5
127,3,Trump,1,17,1,0,True,5
127,4,Trump,1,14,1,0,True,5
127,5,Trump,1,13,1,0,True,5
127,6,Trump,0,15,0,0,True,5
127,7,Trump,0,2,0,0,True,5
128,0,Trump,0,10,0,0,True,5
128,1,Trump,2,18,2,0,True,5
128,2,Trump,1,33,1,0,True,5
128,3,Trump,1,17,1,0,True,5
128,4,Trump,0,19,0,0,True,5
128,5,Trump,2,8,2,0,True,5
128,6,Trump,1,28,1,0,True,5
129,0,Trump,0,10,0,0,True,5
129,1,Trump,2,11,2,0,True,5
129,2,Trump,1,12,1,0,True,5
129,3,Trump,0,41,0,0,True,5
129,4,Trump,0,13,0,0,True,5
129,5,Trump,1,12,1,0,True,5
129,6,Trump,2,20,2,0,True,5
130,0,Trump,1,20,1,0,True,5
130,1,Trump,1,21,1,0,True,5
130,2,Trump,1,8,1,0,True,5
130,3,Trump,1,3,1,0,True,5
130,4,Trump,1,3,1,0,True,5
130,5,Trump,1,23,1,0,True,5
130,6,Trump,0,2,0,0,True,5
131,0,Trump,1,17,1,0,True,5
131,1,Trump,2,6,2,0,True,5
131,2,Trump,1,5,1,0,True,5
131,3,Trump,2,41,2,0,True,5
131,4,Trump,0,9,0,0,True,5
131,5,Trump,0,22,0,0,True,5
131,6,Trump,1,29,1,0,True,5
132,0,Trump,2,12,2,0,True,5
132,1,Trump,2,18,2,0,True,5
132,2,Trump,1,61,1,0,True,5
132,3,Trump,2,13,2,0,True,5
132,4,Trump,1,48,1,0,True,5
132,5,Trump,1,5,1,0,True,5
132,6,Trump,1,10,1,0,True,5
133,0,Trump,0,2,0,0,True,5
133,1,Trump,2,24,2,0,True,5
133,2,Trump,0,2,0,0,True,5
133,3,Trump,0,3,0,0,True,5
133,4,Trump,1,25,1,0,True,5
133,5,Trump,0,10,0,0,True,5
134,0,Trump,1,15,1,0,True,5
134,1,Trump,1,16,1,0,True,5
134,2,Trump,1,28,1,0,True,5
134,3,Trump,2,16,2,0,True,5
134,4,Trump,2,10,2,0,True,5
134,5,Trump,1,8,1,0,True,5
134,6,Trump,1,6,1,0,True,5
134,7,Trump,0,0,0,0,True,5
135,0,Trump,1,30,1,0,True,5
135,1,Trump,0,12,0,0,True,5
135,2,Trump,1,13,1,0,True,5
135,3,Trump,1,6,1,0,True,5
135,4,Trump,1,13,1,0,True,5
135,5,Trump,1,8,1,0,True,5
135,6,Trump,1,2,1,0,True,5
135,7,Trump,0,4,0,0,True,5
136,0,Trump,0,3,0,0,True,5
136,1,Trump,0,10,0,0,True,5
136,2,Trump,0,10,0,0,True,5
136,3,Trump,0,11,0,0,True,5
136,4,Trump,0,47,0,0,True,5
136,5,Trump,0,32,0,0,True,5
136,6,Trump,0,2,0,0,True,5
136,7,Trump,1,16,1,0,True,5
136,8,Trump,1,34,1,0,True,5
137,0,Trump,0,8,0,0,True,5
137,1,Trump,1,14,1,0,True,5
137,2,Trump,2,16,2,0,True,5
137,3,Trump,0,8,0,0,True,5
137,4,Trump,1,22,1,0,True,5
137,5,Trump,1,8,1,0,True,5
137,6,Trump,4,48,4,0,True,5
138,0,Trump,4,24,4,0,True,5
138,1,Trump,1,11,1,0,True,5
138,2,Trump,2,16,2,0,True,5
138,3,Trump,1,21,1,0,True,5
138,4,Trump,2,6,2,0,True,5
138,5,Trump,2,6,2,0,True,5
139,0,Trump,0,3,0,0,True,5
139,1,Trump,0,5,0,0,True,5
139,2,Trump,2,6,2,0,True,5
139,3,Trump,0,4,0,0,True,5
139,4,Trump,2,7,2,0,True,5
139,5,Trump,2,2,2,0,True,5
139,6,Trump,0,9,0,0,True,5
139,7,Trump,1,4,1,0,True,5
139,8,Trump,1,25,1,0,True,5
139,9,Trump,2,8,2,0,True,5
140,0,Trump,1,9,1,0,True,5
140,1,Trump,0,3,0,0,True,5
140,2,Trump,0,5,0,0,True,5
140,3,Trump,0,17,0,0,True,5
140,4,Trump,2,15,2,0,True,5
140,5,Trump,1,8,1,0,True,5
140,6,Trump,2,9,2,0,True,5
141,0,Trump,2,11,2,0,True,5
141,1,Trump,2,10,2,0,True,5
141,2,Trump,1,20,1,0,True,5
141,3,Trump,1,6,1,0,True,5
141,4,Trump,0,15,0,0,True,5
141,5,Trump,0,18,0,0,True,5
141,6,Trump,0,7,0,0,True,5
142,0,Trump,1,38,1,0,True,5
142,1,Trump,1,23,1,0,True,5
142,2,Trump,1,3,1,0,True,5
142,3,Trump,5,40,5,0,True,5
142,4,Trump,1,41,1,0,True,5
142,5,Trump,1,9,1,0,True,5
142,6,Trump,2,50,2,0,True,5
142,7,Trump,0,10,0,0,True,5
142,8,Trump,1,12,1,0,True,5
143,0,Trump,0,20,0,0,True,5
143,1,Trump,1,14,1,0,True,5
143,2,Trump,1,21,1,0,True,5
143,3,Trump,1,18,1,0,True,5
143,4,Trump,0,10,0,0,True,5
143,5,Trump,0,19,0,0,True,5
144,0,Trump,3,43,3,0,True,5
144,1,Trump,0,4,0,0,True,5
144,2,Trump,2,19,2,0,True,5
144,3,Trump,1,6,1,0,True,5
144,4,Trump,0,18,0,0,True,5
144,5,Trump,1,7,1,0,True,5
144,6,Trump,1,53,1,0,True,5
145,0,Trump,1,36,1,0,True,5
145,1,Trump,0,12,0,0,True,5
145,2,Trump,0,2,0,0,True,5
145,3,Trump,1,5,1,0,True,5
145,4,Trump,1,10,1,0,True,5
145,5,Trump,1,5,1,0,True,5
145,6,Trump,2,4,2,0,True,5
145,7,Trump,1,5,1,0,True,5
146,0,Trump,1,2,1,0,True,5
146,1,Trump,1,8,1,0,True,5
146,2,Trump,1,29,1,0,True,5
146,3,Trump,1,5,1,0,True,5
146,4,Trump,1,1,1,0,True,5
146,5,Trump,2,3,2,0,True,5
146,6,Trump,2,8,2,0,True,5
147,0,Trump,0,18,0,0,True,5
147,1,Trump,2,28,2,0,True,5
147,2,Trump,0,6,0,0,True,5
147,3,Trump,0,5,0,0,True,5
147,4,Trump,2,5,2,0,True,5
147,5,Trump,2,4,2,0,True,5
147,6,Trump,2,14,2,0,True,5
148,0,Trump,4,16,4,0,True,5
148,1,Trump,2,8,2,0,True,5
148,2,Trump,0,2,0,0,True,5
148,3,Trump,2,10,2,0,True,5
148,4,Trump,1,6,1,0,True,5
149,0,Trump,1,57,1,0,True,5
149,1,Trump,1,12,1,0,True,5
149,2,Trump,2,20,2,0,True,5
149,3,Trump,1,14,1,0,True,5
149,4,Trump,2,37,2,0,True,5
149,5,Trump,0,5,0,0,True,5
149,6,Trump,1,6,1,0,True,5
150,0,Trump,3,9,3,0,True,5
150,1,Trump,0,6,0,0,True,5
150,2,Trump,0,13,0,0,True,5
150,3,Trump,1,14,1,0,True,5
150,4,Trump,1,1,1,0,True,5
150,5,Trump,0,4,0,0,True,5
151,0,Trump,1,20,1,0,True,5
151,1,Trump,1,6,1,0,True,5
151,2,Trump,0,14,0,0,True,5
151,3,Trump,0,7,0,0,True,5
151,4,Trump,2,28,2,0,True,5
151,5,Trump,1,10,1,0,True,5
151,6,Trump,0,4,0,0,True,5
152,0,Trump,1,12,1,0,True,5
152,1,Trump,1,18,1,0,True,5
152,2,Trump,1,8,1,0,True,5
152,3,Trump,1,2,1,0,True,5
152,4,Trump,1,23,1,0,True,5
152,5,Trump,0,12,0,0,True,5
153,0,Trump,2,5,2,0,True,5
153,1,Trump,3,38,3,0,True,5
153,2,Trump,1,17,1,0,True,5
153,3,Trump,0,13,0,0,True,5
153,4,Trump,2,11,2,0,True,5
153,5,Trump,1,6,1,0,True,5
153,6,Trump,1,13,1,0,True,5
153,7,Trump,3,6,3,0,True,5
154,0,Trump,1,26,1,0,True,5
154,1,Trump,0,32,0,0,True,5
154,2,Trump,0,28,0,0,True,5
154,3,Trump,1,55,1,0,True,5
154,4,Trump,0,20,0,0,True,5
154,5,Trump,2,34,2,0,True,5
154,6,Trump,1,41,1,0,True,5
155,0,Trump,2,29,2,0,True,5
155,1,Trump,0,17,0,0,True,5
155,2,Trump,1,35,1,0,True,5
155,3,Trump,3,24,3,0,True,5
155,4,Trump,2,32,2,0,True,5
155,5,Trump,1,23,1,0,True,5
155,6,Trump,0,40,0,0,True,5
156,0,Trump,1,23,1,0,True,5
156,1,Trump,2,30,2,0,True,5
156,2,Trump,1,19,1,0,True,5
156,3,Trump,1,11,1,0,True,5
156,4,Trump,1,39,1,0,True,5
156,5,Trump,1,9,1,0,True,5
157,0,Trump,1,1,1,0,True,5
157,1,Trump,1,2,1,0,True,5
157,2,Trump,0,4,0,0,True,5
157,3,Trump,1,4,1,0,True,5
157,4,Trump,2,9,2,0,True,5
157,5,Trump,0,28,0,0,True,5
158,0,Trump,0,0,0,0,True,5
158,1,Trump,1,45,1,0,True,5
158,2,Trump,1,28,1,0,True,5
158,3,Trump,3,28,3,0,True,5
158,4,Trump,0,1,0,0,True,5
158,5,Trump,2,9,2,0,True,5
158,6,Trump,1,22,1,0,True,5
158,7,Trump,1,37,1,0,True,5
158,8,Trump,1,31,1,0,True,5
159,0,Trump,1,10,1,0,True,5
159,1,Trump,0,13,0,0,True,5
159,2,Trump,1,7,1,0,True,5
159,3,Trump,2,9,2,0,True,5
159,4,Trump,1,29,1,0,True,5
159,5,Trump,1,15,1,0,True,5
159,6,Trump,2,9,2,0,True,5
159,7,Trump,1,8,1,0,True,5
160,0,Trump,0,1,0,0,True,5
160,1,Trump,0,12,0,0,True,5
160,2,Trump,1,27,1,0,True,5
160,3,Trump,1,9,1,0,True,5
160,4,Trump,0,12,0,0,True,5
160,5,Trump,0,10,0,0,True,5
160,6,Trump,2,38,2,0,True,5
160,7,Trump,0,2,0,0,True,5
160,8,Trump,1,31,1,0,True,5
161,0,Trump,1,12,1,0,True,5
161,1,Trump,1,27,1,0,True,5
161,2,Trump,3,22,3,0,True,5
161,3,Trump,1,10,1,0,True,5
161,4,Trump,1,12,1,0,True,5
161,5,Trump,2,10,2,0,True,5
161,6,Trump,1,12,1,0,True,5
162,0,Trump,0,19,0,0,True,5
162,1,Trump,1,16,1,0,True,5
162,2,Trump,1,12,1,0,True,5
162,3,Trump,1,3,1,0,True,5
162,4,Trump,0,4,0,0,True,5
162,5,Trump,2,12,2,0,True,5
162,6,Trump,0,3,0,0,True,5
162,7,Trump,1,6,1,0,True,5
163,0,Trump,2,4,2,0,True,5
163,1,Trump,0,8,0,0,True,5
163,2,Trump,2,58,2,0,True,5
163,3,Trump,0,7,0,0,True,5
163,4,Trump,1,8,1,0,True,5
163,5,Trump,2,16,2,0,True,5
163,6,Trump,1,9,1,0,True,5
163,7,Trump,1,6,1,0,True,5
164,0,Trump,1,12,1,0,True,5
164,1,Trump,1,9,1,0,True,5
164,2,Trump,1,30,1,0,True,5
164,3,Trump,2,3,2,0,True,5
164,4,Trump,1,24,1,0,True,5
164,5,Trump,2,23,2,0,True,5
165,0,Trump,0,17,0,0,True,5
165,1,Trump,0,3,0,0,True,5
165,2,Trump,0,35,0,0,True,5
165,3,Trump,0,4,0,0,True,5
165,4,Trump,0,4,0,0,True,5
165,5,Trump,0,42,0,0,True,5
165,6,Trump,0,8,0,0,True,5
165,7,Trump,2,26,2,0,True,5
166,0,Trump,0,5,0,0,True,5
166,1,Trump,1,22,1,0,True,5
166,2,Trump,0,4,0,0,True,5
166,3,Trump,1,27,1,0,True,5
166,4,Trump,0,12,0,0,True,5
166,5,Trump,1,21,1,0,True,5
166,6,Trump,1,29,1,0,True,5
166,7,Trump,2,25,2,0,True,5
167,0,Trump,2,34,2,0,True,5
167,1,Trump,0,3,0,0,True,5
167,2,Trump,0,9,0,0,True,5
167,3,Trump,0,15,0,0,True,5
167,4,Trump,1,18,1,0,True,5
167,5,Trump,1,6,1,0,True,5
167,6,Trump,2,11,2,0,True,5
168,0,Trump,0,16,0,0,True,5
168,1,Trump,0,5,0,0,True,5
168,2,Trump,0,0,0,0,True,5
168,3,Trump,1,37,1,0,True,5
168,4,Trump,0,3,0,0,True,5
168,5,Trump,0,16,0,0,True,5
168,6,Trump,2,38,2,0,True,5
168,7,Trump,1,37,1,0,True,5
169,0,Trump,1,7,1,0,True,5
169,1,Trump,1,14,1,0,True,5
169,2,Trump,2,8,2,0,True,5
169,3,Trump,2,6,2,0,True,5
169,4,Trump,2,28,2,0,True,5
169,5,Trump,2,14,2,0,True,5
169,6,Trump,1,11,1,0,True,5
169,7,Trump,1,19,1,0,True,5
170,0,Trump,0,6,0,0,True,5
170,1,Trump,0,50,0,0,True,5
170,2,Trump,0,4,0,0,True,5
170,3,Trump,0,0,0,0,True,5
170,4,Trump,0,17,0,0,True,5
170,5,Trump,2,52,2,0,True,5
170,6,Trump,0,20,0,0,True,5
170,7,Trump,0,35,0,0,True,5
171,0,Trump,2,29,2,0,True,5
171,1,Trump,0,17,0,0,True,5
171,2,Trump,0,29,0,0,True,5
171,3,Trump,1,31,1,0,True,5
171,4,Trump,0,16,0,0,True,5
171,5,Trump,0,4,0,0,True,5
171,6,Trump,0,2,0,0,True,5
171,7,Trump,2,21,2,0,True,5
172,0,Trump,1,8,1,0,True,5
172,1,Trump,0,8,0,0,True,5
172,2,Trump,0,11,0,0,True,5
172,3,Trump,1,25,1,0,True,5
172,4,Trump,0,16,0,0,True,5
172,5,Trump,1,20,1,0,True,5
172,6,Trump,1,14,1,0,True,5
172,7,Trump,0,13,0,0,True,5
173,0,Trump,2,9,2,0,True,5
173,1,Trump,1,24,1,0,True,5
173,2,Trump,0,4,0,0,True,5
173,3,Trump,2,16,2,0,True,5
173,4,Trump,0,23,0,0,True,5
173,5,Trump,2,11,2,0,True,5
173,6,Trump,0,0,0,0,True,5
173,7,Trump,0,0,0,0,True,5
174,0,Trump,1,16,1,0,True,5
174,1,Trump,2,26,2,0,True,5
174,2,Trump,0,8,0,0,True,5
174,3,Trump,1,12,1,0,True,5
174,4,Trump,2,30,2,0,True,5
174,5,Trump,1,7,1,0,True,5
174,6,Trump,2,32,2,0,True,5
174,7,Trump,2,13,2,0,True,5
175,0,Trump,0,18,0,0,True,5
175,1,Trump,1,37,1,0,True,5
175,2,Trump,0,2,0,0,True,5
175,3,Trump,1,32,1,0,True,5
175,4,Trump,1,19,1,0,True,5
175,5,Trump,0,21,0,0,True,5
175,6,Trump,0,0,0,0,True,5
176,0,Trump,1,7,1,0,True,5
176,1,Trump,2,11,2,0,True,5
176,2,Trump,1,15,1,0,True,5
176,3,Trump,1,6,1,0,True,5
176,4,Trump,2,5,2,0,True,5
176,5,Trump,1,44,1,0,True,5
177,0,Trump,2,12,2,0,True,5
177,1,Trump,1,10,1,0,True,5
177,2,Trump,1,8,1,0,True,5
177,3,Trump,1,11,1,0,True,5
177,4,Trump,1,4,1,0,True,5
177,5,Trump,0,8,0,0,True,5
177,6,Trump,1,29,1,0,True,5
178,0,Trump,0,5,0,0,True,5
178,1,Trump,2,48,2,0,True,5
178,2,Trump,3,48,3,0,True,5
178,3,Trump,1,29,1,0,True,5
178,4,Trump,2,9,2,0,True,5
178,5,Trump,1,55,1,0,True,5
179,0,Trump,0,23,0,0,True,5
179,1,Trump,0,9,0,0,True,5
179,2,Trump,1,38,1,0,True,5
179,3,Trump,1,34,1,0,True,5
179,4,Trump,1,26,1,0,True,5
179,5,Trump,2,42,2,0,True,5
179,6,Trump,1,31,1,0,True,5
179,7,Trump,1,27,1,0,True,5
180,0,Trump,0,13,0,0,True,5
180,1,Trump,0,11,0,0,True,5
180,2,Trump,0,20,0,0,True,5
180,3,Trump,0,16,0,0,True,5
180,4,Trump,0,20,0,0,True,5
180,5,Trump,0,16,0,0,True,5
180,6,Trump,0,13,0,0,True,5
181,0,Trump,1,22,1,0,True,5
181,1,Trump,1,12,1,0,True,5
181,2,Trump,1,15,1,0,True,5
181,3,Trump,0,18,0,0,True,5
181,4,Trump,0,2,0,0,True,5
181,5,Trump,1,25,1,0,True,5
181,6,Trump,1,14,1,0,True,5
181,7,Trump,1,8,1,0,True,5
181,8,Trump,1,17,1,0,True,5
182,0,Trump,0,9,0,0,True,5
182,1,Trump,0,13,0,0,True,5
182,2,Trump,1,41,1,0,True,5
182,3,Trump,0,8,0,0,True,5
182,4,Trump,1,17,1,0,True,5
182,5,Trump,0,12,0,0,True,5
182,6,Trump,1,44,1,0,True,5
183,0,Trump,0,9,0,0,True,5
183,1,Trump,2,26,2,0,True,5
183,2,Trump,1,15,1,0,True,5
183,3,Trump,1,11,1,0,True,5
183,4,Trump,0,0,0,0,True,5
183,5,Trump,1,10,1,0,True,5
183,6,Trump,0,43,0,0,True,5
184,0,Trump,1,4,1,0,True,5
184,1,Trump,0,26,0,0,True,5
184,2,Trump,1,2,1,0,True,5
184,3,Trump,2,7,2,0,True,5
184,4,Trump,1,4,1,0,True,5
184,5,Trump,1,2,1,0,True,5
184,6,Trump,1,21,1,0,True,5
184,7,Trump,1,11,1,0,True,5
184,8,Trump,1,9,1,0,True,5
185,0,Trump,0,11,0,0,True,5
185,1,Trump,1,20,1,0,True,5
185,2,Trump,1,9,1,0,True,5
185,3,Trump,1,10,1,0,True,5
185,4,Trump,0,7,0,0,True,5
185,5,Trump,2,27,2,0,True,5
185,6,Trump,0,5,0,0,True,5
186,0,Trump,0,21,0,0,True,5
186,1,Trump,0,10,0,0,True,5
186,2,Trump,2,35,2,0,True,5
186,3,Trump,1,49,1,0,True,5
186,4,Trump,0,15,0,0,True,5
186,5,Trump,4,44,4,0,True,5
186,6,Trump,0,4,0,0,True,5
186,7,Trump,0,10,0,0,True,5
187,0,Trump,0,14,0,0,True,5
187,1,Trump,0,3,0,0,True,5
187,2,Trump,0,14,0,0,True,5
187,3,Trump,0,14,0,0,True,5
187,4,Trump,0,15,0,0,True,5
187,5,Trump,0,18,0,0,True,5
187,6,Trump,1,8,1,0,True,5
187,7,Trump,0,12,0,0,True,5
188,0,Trump,0,3,0,0,True,5
188,1,Trump,0,12,0,0,True,5
188,2,Trump,10,42,10,0,True,5
188,3,Trump,0,15,0,0,True,5
188,4,Trump,2,6,2,0,True,5
188,5,Trump,1,45,1,0,True,5
188,6,Trump,1,10,1,0,True,5
188,7,Trump,1,14,1,0,True,5
189,0,Trump,0,25,0,0,True,5
189,1,Trump,1,26,1,0,True,5
189,2,Trump,1,6,1,0,True,5
189,3,Trump,1,9,1,0,True,5
189,4,Trump,1,33,1,0,True,5
189,5,Trump,0,8,0,0,True,5
189,6,Trump,1,11,1,0,True,5
190,0,Trump,0,51,0,0,True,5
190,1,Trump,1,32,1,0,True,5
190,2,Trump,1,51,1,0,True,5
190,3,Trump,1,22,1,0,True,5
190,4,Trump,0,14,0,0,True,5
190,5,Trump,0,38,0,0,True,5
190,6,Trump,1,43,1,0,True,5
191,0,Trump,2,28,2,0,True,5
191,1,Trump,4,11,4,0,True,5
191,2,Trump,2,16,2,0,True,5
191,3,Trump,1,27,1,0,True,5
191,4,Trump,1,40,1,0,True,5
191,5,Trump,2,1,1,1,False,5
192,0,Trump,1,21,1,0,True,5
192,1,Trump,1,32,1,0,True,5
192,2,Trump,1,9,1,0,True,5
192,3,Trump,1,4,1,0,True,5
192,4,Trump,1,11,1,0,True,5
192,5,Trump,1,15,1,0,True,5
192,6,Trump,1,18,1,0,True,5
193,0,Trump,1,46,1,0,True,5
193,1,Trump,0,12,0,0,True,5
193,2,Trump,1,17,1,0,True,5
193,3,Trump,0,24,0,0,True,5
193,4,Trump,1,38,1,0,True,5
193,5,Trump,1,51,1,0,True,5
193,6,Trump,0,7,0,0,True,5
194,0,Trump,1,15,1,0,True,5
194,1,Trump,0,16,0,0,True,5
194,2,Trump,0,12,0,0,True,5
194,3,Trump,1,41,1,0,True,5
194,4,Trump,0,14,0,0,True,5
194,5,Trump,0,17,0,0,True,5
194,6,Trump,1,16,1,0,True,5
194,7,Trump,0,17,0,0,True,5
194,8,Trump,0,5,0,0,True,5
195,0,Trump,1,9,1,0,True,5
195,1,Trump,1,22,1,0,True,5
195,2,Trump,0,3,0,0,True,5
195,3,Trump,1,26,1,0,True,5
195,4,Trump,1,13,1,0,True,5
195,5,Trump,0,17,0,0,True,5
195,6,Trump,1,10,1,0,True,5
195,7,Trump,0,12,0,0,True,5
196,0,Trump,1,31,1,0,True,5
196,1,Trump,1,41,1,0,True,5
196,2,Trump,1,49,1,0,True,5
196,3,Trump,1,51,1,0,True,5
196,4,Trump,1,19,1,0,True,5
196,5,Trump,0,11,0,0,True,5
197,0,Trump,1,21,1,0,True,5
197,1,Trump,1,18,1,0,True,5
197,2,Trump,1,19,1,0,True,5
197,3,Trump,1,9,1,0,True,5
197,4,Trump,1,41,1,0,True,5
197,5,Trump,2,13,2,0,True,5
197,6,Trump,1,8,1,0,True,5
197,7,Trump,1,11,1,0,True,5
197,8,Trump,1,25,1,0,True,5
198,0,Trump,1,30,1,0,True,5
198,1,Trump,0,0,0,0,True,5
198,2,Trump,0,48,0,0,True,5
198,3,Trump,2,26,2,0,True,5
198,4,Trump,1,25,1,0,True,5
198,5,Trump,1,54,1,0,True,5
198,6,Trump,1,26,1,0,True,5
199,0,Trump,2,16,2,0,True,5
199,1,Trump,1,7,1,0,True,5
199,2,Trump,0,4,0,0,True,5
199,3,Trump,0,6,0,0,True,5
199,4,Trump,0,1,0,0,True,5
199,5,Trump,1,30,1,0,True,5
199,6,Trump,0,3,0,0,True,5
199,7,Trump,1,10,1,0,True,5
199,8,Trump,1,15,1,0,True,5
200,0,Trump,0,3,0,0,True,5
200,1,Trump,0,29,0,0,True,5
200,2,Trump,0,5,0,0,True,5
200,3,Trump,0,25,0,0,True,5
200,4,Trump,0,6,0,0,True,5
200,5,Trump,0,21,0,0,True,5
200,6,Trump,0,11,0,0,True,5
200,7,Trump,1,24,1,0,True,5
201,0,Trump,0,28,0,0,True,5
201,1,Trump,1,8,1,0,True,5
201,2,Trump,1,16,1,0,True,5
201,3,Trump,0,24,0,0,True,5
201,4,Trump,2,36,2,0,True,5
201,5,Trump,0,2,0,0,True,5
201,6,Trump,0,7,0,0,True,5
201,7,Trump,1,33,1,0,True,5
202,0,Trump,4,54,4,0,True,5
202,1,Trump,1,61,1,0,True,5
202,2,Trump,1,50,1,0,True,5
202,3,Trump,1,33,1,0,True,5
202,4,Trump,2,34,2,0,True,5
202,5,Trump,2,48,2,0,True,5
203,0,Trump,1,41,1,0,True,5
203,1,Trump,2,15,2,0,True,5
203,2,Trump,0,10,0,0,True,5
203,3,Trump,0,6,0,0,True,5
203,4,Trump,0,19,0,0,True,5
203,5,Trump,0,7,0,0,True,5
203,6,Trump,0,2,0,0,True,5
203,7,Trump,0,35,0,0,True,5
203,8,Trump,0,17,0,0,True,5
204,0,Trump,0,23,0,0,True,5
204,1,Trump,1,38,1,0,True,5
205,0,Trump,2,51,2,0,True,5
205,1,Trump,1,7,1,0,True,5
205,2,Trump,1,33,1,0,True,5
205,3,Trump,2,11,2,0,True,5
205,4,Trump,0,3,0,0,True,5
205,5,Trump,1,17,1,0,True,5
205,6,Trump,0,3,0,0,True,5
205,7,Trump,0,0,0,0,True,5
206,0,Trump,1,27,1,0,True,5
206,1,Trump,2,33,2,0,True,5
206,2,Trump,1,17,1,0,True,5
206,3,Trump,0,18,0,0,True,5
206,4,Trump,1,17,1,0,True,5
206,5,Trump,1,29,1,0,True,5
206,6,Trump,1,3,1,0,True,5
206,7,Trump,1,9,1,0,True,5
207,0,Trump,0,1,0,0,True,5
207,1,Trump,0,19,0,0,True,5
207,2,Trump,1,20,1,0,True,5
207,3,Trump,0,8,0,0,True,5
207,4,Trump,2,34,2,0,True,5
207,5,Trump,0,18,0,0,True,5
208,0,Trump,2,19,2,0,True,5
208,1,Trump,1,6,1,0,True,5
208,2,Trump,1,3,1,0,True,5
208,3,Trump,1,11,1,0,True,5
208,4,Trump,0,5,0,0,True,5
208,5,Trump,0,42,0,0,True,5
208,6,Trump,4,16,4,0,True,5
208,7,Trump,0,6,0,0,True,5
208,8,Trump,0,14,0,0,True,5
209,0,Trump,0,5,0,0,True,5
209,1,Trump,0,4,0,0,True,5
209,2,Trump,1,8,1,0,True,5
209,3,Trump,1,58,1,0,True,5
209,4,Trump,1,54,1,0,True,5
209,5,Trump,2,19,2,0,True,5
209,6,Trump,1,10,1,0,True,5
210,0,Trump,0,2,0,0,True,5
210,1,Trump,1,11,1,0,True,5
210,2,Trump,3,38,3,0,True,5
210,3,Trump,2,24,2,0,True,5
210,4,Trump,1,38,1,0,True,5
210,5,Trump,0,24,0,0,True,5
210,6,Trump,2,41,2,0,True,5
210,7,Trump,1,35,1,0,True,5
211,0,Trump,1,4,1,0,True,5
211,1,Trump,0,3,0,0,True,5
211,2,Trump,1,6,1,0,True,5
211,3,Trump,1,8,1,0,True,5
211,4,Trump,2,50,2,0,True,5
211,5,Trump,1,13,1,0,True,5
212,0,Trump,0,22,0,0,True,5
212,1,Trump,0,3,0,0,True,5
212,2,Trump,0,4,0,0,True,5
212,3,Trump,1,36,1,0,True,5
212,4,Trump,1,4,1,0,True,5
212,5,Trump,0,2,0,0,True,5
213,0,Trump,1,35,1,0,True,5
213,1,Trump,1,26,1,0,True,5
213,2,Trump,1,34,1,0,True,5
213,3,Trump,1,19,1,0,True,5
213,4,Trump,1,22,1,0,True,5
213,5,Trump,2,22,2,0,True,5
213,6,Trump,1,31,1,0,True,5
214,0,Trump,1,19,1,0,True,5
214,1,Trump,2,22,2,0,True,5
214,2,Trump,0,3,0,0,True,5
214,3,Trump,1,12,1,0,True,5
214,4,Trump,0,5,0,0,True,5
214,5,Trump,1,16,1,0,True,5
214,6,Trump,1,6,1,0,True,5
215,0,Trump,2,37,2,0,True,5
215,1,Trump,2,38,2,0,True,5
215,2,Trump,2,46,2,0,True,5
215,3,Trump,2,44,2,0,True,5
215,4,Trump,2,47,2,0,True,5
215,5,Trump,2,41,2,0,True,5
215,6,Trump,2,38,2,0,True,5
216,0,Trump,2,18,2,0,True,5
216,1,Trump,2,39,2,0,True,5
216,2,Trump,2,29,2,0,True,5
216,3,Trump,1,20,1,0,True,5
216,4,Trump,0,28,0,0,True,5
216,5,Trump,1,30,1,0,True,5
216,6,Trump,1,11,1,0,True,5
217,0,Trump,1,41,1,0,True,5
217,1,Trump,1,11,1,0,True,5
217,2,Trump,1,29,1,0,True,5
217,3,Trump,2,28,2,0,True,5
217,4,Trump,2,23,2,0,True,5
217,5,Trump,1,13,1,0,True,5
218,0,Trump,0,19,0,0,True,5
218,1,Trump,0,40,0,0,True,5
218,2,Trump,0,2,0,0,True,5
218,3,Trump,0,61,0,0,True,5
218,4,Trump,0,55,0,0,True,5
218,5,Trump,2,52,2,0,True,5
218,6,Trump,0,57,0,0,True,5
218,7,Trump,0,3,0,0,True,5
219,0,Trump,0,7,0,0,True,5
219,1,Trump,0,9,0,0,True,5
219,2,Trump,0,8,0,0,True,5
219,3,Trump,0,48,0,0,True,5
219,4,Trump,1,24,1,0,True,5
219,5,Trump,1,8,1,0,True,5
219,6,Trump,1,11,1,0,True,5
219,7,Trump,1,12,1,0,True,5
220,0,Trump,2,43,2,0,True,5
220,1,Trump,0,1,0,0,True,5
220,2,Trump,1,0,0,1,False,5
220,3,Trump,0,3,0,0,True,5
220,4,Trump,0,2,0,0,True,5
220,5,Trump,2,6,2,0,True,5
220,6,Trump,0,3,0,0,True,5
221,0,Trump,1,20,1,0,True,5
221,1,Trump,0,12,0,0,True,5
221,2,Trump,1,12,1,0,True,5
221,3,Trump,2,30,2,0,True,5
221,4,Trump,1,11,1,0,True,5
221,5,Trump,1,19,1,0,True,5
221,6,Trump,2,39,2,0,True,5
222,0,Trump,1,13,1,0,True,5
222,1,Trump,2,17,2,0,True,5
222,2,Trump,1,8,1,0,True,5
222,3,Trump,1,13,1,0,True,5
222,4,Trump,1,13,1,0,True,5
222,5,Trump,0,28,0,0,True,5
223,0,Trump,0,9,0,0,True,5
223,1,Trump,2,30,2,0,True,5
223,2,Trump,0,54,0,0,True,5
223,3,Trump,0,6,0,0,True,5
223,4,Trump,1,44,1,0,True,5
223,5,Trump,1,12,1,0,True,5
223,6,Trump,0,20,0,0,True,5
223,7,Trump,0,39,0,0,True,5
224,0,Trump,0,4,0,0,True,5
224,1,Trump,1,11,1,0,True,5
224,2,Trump,1,16,1,0,True,5
224,3,Trump,1,37,1,0,True,5
224,4,Trump,1,15,1,0,True,5
224,5,Trump,0,8,0,0,True,5
225,0,Trump,0,13,0,0,True,5
225,1,Trump,0,8,0,0,True,5
225,2,Trump,2,54,2,0,True,5
225,3,Trump,0,55,0,0,True,5
225,4,Trump,0,28,0,0,True,5
225,5,Trump,1,28,1,0,True,5
225,6,Trump,1,8,1,0,True,5
226,0,Trump,0,5,0,0,True,5
226,1,Trump,1,17,1,0,True,5
226,2,Trump,0,15,0,0,True,5
226,3,Trump,1,6,1,0,True,5
226,4,Trump,1,29,1,0,True,5
226,5,Trump,2,7,2,0,True,5
226,6,Trump,1,12,1,0,True,5
227,0,Trump,1,4,1,0,True,5
227,1,Trump,1,17,1,0,True,5
227,2,Trump,1,13,1,0,True,5
227,3,Trump,2,5,2,0,True,5
227,4,Trump,1,10,1,0,True,5
227,5,Trump,1,13,1,0,True,5
227,6,Trump,1,1,1,0,True,5
227,7,Trump,0,4,0,0,True,5
228,0,Trump,0,3,0,0,True,5
228,1,Trump,2,56,2,0,True,5
228,2,Trump,0,9,0,0,True,5
228,3,Trump,0,4,0,0,True,5
228,4,Trump,0,8,0,0,True,5
228,5,Trump,1,12,1,0,True,5
228,6,Trump,0,47,0,0,True,5
228,7,Trump,1,22,1,0,True,5
229,0,Trump,1,4,1,0,True,5
229,1,Trump,1,15,1,0,True,5
229,2,Trump,0,11,0,0,True,5
229,3,Trump,1,17,1,0,True,5
229,4,Trump,0,39,0,0,True,5
229,5,Trump,1,13,1,0,True,5
229,6,Trump,2,20,2,0,True,5
229,7,Trump,1,26,1,0,True,5
229,8,Trump,1,22,1,0,True,5
229,9,Trump,0,24,0,0,True,5
230,0,Trump,0,25,0,0,True,5
230,1,Trump,0,19,0,0,True,5
230,2,Trump,0,19,0,0,True,5
230,3,Trump,0,8,0,0,True,5
230,4,Trump,0,45,0,0,True,5
230,5,Trump,0,20,0,0,True,5
230,6,Trump,0,11,0,0,True,5
231,0,Trump,2,37,2,0,True,5
231,1,Trump,1,4,1,0,True,5
231,2,Trump,1,9,1,0,True,5
231,3,Trump,1,44,1,0,True,5
231,4,Trump,1,15,1,0,True,5
231,5,Trump,1,15,1,0,True,5
231,6,Trump,1,25,1,0,True,5
231,7,Trump,0,1,0,0,True,5
232,0,Trump,2,21,2,0,True,5
232,1,Trump,1,16,1,0,True,5
232,2,Trump,1,51,1,0,True,5
232,3,Trump,2,39,2,0,True,5
232,4,Trump,0,2,0,0,True,5
232,5,Trump,1,21,1,0,True,5
232,6,Trump,0,5,0,0,True,5
232,7,Trump,0,10,0,0,True,5
233,0,Trump,2,24,2,0,True,5
233,1,Trump,4,38,4,0,True,5
233,2,Trump,2,3,2,0,True,5
233,3,Trump,1,19,1,0,True,5
233,4,Trump,3,11,3,0,True,5
233,5,Trump,1,12,1,0,True,5
234,0,Trump,1,22,1,0,True,5
234,1,Trump,0,5,0,0,True,5
234,2,Trump,0,6,0,0,True,5
234,3,Trump,0,8,0,0,True,5
234,4,Trump,0,6,0,0,True,5
234,5,Trump,1,13,1,0,True,5
234,6,Trump,1,19,1,0,True,5
234,7,Trump,0,1,0,0,True,5
235,0,Trump,0,18,0,0,True,5
235,1,Trump,2,44,2,0,True,5
235,2,Trump,0,18,0,0,True,5
235,3,Trump,0,24,0,0,True,5
235,4,Trump,0,40,0,0,True,5
235,5,Trump,0,6,0,0,True,5
235,6,Trump,0,5,0,0,True,5
236,0,Trump,1,2,1,0,True,5
236,1,Trump,1,26,1,0,True,5
236,2,Trump,0,39,0,0,True,5
236,3,Trump,0,2,0,0,True,5
236,4,Trump,2,21,2,0,True,5
236,5,Trump,0,14,0,0,True,5
237,0,Trump,0,7,0,0,True,5
237,1,Trump,3,45,3,0,True,5
237,2,Trump,1,55,1,0,True,5
237,3,Trump,1,19,1,0,True,5
237,4,Trump,0,7,0,0,True,5
237,5,Trump,1,44,1,0,True,5
237,6,Trump,1,47,1,0,True,5
238,0,Trump,0,25,0,0,True,5
238,1,Trump,0,7,0,0,True,5
238,2,Trump,0,5,0,0,True,5
238,3,Trump,1,7,1,0,True,5
238,4,Trump,0,26,0,0,True,5
238,5,Trump,0,18,0,0,True,5
238,6,Trump,0,10,0,0,True,5
238,7,Trump,1,41,1,0,True,5
239,0,Trump,0,29,0,0,True,5
239,1,Trump,1,22,1,0,True,5
239,2,Trump,0,9,0,0,True,5
239,3,Trump,1,17,1,0,True,5
239,4,Trump,1,32,1,0,True,5
239,5,Trump,1,8,1,0,True,5
239,6,Trump,2,21,2,0,True,5
239,7,Trump,1,54,1,0,True,5
239,8,Trump,0,19,0,0,True,5
240,0,Trump,1,49,1,0,True,5
240,1,Trump,1,35,1,0,True,5
240,2,Trump,1,46,1,0,True,5
240,3,Trump,1,36,1,0,True,5
240,4,Trump,1,38,1,0,True,5
240,5,Trump,1,18,1,0,True,5
241,0,Trump,1,8,1,0,True,5
241,1,Trump,1,18,1,0,True,5
241,2,Trump,0,17,0,0,True,5
241,3,Trump,1,9,1,0,True,5
241,4,Trump,1,15,1,0,True,5
241,5,Trump,1,10,1,0,True,5
241,6,Trump,0,13,0,0,True,5
241,7,Trump,1,10,1,0,True,5
242,0,Trump,1,4,1,0,True,5
242,1,Trump,1,8,1,0,True,5
242,2,Trump,1,26,1,0,True,5
242,3,Trump,2,19,2,0,True,5
242,4,Trump,1,17,1,0,True,5
242,5,Trump,1,6,1,0,True,5
242,6,Trump,1,8,1,0,True,5
243,0,Trump,1,4,1,0,True,5
243,1,Trump,0,11,0,0,True,5
243,2,Trump,2,25,2,0,True,5
243,3,Trump,1,12,1,0,True,5
243,4,Trump,1,13,1,0,True,5
243,5,Trump,1,37,1,0,True,5
243,6,Trump,1,28,1,0,True,5
243,7,Trump,1,6,1,0,True,5
244,0,Trump,1,24,1,0,True,5
244,1,Trump,1,30,1,0,True,5
244,2,Trump,1,26,1,0,True,5
244,3,Trump,2,28,2,0,True,5
244,4,Trump,2,19,2,0,True,5
244,5,Trump,2,9,2,0,True,5
244,6,Trump,1,13,1,0,True,5
245,0,Trump,0,11,0,0,True,5
245,1,Trump,2,16,2,0,True,5
245,2,Trump,1,6,1,0,True,5
245,3,Trump,1,20,1,0,True,5
245,4,Trump,1,8,1,0,True,5
245,5,Trump,4,29,4,0,True,5
245,6,Trump,1,33,1,0,True,5
246,0,Trump,0,5,0,0,True,5
246,1,Trump,0,10,0,0,True,5
246,2,Trump,2,23,2,0,True,5
246,3,Trump,0,23,0,0,True,5
246,4,Trump,2,12,2,0,True,5
246,5,Trump,0,17,0,0,True,5
246,6,Trump,1,17,1,0,True,5
246,7,Trump,1,26,1,0,True,5
246,8,Trump,1,10,1,0,True,5
247,0,Trump,2,9,2,0,True,5
247,1,Trump,1,32,1,0,True,5
247,2,Trump,0,53,0,0,True,5
247,3,Trump,2,32,2,0,True,5
247,4,Trump,2,24,2,0,True,5
247,5,Trump,1,52,1,0,True,5
247,6,Trump,1,8,1,0,True,5
248,0,Trump,1,12,1,0,True,5
248,1,Trump,2,22,2,0,True,5
248,2,Trump,1,6,1,0,True,5
248,3,Trump,0,26,0,0,True,5
248,4,Trump,1,25,1,0,True,5
248,5,Trump,0,41,0,0,True,5
248,6,Trump,2,38,2,0,True,5
249,0,Trump,1,2,1,0,True,5
249,1,Trump,0,24,0,0,True,5
249,2,Trump,1,40,1,0,True,5
249,3,Trump,0,2,0,0,True,5
249,4,Trump,0,3,0,0,True,5
249,5,Trump,0,26,0,0,True,5
249,6,Trump,0,27,0,0,True,5
249,7,Trump,1,53,1,0,True,5
250,0,Trump,1,21,1,0,True,5
250,1,Trump,2,34,2,0,True,5
250,2,Trump,1,1,1,0,True,5
250,3,Trump,0,2,0,0,True,5
250,4,Trump,0,4,0,0,True,5
250,5,Trump,0,17,0,0,True,5
250,6,Trump,0,15,0,0,True,5
250,7,Trump,1,10,1,0,True,5
250,8,Trump,2,50,2,0,True,5
251,0,Trump,0,3,0,0,True,5
251,1,Trump,1,7,1,0,True,5
251,2,Trump,0,2,0,0,True,5
251,3,Trump,1,3,1,0,True,5
251,4,Trump,1,11,1,0,True,5
251,5,Trump,1,14,1,0,True,5
251,6,Trump,1,15,1,0,True,5
252,0,Trump,1,33,1,0,True,5
252,1,Trump,0,10,0,0,True,5
252,2,Trump,1,44,1,0,True,5
252,3,Trump,1,32,1,0,True,5
252,4,Trump,1,45,1,0,True,5
252,5,Trump,1,15,1,0,True,5
252,6,Trump,1,31,1,0,True,5
252,7,Trump,1,13,1,0,True,5
253,0,Trump,0,8,0,0,True,5
253,1,Trump,2,8,2,0,True,5
253,2,Trump,1,48,1,0,True,5
253,3,Trump,1,15,1,0,True,5
253,4,Trump,2,54,2,0,True,5
253,5,Trump,1,47,1,0,True,5
253,6,Trump,1,18,1,0,True,5
253,7,Trump,0,20,0,0,True,5
253,8,Trump,0,10,0,0,True,5
253,9,Trump,0,27,0,0,True,5
254,0,Trump,1,3,1,0,True,5
254,1,Trump,1,17,1,0,True,5
254,2,Trump,1,26,1,0,True,5
254,3,Trump,1,6,1,0,True,5
254,4,Trump,1,3,1,0,True,5
255,0,Trump,0,55,0,0,True,5
255,1,Trump,0,6,0,0,True,5
255,2,Trump,0,6,0,0,True,5
255,3,Trump,1,5,1,0,True,5
255,4,Trump,0,5,0,0,True,5
255,5,Trump,0,15,0,0,True,5
256,0,Trump,1,42,1,0,True,5
256,1,Trump,1,17,1,0,True,5
256,2,Trump,0,10,0,0,True,5
256,3,Trump,1,25,1,0,True,5
256,4,Trump,1,4,1,0,True,5
256,5,Trump,2,24,2,0,True,5
256,6,Trump,2,40,2,0,True,5
256,7,Trump,0,5,0,0,True,5
257,0,Trump,2,11,2,0,True,5
257,1,Trump,1,15,1,0,True,5
257,2,Trump,0,33,0,0,True,5
257,3,Trump,1,7,1,0,True,5
257,4,Trump,0,10,0,0,True,5
257,5,Trump,2,15,2,0,True,5
257,6,Trump,0,5,0,0,True,5
258,0,Trump,2,11,2,0,True,5
258,1,Trump,1,19,1,0,True,5
258,2,Trump,0,15,0,0,True,5
258,3,Trump,1,9,1,0,True,5
258,4,Trump,2,15,2,0,True,5
258,5,Trump,1,13,1,0,True,5
258,6,Trump,3,38,3,0,True,5
258,7,Trump,1,25,1,0,True,5
259,0,Trump,2,16,2,0,True,5
259,1,Trump,0,10,0,0,True,5
259,2,Trump,3,44,3,0,True,5
259,3,Trump,1,11,1,0,True,5
259,4,Trump,2,50,2,0,True,5
259,5,Trump,0,3,0,0,True,5
259,6,Trump,2,21,2,0,True,5
259,7,Trump,0,27,0,0,True,5
260,0,Trump,1,12,1,0,True,5
260,1,Trump,1,15,1,0,True,5
260,2,Trump,1,41,1,0,True,5
260,3,Trump,0,7,0,0,True,5
260,4,Trump,1,6,1,0,True,5
260,5,Trump,1,6,1,0,True,5
260,6,Trump,1,12,1,0,True,5
261,0,Trump,2,23,2,0,True,5
261,1,Trump,1,15,1,0,True,5
261,2,Trump,2,34,2,0,True,5
261,3,Trump,2,25,2,0,True,5
261,4,Trump,2,13,2,0,True,5
261,5,Trump,3,11,3,0,True,5
261,6,Trump,3,36,3,0,True,5
261,7,Trump,2,29,2,0,True,5
262,0,Trump,1,17,1,0,True,5
262,1,Trump,1,12,1,0,True,5
262,2,Trump,0,4,0,0,True,5
262,3,Trump,1,5,1,0,True,5
262,4,Trump,1,18,1,0,True,5
262,5,Trump,2,11,2,0,True,5
262,6,Trump,2,38,2,0,True,5
263,0,Trump,1,29,1,0,True,5
263,1,Trump,0,5,0,0,True,5
263,2,Trump,1,34,1,0,True,5
263,3,Trump,0,4,0,0,True,5
263,4,Trump,0,49,0,0,True,5
263,5,Trump,0,38,0,0,True,5
263,6,Trump,0,1,0,0,True,5
264,0,Trump,2,21,2,0,True,5
264,1,Trump,0,3,0,0,True,5
264,2,Trump,1,12,1,0,True,5
264,3,Trump,0,17,0,0,True,5
264,4,Trump,1,7,1,0,True,5
264,5,Trump,2,12,2,0,True,5
264,6,Trump,1,14,1,0,True,5
264,7,Trump,1,19,1,0,True,5
265,0,Trump,1,20,1,0,True,5
265,1,Trump,1,42,1,0,True,5
265,2,Trump,0,3,0,0,True,5
265,3,Trump,0,30,0,0,True,5
265,4,Trump,1,19,1,0,True,5
265,5,Trump,1,17,1,0,True,5
265,6,Trump,0,17,0,0,True,5
266,0,Trump,0,23,0,0,True,5
266,1,Trump,2,14,2,0,True,5
266,2,Trump,1,37,1,0,True,5
266,3,Trump,0,3,0,0,True,5
266,4,Trump,2,19,2,0,True,5
266,5,Trump,2,11,2,0,True,5
267,0,Trump,1,16,1,0,True,5
267,1,Trump,1,12,1,0,True,5
267,2,Trump,1,40,1,0,True,5
267,3,Trump,1,13,1,0,True,5
267,4,Trump,0,4,0,0,True,5
267,5,Trump,4,48,4,0,True,5
267,6,Trump,1,11,1,0,True,5
268,0,Trump,0,12,0,0,True,5
268,1,Trump,0,18,0,0,True,5
268,2,Trump,0,34,0,0,True,5
268,3,Trump,2,39,2,0,True,5
268,4,Trump,0,27,0,0,True,5
268,5,Trump,1,24,1,0,True,5
269,0,Trump,2,19,2,0,True,5
269,1,Trump,1,11,1,0,True,5
269,2,Trump,1,13,1,0,True,5
269,3,Trump,1,5,1,0,True,5
269,4,Trump,1,14,1,0,True,5
269,5,Trump,1,13,1,0,True,5
270,0,Trump,0,6,0,0,True,5
270,1,Trump,1,3,1,0,True,5
270,2,Trump,1,21,1,0,True,5
270,3,Trump,1,28,1,0,True,5
270,4,Trump,1,10,1,0,True,5
270,5,Trump,0,27,0,0,True,5
270,6,Trump,1,17,1,0,True,5
270,7,Trump,0,3,0,0,True,5
271,0,Trump,1,15,1,0,True,5
271,1,Trump,2,20,2,0,True,5
271,2,Trump,1,17,1,0,True,5
271,3,Trump,1,15,1,0,True,5
271,4,Trump,1,0,0,1,False,5
271,5,Trump,1,3,1,0,True,5
271,6,Trump,2,11,2,0,True,5
272,0,Trump,1,26,1,0,True,5
272,1,Trump,1,19,1,0,True,5
272,2,Trump,2,7,2,0,True,5
272,3,Trump,2,36,2,0,True,5
272,4,Trump,0,10,0,0,True,5
272,5,Trump,1,33,1,0,True,5
272,6,Trump,1,13,1,0,True,5
273,0,Trump,2,23,2,0,True,5
273,1,Trump,1,13,1,0,True,5
273,2,Trump,1,9,1,0,True,5
273,3,Trump,1,11,1,0,True,5
273,4,Trump,2,22,2,0,True,5
273,5,Trump,2,29,2,0,True,5
274,0,Trump,1,17,1,0,True,5
274,1,Trump,0,2,0,0,True,5
274,2,Trump,0,3,0,0,True,5
274,3,Trump,2,10,2,0,True,5
274,4,Trump,1,6,1,0,True,5
274,5,Trump,2,3,2,0,True,5
274,6,Trump,1,10,1,0,True,5
275,0,Trump,1,51,1,0,True,5
275,1,Trump,5,48,5,0,True,5
275,2,Trump,0,9,0,0,True,5
275,3,Trump,0,9,0,0,True,5
275,4,Trump,3,41,3,0,True,5
275,5,Trump,2,33,2,0,True,5
275,6,Trump,2,45,2,0,True,5
276,0,Trump,2,34,2,0,True,5
276,1,Trump,1,25,1,0,True,5
276,2,Trump,1,18,1,0,True,5
276,3,Trump,2,10,2,0,True,5
276,4,Trump,1,19,1,0,True,5
276,5,Trump,1,16,1,0,True,5
276,6,Trump,0,5,0,0,True,5
277,0,Trump,0,10,0,0,True,5
277,1,Trump,2,12,2,0,True,5
277,2,Trump,1,34,1,0,True,5
277,3,Trump,1,8,1,0,True,5
277,4,Trump,1,15,1,0,True,5
277,5,Trump,1,3,1,0,True,5
277,6,Trump,0,5,0,0,True,5
278,0,Trump,2,15,2,0,True,5
278,1,Trump,1,31,1,0,True,5
278,2,Trump,1,6,1,0,True,5
278,3,Trump,0,12,0,0,True,5
278,4,Trump,1,11,1,0,True,5
278,5,Trump,1,7,1,0,True,5
278,6,Trump,0,6,0,0,True,5
279,0,Trump,1,9,1,0,True,5
279,1,Trump,0,22,0,0,True,5
279,2,Trump,1,8,1,0,True,5
279,3,Trump,1,27,1,0,True,5
279,4,Trump,1,18,1,0,True,5
279,5,Trump,1,12,1,0,True,5
279,6,Trump,2,50,2,0,True,5
280,0,Trump,2,14,2,0,True,5
280,1,Trump,1,6,1,0,True,5
280,2,Trump,2,20,2,0,True,5
280,3,Trump,1,9,1,0,True,5
280,4,Trump,2,3,2,0,True,5
280,5,Trump,2,6,2,0,True,5
280,6,Trump,2,6,2,0,True,5
281,0,Trump,2,23,2,0,True,5
281,1,Trump,2,16,2,0,True,5
281,2,Trump,0,19,0,0,True,5
281,3,Trump,0,46,0,0,True,5
281,4,Trump,2,6,2,0,True,5
281,5,Trump,0,0,0,0,True,5
281,6,Trump,1,21,1,0,True,5
282,0,Trump,1,11,1,0,True,5
282,1,Trump,0,2,0,0,True,5
282,2,Trump,0,15,0,0,True,5
282,3,Trump,1,19,1,0,True,5
282,4,Trump,0,17,0,0,True,5
282,5,Trump,0,21,0,0,True,5
282,6,Trump,1,8,1,0,True,5
282,7,Trump,0,11,0,0,True,5
283,0,Trump,4,45,4,0,True,5
283,1,Trump,0,10,0,0,True,5
283,2,Trump,1,7,1,0,True,5
283,3,Trump,0,57,0,0,True,5
283,4,Trump,1,13,1,0,True,5
283,5,Trump,1,16,1,0,True,5
283,6,Trump,0,17,0,0,True,5
284,0,Trump,0,7,0,0,True,5
284,1,Trump,0,17,0,0,True,5
284,2,Trump,1,3,1,0,True,5
284,3,Trump,1,9,1,0,True,5
284,4,Trump,1,21,1,0,True,5
284,5,Trump,0,9,0,0,True,5
284,6,Trump,0,4,0,0,True,5
284,7,Trump,0,4,0,0,True,5
284,8,Trump,1,8,1,0,True,5
285,0,Trump,1,11,1,0,True,5
285,1,Trump,0,23,0,0,True,5
285,2,Trump,0,10,0,0,True,5
285,3,Trump,1,11,1,0,True,5
285,4,Trump,0,12,0,0,True,5
285,5,Trump,1,12,1,0,True,5
285,6,Trump,0,4,0,0,True,5
285,7,Trump,2,41,2,0,True,5
286,0,Trump,0,3,0,0,True,5
286,1,Trump,0,6,0,0,True,5
286,2,Trump,1,15,1,0,True,5
286,3,Trump,0,17,0,0,True,5
286,4,Trump,0,15,0,0,True,5
286,5,Trump,0,30,0,0,True,5
286,6,Trump,0,30,0,0,True,5
286,7,Trump,0,4,0,0,True,5
287,0,Trump,1,19,1,0,True,5
287,1,Trump,2,19,2,0,True,5
287,2,Trump,1,16,1,0,True,5
287,3,Trump,2,13,2,0,True,5
287,4,Trump,2,40,2,0,True,5
287,5,Trump,0,3,0,0,True,5
287,6,Trump,0,15,0,0,True,5
287,7,Trump,1,18,1,0,True,5
287,8,Trump,0,1,0,0,True,5
288,0,Trump,2,12,2,0,True,5
288,1,Trump,1,14,1,0,True,5
288,2,Trump,2,23,2,0,True,5
288,3,Trump,3,38,3,0,True,5
288,4,Trump,1,29,1,0,True,5
288,5,Trump,1,54,1,0,True,5
288,6,Trump,1,10,1,0,True,5
288,7,Trump,1,42,1,0,True,5
288,8,Trump,1,15,1,0,True,5
289,0,Trump,1,26,1,0,True,5
289,1,Trump,1,12,1,0,True,5
289,2,Trump,1,10,1,0,True,5
289,3,Trump,1,26,1,0,True,5
289,4,Trump,1,8,1,0,True,5
289,5,Trump,0,9,0,0,True,5
289,6,Trump,1,38,1,0,True,5
290,0,Trump,1,10,1,0,True,5
290,1,Trump,1,19,1,0,True,5
290,2,Trump,2,20,2,0,True,5
290,3,Trump,1,20,1,0,True,5
290,4,Trump,1,11,1,0,True,5
290,5,Trump,1,12,1,0,True,5
290,6,Trump,1,57,1,0,True,5
290,7,Trump,0,18,0,0,True,5
291,0,Trump,2,28,2,0,True,5
291,1,Trump,2,25,2,0,True,5
291,2,Trump,2,33,2,0,True,5
291,3,Trump,2,32,2,0,True,5
291,4,Trump,0,27,0,0,True,5
291,5,Trump,2,25,2,0,True,5
291,6,Trump,2,25,2,0,True,5
292,0,Trump,1,13,1,0,True,5
292,1,Trump,1,16,1,0,True,5
292,2,Trump,1,13,1,0,True,5
292,3,Trump,1,20,1,0,True,5
292,4,Trump,1,18,1,0,True,5
292,5,Trump,2,19,2,0,True,5
292,6,Trump,2,17,2,0,True,5
293,0,Trump,1,5,1,0,True,5
293,1,Trump,1,11,1,0,True,5
293,2,Trump,1,9,1,0,True,5
293,3,Trump,0,3,0,0,True,5
293,4,Trump,0,13,0,0,True,5
293,5,Trump,2,16,2,0,True,5
293,6,Trump,1,6,1,0,True,5
293,7,Trump,1,11,1,0,True,5
294,0,Trump,1,9,1,0,True,5
294,1,Trump,1,12,1,0,True,5
294,2,Trump,1,17,1,0,True,5
294,3,Trump,2,11,2,0,True,5
294,4,Trump,0,7,0,0,True,5
294,5,Trump,1,23,1,0,True,5
295,0,Trump,1,8,1,0,True,5
295,1,Trump,1,20,1,0,True,5
295,2,Trump,2,11,2,0,True,5
295,3,Trump,3,37,3,0,True,5
295,4,Trump,2,32,2,0,True,5
295,5,Trump,4,36,4,0,True,5
295,6,Trump,1,33,1,0,True,5
296,0,Trump,1,12,1,0,True,5
296,1,Trump,0,6,0,0,True,5
296,2,Trump,1,65,1,0,True,5
296,3,Trump,1,11,1,0,True,5
296,4,Trump,1,12,1,0,True,5
296,5,Trump,1,13,1,0,True,5
296,6,Trump,0,9,0,0,True,5
296,7,Trump,2,48,2,0,True,5
296,8,Trump,1,11,1,0,True,5
297,0,Trump,0,16,0,0,True,5
297,1,Trump,0,5,0,0,True,5
297,2,Trump,0,4,0,0,True,5
297,3,Trump,0,7,0,0,True,5
297,4,Trump,1,12,1,0,True,5
297,5,Trump,0,7,0,0,True,5
297,6,Trump,0,1,0,0,True,5
297,7,Trump,1,28,1,0,True,5
298,0,Trump,0,39,0,0,True,5
298,1,Trump,0,48,0,0,True,5
298,2,Trump,1,10,1,0,True,5
298,3,Trump,0,5,0,0,True,5
298,4,Trump,0,27,0,0,True,5
298,5,Trump,0,7,0,0,True,5
298,6,Trump,1,13,1,0,True,5
298,7,Trump,0,1,0,0,True,5
299,0,Trump,1,17,1,0,True,5
299,1,Trump,1,22,1,0,True,5
299,2,Trump,0,28,0,0,True,5
299,3,Trump,1,21,1,0,True,5
299,4,Trump,0,2,0,0,True,5
299,5,Trump,1,15,1,0,True,5
299,6,Trump,1,23,1,0,True,5
299,7,Trump,2,11,2,0,True,5
299,8,Trump,1,4,1,0,True,5
300,0,Trump,1,39,1,0,True,5
300,1,Trump,1,38,1,0,True,5
300,2,Trump,0,44,0,0,True,5
300,3,Trump,0,34,0,0,True,5
300,4,Trump,0,24,0,0,True,5
300,5,Trump,0,22,0,0,True,5
300,6,Trump,0,7,0,0,True,5
300,7,Trump,0,23,0,0,True,5
301,0,Trump,1,25,1,0,True,5
301,1,Trump,2,7,2,0,True,5
301,2,Trump,2,30,2,0,True,5
301,3,Trump,2,16,2,0,True,5
301,4,Trump,2,20,2,0,True,5
301,5,Trump,1,16,1,0,True,5
301,6,Trump,2,6,2,0,True,5
301,7,Trump,1,20,1,0,True,5
302,0,Trump,0,8,0,0,True,5
302,1,Trump,1,17,1,0,True,5
302,2,Trump,0,15,0,0,True,5
302,3,Trump,0,2,0,0,True,5
302,4,Trump,1,4,1,0,True,5
302,5,Trump,1,32,1,0,True,5
302,6,Trump,1,55,1,0,True,5
302,7,Trump,2,9,2,0,True,5
303,0,Trump,2,17,2,0,True,5
303,1,Trump,3,33,3,0,True,5
303,2,Trump,0,11,0,0,True,5
303,3,Trump,1,22,1,0,True,5
303,4,Trump,2,33,2,0,True,5
304,0,Trump,0,16,0,0,True,5
304,1,Trump,1,5,1,0,True,5
304,2,Trump,1,19,1,0,True,5
304,3,Trump,1,8,1,0,True,5
304,4,Trump,1,23,1,0,True,5
304,5,Trump,0,22,0,0,True,5
304,6,Trump,0,0,0,0,True,5
305,0,Trump,0,11,0,0,True,5
305,1,Trump,0,8,0,0,True,5
305,2,Trump,1,11,1,0,True,5
305,3,Trump,0,5,0,0,True,5
305,4,Trump,1,17,1,0,True,5
305,5,Trump,0,7,0,0,True,5
305,6,Trump,1,17,1,0,True,5
305,7,Trump,0,2,0,0,True,5
305,8,Trump,0,15,0,0,True,5
306,0,Trump,0,25,0,0,True,5
306,1,Trump,0,9,0,0,True,5
306,2,Trump,0,17,0,0,True,5
306,3,Trump,1,35,1,0,True,5
306,4,Trump,1,18,1,0,True,5
306,5,Trump,2,47,2,0,True,5
306,6,Trump,1,25,1,0,True,5
306,7,Trump,1,39,1,0,True,5
307,0,Trump,1,0,0,1,False,5
307,1,Trump,1,9,1,0,True,5
307,2,Trump,2,4,2,0,True,5
307,3,Trump,1,0,0,1,False,5
307,4,Trump,1,0,0,1,False,5
307,5,Trump,1,0,0,1,False,5
307,6,Trump,1,0,0,1,False,5
308,0,Trump,0,50,0,0,True,5
308,1,Trump,0,14,0,0,True,5
308,2,Trump,0,17,0,0,True,5
308,3,Trump,0,45,0,0,True,5
308,4,Trump,0,15,0,0,True,5
308,5,Trump,0,48,0,0,True,5
309,0,Trump,1,39,1,0,True,5
309,1,Trump,1,11,1,0,True,5
309,2,Trump,2,17,2,0,True,5
309,3,Trump,1,8,1,0,True,5
309,4,Trump,1,20,1,0,True,5
309,5,Trump,2,46,2,0,True,5
309,6,Trump,2,2,2,0,True,5
309,7,Trump,2,22,2,0,True,5
310,0,Trump,2,27,2,0,True,5
310,1,Trump,2,7,2,0,True,5
310,2,Trump,1,33,1,0,True,5
310,3,Trump,0,26,0,0,True,5
310,4,Trump,1,30,1,0,True,5
310,5,Trump,2,28,2,0,True,5
310,6,Trump,0,6,0,0,True,5
310,7,Trump,1,15,1,0,True,5
311,0,Trump,1,2,1,0,True,5
311,1,Trump,1,22,1,0,True,5
311,2,Trump,4,18,4,0,True,5
311,3,Trump,0,18,0,0,True,5
311,4,Trump,0,22,0,0,True,5
311,5,Trump,1,13,1,0,True,5
311,6,Trump,1,31,1,0,True,5
312,0,Trump,1,42,1,0,True,5
312,1,Trump,1,7,1,0,True,5
312,2,Trump,1,25,1,0,True,5
312,3,Trump,1,8,1,0,True,5
312,4,Trump,0,6,0,0,True,5
312,5,Trump,0,5,0,0,True,5
312,6,Trump,1,10,1,0,True,5
312,7,Trump,0,40,0,0,True,5
312,8,Trump,0,19,0,0,True,5
313,0,Trump,0,2,0,0,True,5
313,1,Trump,0,4,0,0,True,5
313,2,Trump,0,3,0,0,True,5
313,3,Trump,0,3,0,0,True,5
313,4,Trump,0,6,0,0,True,5
313,5,Trump,0,6,0,0,True,5
313,6,Trump,0,9,0,0,True,5
313,7,Trump,0,23,0,0,True,5
313,8,Trump,0,5,0,0,True,5
314,0,Trump,0,4,0,0,True,5
314,1,Trump,1,17,1,0,True,5
314,2,Trump,1,21,1,0,True,5
314,3,Trump,1,51,1,0,True,5
314,4,Trump,0,9,0,0,True,5
314,5,Trump,0,18,0,0,True,5
314,6,Trump,0,7,0,0,True,5
314,7,Trump,0,6,0,0,True,5
315,0,Trump,0,9,0,0,True,5
315,1,Trump,1,19,1,0,True,5
315,2,Trump,1,4,1,0,True,5
315,3,Trump,1,12,1,0,True,5
315,4,Trump,0,18,0,0,True,5
315,5,Trump,3,48,3,0,True,5
315,6,Trump,0,6,0,0,True,5
316,0,Trump,1,58,1,0,True,5
316,1,Trump,1,12,1,0,True,5
316,2,Trump,0,48,0,0,True,5
316,3,Trump,0,16,0,0,True,5
316,4,Trump,1,34,1,0,True,5
317,0,Trump,1,10,1,0,True,5
317,1,Trump,1,6,1,0,True,5
317,2,Trump,1,20,1,0,True,5
317,3,Trump,1,34,1,0,True,5
317,4,Trump,1,22,1,0,True,5
317,5,Trump,0,21,0,0,True,5
318,0,Trump,2,37,2,0,True,5
318,1,Trump,1,9,1,0,True,5
318,2,Trump,4,58,4,0,True,5
318,3,Trump,1,22,1,0,True,5
318,4,Trump,0,11,0,0,True,5
318,5,Trump,1,46,1,0,True,5
318,6,Trump,2,23,2,0,True,5
319,0,Trump,1,47,1,0,True,5
319,1,Trump,1,8,1,0,True,5
319,2,Trump,0,4,0,0,True,5
319,3,Trump,1,19,1,0,True,5
319,4,Trump,1,18,1,0,True,5
319,5,Trump,1,14,1,0,True,5
319,6,Trump,0,15,0,0,True,5
319,7,Trump,1,10,1,0,True,5
320,0,Trump,0,19,0,0,True,5
320,1,Trump,0,7,0,0,True,5
320,2,Trump,0,27,0,0,True,5
320,3,Trump,2,56,2,0,True,5
320,4,Trump,0,33,0,0,True,5
320,5,Trump,0,19,0,0,True,5
320,6,Trump,0,13,0,0,True,5
320,7,Trump,0,24,0,0,True,5
320,8,Trump,0,17,0,0,True,5
321,0,Trump,0,6,0,0,True,5
321,1,Trump,0,0,0,0,True,5
321,2,Trump,0,21,0,0,True,5
321,3,Trump,1,4,1,0,True,5
321,4,Trump,0,27,0,0,True,5
321,5,Trump,2,50,2,0,True,5
322,0,Trump,1,21,1,0,True,5
322,1,Trump,2,18,2,0,True,5
322,2,Trump,1,21,1,0,True,5
322,3,Trump,1,18,1,0,True,5
322,4,Trump,1,15,1,0,True,5
322,5,Trump,1,10,1,0,True,5
322,6,Trump,1,12,1,0,True,5
322,7,Trump,0,10,0,0,True,5
323,0,Trump,1,5,1,0,True,5
323,1,Trump,0,7,0,0,True,5
323,2,Trump,1,14,1,0,True,5
323,3,Trump,0,8,0,0,True,5
323,4,Trump,0,5,0,0,True,5
323,5,Trump,0,5,0,0,True,5
323,6,Trump,2,5,2,0,True,5
323,7,Trump,0,8,0,0,True,5
324,0,Trump,1,38,1,0,True,5
324,1,Trump,0,27,0,0,True,5
324,2,Trump,0,10,0,0,True,5
324,3,Trump,1,9,1,0,True,5
324,4,Trump,1,13,1,0,True,5
324,5,Trump,0,26,0,0,True,5
324,6,Trump,2,31,2,0,True,5
325,0,Trump,0,7,0,0,True,5
325,1,Trump,1,21,1,0,True,5
325,2,Trump,3,26,3,0,True,5
325,3,Trump,1,36,1,0,True,5
325,4,Trump,0,9,0,0,True,5
325,5,Trump,1,18,1,0,True,5
325,6,Trump,1,22,1,0,True,5
326,0,Trump,0,25,0,0,True,5
326,1,Trump,3,11,3,0,True,5
326,2,Trump,1,37,1,0,True,5
326,3,Trump,2,6,2,0,True,5
326,4,Trump,1,35,1,0,True,5
326,5,Trump,1,36,1,0,True,5
326,6,Trump,0,6,0,0,True,5
326,7,Trump,1,35,1,0,True,5
327,0,Trump,1,24,1,0,True,5
327,1,Trump,1,42,1,0,True,5
327,2,Trump,2,29,2,0,True,5
327,3,Trump,1,34,1,0,True,5
327,4,Trump,0,23,0,0,True,5
327,5,Trump,0,15,0,0,True,5
327,6,Trump,0,11,0,0,True,5
327,7,Trump,0,9,0,0,True,5
328,0,Trump,2,12,2,0,True,5
328,1,Trump,2,47,2,0,True,5
328,2,Trump,1,21,1,0,True,5
328,3,Trump,2,9,2,0,True,5
328,4,Trump,0,17,0,0,True,5
328,5,Trump,1,16,1,0,True,5
328,6,Trump,0,8,0,0,True,5
328,7,Trump,0,2,0,0,True,5
328,8,Trump,1,11,1,0,True,5
329,0,Trump,0,1,0,0,True,5
329,1,Trump,0,15,0,0,True,5
329,2,Trump,0,17,0,0,True,5
329,3,Trump,0,16,0,0,True,5
329,4,Trump,0,12,0,0,True,5
329,5,Trump,0,2,0,0,True,5
329,6,Trump,0,3,0,0,True,5
330,0,Trump,1,17,1,0,True,5
330,1,Trump,0,12,0,0,True,5
330,2,Trump,0,17,0,0,True,5
330,3,Trump,0,15,0,0,True,5
330,4,Trump,1,7,1,0,True,5
330,5,Trump,0,3,0,0,True,5
330,6,Trump,1,16,1,0,True,5
330,7,Trump,0,24,0,0,True,5
331,0,Trump,0,23,0,0,True,5
331,1,Trump,1,10,1,0,True,5
331,2,Trump,1,26,1,0,True,5
331,3,Trump,1,16,1,0,True,5
331,4,Trump,1,8,1,0,True,5
331,5,Trump,0,13,0,0,True,5
332,0,Trump,0,21,0,0,True,5
332,1,Trump,0,7,0,0,True,5
332,2,Trump,1,54,1,0,True,5
332,3,Trump,14,43,14,0,True,5
332,4,Trump,0,6,0,0,True,5
332,5,Trump,0,25,0,0,True,5
332,6,Trump,1,55,1,0,True,5
333,0,Trump,1,5,1,0,True,5
333,1,Trump,2,46,2,0,True,5
333,2,Trump,1,8,1,0,True,5
333,3,Trump,1,22,1,0,True,5
333,4,Trump,2,58,2,0,True,5
333,5,Trump,1,44,1,0,True,5
333,6,Trump,1,14,1,0,True,5
333,7,Trump,1,13,1,0,True,5
334,0,Trump,2,51,2,0,True,5
334,1,Trump,0,7,0,0,True,5
334,2,Trump,1,25,1,0,True,5
334,3,Trump,2,32,2,0,True,5
334,4,Trump,2,48,2,0,True,5
334,5,Trump,2,27,2,0,True,5
334,6,Trump,2,41,2,0,True,5
334,7,Trump,1,29,1,0,True,5
335,0,Trump,1,28,1,0,True,5
335,1,Trump,2,34,2,0,True,5
335,2,Trump,0,30,0,0,True,5
335,3,Trump,3,38,3,0,True,5
335,4,Trump,1,51,1,0,True,5
335,5,Trump,0,20,0,0,True,5
335,6,Trump,0,23,0,0,True,5
336,0,Trump,0,5,0,0,True,5
336,1,Trump,0,9,0,0,True,5
336,2,Trump,0,9,0,0,True,5
336,3,Trump,0,12,0,0,True,5
336,4,Trump,0,30,0,0,True,5
336,5,Trump,0,24,0,0,True,5
336,6,Trump,2,50,2,0,True,5
336,7,Trump,1,23,1,0,True,5
337,0,Trump,1,11,1,0,True,5
337,1,Trump,1,36,1,0,True,5
337,2,Trump,1,51,1,0,True,5
337,3,Trump,1,2,1,0,True,5
337,4,Trump,1,11,1,0,True,5
337,5,Trump,1,4,1,0,True,5
338,0,Trump,1,28,1,0,True,5
338,1,Trump,0,21,0,0,True,5
338,2,Trump,0,20,0,0,True,5
338,3,Trump,1,27,1,0,True,5
338,4,Trump,1,11,1,0,True,5
338,5,Trump,2,30,2,0,True,5
338,6,Trump,2,6,2,0,True,5
339,0,Trump,0,5,0,0,True,5
339,1,Trump,1,5,1,0,True,5
339,2,Trump,2,14,2,0,True,5
339,3,Trump,1,10,1,0,True,5
339,4,Trump,1,15,1,0,True,5
339,5,Trump,1,6,1,0,True,5
339,6,Trump,1,20,1,0,True,5
339,7,Trump,2,3,2,0,True,5
339,8,Trump,0,5,0,0,True,5
340,0,Trump,1,17,1,0,True,5
340,1,Trump,0,4,0,0,True,5
340,2,Trump,0,6,0,0,True,5
340,3,Trump,1,29,1,0,True,5
340,4,Trump,0,8,0,0,True,5
340,5,Trump,1,9,1,0,True,5
340,6,Trump,1,5,1,0,True,5
340,7,Trump,2,12,2,0,True,5
341,0,Trump,0,19,0,0,True,5
341,1,Trump,0,3,0,0,True,5
341,2,Trump,0,41,0,0,True,5
341,3,Trump,2,45,2,0,True,5
341,4,Trump,0,24,0,0,True,5
341,5,Trump,0,48,0,0,True,5
342,0,Trump,1,46,1,0,True,5
342,1,Trump,0,9,0,0,True,5
342,2,Trump,0,1,0,0,True,5
342,3,Trump,1,53,1,0,True,5
342,4,Trump,0,13,0,0,True,5
342,5,Trump,0,20,0,0,True,5
342,6,Trump,0,16,0,0,True,5
343,0,Trump,1,28,1,0,True,5
343,1,Trump,2,37,2,0,True,5
343,2,Trump,1,20,1,0,True,5
343,3,Trump,0,4,0,0,True,5
343,4,Trump,0,18,0,0,True,5
343,5,Trump,1,9,1,0,True,5
343,6,Trump,0,16,0,0,True,5
344,0,Trump,1,14,1,0,True,5
344,1,Trump,1,33,1,0,True,5
344,2,Trump,1,26,1,0,True,5
344,3,Trump,1,26,1,0,True,5
344,4,Trump,1,15,1,0,True,5
344,5,Trump,0,23,0,0,True,5
344,6,Trump,1,20,1,0,True,5
344,7,Trump,1,32,1,0,True,5
344,8,Trump,2,20,2,0,True,5
345,0,Trump,0,34,0,0,True,5
345,1,Trump,1,14,1,0,True,5
345,2,Trump,1,36,1,0,True,5
345,3,Trump,2,20,2,0,True,5
345,4,Trump,1,22,1,0,True,5
345,5,Trump,0,19,0,0,True,5
345,6,Trump,2,20,2,0,True,5
345,7,Trump,0,0,0,0,True,5
346,0,Trump,0,48,0,0,True,5
346,1,Trump,0,37,0,0,True,5
346,2,Trump,0,36,0,0,True,5
346,3,Trump,0,40,0,0,True,5
346,4,Trump,0,16,0,0,True,5
346,5,Trump,2,38,2,0,True,5
346,6,Trump,1,39,1,0,True,5
347,0,Trump,0,14,0,0,True,5
347,1,Trump,0,26,0,0,True,5
347,2,Trump,0,0,0,0,True,5
347,3,Trump,0,13,0,0,True,5
347,4,Trump,0,10,0,0,True,5
347,5,Trump,0,22,0,0,True,5
347,6,Trump,0,35,0,0,True,5
348,0,Trump,3,54,3,0,True,5
348,1,Trump,0,41,0,0,True,5
348,2,Trump,0,15,0,0,True,5
348,3,Trump,1,27,1,0,True,5
348,4,Trump,0,21,0,0,True,5
348,5,Trump,2,32,2,0,True,5
348,6,Trump,0,10,0,0,True,5
348,7,Trump,0,58,0,0,True,5
348,8,Trump,0,25,0,0,True,5
349,0,Trump,0,0,0,0,True,5
349,1,Trump,0,56,0,0,True,5
349,2,Trump,2,29,2,0,True,5
349,3,Trump,0,38,0,0,True,5
349,4,Trump,0,14,0,0,True,5
349,5,Trump,3,44,3,0,True,5
349,6,Trump,0,54,0,0,True,5
349,7,Trump,0,5,0,0,True,5
350,0,Trump,1,17,1,0,True,5
350,1,Trump,2,15,2,0,True,5
350,2,Trump,2,19,2,0,True,5
350,3,Trump,2,15,2,0,True,5
350,4,Trump,2,13,2,0,True,5
350,5,Trump,1,3,1,0,True,5
350,6,Trump,1,7,1,0,True,5
350,7,Trump,1,5,1,0,True,5
351,0,Trump,0,3,0,0,True,5
351,1,Trump,1,54,1,0,True,5
351,2,Trump,1,48,1,0,True,5
351,3,Trump,1,10,1,0,True,5
351,4,Trump,1,30,1,0,True,5
351,5,Trump,1,26,1,0,True,5
351,6,Trump,0,6,0,0,True,5
351,7,Trump,0,3,0,0,True,5
352,0,Trump,1,21,1,0,True,5
352,1,Trump,2,24,2,0,True,5
352,2,Trump,0,3,0,0,True,5
352,3,Trump,1,5,1,0,True,5
352,4,Trump,1,10,1,0,True,5
352,5,Trump,2,10,2,0,True,5
352,6,Trump,2,17,2,0,True,5
352,7,Trump,0,0,0,0,True,5
353,0,Trump,0,9,0,0,True,5
353,1,Trump,1,15,1,0,True,5
353,2,Trump,1,8,1,0,True,5
353,3,Trump,1,9,1,0,True,5
353,4,Trump,1,33,1,0,True,5
353,5,Trump,2,25,2,0,True,5
353,6,Trump,1,14,1,0,True,5
354,0,Trump,0,5,0,0,True,5
354,1,Trump,1,14,1,0,True,5
354,2,Trump,1,9,1,0,True,5
354,3,Trump,1,9,1,0,True,5
354,4,Trump,1,42,1,0,True,5
354,5,Trump,1,16,1,0,True,5
354,6,Trump,1,12,1,0,True,5
355,0,Trump,1,16,1,0,True,5
355,1,Trump,2,46,2,0,True,5
355,2,Trump,2,46,2,0,True,5
355,3,Trump,1,7,1,0,True,5
355,4,Trump,1,12,1,0,True,5
355,5,Trump,1,3,1,0,True,5
355,6,Trump,0,20,0,0,True,5
355,7,Trump,1,17,1,0,True,5
356,0,Trump,0,4,0,0,True,5
356,1,Trump,0,3,0,0,True,5
356,2,Trump,0,4,0,0,True,5
356,3,Trump,0,13,0,0,True,5
356,4,Trump,3,9,3,0,True,5
356,5,Trump,2,2,2,0,True,5
356,6,Trump,0,52,0,0,True,5
357,0,Trump,1,30,1,0,True,5
357,1,Trump,1,46,1,0,True,5
357,2,Trump,2,28,2,0,True,5
357,3,Trump,0,12,0,0,True,5
357,4,Trump,2,6,2,0,True,5
357,5,Trump,1,5,1,0,True,5
357,6,Trump,0,21,0,0,True,5
358,0,Trump,1,26,1,0,True,5
358,1,Trump,2,11,2,0,True,5
358,2,Trump,2,33,2,0,True,5
358,3,Trump,1,15,1,0,True,5
358,4,Trump,3,53,3,0,True,5
358,5,Trump,0,37,0,0,True,5
358,6,Trump,2,43,2,0,True,5
358,7,Trump,1,21,1,0,True,5
358,8,Trump,0,0,0,0,True,5
359,0,Trump,2,30,2,0,True,5
359,1,Trump,3,39,3,0,True,5
359,2,Trump,1,17,1,0,True,5
359,3,Trump,1,22,1,0,True,5
359,4,Trump,1,45,1,0,True,5
359,5,Trump,1,32,1,0,True,5
359,6,Trump,0,18,0,0,True,5
359,7,Trump,3,11,3,0,True,5
360,0,Trump,0,10,0,0,True,5
360,1,Trump,1,41,1,0,True,5
360,2,Trump,0,27,0,0,True,5
360,3,Trump,0,21,0,0,True,5
360,4,Trump,0,8,0,0,True,5
360,5,Trump,1,16,1,0,True,5
361,0,Trump,0,13,0,0,True,5
361,1,Trump,1,6,1,0,True,5
361,2,Trump,0,21,0,0,True,5
361,3,Trump,1,5,1,0,True,5
361,4,Trump,0,2,0,0,True,5
361,5,Trump,1,28,1,0,True,5
362,0,Trump,0,8,0,0,True,5
362,1,Trump,1,14,1,0,True,5
362,2,Trump,0,8,0,0,True,5
362,3,Trump,1,17,1,0,True,5
362,4,Trump,1,15,1,0,True,5
362,5,Trump,1,6,1,0,True,5
362,6,Trump,0,6,0,0,True,5
362,7,Trump,1,36,1,0,True,5
363,0,Trump,0,21,0,0,True,5
363,1,Trump,0,14,0,0,True,5
363,2,Trump,0,11,0,0,True,5
363,3,Trump,1,16,1,0,True,5
363,4,Trump,0,48,0,0,True,5
363,5,Trump,1,8,1,0,True,5
363,6,Trump,0,22,0,0,True,5
364,0,Trump,1,18,1,0,True,5
364,1,Trump,1,35,1,0,True,5
364,2,Trump,1,12,1,0,True,5
364,3,Trump,2,8,2,0,True,5
364,4,Trump,2,21,2,0,True,5
364,5,Trump,0,15,0,0,True,5
365,0,Trump,1,15,1,0,True,5
365,1,Trump,1,42,1,0,True,5
365,2,Trump,2,55,2,0,True,5
365,3,Trump,0,16,0,0,True,5
365,4,Trump,0,0,0,0,True,5
365,5,Trump,0,20,0,0,True,5
366,0,Trump,1,48,1,0,True,5
366,1,Trump,0,33,0,0,True,5
366,2,Trump,0,10,0,0,True,5
366,3,Trump,0,10,0,0,True,5
366,4,Trump,1,19,1,0,True,5
366,5,Trump,0,24,0,0,True,5
366,6,Trump,0,38,0,0,True,5
366,7,Trump,0,23,0,0,True,5
367,0,Trump,0,31,0,0,True,5
367,1,Trump,2,12,2,0,True,5
367,2,Trump,2,29,2,0,True,5
367,3,Trump,0,21,0,0,True,5
367,4,Trump,1,31,1,0,True,5
367,5,Trump,2,13,2,0,True,5
368,0,Trump,0,4,0,0,True,5
368,1,Trump,1,51,1,0,True,5
368,2,Trump,1,6,1,0,True,5
368,3,Trump,1,12,1,0,True,5
368,4,Trump,1,2,1,0,True,5
368,5,Trump,0,5,0,0,True,5
369,0,Trump,1,5,1,0,True,5
369,1,Trump,1,45,1,0,True,5
369,2,Trump,0,14,0,0,True,5
369,3,Trump,0,29,0,0,True,5
369,4,Trump,0,11,0,0,True,5
369,5,Trump,0,15,0,0,True,5
369,6,Trump,2,49,2,0,True,5
369,7,Trump,2,48,2,0,True,5
370,0,Trump,1,11,1,0,True,5
370,1,Trump,0,7,0,0,True,5
370,2,Trump,1,6,1,0,True,5
370,3,Trump,1,15,1,0,True,5
370,4,Trump,1,18,1,0,True,5
370,5,Trump,0,2,0,0,True,5
370,6,Trump,1,8,1,0,True,5
371,0,Trump,1,5,1,0,True,5
371,1,Trump,2,17,2,0,True,5
371,2,Trump,1,30,1,0,True,5
371,3,Trump,3,46,3,0,True,5
371,4,Trump,2,44,2,0,True,5
371,5,Trump,1,8,1,0,True,5
371,6,Trump,0,4,0,0,True,5
372,0,Trump,1,27,1,0,True,5
372,1,Trump,0,6,0,0,True,5
372,2,Trump,4,43,4,0,True,5
372,3,Trump,4,33,4,0,True,5
372,4,Trump,1,54,1,0,True,5
372,5,Trump,1,7,1,0,True,5
372,6,Trump,1,29,1,0,True,5
372,7,Trump,0,16,0,0,True,5
373,0,Trump,0,15,0,0,True,5
373,1,Trump,2,32,2,0,True,5
373,2,Trump,1,16,1,0,True,5
373,3,Trump,0,6,0,0,True,5
373,4,Trump,2,15,2,0,True,5
373,5,Trump,0,4,0,0,True,5
373,6,Trump,1,54,1,0,True,5
374,0,Trump,2,14,2,0,True,5
374,1,Trump,1,26,1,0,True,5
374,2,Trump,2,34,2,0,True,5
374,3,Trump,0,15,0,0,True,5
374,4,Trump,0,2,0,0,True,5
374,5,Trump,1,12,1,0,True,5
374,6,Trump,1,17,1,0,True,5
374,7,Trump,2,14,2,0,True,5
375,0,Trump,0,19,0,0,True,5
375,1,Trump,1,6,1,0,True,5
375,2,Trump,1,20,1,0,True,5
375,3,Trump,1,16,1,0,True,5
375,4,Trump,0,22,0,0,True,5
375,5,Trump,1,5,1,0,True,5
375,6,Trump,1,30,1,0,True,5
375,7,Trump,1,33,1,0,True,5
375,8,Trump,1,8,1,0,True,5
375,9,Trump,1,9,1,0,True,5
376,0,Trump,1,26,1,0,True,5
376,1,Trump,0,20,0,0,True,5
376,2,Trump,1,38,1,0,True,5
376,3,Trump,0,8,0,0,True,5
376,4,Trump,1,9,1,0,True,5
376,5,Trump,1,36,1,0,True,5
376,6,Trump,1,24,1,0,True,5
377,0,Trump,0,2,0,0,True,5
377,1,Trump,0,7,0,0,True,5
377,2,Trump,0,6,0,0,True,5
377,3,Trump,1,35,1,0,True,5
377,4,Trump,0,47,0,0,True,5
377,5,Trump,0,58,0,0,True,5
377,6,Trump,0,23,0,0,True,5
377,7,Trump,1,12,1,0,True,5
377,8,Trump,1,11,1,0,True,5
377,9,Trump,0,6,0,0,True,5
378,0,Trump,0,7,0,0,True,5
378,1,Trump,1,14,1,0,True,5
378,2,Trump,1,9,1,0,True,5
378,3,Trump,2,10,2,0,True,5
378,4,Trump,1,28,1,0,True,5
378,5,Trump,3,13,3,0,True,5
378,6,Trump,2,47,2,0,True,5
379,0,Trump,1,6,1,0,True,5
379,1,Trump,1,10,1,0,True,5
379,2,Trump,1,2,1,0,True,5
379,3,Trump,1,22,1,0,True,5
379,4,Trump,0,6,0,0,True,5
379,5,Trump,1,16,1,0,True,5
379,6,Trump,2,11,2,0,True,5
379,7,Trump,0,15,0,0,True,5
380,0,Trump,0,23,0,0,True,5
380,1,Trump,2,12,2,0,True,5
380,2,Trump,2,22,2,0,True,5
380,3,Trump,1,33,1,0,True,5
380,4,Trump,0,14,0,0,True,5
380,5,Trump,2,50,2,0,True,5
380,6,Trump,1,3,1,0,True,5
381,0,Trump,2,24,2,0,True,5
381,1,Trump,1,9,1,0,True,5
381,2,Trump,2,12,2,0,True,5
381,3,Trump,1,53,1,0,True,5
381,4,Trump,0,19,0,0,True,5
381,5,Trump,0,12,0,0,True,5
381,6,Trump,1,11,1,0,True,5
382,0,Trump,0,14,0,0,True,5
382,1,Trump,0,13,0,0,True,5
382,2,Trump,0,38,0,0,True,5
382,3,Trump,0,28,0,0,True,5
382,4,Trump,2,50,2,0,True,5
382,5,Trump,0,12,0,0,True,5
382,6,Trump,0,15,0,0,True,5
382,7,Trump,0,1,0,0,True,5
383,0,Trump,0,4,0,0,True,5
383,1,Trump,1,28,1,0,True,5
383,2,Trump,1,33,1,0,True,5
383,3,Trump,1,31,1,0,True,5
383,4,Trump,1,14,1,0,True,5
383,5,Trump,0,53,0,0,True,5
383,6,Trump,1,41,1,0,True,5
383,7,Trump,1,44,1,0,True,5
384,0,Trump,2,31,2,0,True,5
384,1,Trump,0,21,0,0,True,5
384,2,Trump,1,36,1,0,True,5
384,3,Trump,1,20,1,0,True,5
384,4,Trump,1,46,1,0,True,5
384,5,Trump,2,41,2,0,True,5
384,6,Trump,1,21,1,0,True,5
385,0,Trump,0,5,0,0,True,5
385,1,Trump,1,53,1,0,True,5
385,2,Trump,1,9,1,0,True,5
385,3,Trump,2,41,2,0,True,5
385,4,Trump,0,1,0,0,True,5
385,5,Trump,0,12,0,0,True,5
385,6,Trump,1,15,1,0,True,5
385,7,Trump,0,8,0,0,True,5
385,8,Trump,2,51,2,0,True,5
386,0,Trump,0,14,0,0,True,5
386,1,Trump,1,43,1,0,True,5
386,2,Trump,2,32,2,0,True,5
386,3,Trump,1,17,1,0,True,5
386,4,Trump,1,37,1,0,True,5
386,5,Trump,1,18,1,0,True,5
386,6,Trump,1,35,1,0,True,5
387,0,Trump,0,29,0,0,True,5
387,1,Trump,0,8,0,0,True,5
387,2,Trump,0,7,0,0,True,5
387,3,Trump,0,14,0,0,True,5
387,4,Trump,1,27,1,0,True,5
387,5,Trump,2,6,2,0,True,5
387,6,Trump,0,12,0,0,True,5
387,7,Trump,3,24,3,0,True,5
388,0,Trump,2,47,2,0,True,5
388,1,Trump,0,8,0,0,True,5
388,2,Trump,0,23,0,0,True,5
388,3,Trump,0,15,0,0,True,5
388,4,Trump,1,17,1,0,True,5
388,5,Trump,0,20,0,0,True,5
388,6,Trump,1,6,1,0,True,5
389,0,Trump,2,31,2,0,True,5
389,1,Trump,0,11,0,0,True,5
389,2,Trump,0,11,0,0,True,5
389,3,Trump,0,3,0,0,True,5
389,4,Trump,2,8,2,0,True,5
389,5,Trump,2,27,2,0,True,5
389,6,Trump,0,6,0,0,True,5
389,7,Trump,0,0,0,0,True,5
390,0,Trump,1,53,1,0,True,5
390,1,Trump,1,43,1,0,True,5
390,2,Trump,2,45,2,0,True,5
390,3,Trump,3,26,3,0,True,5
390,4,Trump,2,40,2,0,True,5
390,5,Trump,0,20,0,0,True,5
390,6,Trump,1,50,1,0,True,5
390,7,Trump,0,4,0,0,True,5
391,0,Trump,1,9,1,0,True,5
391,1,Trump,1,17,1,0,True,5
391,2,Trump,1,40,1,0,True,5
391,3,Trump,2,17,2,0,True,5
391,4,Trump,0,10,0,0,True,5
391,5,Trump,0,14,0,0,True,5
392,0,Trump,0,41,0,0,True,5
392,1,Trump,1,17,1,0,True,5
392,2,Trump,1,4,1,0,True,5
392,3,Trump,2,48,2,0,True,5
392,4,Trump,1,29,1,0,True,5
392,5,Trump,1,17,1,0,True,5
392,6,Trump,2,12,2,0,True,5
392,7,Trump,3,14,3,0,True,5
393,0,Trump,2,27,2,0,True,5
393,1,Trump,0,1,0,0,True,5
393,2,Trump,1,58,1,0,True,5
393,3,Trump,3,49,3,0,True,5
393,4,Trump,2,42,2,0,True,5
393,5,Trump,1,26,1,0,True,5
394,0,Trump,2,29,2,0,True,5
394,1,Trump,1,20,1,0,True,5
394,2,Trump,1,7,1,0,True,5
394,3,Trump,2,39,2,0,True,5
394,4,Trump,1,17,1,0,True,5
394,5,Trump,1,43,1,0,True,5
394,6,Trump,0,13,0,0,True,5
394,7,Trump,2,13,2,0,True,5
395,0,Trump,0,18,0,0,True,5
395,1,Trump,0,57,0,0,True,5
395,2,Trump,0,52,0,0,True,5
395,3,Trump,2,19,2,0,True,5
395,4,Trump,0,56,0,0,True,5
395,5,Trump,0,25,0,0,True,5
395,6,Trump,0,15,0,0,True,5
395,7,Trump,0,24,0,0,True,5
396,0,Trump,1,27,1,0,True,5
396,1,Trump,1,18,1,0,True,5
396,2,Trump,1,4,1,0,True,5
396,3,Trump,2,29,2,0,True,5
396,4,Trump,1,31,1,0,True,5
396,5,Trump,2,8,2,0,True,5
396,6,Trump,1,39,1,0,True,5
396,7,Trump,2,50,2,0,True,5
396,8,Trump,2,12,2,0,True,5
397,0,Trump,0,20,0,0,True,5
397,1,Trump,1,54,1,0,True,5
397,2,Trump,1,45,1,0,True,5
397,3,Trump,0,6,0,0,True,5
397,4,Trump,0,21,0,0,True,5
397,5,Trump,0,2,0,0,True,5
397,6,Trump,0,15,0,0,True,5
397,7,Trump,1,8,1,0,True,5
398,0,Trump,0,27,0,0,True,5
398,1,Trump,3,34,3,0,True,5
398,2,Trump,0,4,0,0,True,5
398,3,Trump,0,23,0,0,True,5
398,4,Trump,0,3,0,0,True,5
398,5,Trump,1,29,1,0,True,5
398,6,Trump,0,0,0,0,True,5
399,0,Trump,0,23,0,0,True,5
399,1,Trump,1,28,1,0,True,5
399,2,Trump,0,7,0,0,True,5
399,3,Trump,1,28,1,0,True,5
399,4,Trump,0,31,0,0,True,5
399,5,Trump,0,16,0,0,True,5
399,6,Trump,0,12,0,0,True,5
399,7,Trump,0,13,0,0,True,5
400,0,Trump,1,31,1,0,True,5
400,1,Trump,1,20,1,0,True,5
400,2,Trump,1,15,1,0,True,5
400,3,Trump,1,26,1,0,True,5
400,4,Trump,0,1,0,0,True,5
400,5,Trump,1,41,1,0,True,5
400,6,Trump,0,3,0,0,True,5
401,0,Trump,1,53,1,0,True,5
401,1,Trump,0,18,0,0,True,5
401,2,Trump,2,26,2,0,True,5
401,3,Trump,1,7,1,0,True,5
401,4,Trump,1,43,1,0,True,5
401,5,Trump,2,12,2,0,True,5
401,6,Trump,1,25,1,0,True,5
402,0,Trump,1,16,1,0,True,5
402,1,Trump,2,28,2,0,True,5
402,2,Trump,1,9,1,0,True,5
402,3,Trump,4,5,4,0,True,5
402,4,Trump,3,55,3,0,True,5
402,5,Trump,3,37,3,0,True,5
402,6,Trump,1,36,1,0,True,5
402,7,Trump,3,29,3,0,True,5
403,0,Trump,2,37,2,0,True,5
403,1,Trump,1,47,1,0,True,5
403,2,Trump,0,1,0,0,True,5
403,3,Trump,3,41,3,0,True,5
403,4,Trump,0,19,0,0,True,5
403,5,Trump,2,26,2,0,True,5
403,6,Trump,3,36,3,0,True,5
403,7,Trump,3,15,3,0,True,5
403,8,Trump,1,26,1,0,True,5
404,0,Trump,1,7,1,0,True,5
404,1,Trump,2,48,2,0,True,5
404,2,Trump,2,18,2,0,True,5
404,3,Trump,2,11,2,0,True,5
404,4,Trump,0,10,0,0,True,5
404,5,Trump,1,11,1,0,True,5
404,6,Trump,2,16,2,0,True,5
404,7,Trump,1,6,1,0,True,5
404,8,Trump,0,20,0,0,True,5
405,0,Trump,2,22,2,0,True,5
405,1,Trump,2,26,2,0,True,5
405,2,Trump,1,12,1,0,True,5
405,3,Trump,2,46,2,0,True,5
405,4,Trump,1,1,1,0,True,5
405,5,Trump,2,23,2,0,True,5
405,6,Trump,1,0,0,1,False,5
406,0,Trump,0,17,0,0,True,5
406,1,Trump,0,4,0,0,True,5
406,2,Trump,0,14,0,0,True,5
406,3,Trump,2,3,2,0,True,5
406,4,Trump,0,3,0,0,True,5
406,5,Trump,1,9,1,0,True,5
406,6,Trump,1,4,1,0,True,5
406,7,Trump,0,5,0,0,True,5
407,0,Trump,0,15,0,0,True,5
407,1,Trump,0,29,0,0,True,5
407,2,Trump,1,19,1,0,True,5
407,3,Trump,0,4,0,0,True,5
407,4,Trump,0,17,0,0,True,5
407,5,Trump,4,49,4,0,True,5
407,6,Trump,0,21,0,0,True,5
407,7,Trump,1,36,1,0,True,5
407,8,Trump,1,29,1,0,True,5
408,0,Trump,2,28,2,0,True,5
408,1,Trump,0,3,0,0,True,5
408,2,Trump,0,1,0,0,True,5
408,3,Trump,0,16,0,0,True,5
408,4,Trump,1,8,1,0,True,5
408,5,Trump,0,2,0,0,True,5
408,6,Trump,1,25,1,0,True,5
408,7,Trump,6,11,6,0,True,5
409,0,Trump,0,24,0,0,True,5
409,1,Trump,0,15,0,0,True,5
409,2,Trump,0,6,0,0,True,5
409,3,Trump,2,30,2,0,True,5
409,4,Trump,0,26,0,0,True,5
409,5,Trump,0,17,0,0,True,5
410,0,Trump,3,29,3,0,True,5
410,1,Trump,2,35,2,0,True,5
410,2,Trump,0,40,0,0,True,5
410,3,Trump,2,23,2,0,True,5
410,4,Trump,1,37,1,0,True,5
410,5,Trump,2,49,2,0,True,5
410,6,Trump,3,45,3,0,True,5
410,7,Trump,0,3,0,0,True,5
411,0,Trump,1,19,1,0,True,5
411,1,Trump,0,13,0,0,True,5
411,2,Trump,1,12,1,0,True,5
411,3,Trump,1,25,1,0,True,5
411,4,Trump,1,3,1,0,True,5
411,5,Trump,0,10,0,0,True,5
411,6,Trump,0,10,0,0,True,5
412,0,Trump,0,6,0,0,True,5
412,1,Trump,1,46,1,0,True,5
412,2,Trump,0,7,0,0,True,5
412,3,Trump,0,18,0,0,True,5
412,4,Trump,0,22,0,0,True,5
412,5,Trump,1,13,1,0,True,5
412,6,Trump,2,30,2,0,True,5
412,7,Trump,2,10,2,0,True,5
412,8,Trump,0,23,0,0,True,5
413,0,Trump,1,12,1,0,True,5
413,1,Trump,2,11,2,0,True,5
413,2,Trump,2,17,2,0,True,5
413,3,Trump,1,50,1,0,True,5
413,4,Trump,1,27,1,0,True,5
413,5,Trump,1,45,1,0,True,5
413,6,Trump,1,18,1,0,True,5
413,7,Trump,1,37,1,0,True,5
414,0,Trump,0,3,0,0,True,5
414,1,Trump,1,3,1,0,True,5
414,2,Trump,0,4,0,0,True,5
414,3,Trump,1,19,1,0,True,5
414,4,Trump,2,7,2,0,True,5
414,5,Trump,0,7,0,0,True,5
414,6,Trump,1,3,1,0,True,5
415,0,Trump,2,11,2,0,True,5
415,1,Trump,2,4,2,0,True,5
415,2,Trump,1,5,1,0,True,5
415,3,Trump,1,6,1,0,True,5
415,4,Trump,2,15,2,0,True,5
415,5,Trump,1,13,1,0,True,5
415,6,Trump,1,17,1,0,True,5
415,7,Trump,1,10,1,0,True,5
415,8,Trump,2,3,2,0,True,5
416,0,Trump,0,13,0,0,True,5
416,1,Trump,0,12,0,0,True,5
416,2,Trump,0,41,0,0,True,5
416,3,Trump,1,24,1,0,True,5
416,4,Trump,0,7,0,0,True,5
416,5,Trump,1,14,1,0,True,5
416,6,Trump,0,46,0,0,True,5
416,7,Trump,1,49,1,0,True,5
416,8,Trump,0,7,0,0,True,5
417,0,Trump,0,7,0,0,True,5
417,1,Trump,2,26,2,0,True,5
417,2,Trump,1,3,1,0,True,5
417,3,Trump,6,43,6,0,True,5
417,4,Trump,0,4,0,0,True,5
417,5,Trump,1,28,1,0,True,5
417,6,Trump,0,5,0,0,True,5
417,7,Trump,1,3,1,0,True,5
417,8,Trump,2,26,2,0,True,5
418,0,Trump,0,48,0,0,True,5
418,1,Trump,1,14,1,0,True,5
418,2,Trump,1,3,1,0,True,5
418,3,Trump,0,13,0,0,True,5
418,4,Trump,0,3,0,0,True,5
418,5,Trump,2,47,2,0,True,5
418,6,Trump,1,13,1,0,True,5
419,0,Trump,0,20,0,0,True,5
419,1,Trump,2,9,2,0,True,5
419,2,Trump,1,18,1,0,True,5
419,3,Trump,1,15,1,0,True,5
419,4,Trump,0,3,0,0,True,5
419,5,Trump,0,17,0,0,True,5
419,6,Trump,0,5,0,0,True,5
420,0,Trump,0,8,0,0,True,5
420,1,Trump,1,55,1,0,True,5
420,2,Trump,0,24,0,0,True,5
420,3,Trump,0,54,0,0,True,5
420,4,Trump,1,16,1,0,True,5
420,5,Trump,4,10,4,0,True,5
420,6,Trump,2,27,2,0,True,5
420,7,Trump,2,16,2,0,True,5
420,8,Trump,2,48,2,0,True,5
421,0,Trump,0,5,0,0,True,5
421,1,Trump,0,26,0,0,True,5
421,2,Trump,2,15,2,0,True,5
421,3,Trump,0,8,0,0,True,5
421,4,Trump,0,7,0,0,True,5
421,5,Trump,0,21,0,0,True,5
421,6,Trump,1,2,1,0,True,5
421,7,Trump,0,16,0,0,True,5
421,8,Trump,0,42,0,0,True,5
422,0,Trump,1,23,1,0,True,5
422,1,Trump,2,9,2,0,True,5
422,2,Trump,2,10,2,0,True,5
422,3,Trump,1,12,1,0,True,5
422,4,Trump,1,19,1,0,True,5
422,5,Trump,0,0,0,0,True,5
422,6,Trump,0,0,0,0,True,5
422,7,Trump,0,0,0,0,True,5
423,0,Trump,0,24,0,0,True,5
423,1,Trump,1,35,1,0,True,5
423,2,Trump,0,3,0,0,True,5
423,3,Trump,2,26,2,0,True,5
423,4,Trump,0,18,0,0,True,5
423,5,Trump,0,18,0,0,True,5
423,6,Trump,1,36,1,0,True,5
423,7,Trump,2,2,2,0,True,5
423,8,Trump,2,15,2,0,True,5
423,9,Trump,0,9,0,0,True,5
424,0,Trump,1,17,1,0,True,5
424,1,Trump,0,5,0,0,True,5
424,2,Trump,1,17,1,0,True,5
424,3,Trump,1,6,1,0,True,5
424,4,Trump,1,6,1,0,True,5
424,5,Trump,2,7,2,0,True,5
424,6,Trump,1,5,1,0,True,5
425,0,Trump,0,8,0,0,True,5
425,1,Trump,1,45,1,0,True,5
425,2,Trump,0,2,0,0,True,5
425,3,Trump,1,11,1,0,True,5
425,4,Trump,2,29,2,0,True,5
425,5,Trump,1,12,1,0,True,5
425,6,Trump,0,11,0,0,True,5
426,0,Trump,1,6,1,0,True,5
426,1,Trump,4,26,4,0,True,5
426,2,Trump,1,8,1,0,True,5
426,3,Trump,0,13,0,0,True,5
426,4,Trump,2,10,2,0,True,5
426,5,Trump,5,31,5,0,True,5
426,6,Trump,1,10,1,0,True,5
426,7,Trump,1,10,1,0,True,5
426,8,Trump,2,8,2,0,True,5
427,0,Trump,0,6,0,0,True,5
427,1,Trump,0,5,0,0,True,5
427,2,Trump,1,8,1,0,True,5
427,3,Trump,0,12,0,0,True,5
427,4,Trump,0,9,0,0,True,5
427,5,Trump,1,4,1,0,True,5
427,6,Trump,1,3,1,0,True,5
428,0,Trump,0,1,0,0,True,5
428,1,Trump,2,30,2,0,True,5
428,2,Trump,0,12,0,0,True,5
428,3,Trump,1,25,1,0,True,5
428,4,Trump,2,46,2,0,True,5
428,5,Trump,1,40,1,0,True,5
428,6,Trump,1,25,1,0,True,5
428,7,Trump,2,11,2,0,True,5
428,8,Trump,2,43,2,0,True,5
429,0,Trump,0,20,0,0,True,5
429,1,Trump,3,9,3,0,True,5
429,2,Trump,0,15,0,0,True,5
429,3,Trump,2,23,2,0,True,5
429,4,Trump,1,21,1,0,True,5
429,5,Trump,1,20,1,0,True,5
430,0,Trump,1,17,1,0,True,5
430,1,Trump,0,9,0,0,True,5
430,2,Trump,0,4,0,0,True,5
430,3,Trump,0,15,0,0,True,5
430,4,Trump,1,15,1,0,True,5
430,5,Trump,0,3,0,0,True,5
430,6,Trump,0,0,0,0,True,5
430,7,Trump,0,8,0,0,True,5
430,8,Trump,0,6,0,0,True,5
431,0,Trump,1,9,1,0,True,5
431,1,Trump,2,14,2,0,True,5
431,2,Trump,1,33,1,0,True,5
431,3,Trump,1,17,1,0,True,5
431,4,Trump,1,16,1,0,True,5
431,5,Trump,2,22,2,0,True,5
431,6,Trump,1,10,1,0,True,5
431,7,Trump,1,5,1,0,True,5
431,8,Trump,1,9,1,0,True,5
432,0,Trump,1,12,1,0,True,5
432,1,Trump,1,9,1,0,True,5
432,2,Trump,3,16,3,0,True,5
432,3,Trump,1,9,1,0,True,5
432,4,Trump,1,7,1,0,True,5
432,5,Trump,1,9,1,0,True,5
433,0,Trump,1,4,1,0,True,5
433,1,Trump,1,14,1,0,True,5
433,2,Trump,0,6,0,0,True,5
433,3,Trump,1,10,1,0,True,5
433,4,Trump,0,2,0,0,True,5
433,5,Trump,1,3,1,0,True,5
433,6,Trump,0,5,0,0,True,5
433,7,Trump,2,11,2,0,True,5
434,0,Trump,1,17,1,0,True,5
434,1,Trump,1,16,1,0,True,5
434,2,Trump,1,12,1,0,True,5
434,3,Trump,0,26,0,0,True,5
434,4,Trump,2,29,2,0,True,5
434,5,Trump,4,21,4,0,True,5
434,6,Trump,2,11,2,0,True,5
434,7,Trump,0,14,0,0,True,5
434,8,Trump,0,34,0,0,True,5
434,9,Trump,1,28,1,0,True,5
435,0,Trump,1,41,1,0,True,5
435,1,Trump,1,27,1,0,True,5
435,2,Trump,2,55,2,0,True,5
435,3,Trump,1,20,1,0,True,5
435,4,Trump,2,6,2,0,True,5
435,5,Trump,2,34,2,0,True,5
435,6,Trump,1,4,1,0,True,5
435,7,Trump,2,40,2,0,True,5
436,0,Trump,1,20,1,0,True,5
436,1,Trump,1,13,1,0,True,5
436,2,Trump,4,40,4,0,True,5
436,3,Trump,1,11,1,0,True,5
436,4,Trump,1,30,1,0,True,5
436,5,Trump,1,8,1,0,True,5
436,6,Trump,1,18,1,0,True,5
436,7,Trump,1,14,1,0,True,5
437,0,Trump,1,14,1,0,True,5
437,1,Trump,1,54,1,0,True,5
437,2,Trump,1,31,1,0,True,5
437,3,Trump,3,51,3,0,True,5
437,4,Trump,1,41,1,0,True,5
437,5,Trump,2,20,2,0,True,5
437,6,Trump,1,22,1,0,True,5
437,7,Trump,0,62,0,0,True,5
438,0,Trump,1,5,1,0,True,5
438,1,Trump,1,3,1,0,True,5
438,2,Trump,0,6,0,0,True,5
438,3,Trump,1,1,1,0,True,5
438,4,Trump,1,6,1,0,True,5
439,0,Trump,1,2,1,0,True,5
439,1,Trump,2,20,2,0,True,5
439,2,Trump,1,10,1,0,True,5
439,3,Trump,2,43,2,0,True,5
439,4,Trump,2,55,2,0,True,5
439,5,Trump,0,2,0,0,True,5
439,6,Trump,2,11,2,0,True,5
439,7,Trump,0,0,0,0,True,5
440,0,Trump,3,13,3,0,True,5
440,1,Trump,1,8,1,0,True,5
440,2,Trump,2,7,2,0,True,5
440,3,Trump,4,12,4,0,True,5
440,4,Trump,2,10,2,0,True,5
440,5,Trump,4,21,4,0,True,5
440,6,Trump,5,4,4,1,False,5
440,7,Trump,1,15,1,0,True,5
440,8,Trump,2,6,2,0,True,5
440,9,Trump,1,5,1,0,True,5
441,0,Trump,1,24,1,0,True,5
441,1,Trump,2,9,2,0,True,5
441,2,Trump,0,14,0,0,True,5
441,3,Trump,1,21,1,0,True,5
441,4,Trump,1,5,1,0,True,5
441,5,Trump,1,17,1,0,True,5
441,6,Trump,0,8,0,0,True,5
441,7,Trump,2,48,2,0,True,5
441,8,Trump,1,6,1,0,True,5
442,0,Trump,1,2,1,0,True,5
442,1,Trump,0,10,0,0,True,5
442,2,Trump,0,3,0,0,True,5
442,3,Trump,1,6,1,0,True,5
442,4,Trump,0,13,0,0,True,5
442,5,Trump,1,6,1,0,True,5
442,6,Trump,1,2,1,0,True,5
443,0,Trump,1,8,1,0,True,5
443,1,Trump,1,30,1,0,True,5
443,2,Trump,1,20,1,0,True,5
443,3,Trump,3,42,3,0,True,5
443,4,Trump,1,12,1,0,True,5
443,5,Trump,1,45,1,0,True,5
443,6,Trump,0,6,0,0,True,5
443,7,Trump,0,14,0,0,True,5
444,0,Trump,2,25,2,0,True,5
444,1,Trump,2,52,2,0,True,5
444,2,Trump,1,31,1,0,True,5
444,3,Trump,0,37,0,0,True,5
444,4,Trump,2,32,2,0,True,5
444,5,Trump,2,53,2,0,True,5
445,0,Harris,2,29,2,0,True,5
445,1,Harris,0,4,0,0,True,5
445,2,Harris,0,3,0,0,True,5
445,3,Harris,0,3,0,0,True,5
445,4,Harris,0,13,0,0,True,5
445,5,Harris,2,26,2,0,True,5
445,6,Harris,0,4,0,0,True,5
446,0,Harris,2,11,2,0,True,5
446,1,Harris,1,10,1,0,True,5
446,2,Harris,0,11,0,0,True,5
446,3,Harris,0,8,0,0,True,5
446,4,Harris,0,10,0,0,True,5
446,5,Harris,3,40,3,0,True,5
446,6,Harris,0,2,0,0,True,5
446,7,Harris,0,16,0,0,True,5
447,0,Harris,2,46,2,0,True,5
447,1,Harris,0,44,0,0,True,5
447,2,Harris,0,11,0,0,True,5
447,3,Harris,0,3,0,0,True,5
447,4,Harris,0,6,0,0,True,5
447,5,Harris,0,6,0,0,True,5
447,6,Harris,0,15,0,0,True,5
447,7,Harris,0,0,0,0,True,5
447,8,Harris,0,1,0,0,True,5
448,0,Harris,0,10,0,0,True,5
448,1,Harris,1,0,0,1,False,5
448,2,Harris,0,5,0,0,True,5
448,3,Harris,0,22,0,0,True,5
448,4,Harris,2,46,2,0,True,5
448,5,Harris,2,51,2,0,True,5
449,0,Harris,0,38,0,0,True,5
449,1,Harris,1,4,1,0,True,5
449,2,Harris,0,10,0,0,True,5
449,3,Harris,2,24,2,0,True,5
449,4,Harris,0,18,0,0,True,5
449,5,Harris,0,3,0,0,True,5
449,6,Harris,0,17,0,0,True,5
449,7,Harris,0,0,0,0,True,5
449,8,Harris,0,2,0,0,True,5
450,0,Harris,0,4,0,0,True,5
450,1,Harris,0,17,0,0,True,5
450,2,Harris,2,9,2,0,True,5
450,3,Harris,0,3,0,0,True,5
450,4,Harris,1,4,1,0,True,5
450,5,Harris,0,4,0,0,True,5
450,6,Harris,0,16,0,0,True,5
450,7,Harris,1,22,1,0,True,5
450,8,Harris,0,5,0,0,True,5
451,0,Harris,0,18,0,0,True,5
451,1,Harris,0,27,0,0,True,5
451,2,Harris,0,33,0,0,True,5
451,3,Harris,2,51,2,0,True,5
451,4,Harris,0,11,0,0,True,5
451,5,Harris,0,23,0,0,True,5
451,6,Harris,0,11,0,0,True,5
451,7,Harris,0,21,0,0,True,5
451,8,Harris,1,19,1,0,True,5
452,0,Harris,2,15,2,0,True,5
452,1,Harris,1,5,1,0,True,5
452,2,Harris,2,11,2,0,True,5
452,3,Harris,2,8,2,0,True,5
452,4,Harris,2,50,2,0,True,5
452,5,Harris,0,2,0,0,True,5
453,0,Harris,1,19,1,0,True,5
453,1,Harris,2,20,2,0,True,5
453,2,Harris,2,2,2,0,True,5
453,3,Harris,1,6,1,0,True,5
453,4,Harris,2,4,2,0,True,5
453,5,Harris,1,50,1,0,True,5
453,6,Harris,2,17,2,0,True,5
453,7,Harris,2,13,2,0,True,5
453,8,Harris,3,42,3,0,True,5
454,0,Harris,0,22,0,0,True,5
454,1,Harris,1,19,1,0,True,5
454,2,Harris,2,25,2,0,True,5
454,3,Harris,1,30,1,0,True,5
454,4,Harris,2,35,2,0,True,5
454,5,Harris,2,53,2,0,True,5
454,6,Harris,4,40,4,0,True,5
455,0,Harris,0,16,0,0,True,5
455,1,Harris,0,9,0,0,True,5
455,2,Harris,0,4,0,0,True,5
455,3,Harris,1,26,1,0,True,5
455,4,Harris,0,18,0,0,True,5
455,5,Harris,0,16,0,0,True,5
455,6,Harris,0,4,0,0,True,5
455,7,Harris,2,45,2,0,True,5
455,8,Harris,0,8,0,0,True,5
456,0,Harris,0,24,0,0,True,5
456,1,Harris,0,39,0,0,True,5
456,2,Harris,0,4,0,0,True,5
456,3,Harris,0,13,0,0,True,5
456,4,Harris,0,21,0,0,True,5
456,5,Harris,0,8,0,0,True,5
456,6,Harris,0,4,0,0,True,5
456,7,Harris,1,20,1,0,True,5
456,8,Harris,2,43,2,0,True,5
457,0,Harris,2,54,2,0,True,5
457,1,Harris,0,29,0,0,True,5
457,2,Harris,0,20,0,0,True,5
457,3,Harris,2,36,2,0,True,5
457,4,Harris,2,9,2,0,True,5
457,5,Harris,0,13,0,0,True,5
457,6,Harris,2,15,2,0,True,5
457,7,Harris,0,5,0,0,True,5
458,0,Harris,0,23,0,0,True,5
458,1,Harris,0,12,0,0,True,5
458,2,Harris,0,4,0,0,True,5
458,3,Harris,0,4,0,0,True,5
458,4,Harris,2,9,2,0,True,5
458,5,Harris,0,7,0,0,True,5
458,6,Harris,0,6,0,0,True,5
458,7,Harris,3,44,3,0,True,5
458,8,Harris,0,8,0,0,True,5
459,0,Harris,0,22,0,0,True,5
459,1,Harris,0,4,0,0,True,5
459,2,Harris,0,14,0,0,True,5
459,3,Harris,2,29,2,0,True,5
459,4,Harris,0,4,0,0,True,5
459,5,Harris,0,30,0,0,True,5
459,6,Harris,2,50,2,0,True,5
459,7,Harris,0,12,0,0,True,5
460,0,Harris,1,15,1,0,True,5
460,1,Harris,0,7,0,0,True,5
460,2,Harris,2,26,2,0,True,5
460,3,Harris,0,2,0,0,True,5
460,4,Harris,0,24,0,0,True,5
460,5,Harris,0,17,0,0,True,5
460,6,Harris,0,4,0,0,True,5
460,7,Harris,2,31,2,0,True,5
460,8,Harris,0,15,0,0,True,5
461,0,Harris,0,4,0,0,True,5
461,1,Harris,2,36,2,0,True,5
461,2,Harris,1,22,1,0,True,5
461,3,Harris,1,38,1,0,True,5
461,4,Harris,1,0,0,1,False,5
461,5,Harris,2,45,2,0,True,5
461,6,Harris,1,55,1,0,True,5
461,7,Harris,0,19,0,0,True,5
462,0,Harris,1,2,1,0,True,5
462,1,Harris,1,7,1,0,True,5
462,2,Harris,2,20,2,0,True,5
462,3,Harris,0,0,0,0,True,5
462,4,Harris,0,0,0,0,True,5
463,0,Harris,0,3,0,0,True,5
463,1,Harris,1,1,1,0,True,5
463,2,Harris,1,8,1,0,True,5
463,3,Harris,2,12,2,0,True,5
463,4,Harris,5,50,5,0,True,5
463,5,Harris,4,45,4,0,True,5
463,6,Harris,1,24,1,0,True,5
464,0,Harris,0,5,0,0,True,5
464,1,Harris,0,5,0,0,True,5
464,2,Harris,1,9,1,0,True,5
464,3,Harris,0,5,0,0,True,5
464,4,Harris,0,4,0,0,True,5
464,5,Harris,0,10,0,0,True,5
465,0,Harris,0,36,0,0,True,5
465,1,Harris,0,2,0,0,True,5
465,2,Harris,0,25,0,0,True,5
465,3,Harris,0,14,0,0,True,5
465,4,Harris,0,4,0,0,True,5
465,5,Harris,0,2,0,0,True,5
465,6,Harris,0,41,0,0,True,5
465,7,Harris,2,19,2,0,True,5
465,8,Harris,0,9,0,0,True,5
466,0,Harris,1,4,1,0,True,5
466,1,Harris,0,28,0,0,True,5
466,2,Harris,3,12,3,0,True,5
466,3,Harris,0,20,0,0,True,5
466,4,Harris,0,5,0,0,True,5
466,5,Harris,2,34,2,0,True,5
466,6,Harris,0,11,0,0,True,5
466,7,Harris,1,18,1,0,True,5
467,0,Harris,0,6,0,0,True,5
467,1,Harris,1,9,1,0,True,5
467,2,Harris,0,27,0,0,True,5
467,3,Harris,2,11,2,0,True,5
467,4,Harris,0,12,0,0,True,5
467,5,Harris,0,3,0,0,True,5
467,6,Harris,0,5,0,0,True,5
467,7,Harris,2,8,2,0,True,5
467,8,Harris,0,12,0,0,True,5
468,0,Harris,0,21,0,0,True,5
468,1,Harris,2,13,2,0,True,5
468,2,Harris,0,21,0,0,True,5
468,3,Harris,0,25,0,0,True,5
468,4,Harris,1,0,0,1,False,5
468,5,Harris,0,4,0,0,True,5
468,6,Harris,0,4,0,0,True,5
469,0,Harris,2,21,2,0,True,5
469,1,Harris,1,23,1,0,True,5
469,2,Harris,1,16,1,0,True,5
469,3,Harris,2,14,2,0,True,5
469,4,Harris,2,5,2,0,True,5
469,5,Harris,2,3,2,0,True,5
470,0,Harris,0,13,0,0,True,5
470,1,Harris,1,25,1,0,True,5
470,2,Harris,0,15,0,0,True,5
470,3,Harris,0,8,0,0,True,5
470,4,Harris,2,50,2,0,True,5
470,5,Harris,2,25,2,0,True,5
470,6,Harris,1,19,1,0,True,5
471,0,Harris,0,9,0,0,True,5
471,1,Harris,0,42,0,0,True,5
471,2,Harris,1,16,1,0,True,5
471,3,Harris,2,22,2,0,True,5
471,4,Harris,0,9,0,0,True,5
471,5,Harris,0,6,0,0,True,5
471,6,Harris,0,18,0,0,True,5
471,7,Harris,1,16,1,0,True,5
472,0,Harris,2,18,2,0,True,5
472,1,Harris,2,25,2,0,True,5
472,2,Harris,1,5,1,0,True,5
472,3,Harris,0,6,0,0,True,5
472,4,Harris,4,16,4,0,True,5
472,5,Harris,1,36,1,0,True,5
473,0,Harris,0,25,0,0,True,5
473,1,Harris,0,18,0,0,True,5
473,2,Harris,3,49,3,0,True,5
473,3,Harris,0,6,0,0,True,5
473,4,Harris,0,11,0,0,True,5
473,5,Harris,1,15,1,0,True,5
473,6,Harris,0,9,0,0,True,5
473,7,Harris,0,18,0,0,True,5
474,0,Harris,0,24,0,0,True,5
474,1,Harris,0,2,0,0,True,5
474,2,Harris,0,2,0,0,True,5
474,3,Harris,0,3,0,0,True,5
474,4,Harris,0,27,0,0,True,5
474,5,Harris,0,17,0,0,True,5
474,6,Harris,0,12,0,0,True,5
474,7,Harris,0,21,0,0,True,5
474,8,Harris,0,18,0,0,True,5
474,9,Harris,2,13,2,0,True,5
475,0,Harris,2,36,2,0,True,5
475,1,Harris,0,14,0,0,True,5
475,2,Harris,0,25,0,0,True,5
475,3,Harris,0,5,0,0,True,5
475,4,Harris,0,4,0,0,True,5
475,5,Harris,0,12,0,0,True,5
475,6,Harris,2,26,2,0,True,5
475,7,Harris,2,49,2,0,True,5
475,8,Harris,0,46,0,0,True,5
476,0,Harris,2,24,2,0,True,5
476,1,Harris,3,44,3,0,True,5
476,2,Harris,2,25,2,0,True,5
476,3,Harris,3,18,3,0,True,5
476,4,Harris,2,3,2,0,True,5
476,5,Harris,1,13,1,0,True,5
476,6,Harris,2,47,2,0,True,5
477,0,Harris,0,22,0,0,True,5
477,1,Harris,0,4,0,0,True,5
477,2,Harris,2,11,2,0,True,5
477,3,Harris,0,10,0,0,True,5
477,4,Harris,2,34,2,0,True,5
477,5,Harris,2,3,2,0,True,5
477,6,Harris,2,50,2,0,True,5
478,0,Harris,0,18,0,0,True,5
478,1,Harris,2,8,2,0,True,5
478,2,Harris,0,12,0,0,True,5
478,3,Harris,2,28,2,0,True,5
478,4,Harris,1,15,1,0,True,5
478,5,Harris,1,12,1,0,True,5
479,0,Harris,0,25,0,0,True,5
479,1,Harris,0,7,0,0,True,5
479,2,Harris,0,2,0,0,True,5
479,3,Harris,2,29,2,0,True,5
479,4,Harris,0,10,0,0,True,5
479,5,Harris,0,1,0,0,True,5
479,6,Harris,1,48,1,0,True,5
479,7,Harris,0,11,0,0,True,5
479,8,Harris,0,9,0,0,True,5
479,9,Harris,0,17,0,0,True,5
480,0,Harris,0,8,0,0,True,5
480,1,Harris,2,15,2,0,True,5
480,2,Harris,2,2,2,0,True,5
480,3,Harris,1,1,1,0,True,5
480,4,Harris,2,17,2,0,True,5
480,5,Harris,3,23,3,0,True,5
480,6,Harris,1,8,1,0,True,5
480,7,Harris,1,9,1,0,True,5
480,8,Harris,3,10,3,0,True,5
481,0,Harris,0,0,0,0,True,5
481,1,Harris,0,7,0,0,True,5
481,2,Harris,0,35,0,0,True,5
481,3,Harris,0,54,0,0,True,5
481,4,Harris,0,23,0,0,True,5
481,5,Harris,0,50,0,0,True,5
481,6,Harris,0,13,0,0,True,5
481,7,Harris,0,27,0,0,True,5
481,8,Harris,0,15,0,0,True,5
481,9,Harris,0,39,0,0,True,5
482,0,Harris,0,7,0,0,True,5
482,1,Harris,1,37,1,0,True,5
482,2,Harris,1,21,1,0,True,5
482,3,Harris,0,1,0,0,True,5
482,4,Harris,0,13,0,0,True,5
482,5,Harris,0,18,0,0,True,5
482,6,Harris,0,11,0,0,True,5
482,7,Harris,0,19,0,0,True,5
483,0,Harris,0,2,0,0,True,5
483,1,Harris,0,4,0,0,True,5
483,2,Harris,0,20,0,0,True,5
483,3,Harris,0,9,0,0,True,5
483,4,Harris,1,2,1,0,True,5
483,5,Harris,0,10,0,0,True,5
483,6,Harris,0,1,0,0,True,5
483,7,Harris,1,6,1,0,True,5
483,8,Harris,0,11,0,0,True,5
483,9,Harris,0,2,0,0,True,5
484,0,Harris,0,23,0,0,True,5
484,1,Harris,0,25,0,0,True,5
484,2,Harris,0,3,0,0,True,5
484,3,Harris,0,16,0,0,True,5
484,4,Harris,4,35,4,0,True,5
484,5,Harris,0,11,0,0,True,5
484,6,Harris,0,10,0,0,True,5
484,7,Harris,0,14,0,0,True,5
484,8,Harris,1,37,1,0,True,5
484,9,Harris,0,0,0,0,True,5
485,0,Harris,0,2,0,0,True,5
485,1,Harris,0,22,0,0,True,5
485,2,Harris,0,3,0,0,True,5
485,3,Harris,0,20,0,0,True,5
485,4,Harris,2,16,2,0,True,5
485,5,Harris,0,12,0,0,True,5
485,6,Harris,0,16,0,0,True,5
485,7,Harris,1,16,1,0,True,5
486,0,Harris,0,7,0,0,True,5
486,1,Harris,0,5,0,0,True,5
486,2,Harris,0,18,0,0,True,5
486,3,Harris,0,8,0,0,True,5
486,4,Harris,0,11,0,0,True,5
486,5,Harris,0,3,0,0,True,5
486,6,Harris,0,2,0,0,True,5
486,7,Harris,0,2,0,0,True,5
486,8,Harris,0,23,0,0,True,5
486,9,Harris,0,25,0,0,True,5
487,0,Harris,0,31,0,0,True,5
487,1,Harris,3,35,3,0,True,5
487,2,Harris,3,36,3,0,True,5
487,3,Harris,0,1,0,0,True,5
487,4,Harris,0,1,0,0,True,5
487,5,Harris,0,23,0,0,True,5
487,6,Harris,1,38,1,0,True,5
487,7,Harris,0,13,0,0,True,5
488,0,Harris,0,1,0,0,True,5
488,1,Harris,1,4,1,0,True,5
488,2,Harris,2,15,2,0,True,5
488,3,Harris,3,35,3,0,True,5
488,4,Harris,2,50,2,0,True,5
489,0,Harris,0,9,0,0,True,5
489,1,Harris,0,8,0,0,True,5
489,2,Harris,0,10,0,0,True,5
489,3,Harris,0,4,0,0,True,5
489,4,Harris,0,5,0,0,True,5
489,5,Harris,0,13,0,0,True,5
489,6,Harris,0,5,0,0,True,5
489,7,Harris,0,5,0,0,True,5
489,8,Harris,0,19,0,0,True,5
490,0,Harris,0,23,0,0,True,5
490,1,Harris,0,10,0,0,True,5
490,2,Harris,0,16,0,0,True,5
490,3,Harris,2,16,2,0,True,5
490,4,Harris,0,21,0,0,True,5
490,5,Harris,0,37,0,0,True,5
490,6,Harris,0,4,0,0,True,5
490,7,Harris,0,5,0,0,True,5
490,8,Harris,0,7,0,0,True,5
491,0,Harris,0,19,0,0,True,5
491,1,Harris,0,1,0,0,True,5
491,2,Harris,0,14,0,0,True,5
491,3,Harris,0,15,0,0,True,5
491,4,Harris,2,22,2,0,True,5
491,5,Harris,0,12,0,0,True,5
491,6,Harris,0,17,0,0,True,5
491,7,Harris,0,33,0,0,True,5
491,8,Harris,1,23,1,0,True,5
492,0,Harris,2,9,2,0,True,5
492,1,Harris,2,7,2,0,True,5
492,2,Harris,1,0,0,1,False,5
492,3,Harris,2,12,2,0,True,5
492,4,Harris,2,26,2,0,True,5
493,0,Harris,0,51,0,0,True,5
493,1,Harris,0,27,0,0,True,5
493,2,Harris,0,33,0,0,True,5
493,3,Harris,0,8,0,0,True,5
493,4,Harris,0,15,0,0,True,5
493,5,Harris,1,13,1,0,True,5
493,6,Harris,2,55,2,0,True,5
494,0,Harris,0,19,0,0,True,5
494,1,Harris,0,8,0,0,True,5
494,2,Harris,0,25,0,0,True,5
494,3,Harris,0,17,0,0,True,5
494,4,Harris,0,10,0,0,True,5
494,5,Harris,0,21,0,0,True,5
494,6,Harris,3,35,3,0,True,5
494,7,Harris,0,22,0,0,True,5
494,8,Harris,0,9,0,0,True,5
495,0,Harris,2,18,2,0,True,5
495,1,Harris,4,9,4,0,True,5
495,2,Harris,5,13,5,0,True,5
495,3,Harris,4,26,4,0,True,5
495,4,Harris,8,10,8,0,True,5
495,5,Harris,10,17,10,0,True,5
495,6,Harris,12,16,12,0,True,5
495,7,Harris,7,9,7,0,True,5
495,8,Harris,3,18,3,0,True,5
496,0,Harris,0,3,0,0,True,5
496,1,Harris,0,6,0,0,True,5
496,2,Harris,1,16,1,0,True,5
496,3,Harris,0,6,0,0,True,5
496,4,Harris,0,10,0,0,True,5
496,5,Harris,0,5,0,0,True,5
496,6,Harris,0,2,0,0,True,5
496,7,Harris,1,13,1,0,True,5
496,8,Harris,2,11,2,0,True,5
497,0,Harris,0,24,0,0,True,5
497,1,Harris,0,7,0,0,True,5
497,2,Harris,0,32,0,0,True,5
497,3,Harris,0,22,0,0,True,5
497,4,Harris,0,12,0,0,True,5
497,5,Harris,0,2,0,0,True,5
497,6,Harris,0,6,0,0,True,5
497,7,Harris,0,12,0,0,True,5
498,0,Harris,2,56,2,0,True,5
498,1,Harris,0,15,0,0,True,5
498,2,Harris,0,18,0,0,True,5
498,3,Harris,0,3,0,0,True,5
498,4,Harris,0,6,0,0,True,5
498,5,Harris,2,29,2,0,True,5
498,6,Harris,0,10,0,0,True,5
498,7,Harris,0,3,0,0,True,5
499,0,Harris,2,21,2,0,True,5
499,1,Harris,2,14,2,0,True,5
499,2,Harris,1,28,1,0,True,5
499,3,Harris,1,38,1,0,True,5
499,4,Harris,0,15,0,0,True,5
499,5,Harris,2,12,2,0,True,5
499,6,Harris,0,4,0,0,True,5
499,7,Harris,1,23,1,0,True,5
500,0,Harris,0,16,0,0,True,5
500,1,Harris,2,15,2,0,True,5
500,2,Harris,0,3,0,0,True,5
500,3,Harris,2,11,2,0,True,5
500,4,Harris,4,46,4,0,True,5
500,5,Harris,2,50,2,0,True,5
500,6,Harris,0,3,0,0,True,5
500,7,Harris,1,26,1,0,True,5
501,0,Harris,1,45,1,0,True,5
501,1,Harris,0,4,0,0,True,5
501,2,Harris,0,20,0,0,True,5
501,3,Harris,2,29,2,0,True,5
501,4,Harris,0,25,0,0,True,5
501,5,Harris,1,8,1,0,True,5
501,6,Harris,0,4,0,0,True,5
502,0,Harris,0,22,0,0,True,5
502,1,Harris,2,29,2,0,True,5
502,2,Harris,2,26,2,0,True,5
502,3,Harris,0,1,0,0,True,5
502,4,Harris,2,11,2,0,True,5
502,5,Harris,0,10,0,0,True,5
502,6,Harris,0,5,0,0,True,5
502,7,Harris,0,9,0,0,True,5
502,8,Harris,1,10,1,0,True,5
503,0,Harris,0,12,0,0,True,5
503,1,Harris,0,5,0,0,True,5
503,2,Harris,0,9,0,0,True,5
503,3,Harris,0,4,0,0,True,5
503,4,Harris,0,11,0,0,True,5
503,5,Harris,0,11,0,0,True,5
503,6,Harris,0,5,0,0,True,5
503,7,Harris,0,15,0,0,True,5
504,0,Harris,2,23,2,0,True,5
504,1,Harris,1,17,1,0,True,5
504,2,Harris,0,3,0,0,True,5
504,3,Harris,0,10,0,0,True,5
504,4,Harris,1,1,1,0,True,5
504,5,Harris,1,40,1,0,True,5
504,6,Harris,1,24,1,0,True,5
504,7,Harris,0,7,0,0,True,5
505,0,Harris,0,9,0,0,True,5
505,1,Harris,0,22,0,0,True,5
505,2,Harris,0,4,0,0,True,5
505,3,Harris,1,13,1,0,True,5
505,4,Harris,0,15,0,0,True,5
505,5,Harris,2,11,2,0,True,5
505,6,Harris,0,10,0,0,True,5
506,0,Harris,0,42,0,0,True,5
506,1,Harris,0,6,0,0,True,5
506,2,Harris,0,30,0,0,True,5
506,3,Harris,0,5,0,0,True,5
506,4,Harris,0,3,0,0,True,5
506,5,Harris,0,7,0,0,True,5
506,6,Harris,4,48,4,0,True,5
506,7,Harris,0,4,0,0,True,5
506,8,Harris,1,52,1,0,True,5
507,0,Harris,2,19,2,0,True,5
507,1,Harris,2,4,2,0,True,5
507,2,Harris,3,7,3,0,True,5
507,3,Harris,2,4,2,0,True,5
507,4,Harris,2,6,2,0,True,5
507,5,Harris,2,0,0,2,False,5
508,0,Harris,3,44,3,0,True,5
508,1,Harris,0,11,0,0,True,5
508,2,Harris,2,11,2,0,True,5
508,3,Harris,1,12,1,0,True,5
508,4,Harris,2,10,2,0,True,5
508,5,Harris,1,9,1,0,True,5
508,6,Harris,1,16,1,0,True,5
508,7,Harris,2,10,2,0,True,5
508,8,Harris,1,12,1,0,True,5
508,9,Harris,1,11,1,0,True,5
509,0,Harris,1,16,1,0,True,5
509,1,Harris,2,16,2,0,True,5
509,2,Harris,2,20,2,0,True,5
509,3,Harris,2,25,2,0,True,5
509,4,Harris,0,4,0,0,True,5
509,5,Harris,1,9,1,0,True,5
509,6,Harris,2,5,2,0,True,5
510,0,Harris,2,15,2,0,True,5
510,1,Harris,2,47,2,0,True,5
510,2,Harris,2,2,2,0,True,5
510,3,Harris,2,0,0,2,False,5
510,4,Harris,2,32,2,0,True,5
510,5,Harris,2,12,2,0,True,5
510,6,Harris,2,17,2,0,True,5
511,0,Harris,0,12,0,0,True,5
511,1,Harris,0,16,0,0,True,5
511,2,Harris,1,35,1,0,True,5
511,3,Harris,0,4,0,0,True,5
511,4,Harris,0,15,0,0,True,5
511,5,Harris,0,23,0,0,True,5
511,6,Harris,0,29,0,0,True,5
511,7,Harris,2,29,2,0,True,5
512,0,Harris,0,1,0,0,True,5
512,1,Harris,1,46,1,0,True,5
512,2,Harris,0,7,0,0,True,5
512,3,Harris,2,11,2,0,True,5
512,4,Harris,1,13,1,0,True,5
512,5,Harris,0,4,0,0,True,5
512,6,Harris,0,6,0,0,True,5
512,7,Harris,0,2,0,0,True,5
512,8,Harris,0,30,0,0,True,5
513,0,Harris,0,4,0,0,True,5
513,1,Harris,0,17,0,0,True,5
513,2,Harris,0,5,0,0,True,5
513,3,Harris,0,3,0,0,True,5
513,4,Harris,0,19,0,0,True,5
513,5,Harris,0,5,0,0,True,5
513,6,Harris,2,20,2,0,True,5
513,7,Harris,2,11,2,0,True,5
513,8,Harris,9,42,9,0,True,5
514,0,Harris,0,5,0,0,True,5
514,1,Harris,0,25,0,0,True,5
514,2,Harris,0,9,0,0,True,5
514,3,Harris,0,15,0,0,True,5
514,4,Harris,0,10,0,0,True,5
514,5,Harris,2,19,2,0,True,5
514,6,Harris,0,4,0,0,True,5
514,7,Harris,0,25,0,0,True,5
514,8,Harris,0,4,0,0,True,5
515,0,Harris,0,20,0,0,True,5
515,1,Harris,0,21,0,0,True,5
515,2,Harris,0,17,0,0,True,5
515,3,Harris,0,21,0,0,True,5
515,4,Harris,0,5,0,0,True,5
515,5,Harris,0,3,0,0,True,5
515,6,Harris,0,7,0,0,True,5
516,0,Harris,0,4,0,0,True,5
516,1,Harris,0,22,0,0,True,5
516,2,Harris,0,1,0,0,True,5
516,3,Harris,0,13,0,0,True,5
516,4,Harris,0,14,0,0,True,5
516,5,Harris,0,11,0,0,True,5
516,6,Harris,0,5,0,0,True,5
516,7,Harris,0,3,0,0,True,5
516,8,Harris,0,4,0,0,True,5
516,9,Harris,0,26,0,0,True,5
517,0,Harris,1,7,1,0,True,5
517,1,Harris,1,9,1,0,True,5
517,2,Harris,2,8,2,0,True,5
517,3,Harris,3,24,3,0,True,5
517,4,Harris,1,8,1,0,True,5
517,5,Harris,2,24,2,0,True,5
517,6,Harris,0,4,0,0,True,5
517,7,Harris,2,11,2,0,True,5
518,0,Harris,1,8,1,0,True,5
518,1,Harris,0,5,0,0,True,5
518,2,Harris,0,37,0,0,True,5
518,3,Harris,0,10,0,0,True,5
518,4,Harris,0,15,0,0,True,5
518,5,Harris,0,3,0,0,True,5
518,6,Harris,0,27,0,0,True,5
518,7,Harris,0,3,0,0,True,5
519,0,Harris,0,3,0,0,True,5
519,1,Harris,0,4,0,0,True,5
519,2,Harris,0,4,0,0,True,5
519,3,Harris,1,3,1,0,True,5
519,4,Harris,0,9,0,0,True,5
519,5,Harris,0,12,0,0,True,5
519,6,Harris,0,8,0,0,True,5
519,7,Harris,0,5,0,0,True,5
519,8,Harris,2,36,2,0,True,5
520,0,Harris,1,24,1,0,True,5
520,1,Harris,0,3,0,0,True,5
520,2,Harris,0,5,0,0,True,5
520,3,Harris,5,44,5,0,True,5
520,4,Harris,0,17,0,0,True,5
520,5,Harris,0,8,0,0,True,5
520,6,Harris,0,21,0,0,True,5
521,0,Harris,0,7,0,0,True,5
521,1,Harris,0,4,0,0,True,5
521,2,Harris,0,9,0,0,True,5
521,3,Harris,2,29,2,0,True,5
521,4,Harris,2,14,2,0,True,5
521,5,Harris,2,10,2,0,True,5
521,6,Harris,2,45,2,0,True,5
522,0,Harris,2,11,2,0,True,5
522,1,Harris,0,6,0,0,True,5
522,2,Harris,2,54,2,0,True,5
522,3,Harris,2,31,2,0,True,5
522,4,Harris,2,45,2,0,True,5
522,5,Harris,5,5,5,0,True,5
522,6,Harris,1,2,1,0,True,5
522,7,Harris,2,26,2,0,True,5
523,0,Harris,0,29,0,0,True,5
523,1,Harris,1,8,1,0,True,5
523,2,Harris,0,5,0,0,True,5
523,3,Harris,0,18,0,0,True,5
523,4,Harris,0,13,0,0,True,5
523,5,Harris,0,3,0,0,True,5
523,6,Harris,0,12,0,0,True,5
523,7,Harris,0,4,0,0,True,5
523,8,Harris,0,10,0,0,True,5
524,0,Harris,0,25,0,0,True,5
524,1,Harris,0,27,0,0,True,5
524,2,Harris,0,17,0,0,True,5
524,3,Harris,0,3,0,0,True,5
524,4,Harris,0,4,0,0,True,5
524,5,Harris,0,2,0,0,True,5
524,6,Harris,0,12,0,0,True,5
524,7,Harris,0,11,0,0,True,5
524,8,Harris,0,16,0,0,True,5
525,0,Harris,2,31,2,0,True,5
525,1,Harris,2,11,2,0,True,5
525,2,Harris,2,51,2,0,True,5
525,3,Harris,0,22,0,0,True,5
525,4,Harris,0,7,0,0,True,5
525,5,Harris,2,50,2,0,True,5
525,6,Harris,1,9,1,0,True,5
525,7,Harris,0,5,0,0,True,5
526,0,Harris,0,38,0,0,True,5
526,1,Harris,0,10,0,0,True,5
526,2,Harris,0,11,0,0,True,5
526,3,Harris,0,12,0,0,True,5
526,4,Harris,0,26,0,0,True,5
526,5,Harris,1,33,1,0,True,5
526,6,Harris,0,22,0,0,True,5
526,7,Harris,0,15,0,0,True,5
526,8,Harris,0,18,0,0,True,5
527,0,Harris,0,44,0,0,True,5
527,1,Harris,0,8,0,0,True,5
527,2,Harris,0,18,0,0,True,5
527,3,Harris,0,8,0,0,True,5
527,4,Harris,0,1,0,0,True,5
527,5,Harris,0,4,0,0,True,5
527,6,Harris,0,1,0,0,True,5
527,7,Harris,0,7,0,0,True,5
527,8,Harris,2,15,2,0,True,5
527,9,Harris,0,8,0,0,True,5
528,0,Harris,2,36,2,0,True,5
528,1,Harris,0,55,0,0,True,5
528,2,Harris,0,5,0,0,True,5
528,3,Harris,2,50,2,0,True,5
528,4,Harris,1,16,1,0,True,5
528,5,Harris,0,10,0,0,True,5
528,6,Harris,0,28,0,0,True,5
528,7,Harris,1,22,1,0,True,5
529,0,Harris,0,4,0,0,True,5
529,1,Harris,1,4,1,0,True,5
529,2,Harris,0,5,0,0,True,5
529,3,Harris,0,25,0,0,True,5
529,4,Harris,0,6,0,0,True,5
529,5,Harris,0,1,0,0,True,5
529,6,Harris,0,7,0,0,True,5
529,7,Harris,0,11,0,0,True,5
529,8,Harris,0,3,0,0,True,5
530,0,Harris,0,6,0,0,True,5
530,1,Harris,0,10,0,0,True,5
530,2,Harris,0,2,0,0,True,5
530,3,Harris,0,18,0,0,True,5
530,4,Harris,0,5,0,0,True,5
530,5,Harris,0,1,0,0,True,5
530,6,Harris,0,1,0,0,True,5
530,7,Harris,0,3,0,0,True,5
531,0,Harris,0,5,0,0,True,5
531,1,Harris,0,4,0,0,True,5
531,2,Harris,0,1,0,0,True,5
531,3,Harris,0,15,0,0,True,5
531,4,Harris,2,21,2,0,True,5
531,5,Harris,2,11,2,0,True,5
531,6,Harris,2,50,2,0,True,5
531,7,Harris,2,25,2,0,True,5
531,8,Harris,0,3,0,0,True,5
532,0,Harris,1,4,1,0,True,5
532,1,Harris,2,11,2,0,True,5
532,2,Harris,0,17,0,0,True,5
532,3,Harris,0,4,0,0,True,5
532,4,Harris,1,31,1,0,True,5
532,5,Harris,0,19,0,0,True,5
532,6,Harris,0,6,0,0,True,5
533,0,Harris,0,23,0,0,True,5
533,1,Harris,0,34,0,0,True,5
533,2,Harris,0,17,0,0,True,5
533,3,Harris,0,16,0,0,True,5
533,4,Harris,1,21,1,0,True,5
534,0,Harris,2,44,2,0,True,5
534,1,Harris,4,7,4,0,True,5
534,2,Harris,3,35,3,0,True,5
534,3,Harris,2,30,2,0,True,5
534,4,Harris,4,39,4,0,True,5
534,5,Harris,4,48,4,0,True,5
534,6,Harris,1,5,1,0,True,5
535,0,Harris,2,11,2,0,True,5
535,1,Harris,0,5,0,0,True,5
535,2,Harris,2,4,2,0,True,5
535,3,Harris,2,9,2,0,True,5
535,4,Harris,2,8,2,0,True,5
535,5,Harris,1,7,1,0,True,5
535,6,Harris,1,12,1,0,True,5
535,7,Harris,3,12,3,0,True,5
536,0,Harris,0,26,0,0,True,5
536,1,Harris,0,6,0,0,True,5
536,2,Harris,0,16,0,0,True,5
536,3,Harris,2,26,2,0,True,5
536,4,Harris,0,11,0,0,True,5
536,5,Harris,0,9,0,0,True,5
536,6,Harris,2,29,2,0,True,5
536,7,Harris,0,4,0,0,True,5
536,8,Harris,2,11,2,0,True,5
536,9,Harris,0,3,0,0,True,5
537,0,Harris,0,2,0,0,True,5
537,1,Harris,1,9,1,0,True,5
537,2,Harris,0,9,0,0,True,5
537,3,Harris,1,5,1,0,True,5
537,4,Harris,0,17,0,0,True,5
537,5,Harris,0,5,0,0,True,5
537,6,Harris,0,27,0,0,True,5
537,7,Harris,0,3,0,0,True,5
537,8,Harris,0,26,0,0,True,5
538,0,Harris,1,0,0,1,False,5
538,1,Harris,1,48,1,0,True,5
538,2,Harris,0,10,0,0,True,5
538,3,Harris,0,7,0,0,True,5
538,4,Harris,0,6,0,0,True,5
538,5,Harris,0,14,0,0,True,5
538,6,Harris,0,0,0,0,True,5
539,0,Harris,1,14,1,0,True,5
539,1,Harris,1,3,1,0,True,5
539,2,Harris,1,1,1,0,True,5
539,3,Harris,1,3,1,0,True,5
539,4,Harris,1,5,1,0,True,5
539,5,Harris,1,5,1,0,True,5
540,0,Harris,0,5,0,0,True,5
540,1,Harris,0,3,0,0,True,5
540,2,Harris,0,1,0,0,True,5
540,3,Harris,1,44,1,0,True,5
540,4,Harris,0,3,0,0,True,5
540,5,Harris,2,25,2,0,True,5
540,6,Harris,0,11,0,0,True,5
540,7,Harris,0,11,0,0,True,5
540,8,Harris,3,18,3,0,True,5
541,0,Harris,0,3,0,0,True,5
541,1,Harris,1,8,1,0,True,5
541,2,Harris,1,4,1,0,True,5
541,3,Harris,1,0,0,1,False,5
541,4,Harris,2,13,2,0,True,5
541,5,Harris,0,33,0,0,True,5
541,6,Harris,2,17,2,0,True,5
541,7,Harris,1,4,1,0,True,5
542,0,Harris,2,20,2,0,True,5
542,1,Harris,0,3,0,0,True,5
542,2,Harris,2,14,2,0,True,5
542,3,Harris,1,46,1,0,True,5
542,4,Harris,0,8,0,0,True,5
542,5,Harris,0,4,0,0,True,5
542,6,Harris,2,11,2,0,True,5
543,0,Harris,0,8,0,0,True,5
543,1,Harris,1,6,1,0,True,5
543,2,Harris,2,25,2,0,True,5
543,3,Harris,2,29,2,0,True,5
543,4,Harris,2,11,2,0,True,5
543,5,Harris,0,16,0,0,True,5
543,6,Harris,1,19,1,0,True,5
544,0,Harris,0,14,0,0,True,5
544,1,Harris,0,38,0,0,True,5
544,2,Harris,0,8,0,0,True,5
544,3,Harris,0,4,0,0,True,5
544,4,Harris,2,14,2,0,True,5
544,5,Harris,1,8,1,0,True,5
544,6,Harris,0,3,0,0,True,5
544,7,Harris,0,5,0,0,True,5
544,8,Harris,2,15,2,0,True,5
545,0,Harris,1,16,1,0,True,5
545,1,Harris,2,20,2,0,True,5
545,2,Harris,3,8,3,0,True,5
545,3,Harris,1,19,1,0,True,5
545,4,Harris,0,36,0,0,True,5
545,5,Harris,2,7,2,0,True,5
545,6,Harris,0,4,0,0,True,5
545,7,Harris,1,38,1,0,True,5
546,0,Harris,2,28,2,0,True,5
546,1,Harris,2,9,2,0,True,5
546,2,Harris,2,49,2,0,True,5
546,3,Harris,2,50,2,0,True,5
546,4,Harris,2,38,2,0,True,5
546,5,Harris,2,8,2,0,True,5
546,6,Harris,2,25,2,0,True,5
547,0,Harris,2,13,2,0,True,5
547,1,Harris,2,20,2,0,True,5
547,2,Harris,2,28,2,0,True,5
547,3,Harris,1,18,1,0,True,5
547,4,Harris,2,12,2,0,True,5
547,5,Harris,1,9,1,0,True,5
548,0,Harris,0,34,0,0,True,5
548,1,Harris,0,8,0,0,True,5
548,2,Harris,0,3,0,0,True,5
548,3,Harris,2,29,2,0,True,5
548,4,Harris,0,8,0,0,True,5
548,5,Harris,2,29,2,0,True,5
548,6,Harris,2,28,2,0,True,5
548,7,Harris,0,4,0,0,True,5
548,8,Harris,2,25,2,0,True,5
549,0,Harris,3,44,3,0,True,5
549,1,Harris,2,15,2,0,True,5
549,2,Harris,1,20,1,0,True,5
549,3,Harris,0,2,0,0,True,5
549,4,Harris,1,1,1,0,True,5
549,5,Harris,0,4,0,0,True,5
549,6,Harris,0,0,0,0,True,5
550,0,Harris,2,14,2,0,True,5
550,1,Harris,2,3,2,0,True,5
550,2,Harris,2,7,2,0,True,5
550,3,Harris,1,15,1,0,True,5
550,4,Harris,3,12,3,0,True,5
550,5,Harris,3,27,3,0,True,5
550,6,Harris,1,2,1,0,True,5
551,0,Harris,1,5,1,0,True,5
551,1,Harris,1,23,1,0,True,5
551,2,Harris,2,0,0,2,False,5
551,3,Harris,2,4,2,0,True,5
551,4,Harris,2,4,2,0,True,5
551,5,Harris,1,16,1,0,True,5
551,6,Harris,1,17,1,0,True,5
552,0,Harris,1,9,1,0,True,5
552,1,Harris,2,25,2,0,True,5
552,2,Harris,4,41,4,0,True,5
552,3,Harris,1,29,1,0,True,5
552,4,Harris,3,24,3,0,True,5
552,5,Harris,1,43,1,0,True,5
552,6,Harris,2,17,2,0,True,5
552,7,Harris,4,46,4,0,True,5
552,8,Harris,2,17,2,0,True,5
553,0,Harris,0,12,0,0,True,5
553,1,Harris,2,9,2,0,True,5
553,2,Harris,3,11,3,0,True,5
553,3,Harris,2,9,2,0,True,5
553,4,Harris,3,9,3,0,True,5
553,5,Harris,4,9,4,0,True,5
554,0,Harris,1,40,1,0,True,5
554,1,Harris,1,43,1,0,True,5
554,2,Harris,1,25,1,0,True,5
554,3,Harris,2,13,2,0,True,5
554,4,Harris,2,24,2,0,True,5
554,5,Harris,2,17,2,0,True,5
554,6,Harris,3,50,3,0,True,5
554,7,Harris,1,32,1,0,True,5
555,0,Harris,0,42,0,0,True,5
555,1,Harris,2,51,2,0,True,5
555,2,Harris,2,48,2,0,True,5
555,3,Harris,3,43,3,0,True,5
555,4,Harris,0,11,0,0,True,5
555,5,Harris,0,23,0,0,True,5
555,6,Harris,0,7,0,0,True,5
555,7,Harris,0,3,0,0,True,5
556,0,Harris,1,12,1,0,True,5
556,1,Harris,1,3,1,0,True,5
556,2,Harris,1,6,1,0,True,5
556,3,Harris,2,3,2,0,True,5
556,4,Harris,3,4,3,0,True,5
556,5,Harris,3,5,3,0,True,5
556,6,Harris,2,3,2,0,True,5
557,0,Harris,0,12,0,0,True,5
557,1,Harris,1,10,1,0,True,5
557,2,Harris,1,18,1,0,True,5
557,3,Harris,0,9,0,0,True,5
557,4,Harris,0,50,0,0,True,5
557,5,Harris,0,15,0,0,True,5
557,6,Harris,0,14,0,0,True,5
557,7,Harris,1,52,1,0,True,5
557,8,Harris,0,8,0,0,True,5
558,0,Harris,1,8,1,0,True,5
558,1,Harris,0,7,0,0,True,5
558,2,Harris,1,15,1,0,True,5
558,3,Harris,0,25,0,0,True,5
558,4,Harris,0,5,0,0,True,5
558,5,Harris,0,6,0,0,True,5
558,6,Harris,0,6,0,0,True,5
558,7,Harris,0,5,0,0,True,5
558,8,Harris,1,10,1,0,True,5
559,0,Harris,0,6,0,0,True,5
559,1,Harris,0,17,0,0,True,5
559,2,Harris,0,7,0,0,True,5
559,3,Harris,0,2,0,0,True,5
559,4,Harris,0,28,0,0,True,5
559,5,Harris,0,24,0,0,True,5
559,6,Harris,0,4,0,0,True,5
559,7,Harris,0,10,0,0,True,5
560,0,Harris,1,34,1,0,True,5
560,1,Harris,2,13,2,0,True,5
560,2,Harris,0,9,0,0,True,5
560,3,Harris,1,12,1,0,True,5
560,4,Harris,3,27,3,0,True,5
560,5,Harris,2,12,2,0,True,5
560,6,Harris,1,6,1,0,True,5
561,0,Harris,0,3,0,0,True,5
561,1,Harris,0,23,0,0,True,5
561,2,Harris,0,7,0,0,True,5
561,3,Harris,0,7,0,0,True,5
561,4,Harris,3,51,3,0,True,5
561,5,Harris,0,9,0,0,True,5
561,6,Harris,1,37,1,0,True,5
561,7,Harris,2,12,2,0,True,5
562,0,Harris,4,31,4,0,True,5
562,1,Harris,0,27,0,0,True,5
562,2,Harris,0,4,0,0,True,5
562,3,Harris,0,7,0,0,True,5
562,4,Harris,1,23,1,0,True,5
562,5,Harris,2,38,2,0,True,5
562,6,Harris,1,5,1,0,True,5
562,7,Harris,0,5,0,0,True,5
563,0,Harris,0,18,0,0,True,5
563,1,Harris,2,57,2,0,True,5
563,2,Harris,0,6,0,0,True,5
563,3,Harris,0,3,0,0,True,5
563,4,Harris,0,18,0,0,True,5
563,5,Harris,2,8,2,0,True,5
564,0,Harris,2,50,2,0,True,5
564,1,Harris,0,20,0,0,True,5
564,2,Harris,1,8,1,0,True,5
564,3,Harris,1,12,1,0,True,5
564,4,Harris,0,27,0,0,True,5
564,5,Harris,1,35,1,0,True,5
564,6,Harris,1,40,1,0,True,5
564,7,Harris,0,4,0,0,True,5
565,0,Harris,2,10,2,0,True,5
565,1,Harris,5,15,5,0,True,5
565,2,Harris,3,35,3,0,True,5
565,3,Harris,7,18,7,0,True,5
565,4,Harris,0,18,0,0,True,5
565,5,Harris,0,13,0,0,True,5
566,0,Harris,1,1,1,0,True,5
566,1,Harris,2,11,2,0,True,5
566,2,Harris,2,9,2,0,True,5
566,3,Harris,0,2,0,0,True,5
566,4,Harris,0,9,0,0,True,5
566,5,Harris,0,2,0,0,True,5
566,6,Harris,0,17,0,0,True,5
566,7,Harris,0,9,0,0,True,5
566,8,Harris,0,5,0,0,True,5
567,0,Harris,1,24,1,0,True,5
567,1,Harris,2,40,2,0,True,5
567,2,Harris,1,33,1,0,True,5
567,3,Harris,4,45,4,0,True,5
567,4,Harris,4,30,4,0,True,5
567,5,Harris,1,19,1,0,True,5
567,6,Harris,0,12,0,0,True,5
568,0,Harris,4,23,4,0,True,5
568,1,Harris,0,25,0,0,True,5
568,2,Harris,1,32,1,0,True,5
568,3,Harris,0,33,0,0,True,5
568,4,Harris,0,4,0,0,True,5
568,5,Harris,0,3,0,0,True,5
568,6,Harris,0,5,0,0,True,5
569,0,Harris,0,5,0,0,True,5
569,1,Harris,0,14,0,0,True,5
569,2,Harris,0,9,0,0,True,5
569,3,Harris,0,4,0,0,True,5
569,4,Harris,2,44,2,0,True,5
569,5,Harris,1,26,1,0,True,5
569,6,Harris,2,24,2,0,True,5
569,7,Harris,0,3,0,0,True,5
569,8,Harris,0,5,0,0,True,5
570,0,Harris,2,12,2,0,True,5
570,1,Harris,5,22,5,0,True,5
570,2,Harris,2,43,2,0,True,5
570,3,Harris,2,5,2,0,True,5
570,4,Harris,1,3,1,0,True,5
570,5,Harris,4,9,4,0,True,5
571,0,Harris,2,12,2,0,True,5
571,1,Harris,1,43,1,0,True,5
571,2,Harris,3,17,3,0,True,5
571,3,Harris,4,19,4,0,True,5
571,4,Harris,1,18,1,0,True,5
571,5,Harris,3,30,3,0,True,5
571,6,Harris,4,16,4,0,True,5
571,7,Harris,3,16,3,0,True,5
572,0,Harris,0,17,0,0,True,5
572,1,Harris,0,15,0,0,True,5
572,2,Harris,1,25,1,0,True,5
572,3,Harris,0,11,0,0,True,5
572,4,Harris,0,21,0,0,True,5
572,5,Harris,0,15,0,0,True,5
572,6,Harris,0,2,0,0,True,5
572,7,Harris,0,1,0,0,True,5
573,0,Harris,1,43,1,0,True,5
573,1,Harris,2,35,2,0,True,5
573,2,Harris,1,28,1,0,True,5
573,3,Harris,2,25,2,0,True,5
573,4,Harris,2,6,2,0,True,5
573,5,Harris,1,15,1,0,True,5
573,6,Harris,1,4,1,0,True,5
573,7,Harris,0,14,0,0,True,5
574,0,Harris,0,10,0,0,True,5
574,1,Harris,2,11,2,0,True,5
574,2,Harris,1,12,1,0,True,5
574,3,Harris,2,28,2,0,True,5
574,4,Harris,0,32,0,0,True,5
574,5,Harris,4,36,4,0,True,5
574,6,Harris,2,13,2,0,True,5
574,7,Harris,0,4,0,0,True,5
575,0,Harris,1,22,1,0,True,5
575,1,Harris,1,3,1,0,True,5
575,2,Harris,1,3,1,0,True,5
575,3,Harris,1,42,1,0,True,5
575,4,Harris,1,31,1,0,True,5
575,5,Harris,4,20,4,0,True,5
575,6,Harris,1,11,1,0,True,5
575,7,Harris,0,2,0,0,True,5
576,0,Harris,2,6,2,0,True,5
576,1,Harris,1,5,1,0,True,5
576,2,Harris,3,32,3,0,True,5
576,3,Harris,2,16,2,0,True,5
576,4,Harris,0,9,0,0,True,5
576,5,Harris,0,22,0,0,True,5
576,6,Harris,3,13,3,0,True,5
577,0,Harris,0,10,0,0,True,5
577,1,Harris,4,34,4,0,True,5
577,2,Harris,2,34,2,0,True,5
577,3,Harris,1,14,1,0,True,5
577,4,Harris,2,10,2,0,True,5
577,5,Harris,3,51,3,0,True,5
578,0,Harris,0,2,0,0,True,5
578,1,Harris,0,2,0,0,True,5
578,2,Harris,0,2,0,0,True,5
578,3,Harris,0,3,0,0,True,5
578,4,Harris,1,25,1,0,True,5
578,5,Harris,0,10,0,0,True,5
579,0,Harris,2,14,2,0,True,5
579,1,Harris,2,21,2,0,True,5
579,2,Harris,3,45,3,0,True,5
579,3,Harris,5,26,5,0,True,5
579,4,Harris,2,14,2,0,True,5
579,5,Harris,1,10,1,0,True,5
579,6,Harris,3,8,3,0,True,5
580,0,Harris,0,25,0,0,True,5
580,1,Harris,1,19,1,0,True,5
580,2,Harris,0,12,0,0,True,5
580,3,Harris,2,25,2,0,True,5
580,4,Harris,0,11,0,0,True,5
580,5,Harris,1,5,1,0,True,5
580,6,Harris,2,26,2,0,True,5
580,7,Harris,0,19,0,0,True,5
581,0,Harris,1,50,1,0,True,5
581,1,Harris,0,10,0,0,True,5
581,2,Harris,0,11,0,0,True,5
581,3,Harris,0,47,0,0,True,5
581,4,Harris,0,2,0,0,True,5
581,5,Harris,0,5,0,0,True,5
581,6,Harris,0,28,0,0,True,5
582,0,Harris,2,10,2,0,True,5
582,1,Harris,2,18,2,0,True,5
582,2,Harris,2,9,2,0,True,5
582,3,Harris,1,6,1,0,True,5
582,4,Harris,2,13,2,0,True,5
582,5,Harris,1,14,1,0,True,5
582,6,Harris,2,3,2,0,True,5
582,7,Harris,2,15,2,0,True,5
583,0,Harris,2,25,2,0,True,5
583,1,Harris,2,3,2,0,True,5
583,2,Harris,2,12,2,0,True,5
583,3,Harris,1,4,1,0,True,5
583,4,Harris,5,31,5,0,True,5
583,5,Harris,1,38,1,0,True,5
583,6,Harris,5,22,5,0,True,5
584,0,Harris,2,5,2,0,True,5
584,1,Harris,2,2,2,0,True,5
584,2,Harris,2,2,2,0,True,5
584,3,Harris,1,14,1,0,True,5
584,4,Harris,2,3,2,0,True,5
585,0,Harris,0,33,0,0,True,5
585,1,Harris,0,3,0,0,True,5
585,2,Harris,0,17,0,0,True,5
585,3,Harris,1,0,0,1,False,5
585,4,Harris,0,3,0,0,True,5
585,5,Harris,1,5,1,0,True,5
585,6,Harris,0,8,0,0,True,5
585,7,Harris,0,10,0,0,True,5
586,0,Harris,2,26,2,0,True,5
586,1,Harris,0,10,0,0,True,5
586,2,Harris,0,14,0,0,True,5
586,3,Harris,0,6,0,0,True,5
586,4,Harris,0,15,0,0,True,5
586,5,Harris,0,7,0,0,True,5
586,6,Harris,2,47,2,0,True,5
586,7,Harris,2,50,2,0,True,5
586,8,Harris,1,18,1,0,True,5
587,0,Harris,1,58,1,0,True,5
587,1,Harris,2,49,2,0,True,5
587,2,Harris,1,19,1,0,True,5
587,3,Harris,1,14,1,0,True,5
587,4,Harris,1,47,1,0,True,5
587,5,Harris,0,12,0,0,True,5
587,6,Harris,0,10,0,0,True,5
587,7,Harris,0,6,0,0,True,5
587,8,Harris,0,3,0,0,True,5
588,0,Harris,1,27,1,0,True,5
588,1,Harris,0,20,0,0,True,5
588,2,Harris,0,38,0,0,True,5
588,3,Harris,0,10,0,0,True,5
588,4,Harris,0,19,0,0,True,5
589,0,Harris,1,46,1,0,True,5
589,1,Harris,3,43,3,0,True,5
589,2,Harris,3,49,3,0,True,5
589,3,Harris,1,45,1,0,True,5
589,4,Harris,0,4,0,0,True,5
589,5,Harris,0,4,0,0,True,5
589,6,Harris,2,18,2,0,True,5
589,7,Harris,0,5,0,0,True,5
590,0,Harris,1,36,1,0,True,5
590,1,Harris,0,2,0,0,True,5
590,2,Harris,2,3,2,0,True,5
590,3,Harris,1,5,1,0,True,5
590,4,Harris,2,2,2,0,True,5
590,5,Harris,2,14,2,0,True,5
591,0,Harris,1,2,1,0,True,5
591,1,Harris,2,46,2,0,True,5
591,2,Harris,1,1,1,0,True,5
591,3,Harris,2,15,2,0,True,5
591,4,Harris,2,20,2,0,True,5
591,5,Harris,2,13,2,0,True,5
592,0,Harris,2,23,2,0,True,5
592,1,Harris,0,9,0,0,True,5
592,2,Harris,2,28,2,0,True,5
592,3,Harris,0,6,0,0,True,5
592,4,Harris,0,4,0,0,True,5
592,5,Harris,2,4,2,0,True,5
593,0,Harris,2,44,2,0,True,5
593,1,Harris,0,4,0,0,True,5
593,2,Harris,0,23,0,0,True,5
593,3,Harris,1,27,1,0,True,5
593,4,Harris,0,12,0,0,True,5
593,5,Harris,0,4,0,0,True,5
593,6,Harris,2,10,2,0,True,5
593,7,Harris,0,17,0,0,True,5
594,0,Harris,0,2,0,0,True,5
594,1,Harris,0,12,0,0,True,5
594,2,Harris,2,20,2,0,True,5
594,3,Harris,0,23,0,0,True,5
594,4,Harris,0,5,0,0,True,5
594,5,Harris,1,6,1,0,True,5
594,6,Harris,2,20,2,0,True,5
595,0,Harris,0,1,0,0,True,5
595,1,Harris,0,6,0,0,True,5
595,2,Harris,0,13,0,0,True,5
595,3,Harris,0,7,0,0,True,5
595,4,Harris,0,4,0,0,True,5
596,0,Harris,1,20,1,0,True,5
596,1,Harris,0,17,0,0,True,5
596,2,Harris,0,14,0,0,True,5
596,3,Harris,0,7,0,0,True,5
596,4,Harris,0,3,0,0,True,5
596,5,Harris,0,13,0,0,True,5
596,6,Harris,0,8,0,0,True,5
596,7,Harris,0,8,0,0,True,5
596,8,Harris,0,4,0,0,True,5
597,0,Harris,0,2,0,0,True,5
597,1,Harris,0,25,0,0,True,5
597,2,Harris,1,18,1,0,True,5
597,3,Harris,0,10,0,0,True,5
597,4,Harris,0,11,0,0,True,5
597,5,Harris,0,2,0,0,True,5
597,6,Harris,0,6,0,0,True,5
597,7,Harris,0,52,0,0,True,5
597,8,Harris,0,12,0,0,True,5
597,9,Harris,2,34,2,0,True,5
598,0,Harris,0,22,0,0,True,5
598,1,Harris,0,12,0,0,True,5
598,2,Harris,0,25,0,0,True,5
598,3,Harris,3,44,3,0,True,5
598,4,Harris,0,4,0,0,True,5
598,5,Harris,0,18,0,0,True,5
598,6,Harris,2,16,2,0,True,5
598,7,Harris,4,16,4,0,True,5
599,0,Harris,1,50,1,0,True,5
599,1,Harris,0,32,0,0,True,5
599,2,Harris,0,28,0,0,True,5
599,3,Harris,0,39,0,0,True,5
599,4,Harris,0,34,0,0,True,5
599,5,Harris,1,55,1,0,True,5
599,6,Harris,0,20,0,0,True,5
600,0,Harris,1,23,1,0,True,5
600,1,Harris,0,17,0,0,True,5
600,2,Harris,0,27,0,0,True,5
600,3,Harris,0,10,0,0,True,5
600,4,Harris,0,6,0,0,True,5
600,5,Harris,0,9,0,0,True,5
600,6,Harris,0,5,0,0,True,5
600,7,Harris,1,23,1,0,True,5
601,0,Harris,2,24,2,0,True,5
601,1,Harris,2,13,2,0,True,5
601,2,Harris,2,19,2,0,True,5
601,3,Harris,3,20,3,0,True,5
601,4,Harris,2,21,2,0,True,5
601,5,Harris,2,28,2,0,True,5
601,6,Harris,2,26,2,0,True,5
602,0,Harris,2,12,2,0,True,5
602,1,Harris,2,26,2,0,True,5
602,2,Harris,0,25,0,0,True,5
602,3,Harris,2,32,2,0,True,5
602,4,Harris,0,10,0,0,True,5
602,5,Harris,0,24,0,0,True,5
602,6,Harris,0,28,0,0,True,5
602,7,Harris,3,14,3,0,True,5
603,0,Harris,0,2,0,0,True,5
603,1,Harris,1,46,1,0,True,5
603,2,Harris,0,50,0,0,True,5
603,3,Harris,0,23,0,0,True,5
603,4,Harris,0,5,0,0,True,5
603,5,Harris,0,6,0,0,True,5
603,6,Harris,0,40,0,0,True,5
603,7,Harris,0,1,0,0,True,5
603,8,Harris,0,1,0,0,True,5
603,9,Harris,0,7,0,0,True,5
604,0,Harris,0,8,0,0,True,5
604,1,Harris,0,13,0,0,True,5
604,2,Harris,0,10,0,0,True,5
604,3,Harris,2,9,2,0,True,5
604,4,Harris,0,29,0,0,True,5
604,5,Harris,2,51,2,0,True,5
604,6,Harris,0,6,0,0,True,5
605,0,Harris,0,2,0,0,True,5
605,1,Harris,0,1,0,0,True,5
605,2,Harris,0,12,0,0,True,5
605,3,Harris,0,4,0,0,True,5
605,4,Harris,0,16,0,0,True,5
605,5,Harris,0,2,0,0,True,5
605,6,Harris,0,12,0,0,True,5
605,7,Harris,0,10,0,0,True,5
605,8,Harris,0,4,0,0,True,5
606,0,Harris,2,39,2,0,True,5
606,1,Harris,1,6,1,0,True,5
606,2,Harris,2,35,2,0,True,5
606,3,Harris,2,17,2,0,True,5
606,4,Harris,1,3,1,0,True,5
606,5,Harris,1,42,1,0,True,5
606,6,Harris,4,21,4,0,True,5
606,7,Harris,2,17,2,0,True,5
606,8,Harris,1,12,1,0,True,5
606,9,Harris,2,10,2,0,True,5
607,0,Harris,1,16,1,0,True,5
607,1,Harris,1,9,1,0,True,5
607,2,Harris,0,23,0,0,True,5
607,3,Harris,2,14,2,0,True,5
607,4,Harris,0,4,0,0,True,5
607,5,Harris,0,2,0,0,True,5
607,6,Harris,1,24,1,0,True,5
607,7,Harris,2,29,2,0,True,5
608,0,Harris,2,26,2,0,True,5
608,1,Harris,0,8,0,0,True,5
608,2,Harris,2,29,2,0,True,5
608,3,Harris,0,13,0,0,True,5
608,4,Harris,0,25,0,0,True,5
608,5,Harris,0,20,0,0,True,5
608,6,Harris,1,6,1,0,True,5
608,7,Harris,0,2,0,0,True,5
609,0,Harris,1,12,1,0,True,5
609,1,Harris,0,7,0,0,True,5
609,2,Harris,0,1,0,0,True,5
609,3,Harris,1,49,1,0,True,5
609,4,Harris,0,5,0,0,True,5
609,5,Harris,1,24,1,0,True,5
609,6,Harris,2,23,2,0,True,5
610,0,Harris,0,3,0,0,True,5
610,1,Harris,0,35,0,0,True,5
610,2,Harris,0,25,0,0,True,5
610,3,Harris,0,4,0,0,True,5
610,4,Harris,0,23,0,0,True,5
610,5,Harris,0,8,0,0,True,5
610,6,Harris,0,0,0,0,True,5
610,7,Harris,0,8,0,0,True,5
611,0,Harris,2,24,2,0,True,5
611,1,Harris,0,5,0,0,True,5
611,2,Harris,0,26,0,0,True,5
611,3,Harris,0,4,0,0,True,5
611,4,Harris,0,2,0,0,True,5
611,5,Harris,0,12,0,0,True,5
611,6,Harris,0,18,0,0,True,5
612,0,Harris,0,8,0,0,True,5
612,1,Harris,0,5,0,0,True,5
612,2,Harris,0,3,0,0,True,5
612,3,Harris,0,9,0,0,True,5
612,4,Harris,0,15,0,0,True,5
612,5,Harris,0,6,0,0,True,5
612,6,Harris,2,11,2,0,True,5
612,7,Harris,0,8,0,0,True,5
613,0,Harris,0,16,0,0,True,5
613,1,Harris,0,1,0,0,True,5
613,2,Harris,0,5,0,0,True,5
613,3,Harris,0,3,0,0,True,5
613,4,Harris,0,0,0,0,True,5
613,5,Harris,0,46,0,0,True,5
613,6,Harris,0,3,0,0,True,5
613,7,Harris,0,1,0,0,True,5
614,0,Harris,0,6,0,0,True,5
614,1,Harris,0,23,0,0,True,5
614,2,Harris,0,2,0,0,True,5
614,3,Harris,6,42,6,0,True,5
614,4,Harris,2,28,2,0,True,5
614,5,Harris,0,2,0,0,True,5
614,6,Harris,1,11,1,0,True,5
614,7,Harris,0,4,0,0,True,5
614,8,Harris,0,13,0,0,True,5
615,0,Harris,0,6,0,0,True,5
615,1,Harris,0,50,0,0,True,5
615,2,Harris,0,4,0,0,True,5
615,3,Harris,0,0,0,0,True,5
615,4,Harris,0,17,0,0,True,5
615,5,Harris,0,20,0,0,True,5
616,0,Harris,0,19,0,0,True,5
616,1,Harris,0,5,0,0,True,5
616,2,Harris,1,31,1,0,True,5
616,3,Harris,0,16,0,0,True,5
616,4,Harris,0,23,0,0,True,5
616,5,Harris,0,5,0,0,True,5
616,6,Harris,0,4,0,0,True,5
616,7,Harris,0,2,0,0,True,5
616,8,Harris,0,21,0,0,True,5
617,0,Harris,0,8,0,0,True,5
617,1,Harris,0,11,0,0,True,5
617,2,Harris,2,30,2,0,True,5
617,3,Harris,0,3,0,0,True,5
617,4,Harris,0,16,0,0,True,5
617,5,Harris,0,13,0,0,True,5
617,6,Harris,1,46,1,0,True,5
617,7,Harris,0,16,0,0,True,5
618,0,Harris,0,25,0,0,True,5
618,1,Harris,0,23,0,0,True,5
618,2,Harris,0,12,0,0,True,5
618,3,Harris,0,4,0,0,True,5
618,4,Harris,0,15,0,0,True,5
618,5,Harris,0,4,0,0,True,5
618,6,Harris,0,23,0,0,True,5
618,7,Harris,2,25,2,0,True,5
618,8,Harris,0,15,0,0,True,5
619,0,Harris,2,59,2,0,True,5
619,1,Harris,2,23,2,0,True,5
619,2,Harris,2,35,2,0,True,5
619,3,Harris,3,9,3,0,True,5
619,4,Harris,2,11,2,0,True,5
619,5,Harris,2,8,2,0,True,5
620,0,Harris,3,32,3,0,True,5
620,1,Harris,0,18,0,0,True,5
620,2,Harris,0,18,0,0,True,5
620,3,Harris,0,4,0,0,True,5
620,4,Harris,0,0,0,0,True,5
620,5,Harris,0,2,0,0,True,5
620,6,Harris,0,13,0,0,True,5
620,7,Harris,1,45,1,0,True,5
621,0,Harris,0,3,0,0,True,5
621,1,Harris,0,11,0,0,True,5
621,2,Harris,0,6,0,0,True,5
621,3,Harris,0,12,0,0,True,5
621,4,Harris,0,9,0,0,True,5
621,5,Harris,0,1,0,0,True,5
621,6,Harris,0,47,0,0,True,5
621,7,Harris,1,55,1,0,True,5
621,8,Harris,0,1,0,0,True,5
622,0,Harris,0,4,0,0,True,5
622,1,Harris,0,8,0,0,True,5
622,2,Harris,0,9,0,0,True,5
622,3,Harris,0,12,0,0,True,5
622,4,Harris,0,8,0,0,True,5
622,5,Harris,0,9,0,0,True,5
622,6,Harris,2,17,2,0,True,5
622,7,Harris,0,5,0,0,True,5
623,0,Harris,0,7,0,0,True,5
623,1,Harris,0,2,0,0,True,5
623,2,Harris,0,5,0,0,True,5
623,3,Harris,0,3,0,0,True,5
623,4,Harris,2,48,2,0,True,5
623,5,Harris,1,29,1,0,True,5
623,6,Harris,0,21,0,0,True,5
623,7,Harris,0,32,0,0,True,5
623,8,Harris,0,7,0,0,True,5
624,0,Harris,0,23,0,0,True,5
624,1,Harris,4,35,4,0,True,5
624,2,Harris,2,49,2,0,True,5
624,3,Harris,0,25,0,0,True,5
624,4,Harris,1,34,1,0,True,5
624,5,Harris,0,22,0,0,True,5
625,0,Harris,0,13,0,0,True,5
625,1,Harris,0,11,0,0,True,5
625,2,Harris,0,17,0,0,True,5
625,3,Harris,0,20,0,0,True,5
625,4,Harris,0,16,0,0,True,5
625,5,Harris,0,16,0,0,True,5
625,6,Harris,0,13,0,0,True,5
626,0,Harris,0,18,0,0,True,5
626,1,Harris,0,15,0,0,True,5
626,2,Harris,0,6,0,0,True,5
626,3,Harris,1,29,1,0,True,5
626,4,Harris,2,20,2,0,True,5
626,5,Harris,0,15,0,0,True,5
626,6,Harris,0,23,0,0,True,5
626,7,Harris,0,4,0,0,True,5
626,8,Harris,0,1,0,0,True,5
627,0,Harris,0,9,0,0,True,5
627,1,Harris,0,13,0,0,True,5
627,2,Harris,0,8,0,0,True,5
627,3,Harris,0,8,0,0,True,5
627,4,Harris,1,17,1,0,True,5
627,5,Harris,0,12,0,0,True,5
627,6,Harris,0,3,0,0,True,5
627,7,Harris,0,14,0,0,True,5
627,8,Harris,0,20,0,0,True,5
628,0,Harris,0,9,0,0,True,5
628,1,Harris,0,3,0,0,True,5
628,2,Harris,0,27,0,0,True,5
628,3,Harris,0,50,0,0,True,5
628,4,Harris,1,26,1,0,True,5
628,5,Harris,0,20,0,0,True,5
628,6,Harris,0,15,0,0,True,5
628,7,Harris,0,7,0,0,True,5
628,8,Harris,0,3,0,0,True,5
629,0,Harris,0,26,0,0,True,5
629,1,Harris,4,21,4,0,True,5
629,2,Harris,0,20,0,0,True,5
629,3,Harris,2,14,2,0,True,5
629,4,Harris,0,3,0,0,True,5
629,5,Harris,1,4,1,0,True,5
629,6,Harris,3,52,3,0,True,5
629,7,Harris,4,41,4,0,True,5
630,0,Harris,0,2,0,0,True,5
630,1,Harris,0,11,0,0,True,5
630,2,Harris,0,3,0,0,True,5
630,3,Harris,0,4,0,0,True,5
630,4,Harris,0,36,0,0,True,5
630,5,Harris,0,7,0,0,True,5
630,6,Harris,2,27,2,0,True,5
630,7,Harris,0,5,0,0,True,5
630,8,Harris,0,5,0,0,True,5
631,0,Harris,0,10,0,0,True,5
631,1,Harris,0,6,0,0,True,5
631,2,Harris,0,15,0,0,True,5
631,3,Harris,0,1,0,0,True,5
631,4,Harris,1,5,1,0,True,5
631,5,Harris,0,10,0,0,True,5
631,6,Harris,0,6,0,0,True,5
632,0,Harris,0,18,0,0,True,5
632,1,Harris,0,37,0,0,True,5
632,2,Harris,0,24,0,0,True,5
632,3,Harris,0,14,0,0,True,5
632,4,Harris,0,15,0,0,True,5
632,5,Harris,1,36,1,0,True,5
632,6,Harris,0,17,0,0,True,5
632,7,Harris,0,3,0,0,True,5
632,8,Harris,0,12,0,0,True,5
633,0,Harris,0,3,0,0,True,5
633,1,Harris,0,6,0,0,True,5
633,2,Harris,0,25,0,0,True,5
633,3,Harris,2,9,2,0,True,5
633,4,Harris,0,15,0,0,True,5
633,5,Harris,1,10,1,0,True,5
634,0,Harris,0,25,0,0,True,5
634,1,Harris,2,26,2,0,True,5
634,2,Harris,0,3,0,0,True,5
634,3,Harris,2,43,2,0,True,5
634,4,Harris,0,8,0,0,True,5
634,5,Harris,0,3,0,0,True,5
634,6,Harris,0,4,0,0,True,5
634,7,Harris,1,11,1,0,True,5
635,0,Harris,0,16,0,0,True,5
635,1,Harris,0,21,0,0,True,5
635,2,Harris,0,14,0,0,True,5
635,3,Harris,0,57,0,0,True,5
635,4,Harris,0,38,0,0,True,5
635,5,Harris,0,7,0,0,True,5
635,6,Harris,1,43,1,0,True,5
635,7,Harris,0,52,0,0,True,5
636,0,Harris,0,15,0,0,True,5
636,1,Harris,0,3,0,0,True,5
636,2,Harris,0,44,0,0,True,5
636,3,Harris,0,7,0,0,True,5
636,4,Harris,0,4,0,0,True,5
636,5,Harris,0,17,0,0,True,5
636,6,Harris,0,8,0,0,True,5
636,7,Harris,2,1,1,1,False,5
637,0,Harris,1,9,1,0,True,5
637,1,Harris,2,42,2,0,True,5
637,2,Harris,0,46,0,0,True,5
637,3,Harris,0,15,0,0,True,5
637,4,Harris,0,15,0,0,True,5
637,5,Harris,1,11,1,0,True,5
637,6,Harris,0,1,0,0,True,5
637,7,Harris,1,18,1,0,True,5
638,0,Harris,0,12,0,0,True,5
638,1,Harris,1,17,1,0,True,5
638,2,Harris,0,13,0,0,True,5
638,3,Harris,0,6,0,0,True,5
638,4,Harris,0,24,0,0,True,5
638,5,Harris,0,7,0,0,True,5
638,6,Harris,0,12,0,0,True,5
638,7,Harris,0,12,0,0,True,5
639,0,Harris,0,16,0,0,True,5
639,1,Harris,0,12,0,0,True,5
639,2,Harris,0,14,0,0,True,5
639,3,Harris,0,17,0,0,True,5
639,4,Harris,1,17,1,0,True,5
639,5,Harris,0,17,0,0,True,5
639,6,Harris,0,5,0,0,True,5
639,7,Harris,0,21,0,0,True,5
640,0,Harris,2,27,2,0,True,5
640,1,Harris,0,17,0,0,True,5
640,2,Harris,0,12,0,0,True,5
640,3,Harris,0,9,0,0,True,5
640,4,Harris,0,6,0,0,True,5
640,5,Harris,0,17,0,0,True,5
640,6,Harris,0,12,0,0,True,5
641,0,Harris,2,43,2,0,True,5
641,1,Harris,0,14,0,0,True,5
641,2,Harris,0,22,0,0,True,5
641,3,Harris,1,51,1,0,True,5
641,4,Harris,2,31,2,0,True,5
641,5,Harris,0,19,0,0,True,5
642,0,Harris,2,18,2,0,True,5
642,1,Harris,1,15,1,0,True,5
642,2,Harris,2,13,2,0,True,5
642,3,Harris,3,29,3,0,True,5
642,4,Harris,2,17,2,0,True,5
642,5,Harris,2,34,2,0,True,5
642,6,Harris,2,33,2,0,True,5
643,0,Harris,0,0,0,0,True,5
643,1,Harris,0,21,0,0,True,5
643,2,Harris,0,5,0,0,True,5
643,3,Harris,0,13,0,0,True,5
643,4,Harris,0,10,0,0,True,5
643,5,Harris,1,36,1,0,True,5
643,6,Harris,0,36,0,0,True,5
643,7,Harris,1,25,1,0,True,5
644,0,Harris,2,26,2,0,True,5
644,1,Harris,0,25,0,0,True,5
644,2,Harris,0,4,0,0,True,5
644,3,Harris,0,17,0,0,True,5
644,4,Harris,0,37,0,0,True,5
644,5,Harris,0,6,0,0,True,5
644,6,Harris,0,1,0,0,True,5
644,7,Harris,0,3,0,0,True,5
644,8,Harris,0,1,0,0,True,5
645,0,Harris,0,3,0,0,True,5
645,1,Harris,0,52,0,0,True,5
645,2,Harris,0,29,0,0,True,5
645,3,Harris,0,7,0,0,True,5
645,4,Harris,0,6,0,0,True,5
645,5,Harris,0,21,0,0,True,5
645,6,Harris,0,11,0,0,True,5
645,7,Harris,1,24,1,0,True,5
646,0,Harris,2,17,2,0,True,5
646,1,Harris,0,6,0,0,True,5
646,2,Harris,0,28,0,0,True,5
646,3,Harris,0,10,0,0,True,5
646,4,Harris,0,9,0,0,True,5
646,5,Harris,0,2,0,0,True,5
646,6,Harris,0,7,0,0,True,5
647,0,Harris,0,48,0,0,True,5
647,1,Harris,0,48,0,0,True,5
647,2,Harris,1,50,1,0,True,5
647,3,Harris,0,8,0,0,True,5
647,4,Harris,1,33,1,0,True,5
647,5,Harris,2,34,2,0,True,5
647,6,Harris,1,34,1,0,True,5
648,0,Harris,0,2,0,0,True,5
648,1,Harris,2,26,2,0,True,5
648,2,Harris,0,22,0,0,True,5
648,3,Harris,0,2,0,0,True,5
648,4,Harris,2,42,2,0,True,5
648,5,Harris,1,37,1,0,True,5
648,6,Harris,0,9,0,0,True,5
648,7,Harris,2,3,2,0,True,5
648,8,Harris,0,5,0,0,True,5
648,9,Harris,0,9,0,0,True,5
649,0,Harris,0,23,0,0,True,5
649,1,Harris,1,38,1,0,True,5
650,0,Harris,2,11,2,0,True,5
650,1,Harris,0,8,0,0,True,5
650,2,Harris,0,22,0,0,True,5
650,3,Harris,0,5,0,0,True,5
650,4,Harris,0,3,0,0,True,5
650,5,Harris,0,11,0,0,True,5
650,6,Harris,0,3,0,0,True,5
650,7,Harris,0,6,0,0,True,5
650,8,Harris,0,0,0,0,True,5
650,9,Harris,0,16,0,0,True,5
651,0,Harris,1,27,1,0,True,5
651,1,Harris,0,18,0,0,True,5
651,2,Harris,0,9,0,0,True,5
651,3,Harris,1,17,1,0,True,5
651,4,Harris,0,13,0,0,True,5
651,5,Harris,0,43,0,0,True,5
651,6,Harris,0,5,0,0,True,5
651,7,Harris,0,13,0,0,True,5
651,8,Harris,1,9,1,0,True,5
652,0,Harris,0,9,0,0,True,5
652,1,Harris,0,4,0,0,True,5
652,2,Harris,0,1,0,0,True,5
652,3,Harris,0,19,0,0,True,5
652,4,Harris,0,8,0,0,True,5
652,5,Harris,0,3,0,0,True,5
652,6,Harris,0,18,0,0,True,5
653,0,Harris,0,10,0,0,True,5
653,1,Harris,0,9,0,0,True,5
653,2,Harris,0,35,0,0,True,5
653,3,Harris,0,21,0,0,True,5
653,4,Harris,0,5,0,0,True,5
653,5,Harris,4,16,4,0,True,5
653,6,Harris,0,14,0,0,True,5
653,7,Harris,0,10,0,0,True,5
654,0,Harris,0,5,0,0,True,5
654,1,Harris,0,5,0,0,True,5
654,2,Harris,0,16,0,0,True,5
654,3,Harris,1,8,1,0,True,5
654,4,Harris,2,14,2,0,True,5
654,5,Harris,2,5,2,0,True,5
654,6,Harris,3,35,3,0,True,5
655,0,Harris,0,2,0,0,True,5
655,1,Harris,1,11,1,0,True,5
655,2,Harris,1,25,1,0,True,5
655,3,Harris,0,24,0,0,True,5
655,4,Harris,0,32,0,0,True,5
655,5,Harris,1,35,1,0,True,5
655,6,Harris,0,15,0,0,True,5
656,0,Harris,0,6,0,0,True,5
656,1,Harris,0,28,0,0,True,5
656,2,Harris,0,3,0,0,True,5
656,3,Harris,0,4,0,0,True,5
656,4,Harris,0,11,0,0,True,5
656,5,Harris,0,2,0,0,True,5
656,6,Harris,2,50,2,0,True,5
656,7,Harris,0,11,0,0,True,5
657,0,Harris,0,4,0,0,True,5
657,1,Harris,0,9,0,0,True,5
657,2,Harris,0,5,0,0,True,5
657,3,Harris,0,15,0,0,True,5
657,4,Harris,0,3,0,0,True,5
657,5,Harris,0,4,0,0,True,5
657,6,Harris,0,14,0,0,True,5
657,7,Harris,0,7,0,0,True,5
657,8,Harris,0,12,0,0,True,5
657,9,Harris,0,21,0,0,True,5
658,0,Harris,1,19,1,0,True,5
658,1,Harris,1,26,1,0,True,5
658,2,Harris,3,48,3,0,True,5
658,3,Harris,0,8,0,0,True,5
658,4,Harris,1,47,1,0,True,5
658,5,Harris,0,40,0,0,True,5
658,6,Harris,0,11,0,0,True,5
659,0,Harris,0,25,0,0,True,5
659,1,Harris,4,20,4,0,True,5
659,2,Harris,0,3,0,0,True,5
659,3,Harris,0,25,0,0,True,5
659,4,Harris,0,5,0,0,True,5
659,5,Harris,2,25,2,0,True,5
659,6,Harris,0,2,0,0,True,5
659,7,Harris,0,4,0,0,True,5
659,8,Harris,0,4,0,0,True,5
660,0,Harris,2,37,2,0,True,5
660,1,Harris,1,47,1,0,True,5
660,2,Harris,2,46,2,0,True,5
660,3,Harris,3,36,3,0,True,5
660,4,Harris,2,47,2,0,True,5
660,5,Harris,2,38,2,0,True,5
660,6,Harris,0,19,0,0,True,5
661,0,Harris,0,8,0,0,True,5
661,1,Harris,0,54,0,0,True,5
661,2,Harris,0,13,0,0,True,5
661,3,Harris,0,33,0,0,True,5
661,4,Harris,1,11,1,0,True,5
661,5,Harris,0,14,0,0,True,5
661,6,Harris,0,28,0,0,True,5
661,7,Harris,1,30,1,0,True,5
661,8,Harris,0,43,0,0,True,5
661,9,Harris,1,11,1,0,True,5
662,0,Harris,0,4,0,0,True,5
662,1,Harris,0,13,0,0,True,5
662,2,Harris,0,6,0,0,True,5
662,3,Harris,0,8,0,0,True,5
662,4,Harris,2,23,2,0,True,5
662,5,Harris,0,5,0,0,True,5
662,6,Harris,0,5,0,0,True,5
662,7,Harris,0,23,0,0,True,5
662,8,Harris,0,38,0,0,True,5
663,0,Harris,0,40,0,0,True,5
663,1,Harris,3,42,3,0,True,5
663,2,Harris,0,2,0,0,True,5
663,3,Harris,0,2,0,0,True,5
663,4,Harris,0,55,0,0,True,5
663,5,Harris,2,52,2,0,True,5
663,6,Harris,0,3,0,0,True,5
664,0,Harris,0,21,0,0,True,5
664,1,Harris,0,33,0,0,True,5
664,2,Harris,0,7,0,0,True,5
664,3,Harris,0,8,0,0,True,5
664,4,Harris,0,5,0,0,True,5
664,5,Harris,0,9,0,0,True,5
664,6,Harris,0,8,0,0,True,5
664,7,Harris,0,30,0,0,True,5
665,0,Harris,1,13,1,0,True,5
665,1,Harris,0,8,0,0,True,5
665,2,Harris,0,1,0,0,True,5
665,3,Harris,0,0,0,0,True,5
665,4,Harris,0,3,0,0,True,5
665,5,Harris,0,3,0,0,True,5
665,6,Harris,0,0,0,0,True,5
666,0,Harris,1,20,1,0,True,5
666,1,Harris,0,14,0,0,True,5
666,2,Harris,0,12,0,0,True,5
666,3,Harris,0,10,0,0,True,5
666,4,Harris,0,10,0,0,True,5
666,5,Harris,0,17,0,0,True,5
666,6,Harris,2,30,2,0,True,5
666,7,Harris,0,9,0,0,True,5
666,8,Harris,1,11,1,0,True,5
666,9,Harris,0,17,0,0,True,5
667,0,Harris,0,3,0,0,True,5
667,1,Harris,2,17,2,0,True,5
667,2,Harris,1,8,1,0,True,5
667,3,Harris,1,13,1,0,True,5
667,4,Harris,1,13,1,0,True,5
667,5,Harris,0,28,0,0,True,5
668,0,Harris,0,9,0,0,True,5
668,1,Harris,0,54,0,0,True,5
668,2,Harris,0,6,0,0,True,5
668,3,Harris,0,49,0,0,True,5
668,4,Harris,1,38,1,0,True,5
668,5,Harris,1,12,1,0,True,5
668,6,Harris,0,39,0,0,True,5
668,7,Harris,0,28,0,0,True,5
669,0,Harris,0,4,0,0,True,5
669,1,Harris,2,25,2,0,True,5
669,2,Harris,1,19,1,0,True,5
669,3,Harris,1,37,1,0,True,5
669,4,Harris,0,3,0,0,True,5
669,5,Harris,0,8,0,0,True,5
670,0,Harris,0,13,0,0,True,5
670,1,Harris,0,8,0,0,True,5
670,2,Harris,0,55,0,0,True,5
670,3,Harris,0,4,0,0,True,5
670,4,Harris,0,15,0,0,True,5
670,5,Harris,0,13,0,0,True,5
670,6,Harris,0,50,0,0,True,5
670,7,Harris,1,8,1,0,True,5
671,0,Harris,0,5,0,0,True,5
671,1,Harris,0,2,0,0,True,5
671,2,Harris,0,13,0,0,True,5
671,3,Harris,0,9,0,0,True,5
671,4,Harris,0,15,0,0,True,5
671,5,Harris,1,6,1,0,True,5
671,6,Harris,0,4,0,0,True,5
671,7,Harris,0,27,0,0,True,5
671,8,Harris,0,14,0,0,True,5
671,9,Harris,0,24,0,0,True,5
672,0,Harris,0,3,0,0,True,5
672,1,Harris,0,6,0,0,True,5
672,2,Harris,0,1,0,0,True,5
672,3,Harris,0,11,0,0,True,5
672,4,Harris,1,10,1,0,True,5
672,5,Harris,1,27,1,0,True,5
672,6,Harris,0,2,0,0,True,5
672,7,Harris,0,2,0,0,True,5
672,8,Harris,0,4,0,0,True,5
673,0,Harris,0,20,0,0,True,5
673,1,Harris,0,3,0,0,True,5
673,2,Harris,0,9,0,0,True,5
673,3,Harris,0,18,0,0,True,5
673,4,Harris,0,8,0,0,True,5
673,5,Harris,1,12,1,0,True,5
673,6,Harris,0,8,0,0,True,5
673,7,Harris,0,47,0,0,True,5
674,0,Harris,0,18,0,0,True,5
674,1,Harris,0,11,0,0,True,5
674,2,Harris,0,39,0,0,True,5
674,3,Harris,0,7,0,0,True,5
674,4,Harris,2,36,2,0,True,5
674,5,Harris,1,21,1,0,True,5
674,6,Harris,1,20,1,0,True,5
674,7,Harris,1,4,1,0,True,5
674,8,Harris,0,24,0,0,True,5
675,0,Harris,0,8,0,0,True,5
675,1,Harris,0,25,0,0,True,5
675,2,Harris,0,16,0,0,True,5
675,3,Harris,0,19,0,0,True,5
675,4,Harris,0,35,0,0,True,5
675,5,Harris,0,8,0,0,True,5
675,6,Harris,0,40,0,0,True,5
676,0,Harris,0,16,0,0,True,5
676,1,Harris,0,3,0,0,True,5
676,2,Harris,0,5,0,0,True,5
676,3,Harris,1,25,1,0,True,5
676,4,Harris,0,1,0,0,True,5
676,5,Harris,0,1,0,0,True,5
676,6,Harris,0,1,0,0,True,5
676,7,Harris,0,1,0,0,True,5
676,8,Harris,0,1,0,0,True,5
677,0,Harris,0,9,0,0,True,5
677,1,Harris,0,2,0,0,True,5
677,2,Harris,0,18,0,0,True,5
677,3,Harris,0,5,0,0,True,5
677,4,Harris,0,16,0,0,True,5
677,5,Harris,0,28,0,0,True,5
677,6,Harris,0,6,0,0,True,5
677,7,Harris,0,10,0,0,True,5
678,0,Harris,0,15,0,0,True,5
678,1,Harris,0,5,0,0,True,5
678,2,Harris,2,3,2,0,True,5
678,3,Harris,3,11,3,0,True,5
678,4,Harris,1,12,1,0,True,5
678,5,Harris,0,5,0,0,True,5
679,0,Harris,1,27,1,0,True,5
679,1,Harris,0,5,0,0,True,5
679,2,Harris,0,8,0,0,True,5
679,3,Harris,0,6,0,0,True,5
679,4,Harris,0,13,0,0,True,5
679,5,Harris,1,13,1,0,True,5
679,6,Harris,0,40,0,0,True,5
679,7,Harris,0,1,0,0,True,5
680,0,Harris,1,17,1,0,True,5
680,1,Harris,1,17,1,0,True,5
680,2,Harris,1,16,1,0,True,5
680,3,Harris,1,16,1,0,True,5
680,4,Harris,1,17,1,0,True,5
680,5,Harris,0,6,0,0,True,5
681,0,Harris,1,49,1,0,True,5
681,1,Harris,1,2,1,0,True,5
681,2,Harris,0,2,0,0,True,5
681,3,Harris,0,14,0,0,True,5
681,4,Harris,0,7,0,0,True,5
681,5,Harris,0,32,0,0,True,5
682,0,Harris,0,7,0,0,True,5
682,1,Harris,0,6,0,0,True,5
682,2,Harris,0,19,0,0,True,5
682,3,Harris,0,53,0,0,True,5
682,4,Harris,3,45,3,0,True,5
682,5,Harris,1,19,1,0,True,5
682,6,Harris,0,7,0,0,True,5
682,7,Harris,0,24,0,0,True,5
682,8,Harris,0,13,0,0,True,5
683,0,Harris,0,7,0,0,True,5
683,1,Harris,0,15,0,0,True,5
683,2,Harris,0,5,0,0,True,5
683,3,Harris,1,7,1,0,True,5
683,4,Harris,0,26,0,0,True,5
683,5,Harris,0,18,0,0,True,5
683,6,Harris,0,41,0,0,True,5
683,7,Harris,1,41,1,0,True,5
684,0,Harris,2,26,2,0,True,5
684,1,Harris,2,34,2,0,True,5
684,2,Harris,0,9,0,0,True,5
684,3,Harris,0,45,0,0,True,5
684,4,Harris,2,16,2,0,True,5
684,5,Harris,0,20,0,0,True,5
684,6,Harris,1,23,1,0,True,5
685,0,Harris,0,50,0,0,True,5
685,1,Harris,0,2,0,0,True,5
685,2,Harris,1,38,1,0,True,5
685,3,Harris,1,18,1,0,True,5
685,4,Harris,0,54,0,0,True,5
685,5,Harris,0,20,0,0,True,5
685,6,Harris,0,28,0,0,True,5
686,0,Harris,1,49,1,0,True,5
686,1,Harris,0,38,0,0,True,5
686,2,Harris,0,17,0,0,True,5
686,3,Harris,1,15,1,0,True,5
686,4,Harris,1,10,1,0,True,5
686,5,Harris,0,13,0,0,True,5
686,6,Harris,1,10,1,0,True,5
686,7,Harris,0,20,0,0,True,5
687,0,Harris,0,4,0,0,True,5
687,1,Harris,0,13,0,0,True,5
687,2,Harris,0,23,0,0,True,5
687,3,Harris,0,6,0,0,True,5
687,4,Harris,0,7,0,0,True,5
687,5,Harris,0,34,0,0,True,5
687,6,Harris,0,1,0,0,True,5
687,7,Harris,2,29,2,0,True,5
687,8,Harris,9,42,9,0,True,5
688,0,Harris,0,11,0,0,True,5
688,1,Harris,0,50,0,0,True,5
688,2,Harris,0,22,0,0,True,5
688,3,Harris,1,13,1,0,True,5
688,4,Harris,1,37,1,0,True,5
688,5,Harris,0,20,0,0,True,5
688,6,Harris,0,25,0,0,True,5
688,7,Harris,0,25,0,0,True,5
688,8,Harris,0,1,0,0,True,5
689,0,Harris,0,6,0,0,True,5
689,1,Harris,1,54,1,0,True,5
689,2,Harris,0,16,0,0,True,5
689,3,Harris,2,29,2,0,True,5
689,4,Harris,2,28,2,0,True,5
689,5,Harris,0,11,0,0,True,5
689,6,Harris,0,12,0,0,True,5
689,7,Harris,1,13,1,0,True,5
690,0,Harris,0,13,0,0,True,5
690,1,Harris,0,11,0,0,True,5
690,2,Harris,2,16,2,0,True,5
690,3,Harris,1,20,1,0,True,5
690,4,Harris,2,32,2,0,True,5
690,5,Harris,0,2,0,0,True,5
690,6,Harris,0,5,0,0,True,5
691,0,Harris,0,5,0,0,True,5
691,1,Harris,0,10,0,0,True,5
691,2,Harris,0,23,0,0,True,5
691,3,Harris,0,5,0,0,True,5
691,4,Harris,0,17,0,0,True,5
691,5,Harris,1,17,1,0,True,5
691,6,Harris,1,26,1,0,True,5
692,0,Harris,3,53,3,0,True,5
692,1,Harris,0,3,0,0,True,5
692,2,Harris,0,27,0,0,True,5
692,3,Harris,0,7,0,0,True,5
692,4,Harris,0,53,0,0,True,5
692,5,Harris,0,63,0,0,True,5
692,6,Harris,1,58,1,0,True,5
692,7,Harris,1,31,1,0,True,5
692,8,Harris,1,52,1,0,True,5
693,0,Harris,0,0,0,0,True,5
693,1,Harris,0,16,0,0,True,5
693,2,Harris,2,25,2,0,True,5
693,3,Harris,1,19,1,0,True,5
693,4,Harris,0,19,0,0,True,5
693,5,Harris,0,0,0,0,True,5
694,0,Harris,0,24,0,0,True,5
694,1,Harris,1,6,1,0,True,5
694,2,Harris,0,22,0,0,True,5
694,3,Harris,0,33,0,0,True,5
694,4,Harris,1,35,1,0,True,5
694,5,Harris,0,3,0,0,True,5
694,6,Harris,0,3,0,0,True,5
694,7,Harris,0,26,0,0,True,5
694,8,Harris,0,27,0,0,True,5
695,0,Harris,0,17,0,0,True,5
695,1,Harris,2,39,2,0,True,5
695,2,Harris,0,4,0,0,True,5
695,3,Harris,0,17,0,0,True,5
695,4,Harris,0,15,0,0,True,5
695,5,Harris,0,1,0,0,True,5
695,6,Harris,1,10,1,0,True,5
695,7,Harris,0,16,0,0,True,5
695,8,Harris,2,50,2,0,True,5
696,0,Harris,0,3,0,0,True,5
696,1,Harris,2,29,2,0,True,5
696,2,Harris,0,2,0,0,True,5
696,3,Harris,0,2,0,0,True,5
696,4,Harris,0,24,0,0,True,5
696,5,Harris,0,10,0,0,True,5
696,6,Harris,2,49,2,0,True,5
696,7,Harris,0,23,0,0,True,5
697,0,Harris,0,27,0,0,True,5
697,1,Harris,0,13,0,0,True,5
697,2,Harris,0,13,0,0,True,5
697,3,Harris,0,7,0,0,True,5
697,4,Harris,1,25,1,0,True,5
697,5,Harris,0,4,0,0,True,5
697,6,Harris,0,7,0,0,True,5
697,7,Harris,0,15,0,0,True,5
698,0,Harris,0,8,0,0,True,5
698,1,Harris,1,19,1,0,True,5
698,2,Harris,2,51,2,0,True,5
698,3,Harris,0,20,0,0,True,5
698,4,Harris,0,12,0,0,True,5
698,5,Harris,0,10,0,0,True,5
698,6,Harris,1,54,1,0,True,5
698,7,Harris,3,36,3,0,True,5
698,8,Harris,0,4,0,0,True,5
699,0,Harris,2,18,2,0,True,5
699,1,Harris,1,8,1,0,True,5
699,2,Harris,2,11,2,0,True,5
699,3,Harris,2,6,2,0,True,5
699,4,Harris,2,29,2,0,True,5
699,5,Harris,2,36,2,0,True,5
699,6,Harris,0,11,0,0,True,5
699,7,Harris,4,16,4,0,True,5
700,0,Harris,0,10,0,0,True,5
700,1,Harris,0,13,0,0,True,5
700,2,Harris,0,6,0,0,True,5
700,3,Harris,0,6,0,0,True,5
700,4,Harris,0,5,0,0,True,5
700,5,Harris,0,2,0,0,True,5
700,6,Harris,0,15,0,0,True,5
701,0,Harris,2,38,2,0,True,5
701,1,Harris,3,35,3,0,True,5
701,2,Harris,2,41,2,0,True,5
701,3,Harris,2,24,2,0,True,5
701,4,Harris,2,9,2,0,True,5
701,5,Harris,1,48,1,0,True,5
701,6,Harris,1,39,1,0,True,5
701,7,Harris,0,5,0,0,True,5
702,0,Harris,0,2,0,0,True,5
702,1,Harris,0,7,0,0,True,5
702,2,Harris,2,25,2,0,True,5
702,3,Harris,2,23,2,0,True,5
702,4,Harris,0,21,0,0,True,5
702,5,Harris,0,1,0,0,True,5
702,6,Harris,0,10,0,0,True,5
702,7,Harris,0,10,0,0,True,5
702,8,Harris,0,3,0,0,True,5
703,0,Harris,2,26,2,0,True,5
703,1,Harris,0,26,0,0,True,5
703,2,Harris,0,26,0,0,True,5
703,3,Harris,0,5,0,0,True,5
703,4,Harris,0,5,0,0,True,5
703,5,Harris,0,15,0,0,True,5
703,6,Harris,1,9,1,0,True,5
703,7,Harris,0,13,0,0,True,5
703,8,Harris,2,26,2,0,True,5
703,9,Harris,1,13,1,0,True,5
704,0,Harris,4,32,4,0,True,5
704,1,Harris,0,53,0,0,True,5
704,2,Harris,0,5,0,0,True,5
704,3,Harris,0,23,0,0,True,5
704,4,Harris,0,10,0,0,True,5
704,5,Harris,3,44,3,0,True,5
704,6,Harris,0,3,0,0,True,5
705,0,Harris,0,12,0,0,True,5
705,1,Harris,0,7,0,0,True,5
705,2,Harris,2,11,2,0,True,5
705,3,Harris,1,47,1,0,True,5
705,4,Harris,1,12,1,0,True,5
705,5,Harris,1,51,1,0,True,5
705,6,Harris,1,56,1,0,True,5
706,0,Harris,1,36,1,0,True,5
706,1,Harris,0,18,0,0,True,5
706,2,Harris,2,23,2,0,True,5
706,3,Harris,1,17,1,0,True,5
706,4,Harris,1,36,1,0,True,5
706,5,Harris,3,37,3,0,True,5
706,6,Harris,3,11,3,0,True,5
706,7,Harris,0,7,0,0,True,5
707,0,Harris,0,4,0,0,True,5
707,1,Harris,0,19,0,0,True,5
707,2,Harris,1,5,1,0,True,5
707,3,Harris,0,5,0,0,True,5
707,4,Harris,0,8,0,0,True,5
707,5,Harris,2,11,2,0,True,5
707,6,Harris,0,13,0,0,True,5
707,7,Harris,0,8,0,0,True,5
707,8,Harris,0,7,0,0,True,5
708,0,Harris,0,4,0,0,True,5
708,1,Harris,0,49,0,0,True,5
708,2,Harris,0,38,0,0,True,5
708,3,Harris,0,1,0,0,True,5
708,4,Harris,0,7,0,0,True,5
708,5,Harris,0,10,0,0,True,5
708,6,Harris,0,3,0,0,True,5
708,7,Harris,0,28,0,0,True,5
709,0,Harris,0,3,0,0,True,5
709,1,Harris,1,9,1,0,True,5
709,2,Harris,0,30,0,0,True,5
709,3,Harris,0,12,0,0,True,5
709,4,Harris,0,17,0,0,True,5
709,5,Harris,0,16,0,0,True,5
709,6,Harris,0,24,0,0,True,5
709,7,Harris,1,7,1,0,True,5
709,8,Harris,0,4,0,0,True,5
710,0,Harris,1,20,1,0,True,5
710,1,Harris,0,3,0,0,True,5
710,2,Harris,0,2,0,0,True,5
710,3,Harris,2,50,2,0,True,5
710,4,Harris,0,23,0,0,True,5
710,5,Harris,0,4,0,0,True,5
710,6,Harris,0,30,0,0,True,5
710,7,Harris,0,17,0,0,True,5
710,8,Harris,0,9,0,0,True,5
711,0,Harris,0,23,0,0,True,5
711,1,Harris,0,14,0,0,True,5
711,2,Harris,0,1,0,0,True,5
711,3,Harris,0,3,0,0,True,5
711,4,Harris,0,6,0,0,True,5
711,5,Harris,1,24,1,0,True,5
711,6,Harris,0,3,0,0,True,5
711,7,Harris,0,9,0,0,True,5
711,8,Harris,2,11,2,0,True,5
712,0,Harris,2,38,2,0,True,5
712,1,Harris,1,16,1,0,True,5
712,2,Harris,0,17,0,0,True,5
712,3,Harris,1,13,1,0,True,5
712,4,Harris,3,36,3,0,True,5
712,5,Harris,0,4,0,0,True,5
712,6,Harris,4,49,4,0,True,5
712,7,Harris,0,3,0,0,True,5
713,0,Harris,0,12,0,0,True,5
713,1,Harris,0,2,0,0,True,5
713,2,Harris,0,18,0,0,True,5
713,3,Harris,0,34,0,0,True,5
713,4,Harris,0,23,0,0,True,5
713,5,Harris,0,39,0,0,True,5
713,6,Harris,0,13,0,0,True,5
714,0,Harris,0,2,0,0,True,5
714,1,Harris,2,19,2,0,True,5
714,2,Harris,1,11,1,0,True,5
714,3,Harris,1,34,1,0,True,5
714,4,Harris,0,16,0,0,True,5
714,5,Harris,1,14,1,0,True,5
714,6,Harris,0,13,0,0,True,5
714,7,Harris,1,13,1,0,True,5
715,0,Harris,0,3,0,0,True,5
715,1,Harris,0,11,0,0,True,5
715,2,Harris,0,6,0,0,True,5
715,3,Harris,0,20,0,0,True,5
715,4,Harris,0,35,0,0,True,5
715,5,Harris,0,14,0,0,True,5
715,6,Harris,0,42,0,0,True,5
715,7,Harris,0,1,0,0,True,5
715,8,Harris,0,3,0,0,True,5
716,0,Harris,0,4,0,0,True,5
716,1,Harris,0,12,0,0,True,5
716,2,Harris,0,10,0,0,True,5
716,3,Harris,0,21,0,0,True,5
716,4,Harris,2,29,2,0,True,5
716,5,Harris,6,42,6,0,True,5
716,6,Harris,0,18,0,0,True,5
716,7,Harris,2,11,2,0,True,5
717,0,Harris,1,19,1,0,True,5
717,1,Harris,2,23,2,0,True,5
717,2,Harris,1,8,1,0,True,5
717,3,Harris,2,8,2,0,True,5
717,4,Harris,0,10,0,0,True,5
717,5,Harris,2,12,2,0,True,5
717,6,Harris,1,10,1,0,True,5
717,7,Harris,2,21,2,0,True,5
718,0,Harris,0,46,0,0,True,5
718,1,Harris,1,9,1,0,True,5
718,2,Harris,1,11,1,0,True,5
718,3,Harris,0,13,0,0,True,5
718,4,Harris,0,7,0,0,True,5
718,5,Harris,0,5,0,0,True,5
718,6,Harris,0,12,0,0,True,5
718,7,Harris,0,14,0,0,True,5
718,8,Harris,0,12,0,0,True,5
719,0,Harris,0,6,0,0,True,5
719,1,Harris,1,30,1,0,True,5
719,2,Harris,0,2,0,0,True,5
719,3,Harris,0,8,0,0,True,5
719,4,Harris,0,25,0,0,True,5
719,5,Harris,0,3,0,0,True,5
719,6,Harris,0,2,0,0,True,5
719,7,Harris,0,7,0,0,True,5
719,8,Harris,1,9,1,0,True,5
720,0,Harris,0,9,0,0,True,5
720,1,Harris,0,9,0,0,True,5
720,2,Harris,0,52,0,0,True,5
720,3,Harris,0,8,0,0,True,5
720,4,Harris,0,57,0,0,True,5
721,0,Harris,1,20,1,0,True,5
721,1,Harris,0,17,0,0,True,5
721,2,Harris,0,28,0,0,True,5
721,3,Harris,0,1,0,0,True,5
721,4,Harris,0,13,0,0,True,5
721,5,Harris,0,27,0,0,True,5
721,6,Harris,0,18,0,0,True,5
721,7,Harris,0,15,0,0,True,5
721,8,Harris,0,15,0,0,True,5
721,9,Harris,0,5,0,0,True,5
722,0,Harris,0,10,0,0,True,5
722,1,Harris,2,24,2,0,True,5
722,2,Harris,2,22,2,0,True,5
722,3,Harris,0,10,0,0,True,5
722,4,Harris,0,4,0,0,True,5
722,5,Harris,1,3,1,0,True,5
722,6,Harris,0,5,0,0,True,5
723,0,Harris,2,15,2,0,True,5
723,1,Harris,0,3,0,0,True,5
723,2,Harris,1,6,1,0,True,5
723,3,Harris,0,21,0,0,True,5
723,4,Harris,0,12,0,0,True,5
723,5,Harris,0,4,0,0,True,5
723,6,Harris,2,42,2,0,True,5
723,7,Harris,0,17,0,0,True,5
723,8,Harris,0,6,0,0,True,5
724,0,Harris,0,22,0,0,True,5
724,1,Harris,0,2,0,0,True,5
724,2,Harris,1,13,1,0,True,5
724,3,Harris,1,8,1,0,True,5
724,4,Harris,0,45,0,0,True,5
724,5,Harris,1,12,1,0,True,5
724,6,Harris,2,50,2,0,True,5
725,0,Harris,2,5,2,0,True,5
725,1,Harris,2,5,2,0,True,5
725,2,Harris,2,7,2,0,True,5
725,3,Harris,2,4,2,0,True,5
725,4,Harris,1,3,1,0,True,5
725,5,Harris,2,15,2,0,True,5
725,6,Harris,2,8,2,0,True,5
726,0,Harris,0,21,0,0,True,5
726,1,Harris,2,23,2,0,True,5
726,2,Harris,0,19,0,0,True,5
726,3,Harris,0,46,0,0,True,5
726,4,Harris,0,12,0,0,True,5
726,5,Harris,0,1,0,0,True,5
726,6,Harris,0,6,0,0,True,5
726,7,Harris,0,0,0,0,True,5
727,0,Harris,1,11,1,0,True,5
727,1,Harris,0,2,0,0,True,5
727,2,Harris,0,15,0,0,True,5
727,3,Harris,1,27,1,0,True,5
727,4,Harris,0,17,0,0,True,5
727,5,Harris,0,19,0,0,True,5
727,6,Harris,1,8,1,0,True,5
727,7,Harris,0,26,0,0,True,5
728,0,Harris,0,7,0,0,True,5
728,1,Harris,0,23,0,0,True,5
728,2,Harris,0,21,0,0,True,5
728,3,Harris,0,46,0,0,True,5
728,4,Harris,0,5,0,0,True,5
728,5,Harris,1,13,1,0,True,5
728,6,Harris,1,16,1,0,True,5
728,7,Harris,0,17,0,0,True,5
729,0,Harris,2,4,2,0,True,5
729,1,Harris,0,7,0,0,True,5
729,2,Harris,0,34,0,0,True,5
729,3,Harris,0,17,0,0,True,5
729,4,Harris,0,3,0,0,True,5
729,5,Harris,0,4,0,0,True,5
729,6,Harris,0,4,0,0,True,5
729,7,Harris,1,18,1,0,True,5
729,8,Harris,1,19,1,0,True,5
730,0,Harris,0,7,0,0,True,5
730,1,Harris,0,23,0,0,True,5
730,2,Harris,0,45,0,0,True,5
730,3,Harris,0,10,0,0,True,5
730,4,Harris,0,12,0,0,True,5
730,5,Harris,0,10,0,0,True,5
730,6,Harris,0,4,0,0,True,5
731,0,Harris,0,3,0,0,True,5
731,1,Harris,0,6,0,0,True,5
731,2,Harris,0,15,0,0,True,5
731,3,Harris,0,13,0,0,True,5
731,4,Harris,0,30,0,0,True,5
731,5,Harris,0,15,0,0,True,5
731,6,Harris,0,4,0,0,True,5
731,7,Harris,0,4,0,0,True,5
732,0,Harris,1,16,1,0,True,5
732,1,Harris,0,3,0,0,True,5
732,2,Harris,0,22,0,0,True,5
732,3,Harris,0,23,0,0,True,5
732,4,Harris,0,27,0,0,True,5
732,5,Harris,0,23,0,0,True,5
732,6,Harris,1,12,1,0,True,5
732,7,Harris,1,23,1,0,True,5
732,8,Harris,0,1,0,0,True,5
733,0,Harris,0,12,0,0,True,5
733,1,Harris,2,24,2,0,True,5
733,2,Harris,3,38,3,0,True,5
733,3,Harris,1,18,1,0,True,5
733,4,Harris,1,6,1,0,True,5
733,5,Harris,2,51,2,0,True,5
733,6,Harris,2,26,2,0,True,5
734,0,Harris,0,4,0,0,True,5
734,1,Harris,0,9,0,0,True,5
734,2,Harris,0,22,0,0,True,5
734,3,Harris,2,25,2,0,True,5
734,4,Harris,0,4,0,0,True,5
734,5,Harris,0,4,0,0,True,5
734,6,Harris,0,2,0,0,True,5
734,7,Harris,0,4,0,0,True,5
735,0,Harris,0,4,0,0,True,5
735,1,Harris,0,3,0,0,True,5
735,2,Harris,0,3,0,0,True,5
735,3,Harris,0,2,0,0,True,5
735,4,Harris,1,43,1,0,True,5
735,5,Harris,0,2,0,0,True,5
736,0,Harris,0,30,0,0,True,5
736,1,Harris,0,30,0,0,True,5
736,2,Harris,0,26,0,0,True,5
736,3,Harris,0,27,0,0,True,5
736,4,Harris,0,31,0,0,True,5
736,5,Harris,0,27,0,0,True,5
736,6,Harris,2,25,2,0,True,5
737,0,Harris,1,13,1,0,True,5
737,1,Harris,1,13,1,0,True,5
737,2,Harris,1,20,1,0,True,5
737,3,Harris,2,14,2,0,True,5
737,4,Harris,0,15,0,0,True,5
737,5,Harris,0,16,0,0,True,5
737,6,Harris,0,4,0,0,True,5
738,0,Harris,0,5,0,0,True,5
738,1,Harris,0,16,0,0,True,5
738,2,Harris,0,18,0,0,True,5
738,3,Harris,0,3,0,0,True,5
738,4,Harris,0,7,0,0,True,5
738,5,Harris,0,15,0,0,True,5
738,6,Harris,7,40,7,0,True,5
739,0,Harris,3,57,3,0,True,5
739,1,Harris,0,10,0,0,True,5
739,2,Harris,0,14,0,0,True,5
739,3,Harris,2,15,2,0,True,5
739,4,Harris,0,17,0,0,True,5
739,5,Harris,0,11,0,0,True,5
739,6,Harris,2,11,2,0,True,5
739,7,Harris,0,7,0,0,True,5
739,8,Harris,2,38,2,0,True,5
740,0,Harris,0,5,0,0,True,5
740,1,Harris,0,13,0,0,True,5
740,2,Harris,0,36,0,0,True,5
740,3,Harris,0,15,0,0,True,5
740,4,Harris,0,5,0,0,True,5
740,5,Harris,2,11,2,0,True,5
740,6,Harris,0,4,0,0,True,5
740,7,Harris,0,19,0,0,True,5
740,8,Harris,1,26,1,0,True,5
741,0,Harris,0,8,0,0,True,5
741,1,Harris,0,30,0,0,True,5
741,2,Harris,0,14,0,0,True,5
741,3,Harris,0,5,0,0,True,5
741,4,Harris,0,2,0,0,True,5
741,5,Harris,0,3,0,0,True,5
741,6,Harris,2,26,2,0,True,5
741,7,Harris,0,9,0,0,True,5
741,8,Harris,0,15,0,0,True,5
741,9,Harris,1,11,1,0,True,5
742,0,Harris,0,38,0,0,True,5
742,1,Harris,0,16,0,0,True,5
742,2,Harris,0,18,0,0,True,5
742,3,Harris,0,5,0,0,True,5
742,4,Harris,0,4,0,0,True,5
742,5,Harris,0,1,0,0,True,5
742,6,Harris,0,4,0,0,True,5
742,7,Harris,0,0,0,0,True,5
743,0,Harris,0,5,0,0,True,5
743,1,Harris,2,25,2,0,True,5
743,2,Harris,0,27,0,0,True,5
743,3,Harris,0,7,0,0,True,5
743,4,Harris,0,1,0,0,True,5
743,5,Harris,1,19,1,0,True,5
743,6,Harris,2,18,2,0,True,5
743,7,Harris,0,19,0,0,True,5
744,0,Harris,2,6,2,0,True,5
744,1,Harris,0,28,0,0,True,5
744,2,Harris,0,2,0,0,True,5
744,3,Harris,1,15,1,0,True,5
744,4,Harris,0,4,0,0,True,5
744,5,Harris,0,1,0,0,True,5
744,6,Harris,0,10,0,0,True,5
744,7,Harris,0,25,0,0,True,5
744,8,Harris,0,8,0,0,True,5
745,0,Harris,1,55,1,0,True,5
745,1,Harris,0,6,0,0,True,5
745,2,Harris,0,16,0,0,True,5
745,3,Harris,0,34,0,0,True,5
745,4,Harris,0,24,0,0,True,5
745,5,Harris,0,7,0,0,True,5
745,6,Harris,2,50,2,0,True,5
745,7,Harris,0,23,0,0,True,5
746,0,Harris,2,8,2,0,True,5
746,1,Harris,3,20,3,0,True,5
746,2,Harris,3,27,3,0,True,5
746,3,Harris,1,53,1,0,True,5
746,4,Harris,2,34,2,0,True,5
746,5,Harris,1,11,1,0,True,5
746,6,Harris,0,7,0,0,True,5
747,0,Harris,0,23,0,0,True,5
747,1,Harris,0,0,0,0,True,5
747,2,Harris,0,8,0,0,True,5
747,3,Harris,0,15,0,0,True,5
747,4,Harris,0,11,0,0,True,5
747,5,Harris,4,30,4,0,True,5
747,6,Harris,2,26,2,0,True,5
747,7,Harris,0,2,0,0,True,5
747,8,Harris,0,26,0,0,True,5
747,9,Harris,0,30,0,0,True,5
748,0,Harris,1,58,1,0,True,5
748,1,Harris,2,37,2,0,True,5
748,2,Harris,2,46,2,0,True,5
748,3,Harris,3,33,3,0,True,5
748,4,Harris,0,23,0,0,True,5
748,5,Harris,0,23,0,0,True,5
748,6,Harris,0,22,0,0,True,5
749,0,Harris,2,15,2,0,True,5
749,1,Harris,0,16,0,0,True,5
749,2,Harris,2,22,2,0,True,5
749,3,Harris,0,17,0,0,True,5
749,4,Harris,0,13,0,0,True,5
749,5,Harris,0,22,0,0,True,5
749,6,Harris,0,6,0,0,True,5
750,0,Harris,0,11,0,0,True,5
750,1,Harris,0,30,0,0,True,5
750,2,Harris,0,8,0,0,True,5
750,3,Harris,0,12,0,0,True,5
750,4,Harris,0,3,0,0,True,5
750,5,Harris,0,7,0,0,True,5
750,6,Harris,0,2,0,0,True,5
750,7,Harris,0,15,0,0,True,5
750,8,Harris,0,2,0,0,True,5
751,0,Harris,0,48,0,0,True,5
751,1,Harris,0,25,0,0,True,5
751,2,Harris,0,9,0,0,True,5
751,3,Harris,0,2,0,0,True,5
751,4,Harris,0,17,0,0,True,5
751,5,Harris,2,23,2,0,True,5
751,6,Harris,0,4,0,0,True,5
751,7,Harris,0,30,0,0,True,5
752,0,Harris,0,1,0,0,True,5
752,1,Harris,0,1,0,0,True,5
752,2,Harris,2,10,2,0,True,5
752,3,Harris,2,7,2,0,True,5
752,4,Harris,1,14,1,0,True,5
752,5,Harris,1,10,1,0,True,5
752,6,Harris,0,1,0,0,True,5
752,7,Harris,3,8,3,0,True,5
753,0,Harris,1,46,1,0,True,5
753,1,Harris,1,52,1,0,True,5
753,2,Harris,0,14,0,0,True,5
753,3,Harris,0,36,0,0,True,5
753,4,Harris,0,17,0,0,True,5
753,5,Harris,0,25,0,0,True,5
753,6,Harris,0,7,0,0,True,5
754,0,Harris,1,15,1,0,True,5
754,1,Harris,1,40,1,0,True,5
754,2,Harris,1,18,1,0,True,5
754,3,Harris,3,50,3,0,True,5
754,4,Harris,2,17,2,0,True,5
754,5,Harris,0,4,0,0,True,5
754,6,Harris,1,33,1,0,True,5
754,7,Harris,1,20,1,0,True,5
754,8,Harris,0,12,0,0,True,5
755,0,Harris,1,57,1,0,True,5
755,1,Harris,2,33,2,0,True,5
755,2,Harris,2,50,2,0,True,5
755,3,Harris,2,29,2,0,True,5
755,4,Harris,2,28,2,0,True,5
755,5,Harris,0,6,0,0,True,5
756,0,Harris,0,13,0,0,True,5
756,1,Harris,0,30,0,0,True,5
756,2,Harris,0,20,0,0,True,5
756,3,Harris,0,18,0,0,True,5
756,4,Harris,0,22,0,0,True,5
756,5,Harris,0,5,0,0,True,5
756,6,Harris,1,13,1,0,True,5
756,7,Harris,1,31,1,0,True,5
757,0,Harris,2,18,2,0,True,5
757,1,Harris,0,8,0,0,True,5
757,2,Harris,1,27,1,0,True,5
757,3,Harris,0,5,0,0,True,5
757,4,Harris,2,15,2,0,True,5
757,5,Harris,0,40,0,0,True,5
757,6,Harris,0,19,0,0,True,5
757,7,Harris,1,24,1,0,True,5
758,0,Harris,0,5,0,0,True,5
758,1,Harris,0,4,0,0,True,5
758,2,Harris,0,3,0,0,True,5
758,3,Harris,0,3,0,0,True,5
758,4,Harris,0,6,0,0,True,5
758,5,Harris,0,3,0,0,True,5
758,6,Harris,0,9,0,0,True,5
758,7,Harris,0,23,0,0,True,5
758,8,Harris,0,8,0,0,True,5
759,0,Harris,1,18,1,0,True,5
759,1,Harris,0,10,0,0,True,5
759,2,Harris,0,9,0,0,True,5
759,3,Harris,0,18,0,0,True,5
759,4,Harris,0,7,0,0,True,5
759,5,Harris,0,6,0,0,True,5
759,6,Harris,0,3,0,0,True,5
759,7,Harris,0,6,0,0,True,5
760,0,Harris,0,43,0,0,True,5
760,1,Harris,0,9,0,0,True,5
760,2,Harris,0,13,0,0,True,5
760,3,Harris,0,3,0,0,True,5
760,4,Harris,0,3,0,0,True,5
760,5,Harris,2,29,2,0,True,5
760,6,Harris,0,18,0,0,True,5
760,7,Harris,0,5,0,0,True,5
761,0,Harris,0,51,0,0,True,5
761,1,Harris,1,58,1,0,True,5
761,2,Harris,0,53,0,0,True,5
761,3,Harris,0,1,0,0,True,5
761,4,Harris,0,48,0,0,True,5
761,5,Harris,0,23,0,0,True,5
761,6,Harris,1,24,1,0,True,5
761,7,Harris,0,8,0,0,True,5
762,0,Harris,1,10,1,0,True,5
762,1,Harris,0,0,0,0,True,5
762,2,Harris,1,9,1,0,True,5
762,3,Harris,0,26,0,0,True,5
762,4,Harris,0,9,0,0,True,5
762,5,Harris,0,44,0,0,True,5
762,6,Harris,2,40,2,0,True,5
762,7,Harris,0,21,0,0,True,5
763,0,Harris,1,42,1,0,True,5
763,1,Harris,0,13,0,0,True,5
763,2,Harris,1,22,1,0,True,5
763,3,Harris,0,11,0,0,True,5
763,4,Harris,0,5,0,0,True,5
763,5,Harris,2,23,2,0,True,5
763,6,Harris,0,0,0,0,True,5
764,0,Harris,1,22,1,0,True,5
764,1,Harris,0,5,0,0,True,5
764,2,Harris,1,20,1,0,True,5
764,3,Harris,2,44,2,0,True,5
764,4,Harris,0,4,0,0,True,5
764,5,Harris,1,18,1,0,True,5
764,6,Harris,2,11,2,0,True,5
765,0,Harris,0,17,0,0,True,5
765,1,Harris,1,55,1,0,True,5
765,2,Harris,0,26,0,0,True,5
765,3,Harris,0,9,0,0,True,5
765,4,Harris,1,40,1,0,True,5
765,5,Harris,2,48,2,0,True,5
765,6,Harris,0,19,0,0,True,5
765,7,Harris,0,12,0,0,True,5
765,8,Harris,0,17,0,0,True,5
766,0,Harris,0,6,0,0,True,5
766,1,Harris,0,0,0,0,True,5
766,2,Harris,0,21,0,0,True,5
766,3,Harris,1,4,1,0,True,5
766,4,Harris,0,27,0,0,True,5
766,5,Harris,2,50,2,0,True,5
767,0,Harris,0,7,0,0,True,5
767,1,Harris,0,19,0,0,True,5
767,2,Harris,0,13,0,0,True,5
767,3,Harris,1,21,1,0,True,5
767,4,Harris,2,17,2,0,True,5
767,5,Harris,0,10,0,0,True,5
767,6,Harris,0,13,0,0,True,5
767,7,Harris,0,17,0,0,True,5
767,8,Harris,0,13,0,0,True,5
768,0,Harris,0,6,0,0,True,5
768,1,Harris,0,9,0,0,True,5
768,2,Harris,0,9,0,0,True,5
768,3,Harris,0,4,0,0,True,5
768,4,Harris,2,4,2,0,True,5
768,5,Harris,0,8,0,0,True,5
769,0,Harris,1,33,1,0,True,5
769,1,Harris,0,10,0,0,True,5
769,2,Harris,0,11,0,0,True,5
769,3,Harris,2,24,2,0,True,5
769,4,Harris,2,11,2,0,True,5
769,5,Harris,1,35,1,0,True,5
769,6,Harris,0,26,0,0,True,5
769,7,Harris,0,6,0,0,True,5
769,8,Harris,1,57,1,0,True,5
770,0,Harris,0,7,0,0,True,5
770,1,Harris,0,18,0,0,True,5
770,2,Harris,1,21,1,0,True,5
770,3,Harris,0,2,0,0,True,5
770,4,Harris,0,9,0,0,True,5
770,5,Harris,0,24,0,0,True,5
770,6,Harris,0,6,0,0,True,5
770,7,Harris,0,12,0,0,True,5
771,0,Harris,0,7,0,0,True,5
771,1,Harris,0,25,0,0,True,5
771,2,Harris,0,5,0,0,True,5
771,3,Harris,0,17,0,0,True,5
771,4,Harris,2,41,2,0,True,5
771,5,Harris,0,22,0,0,True,5
771,6,Harris,3,14,3,0,True,5
771,7,Harris,0,3,0,0,True,5
771,8,Harris,0,6,0,0,True,5
772,0,Harris,0,52,0,0,True,5
772,1,Harris,0,9,0,0,True,5
772,2,Harris,0,48,0,0,True,5
772,3,Harris,2,33,2,0,True,5
772,4,Harris,0,42,0,0,True,5
772,5,Harris,0,23,0,0,True,5
772,6,Harris,0,15,0,0,True,5
772,7,Harris,2,53,2,0,True,5
772,8,Harris,0,11,0,0,True,5
772,9,Harris,0,9,0,0,True,5
773,0,Harris,0,20,0,0,True,5
773,1,Harris,0,22,0,0,True,5
773,2,Harris,0,27,0,0,True,5
773,3,Harris,0,17,0,0,True,5
773,4,Harris,0,8,0,0,True,5
773,5,Harris,0,23,0,0,True,5
773,6,Harris,0,8,0,0,True,5
773,7,Harris,3,41,3,0,True,5
773,8,Harris,0,5,0,0,True,5
774,0,Harris,0,1,0,0,True,5
774,1,Harris,0,13,0,0,True,5
774,2,Harris,0,15,0,0,True,5
774,3,Harris,0,17,0,0,True,5
774,4,Harris,0,19,0,0,True,5
774,5,Harris,0,16,0,0,True,5
774,6,Harris,0,12,0,0,True,5
774,7,Harris,0,2,0,0,True,5
774,8,Harris,0,3,0,0,True,5
775,0,Harris,0,42,0,0,True,5
775,1,Harris,0,12,0,0,True,5
775,2,Harris,1,21,1,0,True,5
775,3,Harris,0,15,0,0,True,5
775,4,Harris,0,23,0,0,True,5
775,5,Harris,0,8,0,0,True,5
775,6,Harris,0,2,0,0,True,5
775,7,Harris,0,3,0,0,True,5
775,8,Harris,0,24,0,0,True,5
776,0,Harris,0,23,0,0,True,5
776,1,Harris,1,16,1,0,True,5
776,2,Harris,0,13,0,0,True,5
776,3,Harris,0,21,0,0,True,5
776,4,Harris,0,15,0,0,True,5
776,5,Harris,0,18,0,0,True,5
776,6,Harris,0,16,0,0,True,5
776,7,Harris,0,37,0,0,True,5
777,0,Harris,1,23,1,0,True,5
777,1,Harris,0,10,0,0,True,5
777,2,Harris,0,33,0,0,True,5
777,3,Harris,0,7,0,0,True,5
777,4,Harris,1,20,1,0,True,5
777,5,Harris,0,6,0,0,True,5
777,6,Harris,0,25,0,0,True,5
777,7,Harris,0,5,0,0,True,5
778,0,Harris,1,9,1,0,True,5
778,1,Harris,0,12,0,0,True,5
778,2,Harris,0,2,0,0,True,5
778,3,Harris,2,29,2,0,True,5
778,4,Harris,0,20,0,0,True,5
778,5,Harris,0,2,0,0,True,5
779,0,Harris,1,46,1,0,True,5
779,1,Harris,1,11,1,0,True,5
779,2,Harris,2,44,2,0,True,5
779,3,Harris,2,51,2,0,True,5
779,4,Harris,2,48,2,0,True,5
779,5,Harris,2,33,2,0,True,5
779,6,Harris,2,24,2,0,True,5
779,7,Harris,4,49,4,0,True,5
780,0,Harris,0,4,0,0,True,5
780,1,Harris,0,5,0,0,True,5
780,2,Harris,0,2,0,0,True,5
780,3,Harris,0,32,0,0,True,5
780,4,Harris,0,30,0,0,True,5
780,5,Harris,0,20,0,0,True,5
780,6,Harris,0,13,0,0,True,5
780,7,Harris,5,45,5,0,True,5
780,8,Harris,0,23,0,0,True,5
781,0,Harris,0,5,0,0,True,5
781,1,Harris,0,9,0,0,True,5
781,2,Harris,0,30,0,0,True,5
781,3,Harris,0,12,0,0,True,5
781,4,Harris,0,24,0,0,True,5
781,5,Harris,0,15,0,0,True,5
781,6,Harris,1,23,1,0,True,5
781,7,Harris,0,3,0,0,True,5
782,0,Harris,2,24,2,0,True,5
782,1,Harris,1,27,1,0,True,5
782,2,Harris,1,14,1,0,True,5
782,3,Harris,1,42,1,0,True,5
782,4,Harris,1,1,1,0,True,5
782,5,Harris,1,28,1,0,True,5
782,6,Harris,0,10,0,0,True,5
782,7,Harris,1,16,1,0,True,5
783,0,Harris,0,1,0,0,True,5
783,1,Harris,0,21,0,0,True,5
783,2,Harris,0,20,0,0,True,5
783,3,Harris,2,26,2,0,True,5
783,4,Harris,1,27,1,0,True,5
783,5,Harris,0,20,0,0,True,5
783,6,Harris,1,16,1,0,True,5
783,7,Harris,0,5,0,0,True,5
784,0,Harris,0,5,0,0,True,5
784,1,Harris,3,38,3,0,True,5
784,2,Harris,0,25,0,0,True,5
784,3,Harris,2,36,2,0,True,5
784,4,Harris,0,13,0,0,True,5
784,5,Harris,2,16,2,0,True,5
784,6,Harris,0,5,0,0,True,5
785,0,Harris,0,6,0,0,True,5
785,1,Harris,0,13,0,0,True,5
785,2,Harris,0,4,0,0,True,5
785,3,Harris,0,6,0,0,True,5
785,4,Harris,0,8,0,0,True,5
785,5,Harris,1,9,1,0,True,5
785,6,Harris,1,5,1,0,True,5
785,7,Harris,2,12,2,0,True,5
786,0,Harris,0,3,0,0,True,5
786,1,Harris,0,19,0,0,True,5
786,2,Harris,0,11,0,0,True,5
786,3,Harris,0,41,0,0,True,5
786,4,Harris,2,45,2,0,True,5
786,5,Harris,0,17,0,0,True,5
786,6,Harris,0,24,0,0,True,5
786,7,Harris,0,48,0,0,True,5
787,0,Harris,1,53,1,0,True,5
787,1,Harris,1,10,1,0,True,5
787,2,Harris,2,51,2,0,True,5
787,3,Harris,0,1,0,0,True,5
787,4,Harris,0,4,0,0,True,5
787,5,Harris,0,13,0,0,True,5
787,6,Harris,0,16,0,0,True,5
788,0,Harris,0,12,0,0,True,5
788,1,Harris,2,37,2,0,True,5
788,2,Harris,0,15,0,0,True,5
788,3,Harris,0,4,0,0,True,5
788,4,Harris,0,18,0,0,True,5
788,5,Harris,1,9,1,0,True,5
788,6,Harris,0,20,0,0,True,5
788,7,Harris,0,13,0,0,True,5
788,8,Harris,0,16,0,0,True,5
789,0,Harris,2,2,2,0,True,5
789,1,Harris,2,22,2,0,True,5
789,2,Harris,0,56,0,0,True,5
789,3,Harris,1,50,1,0,True,5
789,4,Harris,3,57,3,0,True,5
789,5,Harris,2,31,2,0,True,5
789,6,Harris,2,15,2,0,True,5
790,0,Harris,2,9,2,0,True,5
790,1,Harris,0,10,0,0,True,5
790,2,Harris,1,24,1,0,True,5
790,3,Harris,1,56,1,0,True,5
790,4,Harris,2,20,2,0,True,5
790,5,Harris,2,13,2,0,True,5
790,6,Harris,0,15,0,0,True,5
790,7,Harris,0,19,0,0,True,5
790,8,Harris,1,30,1,0,True,5
791,0,Harris,0,48,0,0,True,5
791,1,Harris,0,50,0,0,True,5
791,2,Harris,0,37,0,0,True,5
791,3,Harris,0,36,0,0,True,5
791,4,Harris,0,23,0,0,True,5
791,5,Harris,0,16,0,0,True,5
791,6,Harris,1,40,1,0,True,5
792,0,Harris,0,14,0,0,True,5
792,1,Harris,0,0,0,0,True,5
792,2,Harris,0,13,0,0,True,5
792,3,Harris,0,10,0,0,True,5
792,4,Harris,0,22,0,0,True,5
792,5,Harris,0,35,0,0,True,5
793,0,Harris,1,53,1,0,True,5
793,1,Harris,2,17,2,0,True,5
793,2,Harris,4,50,4,0,True,5
793,3,Harris,2,43,2,0,True,5
793,4,Harris,2,49,2,0,True,5
793,5,Harris,4,42,4,0,True,5
793,6,Harris,4,52,4,0,True,5
793,7,Harris,2,43,2,0,True,5
794,0,Harris,0,0,0,0,True,5
794,1,Harris,0,38,0,0,True,5
794,2,Harris,0,10,0,0,True,5
794,3,Harris,0,14,0,0,True,5
794,4,Harris,3,44,3,0,True,5
794,5,Harris,0,21,0,0,True,5
794,6,Harris,0,5,0,0,True,5
794,7,Harris,0,5,0,0,True,5
794,8,Harris,0,5,0,0,True,5
795,0,Harris,2,15,2,0,True,5
795,1,Harris,1,9,1,0,True,5
795,2,Harris,0,39,0,0,True,5
795,3,Harris,0,27,0,0,True,5
795,4,Harris,0,2,0,0,True,5
795,5,Harris,1,3,1,0,True,5
795,6,Harris,2,31,2,0,True,5
796,0,Harris,0,3,0,0,True,5
796,1,Harris,0,14,0,0,True,5
796,2,Harris,0,35,0,0,True,5
796,3,Harris,0,5,0,0,True,5
796,4,Harris,0,22,0,0,True,5
796,5,Harris,0,39,0,0,True,5
796,6,Harris,0,3,0,0,True,5
796,7,Harris,0,7,0,0,True,5
796,8,Harris,0,14,0,0,True,5
797,0,Harris,1,21,1,0,True,5
797,1,Harris,0,3,0,0,True,5
797,2,Harris,2,12,2,0,True,5
797,3,Harris,0,19,0,0,True,5
797,4,Harris,2,7,2,0,True,5
797,5,Harris,3,49,3,0,True,5
797,6,Harris,0,9,0,0,True,5
797,7,Harris,0,8,0,0,True,5
797,8,Harris,0,13,0,0,True,5
798,0,Harris,1,9,1,0,True,5
798,1,Harris,1,43,1,0,True,5
798,2,Harris,1,9,1,0,True,5
798,3,Harris,1,9,1,0,True,5
798,4,Harris,0,7,0,0,True,5
798,5,Harris,0,14,0,0,True,5
798,6,Harris,1,14,1,0,True,5
798,7,Harris,2,11,2,0,True,5
799,0,Harris,2,41,2,0,True,5
799,1,Harris,0,22,0,0,True,5
799,2,Harris,1,9,1,0,True,5
799,3,Harris,0,21,0,0,True,5
799,4,Harris,1,9,1,0,True,5
799,5,Harris,0,9,0,0,True,5
799,6,Harris,0,19,0,0,True,5
800,0,Harris,0,20,0,0,True,5
800,1,Harris,0,17,0,0,True,5
800,2,Harris,0,5,0,0,True,5
800,3,Harris,1,3,1,0,True,5
800,4,Harris,0,10,0,0,True,5
800,5,Harris,0,20,0,0,True,5
800,6,Harris,1,17,1,0,True,5
800,7,Harris,0,9,0,0,True,5
800,8,Harris,0,11,0,0,True,5
800,9,Harris,0,16,0,0,True,5
801,0,Harris,0,7,0,0,True,5
801,1,Harris,0,30,0,0,True,5
801,2,Harris,0,4,0,0,True,5
801,3,Harris,0,3,0,0,True,5
801,4,Harris,0,14,0,0,True,5
801,5,Harris,0,8,0,0,True,5
801,6,Harris,0,4,0,0,True,5
801,7,Harris,0,1,0,0,True,5
801,8,Harris,0,13,0,0,True,5
801,9,Harris,0,33,0,0,True,5
802,0,Harris,1,58,1,0,True,5
802,1,Harris,2,28,2,0,True,5
802,2,Harris,0,12,0,0,True,5
802,3,Harris,2,6,2,0,True,5
802,4,Harris,0,2,0,0,True,5
802,5,Harris,1,17,1,0,True,5
803,0,Harris,1,25,1,0,True,5
803,1,Harris,2,32,2,0,True,5
803,2,Harris,2,50,2,0,True,5
803,3,Harris,2,45,2,0,True,5
803,4,Harris,2,10,2,0,True,5
803,5,Harris,2,15,2,0,True,5
803,6,Harris,2,39,2,0,True,5
804,0,Harris,2,30,2,0,True,5
804,1,Harris,0,6,0,0,True,5
804,2,Harris,0,55,0,0,True,5
804,3,Harris,0,10,0,0,True,5
804,4,Harris,0,23,0,0,True,5
804,5,Harris,0,27,0,0,True,5
804,6,Harris,0,18,0,0,True,5
804,7,Harris,0,22,0,0,True,5
804,8,Harris,2,25,2,0,True,5
805,0,Harris,0,10,0,0,True,5
805,1,Harris,0,30,0,0,True,5
805,2,Harris,1,41,1,0,True,5
805,3,Harris,0,27,0,0,True,5
805,4,Harris,0,3,0,0,True,5
805,5,Harris,0,8,0,0,True,5
805,6,Harris,0,18,0,0,True,5
806,0,Harris,0,11,0,0,True,5
806,1,Harris,0,4,0,0,True,5
806,2,Harris,1,49,1,0,True,5
806,3,Harris,1,39,1,0,True,5
806,4,Harris,1,19,1,0,True,5
806,5,Harris,1,32,1,0,True,5
806,6,Harris,0,2,0,0,True,5
807,0,Harris,0,8,0,0,True,5
807,1,Harris,0,26,0,0,True,5
807,2,Harris,0,25,0,0,True,5
807,3,Harris,0,8,0,0,True,5
807,4,Harris,0,31,0,0,True,5
807,5,Harris,1,6,1,0,True,5
807,6,Harris,0,6,0,0,True,5
807,7,Harris,1,22,1,0,True,5
808,0,Harris,0,13,0,0,True,5
808,1,Harris,0,21,0,0,True,5
808,2,Harris,0,11,0,0,True,5
808,3,Harris,0,15,0,0,True,5
808,4,Harris,0,27,0,0,True,5
808,5,Harris,0,12,0,0,True,5
808,6,Harris,0,7,0,0,True,5
808,7,Harris,0,18,0,0,True,5
808,8,Harris,0,22,0,0,True,5
809,0,Harris,1,13,1,0,True,5
809,1,Harris,1,28,1,0,True,5
809,2,Harris,3,29,3,0,True,5
809,3,Harris,2,36,2,0,True,5
809,4,Harris,4,49,4,0,True,5
809,5,Harris,2,31,2,0,True,5
809,6,Harris,0,10,0,0,True,5
809,7,Harris,0,7,0,0,True,5
810,0,Harris,1,40,1,0,True,5
810,1,Harris,0,24,0,0,True,5
810,2,Harris,1,49,1,0,True,5
810,3,Harris,0,5,0,0,True,5
810,4,Harris,0,16,0,0,True,5
810,5,Harris,0,0,0,0,True,5
810,6,Harris,0,49,0,0,True,5
810,7,Harris,0,24,0,0,True,5
811,0,Harris,1,24,1,0,True,5
811,1,Harris,1,47,1,0,True,5
811,2,Harris,0,33,0,0,True,5
811,3,Harris,0,10,0,0,True,5
811,4,Harris,0,24,0,0,True,5
811,5,Harris,1,32,1,0,True,5
811,6,Harris,2,35,2,0,True,5
811,7,Harris,1,50,1,0,True,5
811,8,Harris,1,18,1,0,True,5
812,0,Harris,0,7,0,0,True,5
812,1,Harris,1,44,1,0,True,5
812,2,Harris,2,12,2,0,True,5
812,3,Harris,0,23,0,0,True,5
812,4,Harris,2,13,2,0,True,5
813,0,Harris,3,22,3,0,True,5
813,1,Harris,0,18,0,0,True,5
813,2,Harris,0,4,0,0,True,5
813,3,Harris,0,11,0,0,True,5
813,4,Harris,0,14,0,0,True,5
813,5,Harris,1,2,1,0,True,5
813,6,Harris,0,5,0,0,True,5
813,7,Harris,0,5,0,0,True,5
813,8,Harris,0,4,0,0,True,5
813,9,Harris,0,22,0,0,True,5
814,0,Harris,2,21,2,0,True,5
814,1,Harris,0,55,0,0,True,5
814,2,Harris,0,14,0,0,True,5
814,3,Harris,0,21,0,0,True,5
814,4,Harris,0,29,0,0,True,5
814,5,Harris,0,11,0,0,True,5
814,6,Harris,0,15,0,0,True,5
814,7,Harris,0,7,0,0,True,5
815,0,Harris,0,4,0,0,True,5
815,1,Harris,0,9,0,0,True,5
815,2,Harris,2,13,2,0,True,5
815,3,Harris,2,30,2,0,True,5
815,4,Harris,0,7,0,0,True,5
815,5,Harris,0,7,0,0,True,5
815,6,Harris,0,5,0,0,True,5
815,7,Harris,0,7,0,0,True,5
816,0,Harris,2,17,2,0,True,5
816,1,Harris,0,10,0,0,True,5
816,2,Harris,1,8,1,0,True,5
816,3,Harris,1,32,1,0,True,5
816,4,Harris,1,11,1,0,True,5
816,5,Harris,1,23,1,0,True,5
816,6,Harris,1,2,1,0,True,5
817,0,Harris,4,39,4,0,True,5
817,1,Harris,4,33,4,0,True,5
817,2,Harris,2,49,2,0,True,5
817,3,Harris,4,35,4,0,True,5
817,4,Harris,1,11,1,0,True,5
817,5,Harris,2,15,2,0,True,5
817,6,Harris,2,20,2,0,True,5
817,7,Harris,2,17,2,0,True,5
818,0,Harris,0,10,0,0,True,5
818,1,Harris,0,15,0,0,True,5
818,2,Harris,0,14,0,0,True,5
818,3,Harris,3,52,3,0,True,5
818,4,Harris,0,6,0,0,True,5
818,5,Harris,0,25,0,0,True,5
818,6,Harris,0,18,0,0,True,5
819,0,Harris,0,30,0,0,True,5
819,1,Harris,0,17,0,0,True,5
819,2,Harris,0,5,0,0,True,5
819,3,Harris,0,3,0,0,True,5
819,4,Harris,0,15,0,0,True,5
819,5,Harris,0,29,0,0,True,5
819,6,Harris,0,25,0,0,True,5
819,7,Harris,0,3,0,0,True,5
819,8,Harris,0,63,0,0,True,5
820,0,Harris,2,19,2,0,True,5
820,1,Harris,2,36,2,0,True,5
820,2,Harris,3,11,3,0,True,5
820,3,Harris,0,6,0,0,True,5
820,4,Harris,0,7,0,0,True,5
820,5,Harris,0,22,0,0,True,5
820,6,Harris,0,24,0,0,True,5
820,7,Harris,2,14,2,0,True,5
821,0,Harris,0,20,0,0,True,5
821,1,Harris,0,45,0,0,True,5
821,2,Harris,0,16,0,0,True,5
821,3,Harris,0,9,0,0,True,5
821,4,Harris,0,36,0,0,True,5
821,5,Harris,0,2,0,0,True,5
821,6,Harris,0,8,0,0,True,5
821,7,Harris,0,15,0,0,True,5
821,8,Harris,0,27,0,0,True,5
821,9,Harris,2,34,2,0,True,5
822,0,Harris,0,15,0,0,True,5
822,1,Harris,0,7,0,0,True,5
822,2,Harris,0,6,0,0,True,5
822,3,Harris,0,2,0,0,True,5
822,4,Harris,0,1,0,0,True,5
822,5,Harris,0,47,0,0,True,5
822,6,Harris,0,58,0,0,True,5
822,7,Harris,1,11,1,0,True,5
822,8,Harris,0,6,0,0,True,5
823,0,Harris,0,7,0,0,True,5
823,1,Harris,0,34,0,0,True,5
823,2,Harris,0,41,0,0,True,5
823,3,Harris,1,9,1,0,True,5
823,4,Harris,2,10,2,0,True,5
823,5,Harris,0,50,0,0,True,5
823,6,Harris,0,18,0,0,True,5
823,7,Harris,0,48,0,0,True,5
823,8,Harris,0,39,0,0,True,5
824,0,Harris,2,8,2,0,True,5
824,1,Harris,0,6,0,0,True,5
824,2,Harris,1,27,1,0,True,5
824,3,Harris,2,11,2,0,True,5
824,4,Harris,0,15,0,0,True,5
824,5,Harris,1,8,1,0,True,5
824,6,Harris,1,16,1,0,True,5
825,0,Harris,0,23,0,0,True,5
825,1,Harris,0,26,0,0,True,5
825,2,Harris,0,1,0,0,True,5
825,3,Harris,1,46,1,0,True,5
825,4,Harris,0,8,0,0,True,5
825,5,Harris,0,14,0,0,True,5
825,6,Harris,2,50,2,0,True,5
825,7,Harris,0,0,0,0,True,5
826,0,Harris,1,9,1,0,True,5
826,1,Harris,0,6,0,0,True,5
826,2,Harris,0,11,0,0,True,5
826,3,Harris,0,37,0,0,True,5
826,4,Harris,0,17,0,0,True,5
826,5,Harris,0,12,0,0,True,5
826,6,Harris,0,9,0,0,True,5
827,0,Harris,0,21,0,0,True,5
827,1,Harris,0,52,0,0,True,5
827,2,Harris,0,14,0,0,True,5
827,3,Harris,0,13,0,0,True,5
827,4,Harris,0,28,0,0,True,5
827,5,Harris,0,12,0,0,True,5
827,6,Harris,2,25,2,0,True,5
827,7,Harris,2,40,2,0,True,5
827,8,Harris,0,1,0,0,True,5
828,0,Harris,0,4,0,0,True,5
828,1,Harris,0,1,0,0,True,5
828,2,Harris,3,26,3,0,True,5
828,3,Harris,0,53,0,0,True,5
828,4,Harris,2,31,2,0,True,5
828,5,Harris,0,47,0,0,True,5
828,6,Harris,5,32,5,0,True,5
828,7,Harris,1,46,1,0,True,5
829,0,Harris,0,21,0,0,True,5
829,1,Harris,0,13,0,0,True,5
829,2,Harris,0,40,0,0,True,5
829,3,Harris,2,33,2,0,True,5
829,4,Harris,0,15,0,0,True,5
829,5,Harris,0,4,0,0,True,5
830,0,Harris,0,3,0,0,True,5
830,1,Harris,0,6,0,0,True,5
830,2,Harris,0,1,0,0,True,5
830,3,Harris,0,18,0,0,True,5
830,4,Harris,0,12,0,0,True,5
830,5,Harris,1,41,1,0,True,5
830,6,Harris,0,8,0,0,True,5
830,7,Harris,1,53,1,0,True,5
830,8,Harris,0,14,0,0,True,5
831,0,Harris,0,14,0,0,True,5
831,1,Harris,0,36,0,0,True,5
831,2,Harris,0,23,0,0,True,5
831,3,Harris,0,19,0,0,True,5
831,4,Harris,1,37,1,0,True,5
831,5,Harris,1,18,1,0,True,5
831,6,Harris,0,10,0,0,True,5
831,7,Harris,0,8,0,0,True,5
832,0,Harris,0,29,0,0,True,5
832,1,Harris,0,13,0,0,True,5
832,2,Harris,0,10,0,0,True,5
832,3,Harris,0,14,0,0,True,5
832,4,Harris,0,8,0,0,True,5
832,5,Harris,0,9,0,0,True,5
832,6,Harris,2,6,2,0,True,5
832,7,Harris,0,12,0,0,True,5
832,8,Harris,0,18,0,0,True,5
833,0,Harris,0,23,0,0,True,5
833,1,Harris,0,8,0,0,True,5
833,2,Harris,0,15,0,0,True,5
833,3,Harris,0,20,0,0,True,5
833,4,Harris,2,9,2,0,True,5
833,5,Harris,0,7,0,0,True,5
833,6,Harris,1,6,1,0,True,5
834,0,Harris,0,11,0,0,True,5
834,1,Harris,0,11,0,0,True,5
834,2,Harris,0,3,0,0,True,5
834,3,Harris,0,1,0,0,True,5
834,4,Harris,0,16,0,0,True,5
834,5,Harris,0,6,0,0,True,5
834,6,Harris,0,6,0,0,True,5
835,0,Harris,0,20,0,0,True,5
835,1,Harris,0,17,0,0,True,5
835,2,Harris,0,20,0,0,True,5
835,3,Harris,0,28,0,0,True,5
835,4,Harris,0,15,0,0,True,5
835,5,Harris,0,4,0,0,True,5
835,6,Harris,0,13,0,0,True,5
835,7,Harris,0,11,0,0,True,5
835,8,Harris,0,30,0,0,True,5
836,0,Harris,0,1,0,0,True,5
836,1,Harris,1,38,1,0,True,5
836,2,Harris,0,10,0,0,True,5
836,3,Harris,0,25,0,0,True,5
836,4,Harris,0,5,0,0,True,5
836,5,Harris,4,55,4,0,True,5
836,6,Harris,0,14,0,0,True,5
837,0,Harris,0,4,0,0,True,5
837,1,Harris,0,6,0,0,True,5
837,2,Harris,0,23,0,0,True,5
837,3,Harris,1,53,1,0,True,5
837,4,Harris,1,16,1,0,True,5
837,5,Harris,3,53,3,0,True,5
837,6,Harris,2,51,2,0,True,5
837,7,Harris,0,5,0,0,True,5
838,0,Harris,0,1,0,0,True,5
838,1,Harris,3,35,3,0,True,5
838,2,Harris,1,58,1,0,True,5
838,3,Harris,2,42,2,0,True,5
838,4,Harris,0,2,0,0,True,5
838,5,Harris,0,50,0,0,True,5
838,6,Harris,0,50,0,0,True,5
839,0,Harris,4,41,4,0,True,5
839,1,Harris,1,6,1,0,True,5
839,2,Harris,2,46,2,0,True,5
839,3,Harris,1,35,1,0,True,5
839,4,Harris,1,31,1,0,True,5
839,5,Harris,2,39,2,0,True,5
839,6,Harris,1,54,1,0,True,5
839,7,Harris,1,63,1,0,True,5
840,0,Harris,1,49,1,0,True,5
840,1,Harris,0,18,0,0,True,5
840,2,Harris,0,55,0,0,True,5
840,3,Harris,0,57,0,0,True,5
840,4,Harris,2,50,2,0,True,5
840,5,Harris,2,58,2,0,True,5
840,6,Harris,0,25,0,0,True,5
841,0,Harris,3,35,3,0,True,5
841,1,Harris,1,5,1,0,True,5
841,2,Harris,2,36,2,0,True,5
841,3,Harris,0,4,0,0,True,5
841,4,Harris,2,50,2,0,True,5
842,0,Harris,0,20,0,0,True,5
842,1,Harris,0,9,0,0,True,5
842,2,Harris,2,42,2,0,True,5
842,3,Harris,0,21,0,0,True,5
842,4,Harris,0,2,0,0,True,5
842,5,Harris,0,11,0,0,True,5
842,6,Harris,0,20,0,0,True,5
842,7,Harris,0,16,0,0,True,5
843,0,Harris,0,27,0,0,True,5
843,1,Harris,3,34,3,0,True,5
843,2,Harris,0,52,0,0,True,5
843,3,Harris,0,4,0,0,True,5
843,4,Harris,0,23,0,0,True,5
843,5,Harris,0,3,0,0,True,5
843,6,Harris,0,25,0,0,True,5
843,7,Harris,0,0,0,0,True,5
844,0,Harris,0,23,0,0,True,5
844,1,Harris,0,7,0,0,True,5
844,2,Harris,0,16,0,0,True,5
844,3,Harris,0,16,0,0,True,5
844,4,Harris,0,12,0,0,True,5
844,5,Harris,0,13,0,0,True,5
844,6,Harris,0,2,0,0,True,5
844,7,Harris,0,12,0,0,True,5
844,8,Harris,0,13,0,0,True,5
845,0,Harris,2,14,2,0,True,5
845,1,Harris,0,13,0,0,True,5
845,2,Harris,0,28,0,0,True,5
845,3,Harris,0,1,0,0,True,5
845,4,Harris,1,43,1,0,True,5
845,5,Harris,1,52,1,0,True,5
845,6,Harris,1,19,1,0,True,5
846,0,Harris,2,3,2,0,True,5
846,1,Harris,2,18,2,0,True,5
846,2,Harris,1,21,1,0,True,5
846,3,Harris,2,12,2,0,True,5
846,4,Harris,2,15,2,0,True,5
846,5,Harris,2,50,2,0,True,5
846,6,Harris,4,46,4,0,True,5
847,0,Harris,2,17,2,0,True,5
847,1,Harris,2,37,2,0,True,5
847,2,Harris,1,39,1,0,True,5
847,3,Harris,4,42,4,0,True,5
847,4,Harris,3,37,3,0,True,5
847,5,Harris,2,41,2,0,True,5
847,6,Harris,1,8,1,0,True,5
848,0,Harris,1,19,1,0,True,5
848,1,Harris,2,37,2,0,True,5
848,2,Harris,4,20,4,0,True,5
848,3,Harris,1,24,1,0,True,5
848,4,Harris,2,2,2,0,True,5
848,5,Harris,1,17,1,0,True,5
848,6,Harris,2,22,2,0,True,5
849,0,Harris,2,18,2,0,True,5
849,1,Harris,2,11,2,0,True,5
849,2,Harris,1,16,1,0,True,5
849,3,Harris,3,56,3,0,True,5
849,4,Harris,2,6,2,0,True,5
849,5,Harris,2,49,2,0,True,5
849,6,Harris,3,54,3,0,True,5
849,7,Harris,3,56,3,0,True,5
849,8,Harris,2,18,2,0,True,5
850,0,Harris,4,29,4,0,True,5
850,1,Harris,2,36,2,0,True,5
850,2,Harris,2,32,2,0,True,5
850,3,Harris,2,38,2,0,True,5
850,4,Harris,3,12,3,0,True,5
850,5,Harris,3,42,3,0,True,5
850,6,Harris,2,48,2,0,True,5
850,7,Harris,1,35,1,0,True,5
851,0,Harris,2,2,2,0,True,5
851,1,Harris,1,13,1,0,True,5
851,2,Harris,2,5,2,0,True,5
851,3,Harris,2,4,2,0,True,5
851,4,Harris,2,2,2,0,True,5
851,5,Harris,2,1,1,1,False,5
851,6,Harris,2,7,2,0,True,5
851,7,Harris,2,4,2,0,True,5
852,0,Harris,1,28,1,0,True,5
852,1,Harris,0,15,0,0,True,5
852,2,Harris,0,6,0,0,True,5
852,3,Harris,0,4,0,0,True,5
852,4,Harris,4,49,4,0,True,5
852,5,Harris,2,58,2,0,True,5
852,6,Harris,0,6,0,0,True,5
853,0,Harris,1,0,0,1,False,5
853,1,Harris,4,31,4,0,True,5
853,2,Harris,2,5,2,0,True,5
853,3,Harris,2,10,2,0,True,5
853,4,Harris,3,22,3,0,True,5
853,5,Harris,6,11,6,0,True,5
854,0,Harris,0,6,0,0,True,5
854,1,Harris,2,5,2,0,True,5
854,2,Harris,0,26,0,0,True,5
854,3,Harris,2,25,2,0,True,5
854,4,Harris,0,17,0,0,True,5
854,5,Harris,0,29,0,0,True,5
855,0,Harris,2,7,2,0,True,5
855,1,Harris,2,35,2,0,True,5
855,2,Harris,2,29,2,0,True,5
855,3,Harris,2,49,2,0,True,5
855,4,Harris,1,55,1,0,True,5
855,5,Harris,3,45,3,0,True,5
855,6,Harris,5,37,5,0,True,5
855,7,Harris,3,29,3,0,True,5
855,8,Harris,0,3,0,0,True,5
856,0,Harris,2,31,2,0,True,5
856,1,Harris,1,14,1,0,True,5
856,2,Harris,2,50,2,0,True,5
856,3,Harris,1,21,1,0,True,5
856,4,Harris,1,29,1,0,True,5
856,5,Harris,1,15,1,0,True,5
856,6,Harris,1,16,1,0,True,5
857,0,Harris,0,7,0,0,True,5
857,1,Harris,1,20,1,0,True,5
857,2,Harris,1,14,1,0,True,5
857,3,Harris,1,24,1,0,True,5
857,4,Harris,1,17,1,0,True,5
857,5,Harris,2,30,2,0,True,5
857,6,Harris,2,10,2,0,True,5
858,0,Harris,0,10,0,0,True,5
858,1,Harris,2,11,2,0,True,5
858,2,Harris,1,32,1,0,True,5
858,3,Harris,1,11,1,0,True,5
858,4,Harris,2,50,2,0,True,5
858,5,Harris,0,5,0,0,True,5
858,6,Harris,0,11,0,0,True,5
858,7,Harris,0,17,0,0,True,5
859,0,Harris,2,7,2,0,True,5
859,1,Harris,2,9,2,0,True,5
859,2,Harris,1,4,1,0,True,5
859,3,Harris,2,18,2,0,True,5
859,4,Harris,2,13,2,0,True,5
859,5,Harris,2,20,2,0,True,5
859,6,Harris,2,10,2,0,True,5
859,7,Harris,2,20,2,0,True,5
860,0,Harris,0,8,0,0,True,5
860,1,Harris,2,50,2,0,True,5
860,2,Harris,2,50,2,0,True,5
860,3,Harris,2,45,2,0,True,5
860,4,Harris,2,14,2,0,True,5
860,5,Harris,0,5,0,0,True,5
860,6,Harris,0,19,0,0,True,5
861,0,Harris,3,33,3,0,True,5
861,1,Harris,1,53,1,0,True,5
861,2,Harris,3,48,3,0,True,5
861,3,Harris,1,5,1,0,True,5
861,4,Harris,1,55,1,0,True,5
861,5,Harris,2,17,2,0,True,5
861,6,Harris,0,7,0,0,True,5
862,0,Harris,0,16,0,0,True,5
862,1,Harris,2,26,2,0,True,5
862,2,Harris,6,43,6,0,True,5
862,3,Harris,0,4,0,0,True,5
862,4,Harris,0,13,0,0,True,5
862,5,Harris,0,5,0,0,True,5
862,6,Harris,0,12,0,0,True,5
863,0,Harris,3,25,3,0,True,5
863,1,Harris,1,23,1,0,True,5
863,2,Harris,0,8,0,0,True,5
863,3,Harris,1,23,1,0,True,5
863,4,Harris,1,35,1,0,True,5
863,5,Harris,1,51,1,0,True,5
863,6,Harris,0,6,0,0,True,5
864,0,Harris,1,22,1,0,True,5
864,1,Harris,3,24,3,0,True,5
864,2,Harris,1,12,1,0,True,5
864,3,Harris,2,56,2,0,True,5
864,4,Harris,0,3,0,0,True,5
864,5,Harris,0,17,0,0,True,5
864,6,Harris,0,5,0,0,True,5
865,0,Harris,1,16,1,0,True,5
865,1,Harris,0,19,0,0,True,5
865,2,Harris,2,31,2,0,True,5
865,3,Harris,2,16,2,0,True,5
865,4,Harris,2,54,2,0,True,5
865,5,Harris,2,48,2,0,True,5
866,0,Harris,2,9,2,0,True,5
866,1,Harris,0,5,0,0,True,5
866,2,Harris,3,3,3,0,True,5
866,3,Harris,2,1,1,1,False,5
866,4,Harris,2,10,2,0,True,5
866,5,Harris,0,8,0,0,True,5
866,6,Harris,3,32,3,0,True,5
867,0,Harris,2,6,2,0,True,5
867,1,Harris,2,5,2,0,True,5
867,2,Harris,2,3,2,0,True,5
867,3,Harris,2,6,2,0,True,5
867,4,Harris,2,2,2,0,True,5
867,5,Harris,2,9,2,0,True,5
868,0,Harris,2,32,2,0,True,5
868,1,Harris,4,39,4,0,True,5
868,2,Harris,2,3,2,0,True,5
868,3,Harris,1,11,1,0,True,5
868,4,Harris,2,2,2,0,True,5
868,5,Harris,2,50,2,0,True,5
869,0,Harris,1,14,1,0,True,5
869,1,Harris,0,8,0,0,True,5
869,2,Harris,0,5,0,0,True,5
869,3,Harris,1,17,1,0,True,5
869,4,Harris,1,6,1,0,True,5
869,5,Harris,2,7,2,0,True,5
869,6,Harris,0,5,0,0,True,5
870,0,Harris,5,28,5,0,True,5
870,1,Harris,0,2,0,0,True,5
870,2,Harris,1,21,1,0,True,5
870,3,Harris,2,5,2,0,True,5
870,4,Harris,1,25,1,0,True,5
870,5,Harris,1,14,1,0,True,5
870,6,Harris,2,32,2,0,True,5
871,0,Harris,0,13,0,0,True,5
871,1,Harris,1,6,1,0,True,5
871,2,Harris,0,5,0,0,True,5
871,3,Harris,1,8,1,0,True,5
871,4,Harris,1,16,1,0,True,5
871,5,Harris,1,8,1,0,True,5
871,6,Harris,0,13,0,0,True,5
871,7,Harris,2,28,2,0,True,5
872,0,Harris,0,3,0,0,True,5
872,1,Harris,0,10,0,0,True,5
872,2,Harris,0,5,0,0,True,5
872,3,Harris,0,2,0,0,True,5
872,4,Harris,0,8,0,0,True,5
872,5,Harris,0,12,0,0,True,5
872,6,Harris,0,16,0,0,True,5
872,7,Harris,0,17,0,0,True,5
872,8,Harris,1,3,1,0,True,5
873,0,Harris,1,36,1,0,True,5
873,1,Harris,2,13,2,0,True,5
873,2,Harris,1,6,1,0,True,5
873,3,Harris,1,37,1,0,True,5
873,4,Harris,1,11,1,0,True,5
873,5,Harris,2,47,2,0,True,5
873,6,Harris,1,14,1,0,True,5
873,7,Harris,2,26,2,0,True,5
874,0,Harris,0,20,0,0,True,5
874,1,Harris,0,3,0,0,True,5
874,2,Harris,0,9,0,0,True,5
874,3,Harris,0,7,0,0,True,5
874,4,Harris,0,15,0,0,True,5
874,5,Harris,0,22,0,0,True,5
874,6,Harris,0,23,0,0,True,5
874,7,Harris,1,6,1,0,True,5
874,8,Harris,0,14,0,0,True,5
875,0,Harris,0,13,0,0,True,5
875,1,Harris,0,9,0,0,True,5
875,2,Harris,0,7,0,0,True,5
875,3,Harris,0,4,0,0,True,5
875,4,Harris,0,15,0,0,True,5
875,5,Harris,0,5,0,0,True,5
875,6,Harris,0,3,0,0,True,5
875,7,Harris,0,8,0,0,True,5
876,0,Harris,0,8,0,0,True,5
876,1,Harris,0,4,0,0,True,5
876,2,Harris,1,17,1,0,True,5
876,3,Harris,3,39,3,0,True,5
876,4,Harris,1,16,1,0,True,5
876,5,Harris,0,16,0,0,True,5
876,6,Harris,1,25,1,0,True,5
876,7,Harris,1,10,1,0,True,5
876,8,Harris,0,22,0,0,True,5
877,0,Harris,1,12,1,0,True,5
877,1,Harris,1,9,1,0,True,5
877,2,Harris,1,16,1,0,True,5
877,3,Harris,3,16,3,0,True,5
877,4,Harris,0,17,0,0,True,5
877,5,Harris,0,17,0,0,True,5
877,6,Harris,1,7,1,0,True,5
878,0,Harris,0,6,0,0,True,5
878,1,Harris,1,12,1,0,True,5
878,2,Harris,2,11,2,0,True,5
878,3,Harris,2,21,2,0,True,5
878,4,Harris,2,10,2,0,True,5
878,5,Harris,0,11,0,0,True,5
878,6,Harris,0,2,0,0,True,5
878,7,Harris,1,36,1,0,True,5
879,0,Harris,0,3,0,0,True,5
879,1,Harris,0,26,0,0,True,5
879,2,Harris,1,30,1,0,True,5
879,3,Harris,0,10,0,0,True,5
879,4,Harris,2,15,2,0,True,5
879,5,Harris,2,52,2,0,True,5
879,6,Harris,4,21,4,0,True,5
879,7,Harris,2,29,2,0,True,5
880,0,Harris,2,51,2,0,True,5
880,1,Harris,2,55,2,0,True,5
880,2,Harris,1,3,1,0,True,5
880,3,Harris,1,6,1,0,True,5
880,4,Harris,1,2,1,0,True,5
880,5,Harris,1,3,1,0,True,5
880,6,Harris,1,18,1,0,True,5
881,0,Harris,1,43,1,0,True,5
881,1,Harris,1,12,1,0,True,5
881,2,Harris,1,14,1,0,True,5
881,3,Harris,1,7,1,0,True,5
881,4,Harris,2,30,2,0,True,5
881,5,Harris,2,26,2,0,True,5
881,6,Harris,2,8,2,0,True,5
881,7,Harris,0,0,0,0,True,5
882,0,Harris,1,19,1,0,True,5
882,1,Harris,0,8,0,0,True,5
882,2,Harris,0,38,0,0,True,5
882,3,Harris,1,54,1,0,True,5
882,4,Harris,0,24,0,0,True,5
882,5,Harris,0,57,0,0,True,5
882,6,Harris,2,20,2,0,True,5
882,7,Harris,0,62,0,0,True,5
883,0,Harris,1,3,1,0,True,5
883,1,Harris,2,10,2,0,True,5
883,2,Harris,0,6,0,0,True,5
883,3,Harris,0,12,0,0,True,5
883,4,Harris,2,22,2,0,True,5
883,5,Harris,1,5,1,0,True,5
884,0,Harris,1,11,1,0,True,5
884,1,Harris,0,10,0,0,True,5
884,2,Harris,0,9,0,0,True,5
884,3,Harris,2,5,2,0,True,5
884,4,Harris,3,27,3,0,True,5
884,5,Harris,1,5,1,0,True,5
884,6,Harris,1,3,1,0,True,5
885,0,Harris,5,13,5,0,True,5
885,1,Harris,1,10,1,0,True,5
885,2,Harris,2,7,2,0,True,5
885,3,Harris,2,12,2,0,True,5
885,4,Harris,2,10,2,0,True,5
885,5,Harris,3,6,3,0,True,5
886,0,Harris,0,26,0,0,True,5
886,1,Harris,2,8,2,0,True,5
886,2,Harris,2,5,2,0,True,5
886,3,Harris,2,18,2,0,True,5
886,4,Harris,2,9,2,0,True,5
886,5,Harris,2,14,2,0,True,5
887,0,Harris,2,29,2,0,True,5
887,1,Harris,1,62,1,0,True,5
887,2,Harris,0,9,0,0,True,5
887,3,Harris,2,20,2,0,True,5
887,4,Harris,0,7,0,0,True,5
887,5,Harris,0,5,0,0,True,5
887,6,Harris,0,8,0,0,True,5
887,7,Harris,0,3,0,0,True,5
887,8,Harris,0,13,0,0,True,5
888,0,Harris,1,51,1,0,True,5
888,1,Harris,1,5,1,0,True,5
888,2,Harris,2,14,2,0,True,5
888,3,Harris,2,40,2,0,True,5
888,4,Harris,2,29,2,0,True,5
888,5,Harris,0,13,0,0,True,5
889,0,Harris,0,29,0,0,True,5
889,1,Harris,2,25,2,0,True,5
889,2,Harris,1,31,1,0,True,5
889,3,Harris,0,17,0,0,True,5
889,4,Harris,0,37,0,0,True,5
889,5,Harris,0,29,0,0,True,5
889,6,Harris,2,53,2,0,True,5
