candidate,phrase,type,post_count,example_1,example_2,example_3
Trump,trump,variant,35454,"I don't see how you read ""We are withholding our endorsement out of fear that, should he win, Donald Trump will retaliate against our newspaper"" as anything but a giant ""VOTE KAMALA HARRIS!!!!!!!!"" statement.","I don't see how you read ""We are withholding our endorsement out of fear that, should he win, Donald Trump will retaliate against our newspaper"" as anything but a giant ""VOTE KAMALA HARRIS!!!!!!!!"" statement.",Just in case you thought you were doing something other than helping elect Trump by voting for Jill Stein
Harris,harris,variant,9871,"I don't see how you read ""We are withholding our endorsement out of fear that, should he win, Donald Trump will retaliate against our newspaper"" as anything but a giant ""VOTE KAMALA HARRIS!!!!!!!!"" statement.","I mean so do I, there's several people I'd want over Harris. That's...not the same as refusing to vote for or support Harris in THIS election.

Someone criticizing Harris for specific positions does not automatically equal ""will not vote for her""","All my doom and gloom aside. If Harris needs a boring, bland white guy to balance the ticket...I'm available."
Harris,kamala,variant,8371,"I don't see how you read ""We are withholding our endorsement out of fear that, should he win, Donald Trump will retaliate against our newspaper"" as anything but a giant ""VOTE KAMALA HARRIS!!!!!!!!"" statement.","I don't see how you read ""We are withholding our endorsement out of fear that, should he win, Donald Trump will retaliate against our newspaper"" as anything but a giant ""VOTE KAMALA HARRIS!!!!!!!!"" statement.",Kamala Harris is very good at this.
Trump,donald,variant,7605,"I don't see how you read ""We are withholding our endorsement out of fear that, should he win, Donald Trump will retaliate against our newspaper"" as anything but a giant ""VOTE KAMALA HARRIS!!!!!!!!"" statement.","I don't see how you read ""We are withholding our endorsement out of fear that, should he win, Donald Trump will retaliate against our newspaper"" as anything but a giant ""VOTE KAMALA HARRIS!!!!!!!!"" statement.","Not to get too political on here, but I really hope that Donald Trump does not win the presidential election. 

I think that'd be bad!"
Trump,#trump,hashtag,936,"Trump’s Effort to Kill Off #MeToo—And the Women Who Help Him
#Trump","Election 2024: Presidential results
Former President Donald Trump will defeat Vice President Kamala Harris in a historic political comeback, recapturing the White House following an election loss in 2020, CNN projects.
#Trump#EleicoesEUA#Trump#SuperStarHongjoongDay
https://anonymous","Dus June Kii Raat 2024 Hindi Season 2
#Casa #Jean #trump#Estados #Biden#RoçaAFazenda#Cuba#Putin#MAGA#Musk
streamnscreen.blogspot.com"
Trump,trumps,variant,522,donald trumps hiring people with the one qualification needed:  need to be pedophile,"You all do realize that this point we could literally get a restraining order against many of trumps picks to not be allowed near schools. You do realize that. 

LETS MAKE AMERICA GREAT. 

Yeah NOT THIS WAY",Seems like sexual assault is a pre-requisite to be on Trumps cabinet
Harris,#kamalaharris,hashtag,297,"“Kamala, you didn’t just run—you thundered. You made racism flinch, sexism stammer, and the sky crack open for the next. Even without the win, you rose, showed us how to carve a path with nothing but grit and grace. The climb is ours now, and we will not stop.”©️MustafaSantiagoAli #Poem #KamalaHarris","I miss #KamalaHarris and #TimWalz 

Their jokes, the joy, the ""mind your own damm business"" comments. 

Just realized I miss it. 

#Resistance 
#FBR",Heroine of the day: #KamalaHarris
Trump,mcdonald,variant,223,"Trump propagandists went full North Korea over his McDonald's stunt, but the story right now is all about his refusal to answer questions about the minimum wage.

On the pod, @anonymous is great on how Harris's life experiences inform her policy agenda:
https://anonymous","If You Want McDonald to go Prison, Vote for Harris and Democrats.",Ask yourself why Trump was like a dog with a bone about Kamala Harris’ McDonald’s job.   He couldn’t go a day without bitching about it and yet not a word about an assassination attempt on his life that left two dead.
Trump,#fucktrump,hashtag,208,#FuckTrump #MAGA #MAGAts #MAGACultMorons,#FuckTrump #MAGA #MAGAts #MAGACultMorons,"I only wish that tRumpublicans and the Conservative Christians would believe in this philosophy. 
#transgenderrights #fucktrump #fuckproject2025"
Trump,#donaldtrump,hashtag,187,"Who will become the next US President? The one who “worked” there when it was actually closed or the one who worked there to pay for her student loan?

https://anonymous

#Obama #KamalaHarris #DonaldTrump #McDonalds","THAT'S RIGHT!!! WE WANT 'NOTHING' TO DO WITH THEM! THEY'RE THE ENEMY AS FAR AS I'M CONCERNED!!

Charles Barkley agrees it’s ‘crazy’ Kamala voters want nothing to do with Trump voters #DonaldTrump #KamalaHarris #Bluestates #Basketball #Presidentialelection
https://anonymous","KAMALA HARRIS 2024!!!! 
🇺🇲 ❤️

Kamala Harris counters Trump's message that the president should have a say in Fed decisions #DonaldTrump #KamalaHarris #Interestrates #Presidentialelection
https://anonymous"
Harris,#harriswalz2024,hashtag,165,"Not much of a meme poster but this one hits the mark. 

#HarrisWalz2024","https://anonymous

#HarrisWalz2024 
#DemocracyMatters",#WeBackKamalaHarris🇺🇲🌊💙🇵🇷  #HarrisWalz2024 🇺🇲🌊💙🇵🇷🇺🇦🇯🇴🤲🏿🌿 #EbonyAmericaVoteBlue2024🌊💙🌊💙 #WomansRightToChoose💪🏾💅🏾#TaylorSwiftForKamalaWalz2024 🐈💅🏾💪🏾
Trump,trumpism,variant,154,"Jasmine Crockett is challenging Debbie Dingell for chairmanship of the Democratic Policy and Communications Committee. 

I’m sorry but this is a no-brainer. If we are going to defeat Trumpism we need to turn the page on our defunct comms strategies.

Let’s go, Jasmine!","I want my first viral post on Bluesky to be about how much I hate Trumpism.

It’s ruined this country.",I can’t help that Trumpism is a cult I can tell sane people to not focus on fringe issues.
Trump,trumpers,variant,141,Found out Nara Smith & her toothpick eating husband are trumpers 👎🏻,Trumpers are currently facing a very rude awakening…,"Just as there are ""Never Trumpers"" the there are also ""Never Trudeau""

Justin Trudeau could implement every single Policy that Poilievre is asking for - & ""Never Trudeau"" crowd would still hate Trudeau"
Harris,#kamala,hashtag,132,We needed to have #msm #celebration of #JoeBiden #Kamala instead of climbing up Trumps butt parroting him constantly. You will never see them do this with #DoofusDrumpf.,#Trump2024 #project25 #DOGE #Kamalawalz #Kamala #TamponTimmy #swifties4kamala #Gaysforpalestine #AOC #JDVance #JDVance2028 #DNC #Trans,#Trump2024 #project25 #DOGE #Kamalawalz #Kamala #TamponTimmy #swifties4kamala #Gaysforpalestine #AOC #JDVance #JDVance2028 #DNC #Trans
Trump,anti-trump,variant,116,"Anti-Trump protesters rally in U.S. cities. ""On Wednesday night, demonstrators took to the streets in Chicago, New York and Philadelphia to protest Trump’s win."" https://anonymous And D.C., Seattle, Pittsburgh, etc.",Kamala Harris ran a campaign that spent hundreds of millions of dollars courting anti-Trump Republicans. A group that is largely a figment of the Democrat’s imagination.,"My anti-Trump endorsement republished today at Ordinary Times:
ordinary-https://anonymous"
Harris,#harris,hashtag,86,"Wait, was Kamala going to have sex offenders and traffickers in her cabinet? Was she going to tariff goods to the point that companies would slash thousands of jobs and raise prices before she took office? 

She's supposed to be ""just as bad,"" right?

#Kamala #Harris #USA #Trump #RIPtoMyWallet #sad","CNN’s Kaitlin Collins: “With this speech and her earlier call conceding the race, #Harris is affording #Trump what he did not afford to the incoming Biden-Harris administration: a commitment to a peaceful transition of power and acknowledgment of a legitimate victory.”",""" #Kamala #Harris Goes BOSS: Calls #Trump THE F WORD!"" 

https://anonymous #harriswalz #kamalaharris #harriswalz2024 #voteblue #vote"
Trump,trumper,variant,73,"This extreme anti Trumper thinks we voted for Trump to keep the status quo. No motherfucker we voted for the fucking wrecking ball. Enough pillaging and stealing our natural treasure to enrich the UniParty. 

This applies to embezzlers from both sides.","Just had some idiot Trumper screaming at me about how a world without Dems would bring world peace, because yeah, Trump inciting violence, Trump's insurrection, threatening war crimes, and praising Hitler definitely shows the GOP is the party of peace.","Kamala getting near an Obama 08 level electoral performance would be so delicious for not just the Trumper tears but also the ""we need an open primary""/""she shoulda picked Shapiro""/""shes blowing it by not being anti-trans"" centrist crowd. how fucking great would that be to see them repudiated"
Trump,#nevertrump,hashtag,70,"Happy Friday friends 👋

If you want to meet more more #NeverTrump friends drop a 💙
I random boost my followers when I see they participate following people to make this process work.

I will post a schedule later for our combined parties tonight so check back! 🎉

#Trumpless #signalBoost
Repost","Happy Thursday friends 👋
If you want to meet more #NeverTrump friends drop a 💙

I random boost for participating.
Have an awesome day!

#NoDemUnder1k
#BlueStormBoosts
#TrueBlueResisters
#Trumpless",I don’t care if I’m wrong about everything forever it’s #nevertrump
Trump,#trump2024,hashtag,65,#Trump2024 #project25 #DOGE #Kamalawalz #Kamala #TamponTimmy #swifties4kamala #Gaysforpalestine #AOC #JDVance #JDVance2028 #DNC #Trans,#Trump2024 #project25 #DOGE #Kamalawalz #Kamala #TamponTimmy #swifties4kamala #Gaysforpalestine #AOC #JDVance #JDVance2028 #DNC #Trans,"📡⚡️ Trending on X:

Statement from Doug Emhoff about Kamala Harris. 

#MAGA #MAHA #Trump2024"
Harris,#harriswalz,hashtag,56,#HarrisWalz,There is only one sensible choice in this election and it is a vote to save democracy. I have already voted for #HarrisWalz and blue down ballot.,"#Kamala's CRUSHING It! What To Expect Across The Country Tonight

https://anonymous #harriswalz2024 #vote #electionday #election2024 #voteblue #harriswalz #trump"
Harris,#harris2024,hashtag,52,#Harris2024,"#Kamala #KamalaHarris #Harris-Walz #Harris2024 #Election2024 

I am woman, hear me roar.","#SNL #Harris2024 #Kamala #KamalaHarris #Election2024 

OMG OMG OMG"
Harris,biden-harris,variant,51,"The Biden-Harris administration continues to move further to the right, is refusing to increase protections before Trump takes office, and Harris, a VP with no power and nothing to lose, has said nothing about the genocide. 

When people show you who they are, believe them.","CNN’s Kaitlin Collins: “With this speech and her earlier call conceding the race, #Harris is affording #Trump what he did not afford to the incoming Biden-Harris administration: a commitment to a peaceful transition of power and acknowledgment of a legitimate victory.”",Another Black federal judge confirmed! Biden-Harris Admin is delivering til the very end! ✊🏾
Harris,#kamalaharris2024,hashtag,47,"We Will Not Go Back!
#KamalaHarris2024
@anonymous	@anonymous
@anonymous	@anonymous
@anonymous @anonymous	@anonymous
@anonymous	@anonymous
@anonymous","#KamalaHarris2024 
#VoteBlue2024ProtectWomensRights 
#VoteBlueDownTheBallot","We Will NOT Go Back!
#KamalaHarris2024
@anonymous	@anonymous
@anonymous	@anonymous
@anonymous	@anonymous
@anonymous	@anonymous
@anonymous"
Harris,harris-walz,variant,47,"Please repost and drop a 💙 if you’re here, you voted for Harris-Walz, and you’re ready to keep fighting for our values. 

I’ll follow as many of you back today as I can. ✌️","Kansas, Missouri, Nebraska Teamsters endorse Harris-Walz ticket | via Anna Kaminski #ksleg",Red-state Democratic legislators praise Harris-Walz ticket for invigorating voters https://anonymous
Trump,trumpflation,variant,47,TRUMPFLATION TARIFFS,TRUMPFLATION OUT OF CONTROL,Brace yourself for Trumpflation.
Trump,trumpy,variant,45,"Boris Epshteyn being accused of pay-to-play is very Trumpy…

https://anonymous","I mean, even RFK Jr. said at least Hitler had a policy. Trumpy is just a walking-talking hypocrite with dementia. The way he keeps changing his whole mind, our only worry may just be(yet again) that he could send out nukes any second.","Take your own advice.

Trumpy will take credit for the lowest inflation and best economy in the world.

Same way he did after inheriting Obama’s economy.

That’s what he does. He only inherits monetary gains but will always blow it. Look at his bankruptcies, business venture failures, et cetera."
Trump,trumpian,variant,44,"Hey! First post, post election after nauseating results.

Can't take Elon's ""Toxic Trumpian Twitter"" any longer and will need an outlet to vent for 4 more nightmare years.

Please follow and will follow back as many as I can!","Hey! First post, post election after nauseating results.

Can't take Elon's ""Toxic Trumpian Twitter"" any longer and will need an outlet to vent for 4 more nightmare years.

Please follow and will follow back as many as I can!","This whole trumpian thing is starting to remind me of the film 'Clockwork Orange""...no pun intended😜"
Harris,pro-kamala,variant,43,"An appalling development in our politics: Trump just attacked Harris with vile, overt unrestrained misogyny, and people now treat this as an ordinary occurrence.

On the pod, writer Susan Milligan and I dig into this failure. Also: The hidden pro-Kamala male vote!
https://anonymous",when you accidentally write the most pro-Kamala post of the election,when you accidentally write the most pro-Kamala post of the election
Trump,donalds,variant,40,"Byron Donalds Talks Economy, 2024, And If He’s Interested In Being Trump’s Running Mate If He’s The Nominee",Byron Donalds: Donald Trump is an alpha male. He absolutely is. No doubt about it. People like that.,"Ben Carson is said to have turned down leading HUD again to get HHS, which went to RFKJr. 

Are there still no black jobs in the in-coming Trump Administration? I’m on Black alert since Byron Donalds, Burgess Owens, and that football player had folks believing black ppl will be on top with Trump."
Trump,#resisttrump,hashtag,39,"Just the way any strongman around the world likes it, state run media has now come to America 👇

#ResistTrump",#Resistance #ResistTrump #AntiFA,#Resistance #ResistTrump #AntiFA
Trump,trumpists,variant,39,"And this, gentlefolk, is why we block Trumpists on sight.","And this, gentlefolk, is why we block Trumpists on sight.","And this, gentlefolk, is why we block Trumpists on sight."
Harris,harrison,variant,38,"NEW: Harrison Ford endorses Kamala Harris.

This is impactful, in part because it comes from someone without a long track record of endorsing candidates. 

“I’ve been voting for 64 years. Never really wanted to talk about it very much.”

(📽️Credit: CallToActivism via X)","NEW: Harrison Ford endorses Kamala Harris.

This is impactful, in part because it comes from someone without a long track record of endorsing candidates. 

“I’ve been voting for 64 years. Never really wanted to talk about it very much.”

(📽️Credit: CallToActivism via X)","NEW: Harrison Ford endorses Kamala Harris.

This is impactful, in part because it comes from someone without a long track record of endorsing candidates. 

“I’ve been voting for 64 years. Never really wanted to talk about it very much.”

(📽️Credit: CallToActivism via X)"
Trump,pro-trump,variant,37,"Wow, it's so clever and savvy when Republicans succeed in getting journalists to inject pro-Trump propaganda into the discourse! It's even more impressive when the Trump campaign finds ways to use this to their advantage!","Americans who actually read newspapers voted overwhelmingly for Harris though: the problem was all the pro-Trump trash on YouTube, Facebook and X.","Americans who actually read newspapers voted overwhelmingly for Harris though: the problem was all the pro-Trump trash on YouTube, Facebook and X."
Harris,#kamala2024,hashtag,32,"The voters deserve to see the split screen that exists in this race, on a debate stage, so I'm ready LET'S GO 
- #KamalaHarris
Wahhhhh - #DonaldTrump

Your Video: https://anonymous #kamala2024 #kamalaharris2024 #harris2024","This is art. The kinda rapid response, no holds-barred, messaging & mockery I've wanted/called for from Dem presidential campaigns forever. F'ING OUTSTANDING
#kamalaharris #kamala2024","Madam President 💙💙💙💙

#kamalaharris #yeswekam #kamalaharris2024 #hope #kamala47
#kamala2024 #madampresident #wearenotgoingback #timwalz #harriswalz2024 #election2024 #democratsdeliver #democracyontheballot #votebluenomatterwho #yourvotematters #democrats #vote2024"
Trump,mcdonalds,variant,32,"I would have to say I was undecided as a voter but after seeing him work for a bit earlier today at McDonalds and saying Kamala never worked there, I will be casting my ballot for Donald J Trump and JD Vance this November.","I would have to say I was undecided as a voter but after seeing him work for a bit earlier today at McDonalds and saying Kamala never worked there, I will be casting my ballot for Donald J Trump and JD Vance this November.","Boycott companies that donated to Trump. I am not spending a single $ there. Enough is enough

Some of those include
McDonalds
Chic-fil-a
Home depot
LL Bean
Taco Bell

https://anonymous"
Trump,#traitortrump,hashtag,29,#TraitorTrump,#TraitorTrump,#TraitorTrump
Trump,#trumpisunfit,hashtag,26,"If you are voting for Donald Trump don’t tell me you support the women in your life.

You do not. 

#VoteHarrisWalz #TrumpIsUnfit

https://anonymous","We need a laugh-then we get to work! 😂

#VoteHarrisWalz #TrumpIsUnfit","I don’t hate Donald Trump because he’s a Republican. 

I hate Donald Trump because he’s a lying, racist, xenophobic, homophobic, transphobic, misogynistic, narcissistic steaming pile of sh*t! 

#VoteHarrisWalz2024 #TrumpIsUnfit"
Trump,#trumpcheated,hashtag,23,"Someone did a “make it a quote” with my response to Joe Biden inviting Donald Trump to the White House, so that’s kind of handy #TrumpCheated","SAY IT WITH US 

#TrumpCheated","#TrumpCheated

Get this...
In PA, Harris got 70%+ of the EARLY Latino vote...
but the election day vote shows her getting half that.
This thing reeks like a rotten fish in the hot sun."
Trump,#dumptrump,hashtag,22,#Resist #DumpTrump #FAFO,#FAFO #AdamMockler #DumpTrump #,#Resist #DumpTrump #FAFO
Harris,#harris-walz,hashtag,21,"#Kamala #KamalaHarris #Harris-Walz #Harris2024 #Election2024 

I am woman, hear me roar.",#Kamala #KamalaHarris #Harris-Walz #Harris2024 #Election2024 #Law #Crime #Immunity #Trump,#Polling #Kamala #KamalaHarris #Harris-Walz #Harris2024 #Election2024
Trump,#trumpisunfitforoffice,hashtag,21,"I'm 63 years old, and will never forgive Trump & Republicans from taking this country from the ""greatest generation"" to the ""shameless generation.""
#ProudBlue Thanks Trump #TrumpIsUnfitForOffice #TheTurdReich #DoNotObeyInAdvance #ResistTrump",#TrumpIsUnfitForOffice,#TrumpIsUnfitForOffice
Trump,#trumpsucks,hashtag,20,"This right here…
#trumpsucks",MORE TRUE TODAY THAN EVER! #TRUMPSUCKS,MORE TRUE TODAY THAN EVER! #TRUMPSUCKS
Trump,trumpist,variant,19,"I am a real antifa. I have put my life in danger, to stop violents intolerants. 

But still, I can see the difference between a real hater and someone who vote Trumpist, and now die in regrets and shame.

Know why you fight",We need to start busting out a haka in the face of Trumpist legislation,"Okey doke. Buzz me from the Trumpist concentration camps. I’ll do whatever I can for you, friend."
Trump,trumpster,variant,19,"Enjoying my holiday mug, but do you think it could trigger a Trumpster? God forbid … Although I’m not sure I believe in God anyway these days …",Red neck ties say trumpster and Soviet to me. I hate red ties.,"Only we can save ourselves from this Trumpster fire! 🚒🔥
@anonymous @anonymous
@anonymous @anonymous @anonymous @anonymous @anonymous  @anonymous 
@anonymous VOTE! VOTE! VOTE!"
Trump,#trumpappointments,hashtag,16,"You ENDORSED the ""Trump Train"" @anonymous
What did you think would happen, you fascist-supporting MFers, except CHAOS?
Rupert Murdoch's ""buyer's remorse"" is too late.
There's much worse to come than @anonymous

#TrumpAppointments #RFKJr

https://anonymous","The Remake of Entourage is ass!

#ChrisWright #TrumpAdministration
#TrumpAppointments #TrumpGoverment #DOGE #Dogecoin #ElonMusk #VivekRamaswamy #PeteHegseth #KarolineLeavitt #MattGaetz #Trump #Entourage","The worst McDonald's Commercial, ever! 
#ChrisWright
#TrumpAppointments #TrumpGoverment #DOGE #Dogecoin #ElonMusk #Elonia #VivekRamaswamy #PeteHegseth #KarolineLeavitt #MattGaetz #Trump"
Harris,#bidenharris2024,hashtag,15,"Thats right, MAGA fvckas! #BidenHarris2024 🇺🇸","Thank God President Biden is in charge of the nuclear launch codes. 
The other guy would try to sell them!
#BidenHarris2024","HelloHello Bluesky!
#VoteBlueToSaveDemocracy 
#BidenHarris2024
#GOPHasGotToGo"
Harris,#voteharriswalz2024,hashtag,13,Happy Birthday VP Kamala Harris! #VoteHarrisWalz2024,"I don’t hate Donald Trump because he’s a Republican. 

I hate Donald Trump because he’s a lying, racist, xenophobic, homophobic, transphobic, misogynistic, narcissistic steaming pile of sh*t! 

#VoteHarrisWalz2024 #TrumpIsUnfit",#VoteHarrisWalz2024💙🌊🇺🇲🇵🇷 like your LIVES depend on it!!!!!! End MAGA NOW..
Trump,#trumpcabinet,hashtag,13,You're hired! My #TrumpCabinet cartoon for @anonymous https://anonymous,You're hired! My #TrumpCabinet cartoon for @anonymous https://anonymous,"“Trump’s Cabinet picks spark major controversy: Tulsi Gabbard for DNI criticized for ties to adversaries, and Matt Gaetz as AG raises serious concerns over his legal history. Are these choices putting national security and justice at risk? #TrumpCabinet #NationalSecurity”"
Trump,#trumphitler,hashtag,13,#TrumpHitler,"Housing Market disaster 

Due to fear of Trump sabotage of democracy?

https://anonymous

#MangoWanker #Mobster #Traitor #Trumphitler #Musk #GOPtraitors #Trump #Putin #Vance #Epstein #Fascists #MAGA #Giuliani #Hitler #Murdoch #Project2025 #Greed #Reagan began the #CRIMINAL #GOP","Thom Hartmann - 
Possible swing state VOTE hack by MAGA

https://anonymous

#MangoWanker #Mobster #Traitor #Trumphitler #Musk #GOPtraitors #Trump #Putin #Vance #Epstein #Fascists #MAGA #Giuliani #Hitler #Murdoch #Project2025 #Greed #Reagan began the #CRIMINAL #GOP #TrumpGuilty #Rapistt #Fraud"
Harris,kamalahq,variant,12,You know what I really miss? KamalaHQ on my TikTok. 😢😢😭,"Here's yet another reason to vote your butts off for #Harris.

Via KamalaHQ:

Steve #Bannon: Laura Loomer is going to be White House Communications Director if #Trump wins","ICYMI, here's Kamala Harris's reaction to seeing her first Michigan ""I VOTED"" sticker (via KamalaHQ)"
Trump,#saynototrumpsagenda,hashtag,12,Please contact your local representatives and let them know you want them to vote no on H.R.9495 to stop Trump from attacking dissenting organizations. #LetsGo #TogetherWeCanMakeADifference #Let’sDoThis #SayNoToTrumpsAgenda,Please contact your local representatives and let them know you want them to vote no on H.R.9495 to stop Trump from attacking dissenting organizations. #LetsGo #TogetherWeCanMakeADifference #Let’sDoThis #SayNoToTrumpsAgenda,Please contact your local representatives and let them know you want them to vote no on H.R.9495 to stop Trump from attacking dissenting organizations. #LetsGo #TogetherWeCanMakeADifference #Let’sDoThis #SayNoToTrumpsAgenda
Trump,#trumpcult,hashtag,12,"Itsacult 😵‍💫

#donaldtrump #itsacult #trumpsupporters #magacult #magats #trumpcult #trumpsamerica #republicans","It's the little things really that bring a smile to my face

😅😅😅😅

#donaldtrump #hilarious #trumprally #fafo #trumpsupporters #deplorables #magacult #trumpcult #karma",#Trump #TrumpCult #MAGA #MAGARepublicans #MAGACult #kakistocracy #TrumpVance #TrumpCabinet #Project2025 #DeathOfDemocracy #TrumpIsOutOnBail #TrumpIsACriminal #TrumpIsATraitor #TrumpIsUnfit
Trump,#trumpisnotmypresident,hashtag,12,"Good for her 👏🏼
#taxtherich #womensupportingwomen #trumpisnotmypresident",Well well well. #Trumpisnotmypresident #republicansaretheproblem #voteblue,Anyone can get a job there. Anyone #trumpisnotmypresident #voteblue #kamala
Trump,trump-musk,variant,12,The Trump-Musk Administration.  https://anonymous,"NEW: The great Trump-Musk crackdown is coming. And it will hit hard & fast. Journalists will be first. But everyone else is next. 

I urge you to read my 20 lessons in How to Survive the Broligarchy, inspired by & featuring the great @anonymous 
1/
https://anonymous","I have to say: I’m rooting for the Trump-Musk relationship to collapse—and soon—before the appalling right-wing billionaire Musk begins savaging our government, convinced that he knows better."
Trump,trumpworld,variant,12,Trumpworld and MAGA 2.0 - https://anonymous,"Elissa Slotkin on Trumpworld's talk of purging generals: ""We're really at risk of politicizing the military in a way that we can't put the genie back in the bottle.""","Think about how great our country could have been with Kamala at the helm, how high we could have risen - and then think about why the people voted instead to sink us into the disgusting, backward muck of Trumpworld"
Harris,#bidenharris,hashtag,11,"I refuse to engage in any Biden-bashing & what he should & should not have done
#BidenHarris beat inflation, brought down gas prices, created millions of jobs, spurred strong growth, boosted retirement savings & revived American manufacturing & much more!
https://anonymous","Joe Biden is the greatest President of my lifetime. He saved us. 

PS Kamala Harris was the greatest candidate this country ever put forward.

#BidenHarris","Harris appears with Biden for first time since conceding election

yespunjab.com?p=59450

#VeteransDay #KamalaHarris #JoeBiden #ArlingtonNationalCemetery #USA #Harris #Biden #USElection2024  #USVeterans  #BidenHarris"
Harris,#votekamala,hashtag,11,"from claimingourvoices

Why should we vote for Kamala as Muslims? Kamala Harris stands for justice, equality, and the freedom to practice our faith. She fights against Islamophobia and supports our rights. Let’s make our voices heard. 

#MuslimsForKamala #VoteKamala #MNForKamala",This very good girl wants you to vote! #VoteKamala,"Liz Cheney
@anonymous 👏👏 #USA #Americans #Women

This is how dictators destroy free nations. They threaten those who speak against them with death. We cannot entrust our country and our freedom to a petty, vindictive, cruel, unstable man who wants to be a tyrant. #Womenwillnotbesilenced #VoteKamala"
Trump,#endtrumpera,hashtag,11,"#TrumpIsUNFIT  #EndtRumpEra  
Opinion: I'm voting for Kamala Harris. Trump will harm people I care about
Setting aside policy and qualifications and even personalities, ignoring entirely what I think Harris will do as president, I choose her for what she won't do
https://anonymous"," #TrumpIsUNFIT  #EndtRumpEra  #TurnThePage  #HarrisWalz2024  #DefendDemocracy #defeatproject2025 #VoteBlueAllTheWay   #DefendAMERICA 
Millions of Republicans Will Vote for Kamala Harris 
https://anonymous"," 2019 Ad Showing Kamala Harris as the 'Anti-Trump' Goes Viral 
#EndtRumpEra  #TurnThePage  #HarrisWalz2024  #DefendDemocracy #defeatproject2025 #VoteBlueAllTheWay  
https://anonymous"
Trump,#trumpadministration,hashtag,11,"Pete Hegseth, Trump’s Defense Secretary pick, accused of blocking a woman in a hotel room, taking her phone, and assaulting her despite repeated cries of “no.” A police report reveals chilling details. Is this leadership or liability? #PeteHegseth #TrumpAdministration","Donald Trump nominates former Rep. Pete Hoekstra as U.S. Ambassador to Canada. Known for his controversial comments on Islam and human rights, Hoekstra’s past raises questions about how he’ll represent U.S. values abroad. #PeteHoekstra #TrumpAdministration",Establishment MELTS DOWN over Tulsi Nomination! #TheJimmyDoreShow #DueDissidence #TulsiGabbard #TrumpAdministration
Trump,#trumpism,hashtag,11,#Election2024 #Politics #GOP #Republicans #Trump #MAGA #Democracy #Trumpism,#hate #maga #trumpism,#hate #maga #trumpism
Trump,#trumpslittlejohnson,hashtag,11,#TrumpsLittleJohnson,"Be a real shame if #TrumpsLittleJohnson started trending, wouldn't it?","Be a real shame if #TrumpsLittleJohnson started trending, wouldn't it?"
Trump,#trumptariffs,hashtag,11,"Not yet president and he’s saber rattling a trade war with our three biggest trading partners. Oh, and the caravans are back. 
#Trumptariffs","Not yet president and he’s saber rattling a trade war with our three biggest trading partners. Oh, and the caravans are back. 
#Trumptariffs",Next year let’s put these stickers all over the place. #TrumpTariffs
Trump,#trumptrain,hashtag,11,"Thoughts❓
#USElection2024 #USPresidentialElection2024 #POTUS #USAElection2024 #KamalaHarris #trump #maga #donaldtrump #usa #republican #conservative #america #biden #politics #makeamericagreatagain #trumptrain #memes #election #gop #joebiden #republicans #freedom #trumpmemes","Q: Fair or Forlorn❓
#USElection2024 #USPresidentialElection2024 #POTUS #USAElection2024 #KamalaHarris #trump #maga #donaldtrump #usa #republican #conservative #america #biden #politics #makeamericagreatagain #trumptrain #memes #election #gop #joebiden #republicans #freedom #trumpmemes","I think 🤔 the POPE ✝️ might disagree❓🤣
#USElection2024 #USPresidentialElection2024 #POTUS #USAElection2024 #KamalaHarris #trump #maga #donaldtrump #usa #republican #conservative #america #biden #politics #makeamericagreatagain #trumptrain #election #gop #joebiden #republicans #freedom #trumpmemes"
Trump,trumpie,variant,11,"The 74 million who voted for #Trump did NOT surprise as much as the TEN MILLION WHO FAILED to vote for Harris and the Dems as they did in 2020.
Those who voted FOR the #GOP have no right to complain when they get fucked over by the Trumpie. Neither does anyone who was able, but refused to vote....","The 74 million who voted for #Trump did NOT surprise as much as the TEN MILLION WHO FAILED to vote for Harris and the Dems as they did in 2020.
Those who voted FOR the #GOP have no right to complain when they get fucked over by the Trumpie. Neither does anyone who was able, but refused to vote....",I believe that in spite of the corruption going on by trumpie and his people that there is a lot of behind the scenes capabilities happening. I won’t give up hoping for the good.
Harris,anti-harris,variant,10,I just saw my first anti-Harris campaign ad while watching Matlock (on a delay via my DVR) and I couldn't hit fast forward fast enough.,"The pro- and anti-Harris cases 
https://anonymous
https://anonymous","Saw another apparently anti-Harris sign near me. This one simply said “Kamalama Ding Dong/Walznuts.” I understand on an intellectual level that it is meant to be an insult, but I cannot comprehend the brain that sees it as clever."
Trump,#trumpfascist,hashtag,10,"We'll soon see exactly how ruthless Trump and his cult is.  Perfect description of him and his beliefs.
#iblockmaga #democrat #trumpfascist","And yet, #Republicans on #LongIsland and upstate want to halt new #migrants 

https://anonymous #Trump #TrumpFascist #migration","#Evangelical ambassador this situation just got worse 

https://anonymous #mikehuckabee #IsraelHamaswar #israel #IsraelWarCrimes #palestinians #Trump #TrumpFascist"
Trump,#trumpforprison,hashtag,10,"To all the Trump-haters, whatever party you are, Republican, Democrat, or otherwise, THIS IMAGE POST IS DEDICATED TO YOU…
(I actually needed Twitter 
to quick-find these hash–
tags, by the way)
#NeverTrump #trumpisbadforus #TrumpisaNationalDisgrace #TrumpIsAnExistentialThreat #trumpforprison","Biden bashing gets a swift blockity block block 🚫. 

#trumpforprison","Biden bashing gets a swift blockity block block 🚫. 

#trumpforprison"
Trump,#trumpless,hashtag,10,"Happy Friday friends 👋

If you want to meet more more #NeverTrump friends drop a 💙
I random boost my followers when I see they participate following people to make this process work.

I will post a schedule later for our combined parties tonight so check back! 🎉

#Trumpless #signalBoost
Repost","Happy Thursday friends 👋
If you want to meet more #NeverTrump friends drop a 💙

I random boost for participating.
Have an awesome day!

#NoDemUnder1k
#BlueStormBoosts
#TrueBlueResisters
#Trumpless","Happy Wednesday friends 👋

If you are looking for more #NeverTrump friends, drop a 💙

I random boost my followers that participate.

Stay #Trumpless
#NoDemUnder5k
#BlueStormBoosts"
Trump,#trumpwon,hashtag,10,"#TrumpWon

If you’re looking for a no B.S. #Substack, I’ll be posting weekly about politics, sports, music, beer, whiskey & travel.

It damn sure won’t be a safe space for liberals, Leftists, Democrats or other weirdos.

Enjoy… #TrumpWon 🇺🇸💪

https://anonymous",#Maga #TrumpWon #awake #ncswic,#ncswic #wwg1wga #maga #Trumpwon
Trump,never-trumpers,variant,10,I’m beginning to have second thoughts about #Bluesky. Same problem that X has only from other side of the political spectrum. MAGA nuts spoil X but Never-Trumpers or Muskers on Bluesky are equally intolerant. Cancel culture runs rampant. Room for middle of the road platform.,I’m beginning to have second thoughts about #Bluesky. Same problem that X has only from other side of the political spectrum. MAGA nuts spoil X but Never-Trumpers or Muskers on Bluesky are equally intolerant. Cancel culture runs rampant. Room for middle of the road platform.,"For the record, I blocked the accounts Joe Walsh, Adam Kinzinger, & Republicans Against Trumpism.

I will block any & all currently registered openly public Republicans & “Never-Trumpers.”
No exceptions."
Harris,#kamala2028,hashtag,9,this woman should be our next president. i’m so ashamed and disgusted with our country💔💔💔 #kamala2028 #kamala #gay #fyp #bluecrew #nodemunder1k,this woman should be our next president. i’m so ashamed and disgusted with our country💔💔💔 #kamala2028 #kamala #gay #fyp #bluecrew #nodemunder1k,this woman should be our next president. i’m so ashamed and disgusted with our country💔💔💔 #kamala2028 #kamala #gay #fyp #bluecrew #nodemunder1k
Harris,kamalaharris,variant,9,Do your part to help elect Kamala Harris: Calls.KamalaHarris.com,"Hey all #blueresisters
#democracy
#bluedots
#kamalaharris
Kamala Harris has a fight fund. Please support this and spread the word. 

kamalaharris.com","Feeling very hopeful about VP Kamala Harris’s prospects after spending the day door knocking in Downingtown, Pennsylvania. The #harriswalz2024 campaign in PA is super-organized and energized. Please get involved! go.kamalaharris.com #DoSomething"
Harris,#harris_walz2024,hashtag,8,"Yep, I’m with her (and Tim)!
#USDemocracy
#VoteBlue
#Harris_Walz2024","Ladies, you know what to do!
#Harris_Walz2024
#USDemocracy
#yourReligionisnotmyHealthcare","Your religion is not my healthcare!  Elect Kamala Nov 5th!#MindYourOwnDamnBusiness
#VoteBlue
#USDemocracy
#Harris_Walz2024"
Trump,#fuktrump,hashtag,8,Word. #fukMAGA #fukTRUMP,Woot Woot... GO JOE !!!!! #FUKtRUMP,"#blueunderground #resist #fucktrump #fuktrump
#deportmusk #fuckgop #resistance #democracy"
Trump,#ps1trumpism,hashtag,8,"Gaetz really, REALLY, doesn't want that ethics report to be published -

https://anonymous

#PS1trumpism","That was the Senate that was -

https://anonymous

Is that the Senate that will be?

#PS1trumpism","Trump was just kidding when he claimed he didn't know who was Project 2025 or what they were up to.

https://anonymous

#PS1trumpism"
Trump,#trumpsamerica,hashtag,8,"Itsacult 😵‍💫

#donaldtrump #itsacult #trumpsupporters #magacult #magats #trumpcult #trumpsamerica #republicans","The real trump wall

#donaldtrump #fraud #maga #trumpsamerica #enemyofthepeople #conman #grifter #unfit #fucktrump #worstpresidentever","https://anonymous

#TrumpsAmerica #Disgraceful"
Trump,donoldtrump,variant,8,"DonoldTrump I truly fukkkin hate u, you’re a soulless piece of shitty garbage bastard who cheated and bought this election!","DonoldTrump I truly fukkkin hate u, you’re a soulless piece of shitty garbage bastard who cheated and bought this election!","DonoldTrump I truly fukkkin hate u, you’re a soulless piece of shitty garbage bastard who cheated and bought this election!"
Trump,ex-trump,variant,8,'I Could Use A Good Laugh!' CNN's Jim Acosta Calls 'BS' On Ex-Trump Aide Still Saying Trump Not Connected To Project 2025 https://anonymous,"Ex-Trump Voter Supports Harris
https://anonymous","Ex-Trump Voter Supports Harris
https://anonymous"
Trump,trump-voting,variant,8,"I can't get over the Trump-voting friend of mine who begged me not to check out of the political fight, saying my voice is needed to help check the worst of MAGA's impulses. 

He doesn't realise how insulting that actually is. And that astounds me","Talked to my Trump-voting dad and he assured me that Trump wasn't really going to do the things he promised he would do, so good news I guess. 😬",I’ve been told by my Trump-voting friends and family that I should be more gracious and congratulate the president-elect. So allow me to congratulate President-elect Fuckface von MicroPenis and wish him nothing but diarrhea and declining health until he crawls into the ground and becomes a skeleton.
Trump,trumpsters,variant,8,"Giving a big 'eff you' to all the Trumpsters who 'invested'....

https://anonymous",Trumpsters?,Some Trumpsters Miss Universe comments
Harris,#voteharriswalz,hashtag,7,"Happy Saturday! 🤣

#VoteHarrisWalz","If you are voting for Donald Trump don’t tell me you support the women in your life.

You do not. 

#VoteHarrisWalz #TrumpIsUnfit

https://anonymous","We need a laugh-then we get to work! 😂

#VoteHarrisWalz #TrumpIsUnfit"
Trump,#fuckdonaldtrump,hashtag,7,"#FuckDonaldTrump
#FuckTheGOP","#FuckDonaldTrump
#FuckTheGOP",We love you Joe!! #JoeBidenIsMyPresident #FuckDonaldTrump
Trump,#trumpgoverment,hashtag,7,"The Remake of Entourage is ass!

#ChrisWright #TrumpAdministration
#TrumpAppointments #TrumpGoverment #DOGE #Dogecoin #ElonMusk #VivekRamaswamy #PeteHegseth #KarolineLeavitt #MattGaetz #Trump #Entourage","The worst McDonald's Commercial, ever! 
#ChrisWright
#TrumpAppointments #TrumpGoverment #DOGE #Dogecoin #ElonMusk #Elonia #VivekRamaswamy #PeteHegseth #KarolineLeavitt #MattGaetz #Trump","And so it begins...

#TrumpAppointments #TrumpGoverment #DOGE #Dogecoin #ElonMusk #Elonia #VivekRamaswamy #PeteHegseth 
#MattGaetz"
Trump,#trumpgrabinet,hashtag,7,#TrumpGrabinet,#TrumpGrabinet,#TrumpGrabinet
Trump,#trumpisnotanoption,hashtag,7,"We must save our nation from MAGA!
#TrumpIsNotAnOption
 🍊💩🤡

@anonymous 	@anonymous
@anonymous	@anonymous
@anonymous	@anonymous
@anonymous	@anonymous","Vote him out so he can be convicted in ALL four trials!
#TrumpIsNotAnOption
@anonymous @anonymous @anonymous @anonymous @anonymous @anonymous @anonymous @anonymous @anonymous","Vote him out in November so he can be convicted in ALL four trials afterwards! 

#TrumpIsNotAnOption
 
@anonymous @anonymous
@anonymous @anonymous @anonymous @anonymous @anonymous @anonymous"
Trump,#trumpsupporters,hashtag,7,"Itsacult 😵‍💫

#donaldtrump #itsacult #trumpsupporters #magacult #magats #trumpcult #trumpsamerica #republicans","A resounding endorsement from his supporters 

#donaldtrump #taliban #putinspuppet #project2025 #russiancollusion #misogyny #magats #fascism #nazi #hitler #domesticterrorism #trumpsupporters #dictator #russianasset #republicans #convictedfelon #americantaliban #traitor #treason","It's the little things really that bring a smile to my face

😅😅😅😅

#donaldtrump #hilarious #trumprally #fafo #trumpsupporters #deplorables #magacult #trumpcult #karma"
Trump,-trump,variant,7,Tom Homan -Trump’s border czar -makes my skin crawl.,Tom Homan -Trump’s border czar -makes my skin crawl.,Kamala up with white COLLEGE EDUCATED voters tells you all you need to know.. “I love the poorly educated” -Trump
Trump,trump-supporting,variant,7,"A little prophecy from a Trump-supporting member of Congress.

#trump #uspol #politics",Yet another violent Trump-supporting teenage boy. https://anonymous,"I've let two Trump-supporting relatives know about the racist ""comedian"" Trump chose to open his rally today, saying I hope if they're considering voting for him that they've seen his latest rallies and how boldly hateful they are."
Trump,trumpf,variant,7,So Jonald Donald Trumpf is going to break his OWN agreement with our neighbors based on shit that ain’t happening by people who ain’t doing it. Makes sense. Full vid on IG.,"Is everyone enjoying how elite we all feel being a part of the Bluesky club! 

We are all kind(to each other, not the rubes) educated and enlightened unlike those poors over on twitter who voted for tRumpf.

We need to double down on this fact and then we'll start winning again!","Is everyone enjoying how elite we all feel being a part of the Bluesky club! 

We are all kind(to each other, not the rubes) educated and enlightened unlike those poors over on twitter who voted for tRumpf.

We need to double down on this fact and then we'll start winning again!"
Harris,#kamaladefendsdemocracy,hashtag,6,"#KamalaDefendsDemocracy 

Only one candidate has vowed to pass the John Lewis Voting Rights Advancement Act.  

Kamala Harris believes in freedom and democracy.  

Trump wants to kill it.  

Vote for Kamala.  She walks the walk.",Action Alert: Help Us Defend Kamala Harris From Online Attacks Right Now #KamalaDefendsDemocracy,Who else already voted for Kamala Harris? Or plans to? #KamalaDefendsDemocracy
Harris,pro-harris,variant,6,"CHANGE IS NEEDED!!!....
KAMALA HARRIS 2024!!!🇺🇸

Sam Elliott in pro-Harris ad: ‘Are we really going back down that same f‑‑‑ing broken road?’ #Presidentialelection
https://anonymous",Getting huge pro-Harris vibes from both Mastodon and here.,Critics say the pro-Harris Future Forward PAC didn’t share enough with allies and waited too long to spend its huge war chest
Trump,#trumpcrimefamily,hashtag,6,"A member of the #TrumpCrimeFamily is now threatening Americans openly. 
That shouldn't be tolerated.
#Resist.","A member of the #TrumpCrimeFamily is now threatening Americans openly. 
That shouldn't be tolerated.
#Resist.","A member of the #TrumpCrimeFamily is now threatening Americans openly. 
That shouldn't be tolerated.
#Resist."
Trump,#trumpvance,hashtag,6,#Trump #TrumpCult #MAGA #MAGARepublicans #MAGACult #kakistocracy #TrumpVance #TrumpCabinet #Project2025 #DeathOfDemocracy #TrumpIsOutOnBail #TrumpIsACriminal #TrumpIsATraitor #TrumpIsUnfit,"MAGA: When the shit hits the fan and you & yours get spattered, remember that you chose The Fourth Reich over America because they hate who you hate.

#Trump #TrumpVance #TrumpCult #MAGACult #MAGARepublicans #USA #America #FakeChristians #misogynists #educationmatters #mentalhealthmatters",#Trump #TrumpVance #TrumpCult #MAGACult #MAGARepublicans #USA #America #FakeChristians #misogynists #educationmatters #mentalhealthmatters
Trump,donaldtrump,variant,6,"I have read that DonaldTrump's mother was not here legally when he was born, if true I vote for him to be the first person deported. Problem solved, if we can find a country which would take him.","I have read that DonaldTrump's mother was not here legally when he was born, if true I vote for him to be the first person deported. Problem solved, if we can find a country which would take him.","Sexual predators stick together. 

#MattGaetz/DonaldTrump"
Trump,erictrump952789,variant,6,"A FIFTY FOUR OLD CONSERVATIVE DUDE AT THE GOLF COURSE WAS BRAGGING HOW  ERIC TRUMP LIKED HIS tweet®️ & HE WAS GIDDY LIKE A SCHOOLKID UNTIL I LOOKED & HAD TO TELL HIM IT WAS ERICTRUMP952789. 
These people vote.","A FIFTY FOUR OLD CONSERVATIVE DUDE AT THE GOLF COURSE WAS BRAGGING HOW  ERIC TRUMP LIKED HIS tweet®️ & HE WAS GIDDY LIKE A SCHOOLKID UNTIL I LOOKED & HAD TO TELL HIM IT WAS ERICTRUMP952789. 
These people vote.","A FIFTY FOUR OLD CONSERVATIVE DUDE AT THE GOLF COURSE WAS BRAGGING HOW  ERIC TRUMP LIKED HIS tweet®️ & HE WAS GIDDY LIKE A SCHOOLKID UNTIL I LOOKED & HAD TO TELL HIM IT WAS ERICTRUMP952789. 
These people vote."
Trump,trump-vance,variant,6,The Trump-Vance campaign would be great if not for Trump and Vance,Beware the Academics Bolstering the Fascist Violence of Trump-Vance https://anonymous,"The big difference from the Biden-Harris policies and what’s ahead will Trump-Vance is explored in today’s HCR Letter. 

https://anonymous"
Trump,trumpet,variant,6,"I just blocked my first Trumpet that came here looking for me. 

No interaction on my part. Just a block.",I refuse to let myself succumb to hate…but I hate Trumpet. Like A LOT.,I refuse to let myself succumb to hate…but I hate Trumpet. Like A LOT.
Harris,#kamalaharris4president,hashtag,5,Just some of the reasons #KamalaHarris4President is going to win this thing!! 👇👇,"Why attacking #DonakdTrump ’s character has proven so ineffective - We will soon know whether his luck has finally run out. But what is already clear is that while he might have the veneer of moral character, he has precious little of the virtue https://anonymous via @anonymous #KamalaHarris4President","#NeverTrump
#KamalaHarris4President"
Harris,#teamkamala,hashtag,5,Staffers cheering for VP Kamala Harris as she arrives at White House after a hard fought campaign. #107Days #TeamKamala,Staffers cheering for VP Kamala Harris as she arrives at White House after a hard fought campaign. #107Days #TeamKamala,Staffers cheering for VP Kamala Harris as she arrives at White House after a hard fought campaign. #107Days #TeamKamala
Harris,kamalas,variant,5,"Seriously, these people are money hungry cry babies that shot themselves in the foot by sabotaging Kamalas electoral prospects and they want me to give em MONEY?!

I have no sympathy for them, if they wanted a chance to save themselves they should've voted Kamala but instead they enabled Trump.","Seriously, these people are money hungry cry babies that shot themselves in the foot by sabotaging Kamalas electoral prospects and they want me to give em MONEY?!

I have no sympathy for them, if they wanted a chance to save themselves they should've voted Kamala but instead they enabled Trump.","I was so looking forward to not knowing or caring who was in Kamalas cabinet. To just trust that she picked responsible and responsible people,but  here we are and I have to know who they are and what they plan on doing so we can protect ourselves"
Trump,#antitrump,hashtag,5,"I though at least one nominee wouldn’t be an accused sexual predator  https://anonymous

#ProudBlue #DemsUnited #antitrump #dumptrump #democrat #democrats #trumpsucks #resist #blacklivesmatter #gopsucks #trumpisajoke #republicanssuck #antigop","I though at least one nominee wouldn’t be an accused sexual predator  https://anonymous

#ProudBlue #DemsUnited #antitrump #dumptrump #democrat #democrats #trumpsucks #resist #blacklivesmatter #gopsucks #trumpisajoke #republicanssuck #antigop",#ProudBlue #DemsUnited #lgbtq #equaljusticeforall #decency #antitrump #dumptrump #democrat #democrats #trumpsucks #resist #blacklivesmatter #gopsucks #trumpisajoke #republicanssuck #antigop
Trump,#drozisatrumpcuck,hashtag,5,🙄 #DrOzIsATrumpCuck,🙄 #DrOzIsATrumpCuck,🙄 #DrOzIsATrumpCuck
Trump,#eloniatrump,hashtag,5,"@anonymous 
It’s important for First Lady #EloniaTrump to have a variety of outfits",#EloniaTrump,#EloniaTrump
Trump,#trumpdictatorship,hashtag,5,"Many of us search for the answers only AFTER we've fallen into a crisis. Therefore, I'm going to leave these links pinned to my profile for as long as our #FirstAmendment rights remain in place under the new #TrumpDictatorship. 
Still #NotMyPresident.

donnakassin.medium.com",📌 #Resistance #TrumpDictatorship #GoodTroubleMaker,📌 #Resistance #TrumpDictatorship #GoodTroubleMaker
Trump,#trumpfail,hashtag,5,"The dumpster fire has already begun.

#Phoenix2028
#TrumpFail

https://anonymous","“Trump’s idea of ‘education reform’? Appointing Linda McMahon, whose experience includes WWE drama and covering up scandals, to run the Dept of Education. Wrestling with the future of our kids shouldn’t be this literal. #EducationNotEntertainment #TrumpFail #Unqualified  #ProtectOurKids  #StopTrump”",This cabinet is a total #TrumpFail. REPOST 🔂 if you agree🆗
Trump,#trumpisacriminal,hashtag,5,"Rolling Stone magazine has it right.

#TrumpIsACriminal",How is it that he has and continues to get away with everything?! #Trumpisacriminal,"from Tarquin @anonymous 

Touché mutha fuckers! 

#TrumpIsACriminal #TrumpIsNotFitToBePresident #TrumpIsAnInsurrectionist #TrumpForPrison2024 
original image: Sandi Bachom"
Trump,#trumpisajoke,hashtag,5,"I though at least one nominee wouldn’t be an accused sexual predator  https://anonymous

#ProudBlue #DemsUnited #antitrump #dumptrump #democrat #democrats #trumpsucks #resist #blacklivesmatter #gopsucks #trumpisajoke #republicanssuck #antigop","I though at least one nominee wouldn’t be an accused sexual predator  https://anonymous

#ProudBlue #DemsUnited #antitrump #dumptrump #democrat #democrats #trumpsucks #resist #blacklivesmatter #gopsucks #trumpisajoke #republicanssuck #antigop",#ProudBlue #DemsUnited #lgbtq #equaljusticeforall #decency #antitrump #dumptrump #democrat #democrats #trumpsucks #resist #blacklivesmatter #gopsucks #trumpisajoke #republicanssuck #antigop
Trump,#trumpisarussianasset,hashtag,5,#trumpisarussianasset,He will destroy America this is a guarantee! #TrumpIsARussianAsset,#RussiaIsATerroristState #TrumpIsARussianAsset
Trump,#trumpisatraitor,hashtag,5,"It’s already happening!

#TrumpIsATraitor #TrumpIsAmericasHitler #VoteBlueToStopACriminalDictator","This is one of my besties spotlighting the craziness of Trump’s nomination to lead the DoD. 🤦‍♀️🤦‍♀️🤦‍♀️🤦‍♀️

You can’t make this shit up. 

@anonymous 

#GOPCorruption #TrumpIsATraitor",#Trump #TrumpCult #MAGA #MAGARepublicans #MAGACult #kakistocracy #TrumpVance #TrumpCabinet #Project2025 #DeathOfDemocracy #TrumpIsOutOnBail #TrumpIsACriminal #TrumpIsATraitor #TrumpIsUnfit
Trump,#trumpmemes,hashtag,5,"Thoughts❓
#USElection2024 #USPresidentialElection2024 #POTUS #USAElection2024 #KamalaHarris #trump #maga #donaldtrump #usa #republican #conservative #america #biden #politics #makeamericagreatagain #trumptrain #memes #election #gop #joebiden #republicans #freedom #trumpmemes","Q: Fair or Forlorn❓
#USElection2024 #USPresidentialElection2024 #POTUS #USAElection2024 #KamalaHarris #trump #maga #donaldtrump #usa #republican #conservative #america #biden #politics #makeamericagreatagain #trumptrain #memes #election #gop #joebiden #republicans #freedom #trumpmemes","I think 🤔 the POPE ✝️ might disagree❓🤣
#USElection2024 #USPresidentialElection2024 #POTUS #USAElection2024 #KamalaHarris #trump #maga #donaldtrump #usa #republican #conservative #america #biden #politics #makeamericagreatagain #trumptrain #election #gop #joebiden #republicans #freedom #trumpmemes"
Trump,#trumprally,hashtag,5,"It's the little things really that bring a smile to my face

😅😅😅😅

#donaldtrump #hilarious #trumprally #fafo #trumpsupporters #deplorables #magacult #trumpcult #karma",GOOD WORK INDEED @anonymous #TrumpRally 😁👍,I HATE DONALD TRUMP MAGA Republicans  #TrumpRally
Trump,#vetsagainsttrump,hashtag,5,#NeverForget #VetsAgainstTrump #TrumpHatesTheMilitary,#NeverForget #VetsAgainstTrump #TrumpHatesTheMilitary,#NeverForget #VetsAgainstTrump #TrumpHatesTheMilitary
Trump,trump-loving,variant,5,"Feeling particularly hopeless today. #trump announcing nominees, elected #Democrats are congratulating fascists on their wins, Dem leadership has no spine for a forensic recount in swing states, and my trump-loving company does not share my values.","Feeling particularly hopeless today. #trump announcing nominees, elected #Democrats are congratulating fascists on their wins, Dem leadership has no spine for a forensic recount in swing states, and my trump-loving company does not share my values.","The man whose name constitutes two euphemisms for penis (Woody and Johnson) seems bereft of one. Firing Saleh and Douglass was so last year. Sell the fucking club, you Trump-loving moron."
Trump,trumped,variant,5,Alberta oil is about to get Trumped https://anonymous,"You mean the greatest president we ever had? The innocent man with trumped up bullshit charges, which all got dropped and dismissed","You mean the greatest president we ever had? The innocent man with trumped up bullshit charges, which all got dropped and dismissed"
Trump,trumping,variant,5,Trumping Israel? No way! - https://anonymous,Trumping Israel? No way! - https://anonymous,"Newsom is right! Ron DeSantis’s whole campaign has been a bad Donald Trump impression. Ron is also terrible at out Trumping, Trump."
Trump,trumplicans,variant,5,Make no judiciary deals. The Trumplicans don’t deserve any deference or respect.,My new account.  I'm seeking a refuge from the crazy 'Trumplicans' invading 'Threads.'  I'm a political Independent and rabidly anti-Trump.,My new account.  I'm seeking a refuge from the crazy 'Trumplicans' invading 'Threads.'  I'm a political Independent and rabidly anti-Trump.
Trump,trumpresistancemovement,variant,5,"trumpresistancemovement
It is sick.","
trumpresistancemovement
Historian Timothy Snyder, on Elon Musk's role in the election:","trumpresistancemovement
It is sick."
Trump,trumptard,variant,5,You voted for a convicted felon rapist. You're the stupid one. Fucking trumptard.,"I know i said i wouldnt post screenshots from twitter, but this HAD to be shared.  Trumptard is off his ROCKER","Trumptard has been making videos and planning his attack against 'murica.  Hiring a dog killer is appropriate for Homeland Security, no? 

I can not even fathom the evil that's going to happen to our country over the next four years. still have to look at his face, listen to his blatherings. #sad"
Trump,trumptards,variant,5,"i guess maybe we shouldnt look at trumptards noms as gloom and doom yet
dont they have to  be 'voted in'

id rather they have to be like the gladiators. they have to slay a lion or maybe run over hot coals or be a teacher in a high school for a year or get in a cage with a komodo dragon for a day","Way to go Trumptards, way to go !!
FAFO.
LMFAO.","Way to go Trumptards, way to go !!
FAFO.
LMFAO."
Harris,#kamala47,hashtag,4,"Madam President 💙💙💙💙

#kamalaharris #yeswekam #kamalaharris2024 #hope #kamala47
#kamala2024 #madampresident #wearenotgoingback #timwalz #harriswalz2024 #election2024 #democratsdeliver #democracyontheballot #votebluenomatterwho #yourvotematters #democrats #vote2024","Every great movement starts with a single step. Let's take that step together towards a brighter future with @anonymous We got this!
#Kamala47","I just Voted for Kamala Harris as our next U.S. President and Tim Walz our next Vice President!!! 
And Angela Alsobrooks as our next U.S. #Maryland #MDsen Senator and April Delaney for House #MD06!!!

#YesSheCan #Kamala2024 #Kamala47 #Harriswalz2024 #VOTE #2024Elections"
Harris,#kamalaharris2028,hashtag,4,"Our California girl, Kamala Harris is planning to run for California governor in 2026 and or for POTUS in 2028.

Either way I’m all in!

#KamalaHarris2028","🥲 This was so wholesome! 

Listening to that crowd screaming & cheering, you'd think the freakin BEATLES had just appeared on the show!

She is SO coming back in 2028! 
#KamalaHarris2028
https://anonymous",#KamalaHarris2028
Harris,#kamalaharris4president2024,hashtag,4,IWillVote.com #KamalaHarris4President2024,#KamalaHarris4President2024 will WIN this thing! #TrumpIsAGlobalLaughingStock,#KamalaHarris4President2024 #WeirdTrump #Republicans
Harris,#kamalaharrisforpresident,hashtag,4,"There is no way around it, to properly deal with a strongman, it takes a strong woman!

#KamalaHarrisForPresident!!
https://anonymous",#KamalaHarrisForPresident,"OMG Kamala is talking in GA about the bipartisan border bill that Schlump tanked, and what a self-centered hypocrite he is. It's EXACTLY what I've been wanting her to say.

Thank you, Kamala!

#KamalaForPresident
#HarrisForPresident
#KamalaHarrisForPresident"
Harris,#voteearlyforkamala,hashtag,4,"In her words!
#USDemocracy
#VoteEarlyForKamala","#VoteEarlyForKamala and dispose of the fat, rotten pumpkin trying to get back into the WH!",Who else is voting for Kamala Harris? #VoteEarlyForKamala
Harris,#voteharris,hashtag,4,#VoteHarris women are going to reject the Republican party whether the Republican party wants to be rejected or not!,Never bow down to the hateful ignorance of MAGA. #VoteHarris/Walz,"Let's get that vote out *TODAY* my dear 💙Democrat friends!

#VoteBlue #HarrisWalzBringHope #BlueWave #KamalaDefendsDemocracy #VoteKamala #KamalaHarris #VoteHarris #HarrisWaltz 

🌊💙🌀"
Harris,#whitedudesforharris,hashtag,4,Pete Buttigieg now on #whitedudesforharris and we're at over $2M!,"#whitedudesforharris has raised over $2M for VP Harris as ""The Dude"" himself, Jeff Bridges comes on to support her candidacy!","When #whitedudesforharris was trending on twitter, we just knew with all our hearts that she was the greatest candidate in US history.  I hope they select her again for us in 2028!"
Harris,-kamala,variant,4,"""I took on perpetrators of all kinds.. predators who abused women, fraudsters who ripped off consumers, cheaters who broke the rules for their own gain.  So, hear me when I say: I know Donald Trump’s type.""-Kamala Harris

Him and his cabinet picks fit in one or all of these.","""I took on perpetrators of all kinds.. predators who abused women, fraudsters who ripped off consumers, cheaters who broke the rules for their own gain.  So, hear me when I say: I know Donald Trump’s type.""-Kamala Harris

Him and his cabinet picks fit in one or all of these.","“Only when it is truly dark enough can you see the stars.” -Kamala Harris

One of the greatest quotes in history."
Harris,anti-kamala,variant,4,"Anecdotal, but I have talked to a few of my lefty friends who are posting a lot of anti-Kamala/complaining about vote shaming stuff and most of them seem to be voting Kamala. Idk wtf the thinking is there, but it is what it is.","There's an anti-Kamala narrative going on at the moment, embroidering stories around the Dems loss to prove it's all been her fault. And it's really giving me the irrits.","Things you can do to #resist a Trump presidency: 

21. Avoid infighting among liberals. United we stand, divided we fall (we were reminded of that the hard way with the anti-Kamala Palestine protestors, and now a super-anti-Palestine President is coming in.)"
Trump,#hatestrump,hashtag,4,"Even my dog #Lucy 
#HatesTrump","Even my dog #Lucy 
#HatesTrump","Even my dog #Lucy 
#HatesTrump"
Trump,#mcdonalds,hashtag,4,"Who will become the next US President? The one who “worked” there when it was actually closed or the one who worked there to pay for her student loan?

https://anonymous

#Obama #KamalaHarris #DonaldTrump #McDonalds",#McDonalds,#McDonalds
Trump,#stoptrump,hashtag,4,"“Trump’s idea of ‘education reform’? Appointing Linda McMahon, whose experience includes WWE drama and covering up scandals, to run the Dept of Education. Wrestling with the future of our kids shouldn’t be this literal. #EducationNotEntertainment #TrumpFail #Unqualified  #ProtectOurKids  #StopTrump”","This should terrify anyone who knows history, and who understands how fascist movements grow. Republican members of Congress describing their devotion to Donald Trump is one of the most un-American things I have ever seen.
#stoptrump #fascism #backlash #democracy",#StopTrump #StopMAGA #SaveAmerica Recommit To The Fight https://anonymous
Trump,#trumpadmin,hashtag,4,"What a shitshow #TrumpAdmin will be. I had hope that he cared for his Lagacy, but it is obvious he just wants to be known as person who brought shit to the government, and it ended up all over him!","Caroline Kennedy slams RFK Jr.‘s ‘dangerous’ vaccine views as he faces confirmation as Trump’s HHS Secretary pick. She says the Kennedy family stands with public health, not his fringe beliefs. Will the Senate agree? #RFKJr #Vaccines #TrumpAdmin","Elon Musk is assembling a team for DOGE: Trump’s cost-cutting taskforce. High IQ, zero pay, endless hours—are you in? #ElonMusk #TrumpAdmin #GovernmentReform"
Trump,#trumpclownshow,hashtag,4,#TrumpClownShow #MattGaetz,"Trump is going full troll with his cabinet picks. 

I await with bated breath the mainstream media's pearl-clutching on this — as if it were somehow unexpected. 

#TrumpClownShow",#TrumpClownShow #MattGaetz
Trump,#trumpfails,hashtag,4,"“Trump’s mass deportation plan: a humanitarian crisis waiting to happen, a hit to the economy, and a logistical nightmare. America deserves solutions, not chaos. #NoToDeportations #ImmigrationRights #TrumpFails”",REPOST 🔂if you remember when. #TrumpFails,REPOST 🔂if you agree. #TrumpFails
Trump,#trumphatesthemilitary,hashtag,4,#NeverForget #VetsAgainstTrump #TrumpHatesTheMilitary,#NeverForget #VetsAgainstTrump #TrumpHatesTheMilitary,#NeverForget #VetsAgainstTrump #TrumpHatesTheMilitary
Trump,#trumpisadangertoamerica,hashtag,4,"Smh...
Welcome to America. 

America was warned by #KamalaHarris...

- Harris would have had a to-do list to benefit America.
- CONVICTED FELON #donaldtrump will have an enemy's list that he will use to seek retribution.
##TrumpIsADangertoAmerica","I didn't vote for him.
America is fu(ked.
#TrumpisaNationalDisgrace
#TrumpIsADangertoAmerica 
https://anonymous","Under CONVICTED FELON #donaldtrump, mass deportation of immigrations is coming.You have to wonder who will work the farms and how high food prices will go...
I didn't vote for that. 
#TrumpIsADangertoAmerica"
Trump,#trumpisalaughingstock,hashtag,4,"Please remind folks that trump & the Republican are LYING about Afghanistan!
#RESIST  #trumpIsALaughingStock","Please remind folks that trump & the Republican are LYING about Afghanistan!
#RESIST  #trumpIsALaughingStock","Please remind folks that trump & the Republican are LYING about Afghanistan!
#RESIST  #trumpIsALaughingStock"
Trump,#trumpisanazi,hashtag,4, #TrumpIsANazi 🟠💀🟠 #immigrants,"#TrumpisaNazi

These are the people that have poisoned the blood of America.","#TrumpisaNazi. If you voted for him, you are a #MagaNazi."
Trump,#trumpisgoingdown,hashtag,4,"Fredon Moniteau👏 #USA
@anonymous 

Fooled by Trump once, shame on him.
Fooled by Trump twice, shame on you.
Fooled by #Trump three times, you are an idiot.
 #TrumpIsGoingDown #TrumpIsUnfitForOffice #VoteBlue #VoteKamala","If you attacked Kamala Harris for the way she laughs but you’re voting for the guy pretending to perform a sex act on his microphone live on stage, congratulations, you are an idiot, an asshole, and you’re in an extremely stupid cult. #TrumpIsGoingDown","If you attacked Kamala Harris for the way she laughs but you’re voting for the guy pretending to perform a sex act on his microphone live on stage, congratulations, you are an idiot, an asshole, and you’re in an extremely stupid cult. #TrumpIsGoingDown"
Trump,#trumpismusksbitch,hashtag,4,#TrumpIsMusksBitch,#TrumpIsMusksBitch,#TrumpIsMusksBitch
Trump,#trumpisnotfittobepresident,hashtag,4,"It's sickening that Joe & Mika went in person to kiss Trump's ass.  Is there no one who will stand up to him?
#ProudBlue #BlueCrew #RejectTrump #ResistTrump #TrumpIsNotFitToBePresident","from Tarquin @anonymous 

Touché mutha fuckers! 

#TrumpIsACriminal #TrumpIsNotFitToBePresident #TrumpIsAnInsurrectionist #TrumpForPrison2024 
original image: Sandi Bachom","Only in America would you give the White House to a man who bragged about walking in on teenage girls naked in a dressing room.
I always knew about his lack of morals, but finding out about yours was an eye-opener. 
#TrumpIsNotFitToBePresident"
Trump,#trumpisnotnormal,hashtag,4,"Do not normalize him. Do not normalize Donald Trump.

If you believed he’s a threat to democracy, he still is. If you believed he’s lawless, he still is.

Stop.

Tune in to The Social Contract with Joe Walsh weekdays at 8 AM PT/11 AM ET. 
#HeIsNotNormal #DonaldTrump #TrumpIsNotNormal #SaveDemocracy","Do not normalize him. Do not normalize Donald Trump.

If you believed he’s a threat to democracy, he still is. If you believed he’s lawless, he still is.

Stop.

Tune in to The Social Contract with Joe Walsh weekdays at 8 AM PT/11 AM ET. 
#HeIsNotNormal #DonaldTrump #TrumpIsNotNormal #SaveDemocracy","Do not normalize him. Do not normalize Donald Trump.

If you believed he’s a threat to democracy, he still is. If you believed he’s lawless, he still is.

Stop.

Tune in to The Social Contract with Joe Walsh weekdays at 8 AM PT/11 AM ET. 
#HeIsNotNormal #DonaldTrump #TrumpIsNotNormal #SaveDemocracy"
Trump,#trumpregime,hashtag,4,#Trump #TrumpRegime,#Trump #TrumpRegime,"Trump's nominee to lead the Department of Health and Human Services: 

“You cannot trust medical advice from medical professionals.”
#TrumpRegime #RFKJr #AWormAteHisBrain #WeAreSoFocked"
Trump,#trumpscabinet,hashtag,4,"⛔️Warning, Kevin McCarthy said it not me

#Trump picks Rep. #MattGaetz to serve as #attorneygeneral but listen how #KevinMcCarthy says Gaetz led charge to remove him to end a congressional ethics investigation “because he he slept with a 17-year-old.” He said it not me
#trumpscabinet #trumpsamerica","#trumpsCabinet
Per the brilliance of @anonymous","⛔️Warning, Kevin McCarthy said it not me

#Trump picks Rep. #MattGaetz to serve as #attorneygeneral but listen how #KevinMcCarthy says Gaetz led charge to remove him to end a congressional ethics investigation “because he he slept with a 17-year-old.” He said it not me
#trumpscabinet #trumpsamerica"
Trump,#trumpsgrabinet,hashtag,4,#TrumpsGrabinet,#TrumpsGrabinet,#TrumpsGrabinet
Trump,#trumpsociopath,hashtag,4,#MarkHamill #trumpSociopath,#MarkHamill #trumpSociopath,#MarkHamill #trumpSociopath
Trump,#trumpsproject2025,hashtag,4,#TrumpsProject2025 It’s no lie,"Once again… Trump makes another Project 2025 hire. Despite his lies during the campaign, it was always #TrumpsProject2025",#TrumpsProject2025 It’s no lie
Trump,#trumpvoters,hashtag,4,"#TrumpVoters ""Pi$$tified"" me !",Thanks #TrumpVoters NOT!,"#TrumpVoters ""Pi$$tified"" me !"
Trump,bondi-trump,variant,4,Editorial: Feds should investigate Bondi-Trump connection https://anonymous,Editorial: Feds should investigate Bondi-Trump connection https://anonymous,Editorial: Feds should investigate Bondi-Trump connection https://anonymous
Trump,musk-trump,variant,4,#FLOTUS Elonia Musk-Trump. Congratulations Madame First Lady! #Trump2024 🤣🤣🤣,“A former Amazon executive told Fortune this week that he believed it was the Musk-Trump combo that frightened Jeff Bezos into dumping the Washington Post’s endorsement of Kamala Harris—a moment all-too-akin to a prosperous merchant bowing down to a violent mob boss.”,Democrats flee X for Bluesky amid Musk-Trump alliance https://anonymous
Trump,never-trump,variant,4,"I got an 8% increase in followers today and I want to say...I hope you enjoy my general reply-guyishness as I mostly check in on Legal Twitter, never-Trump Republicans, and chat with middle-aged fathers.","I got an 8% increase in followers today and I want to say...I hope you enjoy my general reply-guyishness as I mostly check in on Legal Twitter, never-Trump Republicans, and chat with middle-aged fathers.","Obscured by the teams, but the Bernie left agreed with the popularists & the SuperPac that Harris should focus on her own economic policy proposals. They all disagreed with the campaign, resistance liberals, & never-Trump Reps, who wanted to focus on Trump & democracy."
Trump,trump-free,variant,4,Please have a trump-free happy weekend! ☺️,I wish there was a Trump-Free internet.,I wish there was a Trump-Free internet.
Trump,trumpa,variant,4,"Part of me is looking forward to the day when, somewhere in Alabama, when church lets put, these trump voters see one of their congregants run down by ICE and they explode...trumpa approval is going to be at 10%","Part of me is looking forward to the day when, somewhere in Alabama, when church lets put, these trump voters see one of their congregants run down by ICE and they explode...trumpa approval is going to be at 10%","Trumpovi kandidáti a nominanti dostali vyhrážky bombou a prepadnutím – Svet – Správy

https://anonymous

Viacero nominantov a kandidátov Donalda Trumpa na posty v jeho nastupujúcej administratíve dostalo v uplynulých hodinách vyhrážky bombou…"
Trump,trumpanzees,variant,4,"I am blocking the stupid Trumpanzees who know nothing but pretend to know everything. God, life must be hard when you are Dunning Kruger stupid.","I am blocking the stupid Trumpanzees who know nothing but pretend to know everything. God, life must be hard when you are Dunning Kruger stupid.",Enjoy tHe EkOnuMbY Trumpanzees!
Trump,trumpists--and,variant,4,"Oh, Lord, on Morning Joe Mika reads an entire noxious Dowd column aloud: anti-identity, anti-trans, anti-woke, anti-campus, which in the end is a defense of Trumpists--and their identify politics, aka racism. But we can't say that.","Oh, Lord, on Morning Joe Mika reads an entire noxious Dowd column aloud: anti-identity, anti-trans, anti-woke, anti-campus, which in the end is a defense of Trumpists--and their identify politics, aka racism. But we can't say that.","Oh, Lord, on Morning Joe Mika reads an entire noxious Dowd column aloud: anti-identity, anti-trans, anti-woke, anti-campus, which in the end is a defense of Trumpists--and their identify politics, aka racism. But we can't say that."
Trump,trumpsgiving,variant,4,Happy Trumpsgiving 😎,HAPPY TRUMPSGIVING FRENS 😎,Happy Trumpsgiving 😎
Harris,#drunkkamala,hashtag,3,"The DEI hire talking to herself about ""power and purpose""...

She looks burdened by what has been bourboned 🥃🥃🥃

🤣🤣🤣
#KamalaHarris #drunkkamala #Libsofbluesky
 #Triggered❤️ #democrats #libtards #DEImustDIE","The DEI hire talking to herself about ""power and purpose""...

She looks burdened by what has been bourboned 🥃🥃🥃

🤣🤣🤣
#KamalaHarris #drunkkamala #Libsofbluesky
 #Triggered❤️ #democrats #libtards #DEImustDIE","The DEI hire talking to herself about ""power and purpose""...

She looks burdened by what has been bourboned 🥃🥃🥃

🤣🤣🤣
#KamalaHarris #drunkkamala #Libsofbluesky
 #Triggered❤️ #democrats #libtards #DEImustDIE"
Harris,#harrisforpresident,hashtag,3,"In this video, mayors from College Park, East Point & Jonesboro share their experiences as #Blackwomeninpower with #WABE’s Southside Reporter #DorMiyaVance as they reflect on Harris’s historic run for office. #Politics #Georgia #Vote #HarrisForPresident 
https://anonymous","Poets for Harris!
#HarrisForPresident
poetsforharris.com","OMG Kamala is talking in GA about the bipartisan border bill that Schlump tanked, and what a self-centered hypocrite he is. It's EXACTLY what I've been wanting her to say.

Thank you, Kamala!

#KamalaForPresident
#HarrisForPresident
#KamalaHarrisForPresident"
Harris,#harriswaltz,hashtag,3,Vote #HarrisWaltz!,"Let's get that vote out *TODAY* my dear 💙Democrat friends!

#VoteBlue #HarrisWalzBringHope #BlueWave #KamalaDefendsDemocracy #VoteKamala #KamalaHarris #VoteHarris #HarrisWaltz 

🌊💙🌀","ABC News: Full Speech from Kamala Harris at the Ellipse in Washington, DC 

#Boost #VoteBlue #HarrisWalzBringHope #KamalaDefendsDemocracy #VoteKamala #KamalaHarris #VoteHarris #HarrisWaltz 

🌊💙🌀"
Harris,#harriswalz24,hashtag,3,#HarrisWalz24,"#VoteBlue 💙
#HarrisWalz24
#HARRIS24
💙👑","#VoteBlue 💙
#HarrisWalz24
#HARRIS24
💙👑"
Harris,#harriswalzbringhope,hashtag,3,"Let's get that vote out *TODAY* my dear 💙Democrat friends!

#VoteBlue #HarrisWalzBringHope #BlueWave #KamalaDefendsDemocracy #VoteKamala #KamalaHarris #VoteHarris #HarrisWaltz 

🌊💙🌀","ABC News: Full Speech from Kamala Harris at the Ellipse in Washington, DC 

#Boost #VoteBlue #HarrisWalzBringHope #KamalaDefendsDemocracy #VoteKamala #KamalaHarris #VoteHarris #HarrisWaltz 

🌊💙🌀","Wishing everyone their best possible Friday ☀️🥰 

#VoteBlue #HarrisWalzBringHope 🌊💙 

@anonymous"
Harris,#holocaustharris,hashtag,3,How Kamala Blew Through $1 Billion Is INSANE! #TheJimmyDoreShow #DueDissidence #KamalaHarris #KillerKamala #HolocaustHarris #Election2024,Harris Campaign DEEP IN DEBT After MILLIONS WASTED on Celebrity Events #DueDissidence #KamalaHarris #HolocaustHarris #Election2024,"#MarcoRubio, who #Trump wants as #SecretaryOfState, says he will NOT call for a ceasefire in #Gaza.

Good job to those who voted against #KamalaHarris
 and called her #HolocaustHarris.

Joke's on them."
Harris,#kamala4president2024,hashtag,3,Good morning! Love this one. #Kamala4President2024,Good morning! Love this one. #Kamala4President2024,"63 year old straight white male, US Army veteran and former Republican.  I voted for Kamala and Tim. 

#Harris_Walz2024 
#VoteBlue2024ProtectWomensRights 
#Kamala4President2024"
Harris,#kamalaharris4potus2024,hashtag,3,#KamalaHarris4POTUS2024 IS FROM THE MIDDLE CLASS!! SHE GETS IT!!,So excited to be rallying the other day in my neighborhood for the Prosecutor and the Coach! @anonymous @anonymous #KamalaHarris4POTUS2024!!! #HarrisWalz2024 #VoteBlueToSaveYourFreedomAndTheUSA,"Kamala ""You guys are at the wrong rally, no, I think you meant to go to the smaller one down the street"".

#KamalaForever #KamalaHarris4POTUS2024 
#KamalaHarris #WeAreNotGoingBack"
Harris,#kamalawalz,hashtag,3,#Trump2024 #project25 #DOGE #Kamalawalz #Kamala #TamponTimmy #swifties4kamala #Gaysforpalestine #AOC #JDVance #JDVance2028 #DNC #Trans,#Trump2024 #project25 #DOGE #Kamalawalz #Kamala #TamponTimmy #swifties4kamala #Gaysforpalestine #AOC #JDVance #JDVance2028 #DNC #Trans,"#KamalaHarris💙 #USA #America #KamalaWalz
@anonymous
Vice President Kamala Harris | Remarks👀

➡️hear https://anonymous"
Harris,#stilllovekamala,hashtag,3,I made it over here. I will have to take some time to post I am a little shell shocked over the tRump win. #StillLoveKamala,I made it over here. I will have to take some time to post I am a little shell shocked over the tRump win. #StillLoveKamala,I made it over here. I will have to take some time to post I am a little shell shocked over the tRump win. #StillLoveKamala
Harris,#voteharriswalzforhealing,hashtag,3,"I think the country needs a woman as President to help us heal. 

We need Kamala to be Mamala for America. 

#VoteHarrisWalzForHealing 
🇺🇸💙🌊","I think the country needs a woman as President to help us heal. 

We need Kamala to be Mamala for America. 

#VoteHarrisWalzForHealing 
🇺🇸💙🌊","I think the country needs a woman as President to help us heal. 

We need Kamala to be Mamala for America. 

#VoteHarrisWalzForHealing 
🇺🇸💙🌊"
Harris,#votekamalaharris2024,hashtag,3,"Unlike JD Vance and the Trump administration we know a President Harris administration would protect LGBTQ rights! 

#VoteKamalaHarris2024

https://anonymous",Vote for common sense.. #VoteKamalaHarris2024,"Happy Friday! 💙😃

#VoteKamalaHarris2024
@anonymous 
@anonymous 
@anonymous 
@anonymous 
@anonymous 
@anonymous 
@anonymous 
@anonymous 
@anonymous 

https://anonymous"
Harris,#yimbysforharris,hashtag,3,#YIMBYsforHarris livestream is happening right now! Join us here! yimbysforharris.com,"Kamala Harris has a common sense plan to make rent and home ownership more affordable for all Americans, including  by streamlining review & permitting on the state and local level to make it easier to fix our housing shortage.

#YIMBYsForHarris #HarrisWalz2024","Kamala Harris has a common sense plan to make rent and home ownership more affordable for all Americans, including  by streamlining review & permitting on the state and local level to make it easier to fix our housing shortage.

#YIMBYsForHarris #HarrisWalz2024"
Harris,kamalawalz2024,variant,3,"H.HALLOWEEN
KamalaWalz2024
🇺🇲🌊💙🎃",If you value WomansRightsToChoose 💅🏾💪🏾 Vote  KamalaWalz2024 🇺🇲🌊💙🇵🇷🇺🇦🇪🇭🌿🤲🏿,If you value WomansRightsToChoose 💅🏾💪🏾 Vote  KamalaWalz2024 🇺🇲🌊💙🇵🇷🇺🇦🇪🇭🌿🤲🏿
Harris,non-harris,variant,3,Say hello to small pox. RFK will usher in a new outbreak. Republicans and non-Harris voters get any and all blame laid at their feet.,"Democracy dies with ignorance; freedom dies with apathy.  

I have been disappointed by non-Harris voters & non-voters alike this election.","The impulse to tell non-Harris voters “you got what you wanted” is so vile to me
And it’s something I see white women doing more than anybody else
Please go clean up your own house instead of screaming at Muslims
you wanna start somewhere? 53%. start there."
Trump,#blacksfortrump,hashtag,3,#BlacksForTrump= #SlugsForSalt,#BlacksForTrump= #SlugsForSalt,"The Unbearable Whiteness of Being a Trumper

#BlacksForTrump"
Trump,#byrondonalds,hashtag,3,"How pathetic that the obedient black MAGA who carries water for white supremacist Trump said “not surprised” at him being snub from the cult leader’s nearly-all white administration! #ByronDonalds #KeithBoykins 
https://anonymous","So far, there has not been a single non white person appointed to #trump cabinet nor his circle of senior advisors

And literally NO ONE is surprised

I can't imagine that even #byrondonalds will have a senior post after shilling for #trump all summer","🤣😂 People are saying that #ByronDonalds didn’t get a top spot in the #Trump administration because of his criminal history with drugs and bank fraud. It’s not about race, though—#RFK Jr and #MattGaetz have records too, and they’re both white guys. I get it."
Trump,#donald,hashtag,3,"#Donald #Trump claimed no ties to Project 2025, yet his cabinet picks are straight from its playbook. His deceit is clear—he's assembling a team to push a dangerous, far-right agenda. We must stay vigilant and oppose this extremist blueprint.","jFFS #Donald, we know better than to set the bar high, but can you at least nominate people who have not been investigated for sexual assault and pedophilia? #Deplorables","#Donald #Trump claimed no ties to Project 2025, yet his cabinet picks are straight from its playbook. His deceit is clear—he's assembling a team to push a dangerous, far-right agenda. We must stay vigilant and oppose this extremist blueprint."
Trump,#donalddump,hashtag,3,"Kamala Harris making a speech on her economic policy and hasn't mentioned windmills or dead birds once

#DonaldDump","Whoever came up with #DonaldDump is a genius

It's so simple and so effective",To any woman that still supports #donaldDump after he took women’s rights backwards & endangered the lives of our young women I say #FCKU 🖕🏼 Only the pregnant woman herself can know whether she is physically & emotionally prepared to bear a child.”
Trump,#donaldtrumpjr,hashtag,3,#CartoonSatire #DeportationGate #DonaldTrumpJr #MAGANazi,"The son of US President-elect Donald Trump, Donald Trump Jr., called people who allowed the use of long-range missiles against Russia ""imbeciles"". #us #usa #news #minimarketonlineltd #minimarket #America #trump #donaldtrump #DonaldTrumpJr   #Ukraina #UkraineWar #russia",#CartoonSatire #DeportationGate #DonaldTrumpJr #MAGANazi
Trump,#donoldtrump,hashtag,3,#DonOldTrump is definitely losing it!,#DonOldTrump is past his prime.. & #WeAreNotGoingBack !!!,#DonOldTrump is past his prime.. & #WeAreNotGoingBack !!!
Trump,#dumpthetrump,hashtag,3,"NEVER AGAIN!! Sign your name to a petition to Demand Kamala open an investigation. IF WE CAN STOP THIS - WE NEED TO TRY!! Don't lay down!! Speak out for Democracy. 100,000 Voices Sign the petition. unitedwestand.vote  Join those who never want this kind of violence again!! #dumpthetrump #recount24",We need to stand up and start SPEAKING OUT!! This is all hands on Deck!! If you voted for Kamala and would rather see her be President!! We need to MAKE OUR VOICES HEARD!! If Donald won - Prove it!! unitedwestand.vote  Recounts Hurt noone. #theresistance #dumpthetrump,We need to stand up and start SPEAKING OUT!! This is all hands on Deck!! If you voted for Kamala and would rather see her be President!! We need to MAKE OUR VOICES HEARD!! If Donald won - Prove it!! unitedwestand.vote  Recounts Hurt noone. #theresistance #dumpthetrump
Trump,#dumptrumpday,hashtag,3,"Today's the day!!

#DumpTrumpDay 

#VoteBlue #KamalaHarris 🌊💙","Today's the day!!

#DumpTrumpDay 

#VoteBlue #KamalaHarris 🌊💙","Today's the day!!

#DumpTrumpDay 

#VoteBlue #KamalaHarris 🌊💙"
Trump,#griftertrump,hashtag,3,"Something I don't understand... Why has no one told us why the gays didn't vote for #KamalaHarris? I found this article suspiciously #RussianDisinformation sounding. There was no discontent between #Biden and #Harris except as a talking point by #GrifterTrump.

https://anonymous",I just turned #SethMeyers off and unsubscribed. He continues to subject me to seeing and hearing #GrifterTrump the rapist nightly. But my sanity comes first. Hopefully he'll come up with some new jokes without subjecting his audience to seeing that orange abuser. We're tired of it!,"If #GrifterTrump doesn't go to jail, everyone in jail should be released and nobody else should be locked up. Crumble the jail industry if we must because there cannot be a system that jails the baby rats and let's the big rat go free from accountability."
Trump,#losertrump,hashtag,3,This Explains a LOT!!!!!!  #LoserTrump,"Please Retweet. We are REALLY SEEKING fighting resister followers. We ALWAYS follow back. Where are you??  NO Women seeking men! NO GAMBIA, NO Bitcoin, NO MAGTS 
#LoserTrump #ChuckandJim",Until the end of time We will never know why THIS was not the END of him!!! The American people are not those I grew up with any more!! #LoserTrump #LiarTrump #ChuckandJim
Trump,#resisttrumpism,hashtag,3,"So very thankful for medical marijuana!
#Anxiety #Depression #ResistTrumpism","So very thankful for medical marijuana!
#Anxiety #Depression #ResistTrumpism","So very thankful for medical marijuana!
#Anxiety #Depression #ResistTrumpism"
Trump,#trump2024vance,hashtag,3,"POLL: Americans give Harris an advantage over Trump on honesty and discipline

75% of those polled say Harris is honest, only 25% say that applies to Trump

https://anonymous

#COpolitics #Trump2024Vance #HarrisWalz2024","POLL: Americans give Harris an advantage over Trump on honesty and discipline

75% of those polled say Harris is honest, only 25% say that applies to Trump

https://anonymous

#COpolitics #Trump2024Vance #HarrisWalz2024","Maga fucked up. Royal fuck up! #deportations ? Food, construction? #tariffs ? Construction, housing, manufacturing? Funny as fuck #trump #Trump2024Vance"
Trump,#trumpguilty,hashtag,3,"Thom Hartmann - 
Possible swing state VOTE hack by MAGA

https://anonymous

#MangoWanker #Mobster #Traitor #Trumphitler #Musk #GOPtraitors #Trump #Putin #Vance #Epstein #Fascists #MAGA #Giuliani #Hitler #Murdoch #Project2025 #Greed #Reagan began the #CRIMINAL #GOP #TrumpGuilty #Rapistt #Fraud","Worth watching from about 8 mins in

https://anonymous

#MangoWanker #Mobster #Traitor #Trumphitler #Musk #GOPtraitors #Trump #Putin #Vance #Epstein #Fascists #MAGA #Giuliani #Hitler #Murdoch #Project2025 #Greed #Reagan began the #CRIMINAL #GOP #TrumpGuilty #Rapistt #Fraud 34 counts",This is a good thing. We need more good things. #trumpguilty
Trump,#trumpisacoward,hashtag,3, #TrumpIsACoward #NEVERvoteRepublican USA DESERVES BETTER....ONLY VOTE BLUE.,#TrumpIsACoward is now trending,"Trump is a coward. Pass it on. Won’t debate 

#TrumpIsACoward"
Trump,#trumpisanationaldisgrace,hashtag,3,"To all the Trump-haters, whatever party you are, Republican, Democrat, or otherwise, THIS IMAGE POST IS DEDICATED TO YOU…
(I actually needed Twitter 
to quick-find these hash–
tags, by the way)
#NeverTrump #trumpisbadforus #TrumpisaNationalDisgrace #TrumpIsAnExistentialThreat #trumpforprison","I didn't vote for him.
America is fu(ked.
#TrumpisaNationalDisgrace
#TrumpIsADangertoAmerica 
https://anonymous","To all the Trump-haters, whatever party you are, Republican, Democrat, or otherwise, THIS IMAGE POST IS DEDICATED TO YOU…
(I actually needed Twitter 
to quick-find these hash–
tags, by the way)
#NeverTrump #trumpisbadforus #TrumpisaNationalDisgrace #TrumpIsAnExistentialThreat #trumpforprison"
Trump,#trumpisatraitorandcriminal,hashtag,3,"This is exciting and hopeful and all the feels we need!! 

👏👏👏👏👏👏👏👏👏👏

#Recount2024
#HarrisWalz2024
#KamalaHarris2024
#PresidentialElection
#PresidentialElection2024
#TrumpIsATraitorAndCriminal","The arrogance is disgusting and disturbing 🤢

#Giuliani 
#RudyGiuliani
#TrumpIsATraitorAndCriminal","I'm going to put aside some time later today to watch this! 👍 

#Film
#Politics
#FilmSky
#PoliticsSky
#TrumpSupporter
#TrumpIsATraitorAndCriminal"
Trump,#trumpisderanged,hashtag,3,"I don’t respect Trump. 
It bothers me because I don’t usually see myself as better than others.
But I not only don’t respect him, I’m afraid of him. 
It’s like giving the car keys to a 95 year old grandpa with all the grandkids in the car. 
It’s irresponsible and dangerous. 
#TrumpIsDeranged","I don’t respect Trump. 
It bothers me because I don’t usually see myself as better than others.
But I not only don’t respect him, I’m afraid of him. 
It’s like giving the car keys to a 95 year old grandpa with all the grandkids in the car. 
It’s irresponsible and dangerous. 
#TrumpIsDeranged","I don’t respect Trump. 
It bothers me because I don’t usually see myself as better than others.
But I not only don’t respect him, I’m afraid of him. 
It’s like giving the car keys to a 95 year old grandpa with all the grandkids in the car. 
It’s irresponsible and dangerous. 
#TrumpIsDeranged"
Trump,#trumpisunwell,hashtag,3,#Abortion #WomensRights #HumanRights #DangerousDonald #DonaldArlingtonTrump #GOPWeirdos #TrumpWillLose2024 #TrumpIsUnwell #Project2025 #KevinRoberts #HeritageFoundation #NoRepublicansEverAgain #FuckFascists #VoteBlue #USPol #DonaldTrump,#Abortion #WomensRights #HumanRights #DangerousDonald #DonaldArlingtonTrump #GOPWeirdos #TrumpWillLose2024 #TrumpIsUnwell #Project2025 #KevinRoberts #HeritageFoundation #NoRepublicansEverAgain #FuckFascists #VoteBlue #USPol #DonaldTrump,"Let’s just call it what it is. A vote for trump to be president is really just a vote for j d vance to be president. 

#TrumpIsUnwell"
Trump,#trumpkakistocracy,hashtag,3,"For anyone who thought tRUmp would staff his cabinet with normal people, I have a very nice bridge to sell you. It's disgusting who he's nominating. Congratulations MAGAts, hope you're happy. #tRUmpKakistocracy.","Now #Trump is just TAUNTING the Senate — Statutory rapist & interstate sex trafficker under House ethics investigation MATT GOETZ as Attorney General?! ATTORNEY GENERAL??!!

#TrumpKakistocracy #Trump is not serious about being president.",#TrumpKakistocracy
Trump,#trumpproject2025,hashtag,3,"#TrumpPROJECT2025 Trump will #JIMCROW America!!! Look up their plan to DESTROY Our Country!!! Folks these (Racist Facist Bigots) are not BS!! #VoteBlue🌊🇺🇲 on Every Ballet, Vote #HarrisWalz2024🇺🇲🌊💙🇵🇷 NOW!!!!!!#WeBackHarrisWalz🇺🇲🌊💙🇵🇷🇺🇦🇯🇴🤲🏿🌿","#TrumpPROJECT2025 Trump will #JIMCROW America!!! Look up their plan to ""DESTROY Our Country""!!! Folks these ( #Racist #Facist #Bigots) are not BS!! 🇺🇲🌊💙🇵🇷🇺🇦🇯🇴🤲🏿🌿","Hope the #Freepalestine movement is happy with their decision not to support Harris. There will be peace in Israel and #fromtherivertothesea 
will become a reality....just hope the Palestinians can swim #TrumpProject2025 #Project2025 #SaveDemocracy #NeverTrump #SCOTUSIsCorrupt #Voterizer"
Trump,#trumpspicks,hashtag,3,"Tulsi Gabbard director of National Intelligence. Are you freaking kidding me??!!! 
#trumpspicks","Has anyone else noticed that Tulsi Gabbard now has Cruella Deville hair?
#trumpspicks","Has anyone else noticed that Tulsi Gabbard now has Cruella Deville hair?
#trumpspicks"
Trump,#trumpstolenuclearsecrets,hashtag,3,This guy gets 15 years (deserved) and Trump gets to be president. #TrumpStoleNuclearSecrets,This guy gets 15 years (deserved) and Trump gets to be president. #TrumpStoleNuclearSecrets,This guy gets 15 years (deserved) and Trump gets to be president. #TrumpStoleNuclearSecrets
Trump,#trumpuniversity,hashtag,3,"Oralè Resisters
See what $25000 
Trump buy nowadays 
#TrumpUniversity 
Corruption at the highest levels of our government continues to be purchased nominees! 
#TrumpYardSale #ShitlersList","Oralè Resisters
See what $25000 
Trump buy nowadays 
#TrumpUniversity 
Corruption at the highest levels of our government continues to be purchased nominees! 
#TrumpYardSale #ShitlersList","Oralè Resisters
See what $25000 
Trump buy nowadays 
#TrumpUniversity 
Corruption at the highest levels of our government continues to be purchased nominees! 
#TrumpYardSale #ShitlersList"
Trump,#trumpwilllose2024,hashtag,3,#HarrisWalz #MichaelBloomberg #KamalaBringsUsJoy #NeverAgainTrump #VoteBlue #TrumpWillLose2024 #NoRepublicansEverAgain #USPol,#Abortion #WomensRights #HumanRights #DangerousDonald #DonaldArlingtonTrump #GOPWeirdos #TrumpWillLose2024 #TrumpIsUnwell #Project2025 #KevinRoberts #HeritageFoundation #NoRepublicansEverAgain #FuckFascists #VoteBlue #USPol #DonaldTrump,#Abortion #WomensRights #HumanRights #DangerousDonald #DonaldArlingtonTrump #GOPWeirdos #TrumpWillLose2024 #TrumpIsUnwell #Project2025 #KevinRoberts #HeritageFoundation #NoRepublicansEverAgain #FuckFascists #VoteBlue #USPol #DonaldTrump
Trump,#trumpyardsale,hashtag,3,"Oralè Resisters
See what $25000 
Trump buy nowadays 
#TrumpUniversity 
Corruption at the highest levels of our government continues to be purchased nominees! 
#TrumpYardSale #ShitlersList","Oralè Resisters
See what $25000 
Trump buy nowadays 
#TrumpUniversity 
Corruption at the highest levels of our government continues to be purchased nominees! 
#TrumpYardSale #ShitlersList","Oralè Resisters
See what $25000 
Trump buy nowadays 
#TrumpUniversity 
Corruption at the highest levels of our government continues to be purchased nominees! 
#TrumpYardSale #ShitlersList"
Trump,#veteransagainsttrump,hashtag,3,"Veterans AGAINST Trump!
#VeteransAgainstTrump","Veterans AGAINST Trump!
#VeteransAgainstTrump","I JUST HAPPEN to be a
""Retired Career Military Veteran""
TOO!
#VeteransAgainstTrump"
Trump,#vicepresidenttrump,hashtag,3,"Can we please start calling Trump 'Vice President' (elect) ? 
Since Musk is the one pulling the strings? 
And boy will he get mad if he sees it. 

#VicePresidentTrump","Hey I don't think Trump would be upset at all if we started calling him Vice President Trump, right?

#VicePresidentTrump","Hey I don't think Trump would be upset at all if we started calling him Vice President Trump, right?

#VicePresidentTrump"
Trump,#weirdtrump,hashtag,3,#KamalaHarris4President2024 #WeirdTrump #Republicans,#KamalaHarris  to make unexpected campaign stop in #Texas in the clearest sign yet that she is making  #abortion and #ReproductiveRights a central part of her closing pitch to  voters https://anonymous via @anonymous #DonaldTrump #OldTrump #WeirdTrump #Republicans,#KamalaHarris4President2024 #WeirdTrump #Republicans
Trump,--trump,variant,3,"""Oh no! How could I ever have foreseen this would be a ridiculous shitshow?""--Trump voters/Jake Paul-Mike Tyson ticket buyers","""Oh no! How could I ever have foreseen this would be a ridiculous shitshow?""--Trump voters/Jake Paul-Mike Tyson ticket buyers",Good talk with Bernie Sanders --Trump Plots MAGA Military Purge with Fox News Host in Charge https://anonymous
Trump,-donald,variant,3,"""All the best people.""
-Donald Trump","“Sometimes very bad decisions are made. They’re not made from an evil standpoint.”

-Donald Trump, excusing the MURDER of Sonya Massey","The 3 people most desperate for Trump to win are:
-Vladimir Putin 
-Elon Musk
-Donald Trump
There is a reason for this."
Trump,1trump,variant,3,"""Less than two weeks after Muslims in Dearborn and beyond voted for Donald Trump saying him and Biden/Harris were the same on Palestine so why not, Trump tells Israeli officials he will release holds on all offensive weapons including 2,000 pound bombs that Biden was blocking on Day 1Trump""","Blocked!
1trump.bsky.social
@anonymous","Blocked!
1trump.bsky.social
@anonymous"
Trump,anti-anti-trumpers,variant,3,"True or false? If, sometime in 2024, you had told anti-anti-Trumpers that Trump would make Gaetz attorney general, Gabbard national-intelligence director, RFK Jr. HHS secretary, etc., they would have shaken their head and said, sadly, ""You suffer from Trump Derangement Syndrome.""","True or false? If, sometime in 2024, you had told anti-anti-Trumpers that Trump would make Gaetz attorney general, Gabbard national-intelligence director, RFK Jr. HHS secretary, etc., they would have shaken their head and said, sadly, ""You suffer from Trump Derangement Syndrome.""","True or false? If, sometime in 2024, you had told anti-anti-Trumpers that Trump would make Gaetz attorney general, Gabbard national-intelligence director, RFK Jr. HHS secretary, etc., they would have shaken their head and said, sadly, ""You suffer from Trump Derangement Syndrome."""
Trump,donaldson,variant,3,"As a human marked as female/feminine, I would never support a misogynistic rapist, aka Trump; how Donaldson supports a racist I'll never understand.
https://anonymous",I hope S.A. Donaldson III arrives soon. His voice is important.,"Donald Trump gives Byron Donaldson, some type of cabinet appointment."
Trump,macdonalds,variant,3,Also notice that Mikey didn’t rate a seat at the  MacDonalds!,Also notice that Mikey didn’t rate a seat at the  MacDonalds!,I wonder in MacDonalds appreciates all the free publicity that Trump gives them. You could not buy it otherwise
Trump,obama-trump-biden,variant,3,I feel like Alcibiades is the prototype of the Obama-Trump-Biden voter,I feel like Alcibiades is the prototype of the Obama-Trump-Biden voter,I feel like Alcibiades is the prototype of the Obama-Trump-Biden voter
Trump,pre-trump,variant,3,"From Heather Cox Richardson's morning Letters from an American: None of Trump’s Cabinet nominees would have been anything but laughable in the pre-Trump era when, for example, Democratic cabinet nominations were sunk for a failure to pay employment taxes for a nanny, or for a donor-provided car.","From Heather Cox Richardson's morning Letters from an American: None of Trump’s Cabinet nominees would have been anything but laughable in the pre-Trump era when, for example, Democratic cabinet nominations were sunk for a failure to pay employment taxes for a nanny, or for a donor-provided car.","Pre-Trump conviction

Biden in the best person to be President

Post-Trump conviction

Biden is the best person to be President"
Trump,retrumplican,variant,3,"I’d like to know where I can get a refund on the time I spent on alert, waiting to take off and bomb the same nation that now owns the Retrumplican Party.","I’d like to know where I can get a refund on the time I spent on alert, waiting to take off and bomb the same nation that now owns the Retrumplican Party.","Holy Retrumplican Rats, Batman !!"
Trump,trump-,variant,3,"We MUST NEVER normalize ANYTHING about trump- 

NOT HIS-

-lust for his own daughter
-predatory actions towards women
-ignorance
-incompetence
-laziness
-pandering to autocrats & war criminals
-grifting
-34 felony convictions
-coverup of 'stolen' classified docs

https://anonymous","amazing that the whole Trump arc is: 
people reject Trump->sorry, Electoral College->people reject Trump->Trump does coup->people point out Constitutional rule barring coup-doers from running again->every pundit in America: ""tsk tsk it's not legitimate unless the people reject Trump""","amazing that the whole Trump arc is: 
people reject Trump->sorry, Electoral College->people reject Trump->Trump does coup->people point out Constitutional rule barring coup-doers from running again->every pundit in America: ""tsk tsk it's not legitimate unless the people reject Trump"""
Trump,trump--but,variant,3,Joe and Mika have chosen to surrender to Trump--but WE will NEVER surrender. We will take the fight to him. We will not meet him halfway on his fascism and racism. We know who he is--and more importantly we know who we are. My article: https://anonymous,Joe and Mika have chosen to surrender to Trump--but WE will NEVER surrender. We will take the fight to him. We will not meet him halfway on his fascism and racism. We know who he is--and more importantly we know who we are. My article: https://anonymous,Joe and Mika have chosen to surrender to Trump--but WE will NEVER surrender. We will take the fight to him. We will not meet him halfway on his fascism and racism. We know who he is--and more importantly we know who we are. My article: https://anonymous
Trump,trump-haters,variant,3,"To all the Trump-haters, whatever party you are, Republican, Democrat, or otherwise, THIS IMAGE POST IS DEDICATED TO YOU…
(I actually needed Twitter 
to quick-find these hash–
tags, by the way)
#NeverTrump #trumpisbadforus #TrumpisaNationalDisgrace #TrumpIsAnExistentialThreat #trumpforprison",Crazy Trump-haters keep trying to convince us that Trump’s campaign is somehow connected to Trumpism.,"To all the Trump-haters, whatever party you are, Republican, Democrat, or otherwise, THIS IMAGE POST IS DEDICATED TO YOU…
(I actually needed Twitter 
to quick-find these hash–
tags, by the way)
#NeverTrump #trumpisbadforus #TrumpisaNationalDisgrace #TrumpIsAnExistentialThreat #trumpforprison"
Trump,trump-like,variant,3,"Your Frida Kahlo, Hannah Arendt voodoo dolls will not defend you
From the Mars-colonizing, anti-vax billionaires who are stuffing democracy with Trump-like ventriloquist dolls
The more inane the belief, the higher it rises up the money ladder",I thought of something every Trump-like person needs and doesn't have: a nearby tower of balloons filled with ketchup!,"I’m sorry, but humble bragging about all your new followers seems a little…

Trump-like?"
Trump,trump-proof,variant,3,Ed Davey urges Starmer to ‘Trump-proof’ UK with closer European ties,"“Newsom said state lawmakers would convene to take immediate legislative action to counter Trump’s expected attacks on abortion…immigration & federal disaster aid”

@anonymous Gavin Newsom’s quest to ‘Trump-proof’ California enrages incoming president
https://anonymous","“Newsom said state lawmakers would convene to take immediate legislative action to counter Trump’s expected attacks on abortion…immigration & federal disaster aid”

@anonymous Gavin Newsom’s quest to ‘Trump-proof’ California enrages incoming president
https://anonymous"
Trump,trumpland,variant,3,"I have already told two fairly known, mobbed up (figuratively speaking?) sources in Trumpland this week “I am hanging up if you bring up the Biden garbage thing, I do not care” plz work someone else on that, and tbh we had a laugh about it and then move on","People, there's going to be a lot of mockery of Trump and Trumpland going forward, and there will be a temptation to spit on the people doing it and say that it doesn't matter, they're wasting their time, and I am going to 100% let you know it does, in fact, matter.  Shame and mockery matter.","Mehmet Oz, I thought I'd never hear that name again. In Trumpland, apparently, old grifters never die. They just become Trump appointees."
Trump,trumplican,variant,3,"Trumplican cabinet. 
https://anonymous","Trumplican cabinet. 
https://anonymous",A lovely pie to bring to your Trumplican family members...
Trump,trumpocalypse,variant,3,the four horsemen of the trumpocalypse.,the four horsemen of the trumpocalypse.,the four horsemen of the trumpocalypse.
BOTH,#nevertrumpneverharris,hashtag,2,"#NeverTrumpNeverHarris 

#DropTheDuopoly #Vote3rdParty 

I will #VoteGreen 💚 #SteinWare2024 JillStein2024.com","#NeverTrumpNeverHarris 

#DropTheDuopoly #Vote3rdParty 

I will #VoteGreen 💚 #SteinWare2024 JillStein2024.com",
BOTH,#trumpharrisdebate,hashtag,2,"On air in around 15 minutes w @anonymous to analyze hands-down victory for #KamalaHarris in #TrumpHarrisDebate 

*#Trump exceeds even my expectation for rambling, incoherence, and lies

*Harris exceeds even my expectations for solid, composed performance

https://anonymous","EA on International Outlets: #KamalaHarris Wins, #DonaldTrump Loses It, #TaylorSwift Endorses, and Immigrants Really Don’t Eat Your Pets

https://anonymous

#TrumpHarrisDebate #USElection2024",
BOTH,trump-does-something-insane-but-the-media-ignores-it-and-instead-criticizes-kamala-harris-game,variant,2,Kinda tired of the Trump-does-something-insane-but-the-media-ignores-it-and-instead-criticizes-Kamala-Harris-Game.,Kinda tired of the Trump-does-something-insane-but-the-media-ignores-it-and-instead-criticizes-Kamala-Harris-Game.,
Harris,#abandonharris,hashtag,2,"Please don’t try to pitch me on your candidate if they actively support the genocide of the Palestinian people. This is an easy one, folks. 

#kamalaharris #abandonharris #harris #palestine #ceasefire #freepalestine

abandonbiden24.com","Kamala Harris believes that Joe Biden did everything right and that Black Men think with their dicks...
#AbandonHarris #AbandonKamala",
Harris,#dontblamemeivotedforkamala,hashtag,2,"My answer to these headlines?  
The Trump Effect #FAFO #BuyersRemorse #DontBlameMeIVotedForKamala","My answer to these headlines?  
The Trump Effect #FAFO #BuyersRemorse #DontBlameMeIVotedForKamala",
Harris,#harris2028,hashtag,2,"I have started to talk to people about 2028 and Harris again! I am fully behind her as a future candidate. If Trump came tin three times, well he’ll do can she!  She has the recognition. We have her story, we’ll see how Trump destroys this country and again a Democrat will fix it! #Harris2028","I have started to talk to people about 2028 and Harris again! I am fully behind her as a future candidate. If Trump came tin three times, well he’ll do can she!  She has the recognition. We have her story, we’ll see how Trump destroys this country and again a Democrat will fix it! #Harris2028",
Harris,#harris24,hashtag,2,"#VoteBlue 💙
#HarrisWalz24
#HARRIS24
💙👑","#VoteBlue 💙
#HarrisWalz24
#HARRIS24
💙👑",
Harris,#harrisforpotus,hashtag,2,#HarrisForPOTUS #Harris2024,#HarrisForPOTUS #Harris2024,
Harris,#harrisforthepeople,hashtag,2,"Ain't gonna put up with Elon Musk and his Trumpist fascist bullshit anymore!

#HarrisForThePeople #USElelctions #TrumpForPrison

https://anonymous","Vote #HarrisForThePeople! Say no to greedy oligarchs and rapists!

https://anonymous",
Harris,#harrisonford,hashtag,2,"Harrison Ford Endorses Kamala Harris

https://anonymous

#HarrisonFord #KamalaHarris #endorsement #election #politics #USpol","
AMERICA  MUST  NOT  VOTE  FOR  A  WANNABE  DICTATOR 

#HarrisonFord #Trump #StarWars   #Fascism #MAGA #Harris",
Harris,#harrisyardsigns,hashtag,2,"Anyone else leaving their Harris/Walz yard signs up? When democracy hits the fan in a couple of months, I want people around here to know we didn't vote for that asshole or his agenda. 
#Kamala #Harrisyardsigns #NotMyPresident","Anyone else leaving their Harris/Walz yard signs up? When democracy hits the fan in a couple of months, I want people around here to know we didn't vote for that asshole or his agenda. 
#Kamala #Harrisyardsigns #NotMyPresident",
Harris,#jesuiskamala,hashtag,2,"Yep. Me, too.

#JeSuisKamala","Yep. Me, too.

#JeSuisKamala",
Harris,#kamalaismypresident,hashtag,2,#KamalaIsMyPresident 🇺🇸,#KamalaIsMyPresident 🇺🇸,
Harris,#kamalakrash,hashtag,2,Worst #KamalaKrash ever,This #KamalaKrash is confusing,
Harris,#kamalaloser,hashtag,2,"Pedocrats plan to elect new party leader days after Trump takes office. The left is decaying and disappearing. Face it, leftists!. https://anonymous  #BlueHell #Pedocrats #TrumpWinner #KamalaLoser #PedocratParty #TrenDeAragua","Pedocrats plan to elect new party leader days after Trump takes office. The left is decaying and disappearing. Face it, leftists!. https://anonymous  #BlueHell #Pedocrats #TrumpWinner #KamalaLoser #PedocratParty #TrenDeAragua",
Harris,#kamalawalz2024,hashtag,2,"It's Democracy over Dictatorship, if this Bigot & Racist, gets elected, this country with be like #northkorea/russia..Don't be a Fool. #KamalaWalz2024🇺🇲💙🌊🇵🇷","Signed, sealed, and will be dropped off at a dropbox tomorrow. #KamalaWalz2024",
Harris,#kammalaharris4president,hashtag,2,"#NeverTrump
#KammalaHarris4President","#NeverTrump
#KammalaHarris4President",
Harris,#presidentkamalaharris,hashtag,2,#PresidentKamalaHarris,VP Kamala Harris will not be disrespected by hecklers! #IamSpeaking #PresidentKamalaHarris https://anonymous,
Harris,#swifties4kamala,hashtag,2,#Trump2024 #project25 #DOGE #Kamalawalz #Kamala #TamponTimmy #swifties4kamala #Gaysforpalestine #AOC #JDVance #JDVance2028 #DNC #Trans,#Trump2024 #project25 #DOGE #Kamalawalz #Kamala #TamponTimmy #swifties4kamala #Gaysforpalestine #AOC #JDVance #JDVance2028 #DNC #Trans,
Harris,#thankyoukamala,hashtag,2,VP Kamala Harris received a warm welcome from hundreds of staffers upon arriving at the White House for the first time since Election Day. Just as she deserves! 🫡 👏🏾 👏🏾 #ThankYouKamala,VP Kamala Harris received a warm welcome from hundreds of staffers upon arriving at the White House for the first time since Election Day. Just as she deserves! 🫡 👏🏾 👏🏾 #ThankYouKamala,
Harris,#votekamala2024,hashtag,2,"Good Morning Blue Friends ☀️💙

I’m with Kamala all the way!! 

Are you ? 

#VoteKamala2024 

🌊🌊🌊🌊🌊🌊🌊🌊🌊","#VoteKamala2024 🗳🌊🇺🇸
Then (2016)...",
Harris,#votekamalaharris,hashtag,2,"Spread this far and wide!
Same day voter registration states: 
#VoteKamalaHarris","Spread this far and wide!
Same day voter registration states: 
#VoteKamalaHarris",
Harris,#vpkamalaharris,hashtag,2,"Big sister #VPKamalaHarris 
Great-Aunt #KamalaHarris
Down time with the kiddos.","
SO tired of people mispronouncing Kamala's name (clearly intentional by some).

Love this merch!

( 📷: @anonymous on TikTok https://anonymous )

#KamalaHarris
#VPKamalaHarris
#KamalaHarrisforPresident",
Harris,harris-,variant,2,"VP Harris-""Don't let anyone take your power from you.""
Thank you for your strength Kamala.
We'll brave this storm together.","VP Harris-""Don't let anyone take your power from you.""
Thank you for your strength Kamala.
We'll brave this storm together.",
Harris,harris-as-prosecutor,variant,2,"I was already done with the standard recitation of ""slept with a porn star!"" in the litany of Trump's crimes, when Stormy Daniels is still living with the consequences of fighting back, yet it's even more grim to hear ""slept with a porn star!"" to set Trump-as-criminal against Harris-as-prosecutor","I was already done with the standard recitation of ""slept with a porn star!"" in the litany of Trump's crimes, when Stormy Daniels is still living with the consequences of fighting back, yet it's even more grim to hear ""slept with a porn star!"" to set Trump-as-criminal against Harris-as-prosecutor",
Harris,harris-but-,variant,2,"Look- there are a lot of reasons to not like Harris-BUT- if I have to stand in front of a room full of 20 year-old gloating dudes who think Trump is the coolest guy in the world for the rest of this week, I'm going to come unwound. Do me a solid","Look- there are a lot of reasons to not like Harris-BUT- if I have to stand in front of a room full of 20 year-old gloating dudes who think Trump is the coolest guy in the world for the rest of this week, I'm going to come unwound. Do me a solid",
Harris,harris-ryan,variant,2,Harris-Ryan would be a great ticket.,Harris-Ryan would be a great ticket.,
Harris,harris2024,variant,2,Harris2024!!!,"Thank you, President Biden 
Vote Kamala Harris2024
https://anonymous",
Harris,kamala-,variant,2,"Laffin' Kamala- I call her laffin' kamala because she's always laughing, always feeling joy, but we don't like joy do we folks? We hate to feel good, we hate our kids who want to take over for us, take over the country. We like when the men have tears in their eyes, and frankly the women too","Laffin' Kamala- I call her laffin' kamala because she's always laughing, always feeling joy, but we don't like joy do we folks? We hate to feel good, we hate our kids who want to take over for us, take over the country. We like when the men have tears in their eyes, and frankly the women too",
Harris,kamala-holding-vinyls,variant,2,"I am powerless before this level of microtargeting 

kamala-holding-vinyls.glitch.me",This is a great site. kamala-holding-vinyls.glitch.me,
Harris,kamalazoo,variant,2,Michelle Obama on 🔥at KAMALAZOO rally.,"""Or should I say, KAMALAzoo!""-- Gold, from Michelle Obama.

Here's the YT link to her speech:

https://anonymous",
Harris,kkkamala,variant,2,"Woke up today to my first experience on BlueSky of harassment and threats of, ""Death to America."" 

But it didn't come from Orange Hitler's voters. It came from Palestinian protestors. They also thought it was cute to call Kamala Harris, ""KKKamala."" *sigh* 😣","So, is KKKamala being placed in the political fridge, or are they gonna let her out to blabber some halfhearted apology and rant against Jill Stein for some reason?",
Trump,#arresttrump,hashtag,2,#WhereIsDarkBrandon with his #AbsoluteImmunity? The #SCOTUSMadeYouKing! #ArrestTrump #DeportMusk #DeportThiel! #EndPutin,"From now on I will refer to Trump as Dongo. 

#ArrestTrump",
Trump,#convictedfelontrump,hashtag,2,I thought maybe someone would like to see this. #ConvictedFelontRUMP,"""trump is fascist to the core"" - Michelle Obama
Turn up the volume and pay on loop!

#ConvictedFelonTrump
#NeverMyPresident
#NaziMusk
#BoycottTesla",
Trump,#dangerousdonald,hashtag,2,#Abortion #WomensRights #HumanRights #DangerousDonald #DonaldArlingtonTrump #GOPWeirdos #TrumpWillLose2024 #TrumpIsUnwell #Project2025 #KevinRoberts #HeritageFoundation #NoRepublicansEverAgain #FuckFascists #VoteBlue #USPol #DonaldTrump,#Abortion #WomensRights #HumanRights #DangerousDonald #DonaldArlingtonTrump #GOPWeirdos #TrumpWillLose2024 #TrumpIsUnwell #Project2025 #KevinRoberts #HeritageFoundation #NoRepublicansEverAgain #FuckFascists #VoteBlue #USPol #DonaldTrump,
Trump,#declassifytrump,hashtag,2,#Swifties Taylor did a lot of good when she endorsed Kamala and Tim with her kitty 🐱 Tell her to write her congress people to support them and let them know WE THE PEOPLE support them too! We ALL need to tell them to stand up and #DeclassifyTrump Thank you 💙🌊,"I'm back on 2 things before January:  Biden should resign to let Harris be the first woman to ascend to office.  What a gift to America, to have a female president, before we lose democracy. And he should declassify the Trump/Putin files.

#DeclassifyTrump 
#ResignAndLetHarrisBe47",
Trump,#defeattrump,hashtag,2,Kamala closing argument speech tonight. Let's elect Harris next Tuesday.  #HarrisWalz2024 #YesWeKam #Harris47 #DefeatTrump,"I've said it once and I'll say it again, if it wasn't about Gender then why else was @anonymous able to do what @anonymous and @anonymous COULDN'T? #DefeatTrump 🤔 I'll wait!",
Trump,#donaldarlingtontrump,hashtag,2,#Abortion #WomensRights #HumanRights #DangerousDonald #DonaldArlingtonTrump #GOPWeirdos #TrumpWillLose2024 #TrumpIsUnwell #Project2025 #KevinRoberts #HeritageFoundation #NoRepublicansEverAgain #FuckFascists #VoteBlue #USPol #DonaldTrump,#Abortion #WomensRights #HumanRights #DangerousDonald #DonaldArlingtonTrump #GOPWeirdos #TrumpWillLose2024 #TrumpIsUnwell #Project2025 #KevinRoberts #HeritageFoundation #NoRepublicansEverAgain #FuckFascists #VoteBlue #USPol #DonaldTrump,
Trump,#donaldjtrump,hashtag,2,"Trump plan will create billion dollar 💲 bill!

#DonaldTrump #TomHoman #MassDeportation #USA #America #Migrants #IllegalImmigrants #Migration #AsylumSeekers #Mexico #Border #Trump #POTUS #maga #donaldjtrump #republican #politics #makeamericagreatagain #trumptrain","Seems 🤔 God decided the Democrats should lose⁉️

#DonaldTrump #TomHoman #MassDeportation #USA #America #Migrants #IllegalImmigrants #Migration #AsylumSeekers #Mexico #Border #Trump #POTUS #maga #donaldjtrump #republican #politics #makeamericagreatagain #trumptrain",
Trump,#donaldtrumptreason,hashtag,2,#DonaldTrumpTreason,#DonaldTrumpTreason,
Trump,#fightagainsttrumpcabinet,hashtag,2,#FightAgainstTrumpCabinet,#FightAgainstTrumpCabinet,
Trump,#fucktrumpsupporters,hashtag,2,"Admittedly, I’ve fallen way off course from my attempt at civil discourse.
I blame the brainless cowards at MSNBC and the inbred garbage morons who voted for trump.

But I am working on it.
#FuckCivilDiscourse
#FuckTrumpSupporters
#FuckMSNBC (except Lawrence who didn’t push Biden out)","Admittedly, I’ve fallen way off course from my attempt at civil discourse.
I blame the brainless cowards at MSNBC and the inbred garbage morons who voted for trump.

But I am working on it.
#FuckCivilDiscourse
#FuckTrumpSupporters
#FuckMSNBC (except Lawrence who didn’t push Biden out)",
Trump,#ihatedonaldtrump,hashtag,2,#IHateDonaldTrump,#IHateDonaldTrump,
Trump,#melaniatrump,hashtag,2,"Melania Trump boycotts tea invitation from Jill Biden while husbands meet
yespunjab.com?p=60344

#MelaniaTrump #JillBiden #WhiteHouseMeeting #DonaldTrump #JoeBiden #FirstLadies #WhiteHouse","Melania Trump boycotts tea invitation from Jill Biden while husbands meet
yespunjab.com?p=60344

#MelaniaTrump #JillBiden #WhiteHouseMeeting #DonaldTrump #JoeBiden #FirstLadies #WhiteHouse",
Trump,#nevertrumper,hashtag,2,"If you are a #NeverTrumper
My friends and I want to follow you!

Drop a 💙

Stay #Trumpless

#SignalBoost
#NoDemUnder1k","OKAY... Looking for my people... I will gladly follow back!
#Resist #NeverTrumper #VoteBlue",
Trump,#noondonaldtrumpsagenda,hashtag,2,"https://anonymous
ATTENTION Democrats in the Senate!!! #LetsGo #NowIsNotTheTimeToDragYourFeet #DemocratsInTheSenateDoSomethingNow #NoOnDonaldTrumpsAgenda #NoI’mDonaldTrumpsCabinet","https://anonymous
ATTENTION Democrats in the Senate!!! #LetsGo #NowIsNotTheTimeToDragYourFeet #DemocratsInTheSenateDoSomethingNow #NoOnDonaldTrumpsAgenda #NoI’mDonaldTrumpsCabinet",
Trump,#oldtrump,hashtag,2,#KamalaHarris  to make unexpected campaign stop in #Texas in the clearest sign yet that she is making  #abortion and #ReproductiveRights a central part of her closing pitch to  voters https://anonymous via @anonymous #DonaldTrump #OldTrump #WeirdTrump #Republicans,"Positive news for #KamalaHarris as poll finds her viewed more favorably than Trump, including among the independent voters that could decide the seven swing states, whilst #DonaldTrump is losing his edge on economy https://anonymous #Republicans #OldTrump",
Trump,#putinownstrump,hashtag,2,#PutinOwnsTrump,"Bingo

#Trump #PutinOwnsTrump",
Trump,#thetrumpeffect,hashtag,2,"#TheTrumpEffect.  A whopping 86% of Republican Americans - a world record - are Optimistic about #MAGA America, while a pitiful 49% of Loser democrats - another record - are pessimistic. Great Optimism is central to Greatness; pessimism to Biden/Harris' abject defeat. #TrumpTillJan2029","
#TheTrumpEffect",
Trump,#trump2024till2029,hashtag,2,"America's GREATEST African-American Economist after Thomas Sowell, Ph.D., rightly warns US about the dangers created by the democrat Biden/Harris regime.  #Trump2024Till2029","America's GREATEST African-American Economist after Thomas Sowell, Ph.D., rightly warns US about the dangers created by the democrat Biden/Harris regime.  #Trump2024Till2029",
Trump,#trump2025,hashtag,2,you are going to like shitting your pants on the regular-#Trump2025,you are going to like shitting your pants on the regular-#Trump2025,
Trump,#trump4prison,hashtag,2,Never thought I'd say this but I really miss real republicans. This MAGA shit is getting critical. #MAGA #Trump #Republicans #Democrats #politics #Kamala #Harris #Trump4Prison,Never thought I'd say this but I really miss real republicans. This MAGA shit is getting critical. #MAGA #Trump #Republicans #Democrats #politics #Kamala #Harris #Trump4Prison,
Trump,#trumpadministrationsowhite,hashtag,2,#TrumpAdministrationSoWhite,#TrumpAdministrationSoWhite,
Trump,#trumpaliban,hashtag,2,"Is Trump a fascist ?

Here’s what ChatGPT decided after a bit of discussion in May 2023.

#Fascist #Trump #Democracy #DemocracyInDanger #Trumpaliban","Is Trump a fascist ?

Here’s what ChatGPT decided after a bit of discussion in May 2023.

#Fascist #Trump #Democracy #DemocracyInDanger #Trumpaliban",
Trump,#trumpclowncabinet,hashtag,2,"One down.... 

#TrumpClownCabinet","One down.... 

#TrumpClownCabinet",
Trump,#trumpclownregime,hashtag,2,#TrumpClownRegime,#TrumpClownRegime,
Trump,#trumpdance,hashtag,2,Oh no! Did Travis do the #TrumpDance in a game? #TaylorSwift would not be happy.,So now the #TrumpDance is a thing?,
Trump,#trumpdecline,hashtag,2,#TrumpDecline,#TrumpDecline,
Trump,#trumpdoesntgiveashitanoutyou,hashtag,2,"Listen to Gavin Newsome callout Trump and his distain for his own supporters. Hey MAGA, don’t start crying when you figure out you voted for the wrong guy. He’s going to fuck over everyone because #TrumpDoesntGiveAShitAnoutYou","Listen to Gavin Newsome callout Trump and his distain for his own supporters. Hey MAGA, don’t start crying when you figure out you voted for the wrong guy. He’s going to fuck over everyone because #TrumpDoesntGiveAShitAnoutYou",
Trump,#trumpdrseuss,hashtag,2,"I do not want you up my skirt
I do not want you down my shirt
I do not want you near my rump
I do not want you Donald Trump! 
#TrumpDrSeuss

10:55 PM · Oct 13, 2016","I do not want you up my skirt
I do not want you down my shirt
I do not want you near my rump
I do not want you Donald Trump! 
#TrumpDrSeuss

10:55 PM · Oct 13, 2016",
Trump,#trumpeconomy,hashtag,2,"The Great #Trumppression is upon us.

#TrumpEconomy","From my pal @anonymous who hasn't quite made the big switch yet. 

#TrumpEconomy",
Trump,#trumpelonmuskow2029,hashtag,2,"#TrumpElonMuskow2029 & all is MAGA well fuckers! 
via @anonymous","#TrumpElonMuskow2029 & all is MAGA well fuckers! 
via @anonymous",
Trump,#trumpers,hashtag,2,I See Stupid People #trumpers,I See Stupid People #trumpers,
Trump,#trumpfatigue,hashtag,2,"Americans, including me, have #TrumpFatigue . He spews the same ""incoherent babble"" at each rally. No more babble about a #wall he didn't build, his health care plan or infrastructure bill; all DOA. My fantasy is to never hear his voice or the name Trump again. End Trump Fatigue, vote for Kamala!","Americans, including me, have #TrumpFatigue . He spews the same ""incoherent babble"" at each rally. No more babble about a #wall he didn't build, his health care plan or infrastructure bill; all DOA. My fantasy is to never hear his voice or the name Trump again. End Trump Fatigue, vote for Kamala!",
Trump,#trumpfelon,hashtag,2,#trump #trumpfelon #trumpforprison,#trump #trumpfelon #trumpforprison,
Trump,#trumpflation,hashtag,2,"Time to rebuild my greenhouse, I guess. #Trumpflation","I have seen enough

#TrumpFlation is going to be a thing

The orange a**hat hasn't taken office yet and retailers are already bracing for it

Massive deportations will also have a major effect in the cost of food

Congratulations America, way to go against your own interests!",
Trump,#trumpgarbage,hashtag,2,🔵⭐️🔵 #TrumpGarbage #TrumpSupporterGarbage, 🔴💀🔴 #TrumpGarbage 🗑️,
Trump,#trumpgriftersgottogrift,hashtag,2,#DonTheCon #TrumpIsUnfitForOffice #TrumpGriftersGotToGrift,#DonTheCon #TrumpIsUnfitForOffice #TrumpGriftersGotToGrift,
Trump,#trumphiding,hashtag,2,What's wrong with Trump? Where is he hiding? #TrumpHiding,What's wrong with Trump? Where is he hiding? #TrumpHiding,
Trump,#trumpisaclown,hashtag,2,#TrumpIsAClown,#TrumpIsAClown,
Trump,#trumpisacon,hashtag,2,#trumpisacon,#trumpisacon,
Trump,#trumpisafascist,hashtag,2,#trumpisafascist #ripamerica,#trumpisafascist #ripamerica,
Trump,#trumpisafascisttothecore,hashtag,2,BRAVO @anonymous FOR SPEAKING OUT!!! #TrumpIsAFascistToTheCore,BRAVO @anonymous FOR SPEAKING OUT!!! #TrumpIsAFascistToTheCore,
Trump,#trumpisafelon,hashtag,2,"Whether or not Trump ever spends a day in prison HE IS A FELON. 

He takes that label to his grave. He is an indicted criminal felon. 

#TrumpIsAFelon",#sanewashing #sanewashingfascism #fascism #pdfiles #trump #trumpisafelon,
Trump,#trumpisagloballaughingstock,hashtag,2,#KamalaHarris4President2024 will WIN this thing! #TrumpIsAGlobalLaughingStock,"We don't do Dictators in the USA!
#elonmusk #trump #gop #project2025 #killtony #russvought #TrumpIsAGlobalLaughingStock #NeverTrump #maga #republicans #america #democracy #putin #russia #robertreich #harrysissons #krassenstein #thirdreich #USconstitution #nfl #nba #mlb #nascar",
Trump,#trumpisanazibafoon,hashtag,2,"Never thought I would agree with RFK Jr on anything but..... 👇Better late than never CNN. 
#RFKJrGetsIt
#TrumpIsANaziBafoon","Never thought I would agree with RFK Jr on anything but..... 👇Better late than never CNN. 
#RFKJrGetsIt
#TrumpIsANaziBafoon",
Trump,#trumpisanexistentialthreat,hashtag,2,"To all the Trump-haters, whatever party you are, Republican, Democrat, or otherwise, THIS IMAGE POST IS DEDICATED TO YOU…
(I actually needed Twitter 
to quick-find these hash–
tags, by the way)
#NeverTrump #trumpisbadforus #TrumpisaNationalDisgrace #TrumpIsAnExistentialThreat #trumpforprison","To all the Trump-haters, whatever party you are, Republican, Democrat, or otherwise, THIS IMAGE POST IS DEDICATED TO YOU…
(I actually needed Twitter 
to quick-find these hash–
tags, by the way)
#NeverTrump #trumpisbadforus #TrumpisaNationalDisgrace #TrumpIsAnExistentialThreat #trumpforprison",
Trump,#trumpisaracist,hashtag,2,#Trump #TrumpIsARacist,"Trump's biggest campaign obstacle: 
He can't stop being Donald Trump https://anonymous via #TrumpIsARacist",
Trump,#trumpisbadforus,hashtag,2,"To all the Trump-haters, whatever party you are, Republican, Democrat, or otherwise, THIS IMAGE POST IS DEDICATED TO YOU…
(I actually needed Twitter 
to quick-find these hash–
tags, by the way)
#NeverTrump #trumpisbadforus #TrumpisaNationalDisgrace #TrumpIsAnExistentialThreat #trumpforprison","To all the Trump-haters, whatever party you are, Republican, Democrat, or otherwise, THIS IMAGE POST IS DEDICATED TO YOU…
(I actually needed Twitter 
to quick-find these hash–
tags, by the way)
#NeverTrump #trumpisbadforus #TrumpisaNationalDisgrace #TrumpIsAnExistentialThreat #trumpforprison",
Trump,#trumpisbrokeaf,hashtag,2,"Drop a  💙 and repost if you agree, Eileen Cannon is inexperienced and compromised and must be removed from the Trump case IMMEDIATELY! #TrumpIsBrokeAF","Donald Trump is embarrassed and furious everyone is saying he is broke, Let's get the word out, shall we? PASS IT ON! 
#TrumpIsBrokeAF",
Trump,#trumpisdangerous,hashtag,2,"Something tells me when the horrendous gravity of what Trump is doing to our citizens hits them…

Mango Mussolini will be ‘Bunker Boy’ all the time!

#TrumpIsDangerous","No one— & I mean NO One should be surprised by who sleazy, felon, rapist, bigot, traitor Donnie the mobster is selecting to fill his Cabinet (more like a junk drawer).

He wants them to reflect his ‘morals’.

#TrumpIsDangerous",
Trump,#trumpisoutonbail,hashtag,2,#Trump #TrumpCult #MAGA #MAGARepublicans #MAGACult #kakistocracy #TrumpVance #TrumpCabinet #Project2025 #DeathOfDemocracy #TrumpIsOutOnBail #TrumpIsACriminal #TrumpIsATraitor #TrumpIsUnfit,#Trump #TrumpCult #MAGA #MAGARepublicans #MAGACult #kakistocracy #TrumpVance #TrumpCabinet #Project2025 #DeathOfDemocracy #TrumpIsOutOnBail #TrumpIsACriminal #TrumpIsATraitor #TrumpIsUnfit,
Trump,#trumpisweird,hashtag,2,@anonymous so glad to hear the list from Margaret Talev of fascists lining up to be Trump’s toadies. #TrumpIsWeird,"#TrumpIsNotFitToBePresident 

Only the #MegaMAGAWeirdWorld #MMWW are still beholden to his weirdly ways

#TrumpIsWeird",
Trump,#trumpland,hashtag,2,I expect the Trump presidency will give us many days like this. 👇 #USPolitics #TrumpLand,Make America Grate Again. 😔 #USPolitics #TrumpLand,
Trump,#trumplies,hashtag,2,#TrumpLies #TrumpRacism #TrumpScams #TrumpHate #TrumpCrimeFamily #TrumpIgnorance #MAGAMorons,"I still cannot believe that any sane woman would vote for this prick.

#voteblue #savedemocracy #trumplies #womenrule",
Trump,#trumplovesputin,hashtag,2,"#trump&putin #trumplovesputin #traitortrump Well this says it all. Know Trump over 35 yrs personally, always thought he was a closet case. All over Europe, why are we not doing this here?","#trump&putin #trumplovesputin #traitortrump Well this says it all. Know Trump over 35 yrs personally, always thought he was a closet case. All over Europe, why are we not doing this here?",
Trump,#trumpminions,hashtag,2,#Trumpminions,#Trumpminions,
Trump,#trumpmugshot,hashtag,2,Next time on 'World's Dumbest Criminals' ... #TrumpMugShot,"JOKE
#TrumpMugShot #TrumpsGothamGoons
https://anonymous",
Trump,#trumpnominees,hashtag,2,#trump #trumpcabinet #trumpadministration #trumpappointments #trumpnominees #maga #magamovement #politics #democracy #autocracy #oligarchy #presidency #executivebranch #congress #senate #senateconfirmations #whitehouse,#trump #trumpcabinet #trumpadministration #trumpappointments #trumpnominees #maga #magamovement #politics #democracy #autocracy #oligarchy #presidency #executivebranch #congress #senate #senateconfirmations #whitehouse,
Trump,#trumpsamerica2025,hashtag,2,"#TrumpsAmerica2025

who couldve guessed it was a racist misogynistic hate movement? 👋","#TrumpsAmerica2025

who couldve guessed it was a racist misogynistic hate movement? 👋",
Trump,#trumpsky,hashtag,2,Good MAGA Morning to all those in #TrumpSky m.media-https://anonymous,Good MAGA Morning to all those in #TrumpSky m.media-https://anonymous,
Trump,#trumpsminion,hashtag,2,"Welcome Swifties! Congrats on abandoning #trumpsMinion

https://anonymous","Welcome Swifties! Congrats on abandoning #trumpsMinion

https://anonymous",
Trump,#trumpstillsmells,hashtag,2,#trumpstillsmells,#trumpstillsmells,
Trump,#trumpsucksbigdicks,hashtag,2,#TrumpSucksBigDicks,#TrumpSucksBigDicks,
Trump,#trumptax,hashtag,2,Today I learned… that the dumbest Senator ever is smarter than Donald Trump. #tariffs #TrumpTariffs #TrumpTax,Today I learned… that the dumbest Senator ever is smarter than Donald Trump. #tariffs #TrumpTariffs #TrumpTax,
Trump,#trumpteam,hashtag,2,"Marco Rubio for State, Huckabee as Ambassador to Israel, and Stefanik at the U.N.? Trump’s next administration looks set to give Netanyahu unprecedented support. #TrumpTeam #Israel","Marco Rubio for State, Huckabee as Ambassador to Israel, and Stefanik at the U.N.? Trump’s next administration looks set to give Netanyahu unprecedented support. #TrumpTeam #Israel",
Trump,#trumptransition,hashtag,2,"How long will it be before Trump fires Little Marco (measured in Scaramuccis, of course)? ⏰️ #TrumpTransition","#TrumpTransition—
The Guardian: “shocking and awful”
Me: “much more awful than shocking”
https://anonymous",
Trump,#trumpunfitforoffice,hashtag,2,#trumpunfitforoffice,#trumpunfitforoffice,
Trump,#trumpwillkillusall,hashtag,2,"🚨🚨 #HillaryWarnedUs 🚨🚨

🤬 #tRUmpWillKillUsALL💀 (If we don’t #RESIST ✊🏻✊🏾)

✨ #ImWithHer✨ STILL! ✊🏻

👏🏻💜 #HillaryClinton 🙋🏼‍♀️🇺🇸","🚨🚨 #HillaryWarnedUs 🚨🚨

🤬 #tRUmpWillKillUsALL💀 (If we don’t #RESIST ✊🏻✊🏾)

✨ #ImWithHer✨ STILL! ✊🏻

👏🏻💜 #HillaryClinton 🙋🏼‍♀️🇺🇸",
Trump,#trumpwinner,hashtag,2,"Pedocrats plan to elect new party leader days after Trump takes office. The left is decaying and disappearing. Face it, leftists!. https://anonymous  #BlueHell #Pedocrats #TrumpWinner #KamalaLoser #PedocratParty #TrenDeAragua","Pedocrats plan to elect new party leader days after Trump takes office. The left is decaying and disappearing. Face it, leftists!. https://anonymous  #BlueHell #Pedocrats #TrumpWinner #KamalaLoser #PedocratParty #TrenDeAragua",
Trump,#vptrump,hashtag,2,"#VPtrump

Make it famous, please RT.","#VPtrump

Make it famous, please RT.",
Trump,#wedontwanttrump,hashtag,2,"Hillary warned us!

#resistwithintent #nevertrump
#wedontwanttrump","Hillary warned us!

#resistwithintent #nevertrump
#wedontwanttrump",
Trump,2017trump,variant,2,2017trump spoke of “American carnage” a long time coming but now we know what he meant,2017trump spoke of “American carnage” a long time coming but now we know what he meant,
Trump,anti-trumpers,variant,2,"It's so cool how Liz Cheney celebrated the Dobbs decision because it returned abortion to the states and then said the red state abortion bans ""cannot stand."" I'm sure being a Harris surrogate played a part, but all the anti-Trumpers become libs eventually lol (see also: Kinzinger).","Cruise Line Offering Depressed Anti-Trumpers a Four-Year Getaway 
Source: TheDailyBeast",
Trump,biden-trump,variant,2,i wish they had scheduled the Biden-Trump transition meeting for evening hours when they're both sundowning and there's a decent chance it could end in a duel,"Impt article that gets to the core of how (if not why) Harris lost: Some voters followed a Biden-Trump path, but mostly it was about JRB voters who didn't vote in 2024. https://anonymous",
Trump,donalda,variant,2,"Trumpovi kandidáti a nominanti dostali vyhrážky bombou a prepadnutím – Svet – Správy

https://anonymous

Viacero nominantov a kandidátov Donalda Trumpa na posty v jeho nastupujúcej administratíve dostalo v uplynulých hodinách vyhrážky bombou…","W USA dzisiaj pierwsza przedwyborcza debata wśród republikańskich kandydatów. Ale Donalda Trumpa nie będzie, bo uznał, że ""nie jest mu to potrzebne"". Trump wyraźnie prowadzi w sondażach.",
Trump,donaldsoros,variant,2,"I blocked Donaldsoros@anonymous because he is a trumpster. If he comes to you with his nonsense on Bluesky, feel free to block him and report him. Silly ole rabbit","I blocked Donaldsoros@anonymous because he is a trumpster. If he comes to you with his nonsense on Bluesky, feel free to block him and report him. Silly ole rabbit",
Trump,dtrumpf,variant,2,"I am very glad I am not alone when it comes to hating what Dtrumpf stands for, it proves there is love out there!","I am very glad I am not alone when it comes to hating what Dtrumpf stands for, it proves there is love out there!",
Trump,intotrump,variant,2,"Join me over at Patreon for a deep dive intoTrump’s initial national security, intelligence, and defense picks.

https://anonymous",I would welcome a list of businesses that dumped money intoTrump’s campaign so that I can make sure that I avoid them like a plague.,
Trump,kimjongtrump,variant,2,This is what you want America to go back to KimJongTrump & RFKjr!,This is what you want America to go back to KimJongTrump & RFKjr!,
Trump,latina-never-for-trump,variant,2,Im a Latina-Never-For-Trump,Im a Latina-Never-For-Trump,
Trump,mcdonalds-employee,variant,2,I assume Trump’s McDonalds-employee photo-op stunt will convince voters he’s really a gritty man of the people as effectively as Dukakis’s armored-soldier photo-op stunt  convinced voters of that in 1988.,I assume Trump’s McDonalds-employee photo-op stunt will convince voters he’s really a gritty man of the people as effectively as Dukakis’s armored-soldier photo-op stunt  convinced voters of that in 1988.,
Trump,mdonaldtrumpscabinet,variant,2,"https://anonymous
ATTENTION Democrats in the Senate!!! #LetsGo #NowIsNotTheTimeToDragYourFeet #DemocratsInTheSenateDoSomethingNow #NoOnDonaldTrumpsAgenda #NoI’mDonaldTrumpsCabinet","https://anonymous
ATTENTION Democrats in the Senate!!! #LetsGo #NowIsNotTheTimeToDragYourFeet #DemocratsInTheSenateDoSomethingNow #NoOnDonaldTrumpsAgenda #NoI’mDonaldTrumpsCabinet",
Trump,non-trump,variant,2,"Promises, promises Peter Navarro.

Peter must not be very happy now that Sen. John Thune has replaced Mitch McConnell.

But a non-Trump Cabinet sounds great to me!

https://anonymous","This election cycle was one big gish gallop by Trump and his supporters. The stream of disinformation and misinformation came at what turned out to be an overwhelming pace. Democrats, non-Trump supporting independents and never-Trumper Republicans tried to counter it all and simply couldn't 1/.",
Trump,out-trump,variant,2,"Harris betrayed us, not the reverse. She raised $1B on fears of a resurgent fascism she represents as much as Trump, splitting & defanging any unified opposition that could’ve existed while trying to out-Trump him on immigration, abandoning trans people, etc. She preferred losing to fighting for us.","Harris betrayed us, not the reverse. She raised $1B on fears of a resurgent fascism she represents as much as Trump, splitting & defanging any unified opposition that could’ve existed while trying to out-Trump him on immigration, abandoning trans people, etc. She preferred losing to fighting for us.",
Trump,peopletrump,variant,2,"Folks, i have been looking over the peopleTrump is picking for positions in his cabinet and what theyintend to do. Alarming isn't a strong enough word.They are going to try and change our way of governing and destroyour safety net of Social Security,Medicare Medicaid,Food Stamps. Everything we 1)","Folks, i have been looking over the peopleTrump is picking for positions in his cabinet and what theyintend to do. Alarming isn't a strong enough word.They are going to try and change our way of governing and destroyour safety net of Social Security,Medicare Medicaid,Food Stamps. Everything we 1)",
Trump,post-trump,variant,2,"https://anonymous

I suspect Mitchy didn’t think Trump would win either. He knows what we know about how Trump’s admin will go and wants to elect someone that will hold Trump back from the worst and save the reputation of the party post-Trump (post-Trump. I like that). 

Thoughts?","Pre-Trump conviction

Biden in the best person to be President

Post-Trump conviction

Biden is the best person to be President",
Trump,pre-trumpocene,variant,2,"Debate over whether Trump's 1.7% popular lead is a mandate misses what's happening. Of course nor; of course he'll say it is; & of course this is bickering over a pre-Trumpocene term. We fight fascism not because of its vote margin but because it's fascism. Had he won by 20 pts, we'd fight fascism.","Debate over whether Trump's 1.7% popular lead is a mandate misses what's happening. Of course nor; of course he'll say it is; & of course this is bickering over a pre-Trumpocene term. We fight fascism not because of its vote margin but because it's fascism. Had he won by 20 pts, we'd fight fascism.",
Trump,pro-trumpism,variant,2,You cannot simultaneously be pro-Mileisim and pro-Trumpism.,You cannot simultaneously be pro-Mileisim and pro-Trumpism.,
Trump,retrumplicans,variant,2,I have 50 followers… THANK YOU the more the better as we FIGHT Adolf Von Trump and the Retrumplicans !!!!,I have 50 followers… THANK YOU the more the better as we FIGHT Adolf Von Trump and the Retrumplicans !!!!,
Trump,traitor-trump,variant,2,EVIL domesticTERRORIST 🤡💩Traitor-TRUMP💩🤡 is CHOOSING the kind of ''🚽CABINET🚽'' only a SERIAL RAPIST could 👹LOVE👹.,EVIL domesticTERRORIST 🤡💩Traitor-TRUMP💩🤡 is CHOOSING the kind of ''🚽CABINET🚽'' only a SERIAL RAPIST could 👹LOVE👹.,
Trump,trump-as-criminal,variant,2,"I was already done with the standard recitation of ""slept with a porn star!"" in the litany of Trump's crimes, when Stormy Daniels is still living with the consequences of fighting back, yet it's even more grim to hear ""slept with a porn star!"" to set Trump-as-criminal against Harris-as-prosecutor","I was already done with the standard recitation of ""slept with a porn star!"" in the litany of Trump's crimes, when Stormy Daniels is still living with the consequences of fighting back, yet it's even more grim to hear ""slept with a porn star!"" to set Trump-as-criminal against Harris-as-prosecutor",
Trump,trump-biden-trump,variant,2,"I'll admit to being fascinated by all the Trump-Biden-Trump voters, who in 2020 were like ""yeah he might actually be america's hitler"" but are now are like ""but Harris is a little short on policy specifics""","I'll admit to being fascinated by all the Trump-Biden-Trump voters, who in 2020 were like ""yeah he might actually be america's hitler"" but are now are like ""but Harris is a little short on policy specifics""",
Trump,trump-era,variant,2,"Astronaut Buzz Aldrin endorses Trump for president

Aldrin pointed to a number of Trump-era policies, including creation of the Space Force, in his statement. 

https://anonymous","Jamie Dimon Eyes Trump-Era Deregulation as Boost for Banking, Economy",
Trump,trump-hating,variant,2,"I’m a Trump-hating celebrity… get me out of here! The mortified lefty stars fleeing America after Kamala’s crushing

https://anonymous

 …","I’m a Trump-hating celebrity… get me out of here! The mortified lefty stars fleeing America after Kamala’s crushing

https://anonymous

 …",
Trump,trump-nominated,variant,2,"One Trump-nominated sex criminal down...
@anonymous 

https://anonymous",#BREAKING: There is support from Trump-nominated Attorney General Pam Bondi on the President-Elect releasing almost all the names in the Jeffrey Epstein list‼️ Citing that anyone fighting to keep themselves private has “no legal basis to do so”‼️🚨😱🍿,
Trump,trump-proofing,variant,2,NY Legislative leaders aren’t yet “Trump-proofing” like their counterparts in CA https://anonymous,Trump-proofing the states is a thing,
Trump,trump-tainted,variant,2,"In the spirit of fair play, it was about time to reach across the aisle to congratulate the Trump-tainted twits on their messiah's Second Coming.","In the spirit of fair play, it was about time to reach across the aisle to congratulate the Trump-tainted twits on their messiah's Second Coming.",
Trump,trump-tember,variant,2,🎶 Wake me up when trump-tember ends 🎶,🎶 Wake me up when trump-tember ends 🎶,
Trump,trump-trumpist,variant,2,The Trump-Trumpist Divide - The Atlantic - If you voted republican this is a must read.,The Trump-Trumpist Divide - The Atlantic - If you voted republican this is a must read.,
Trump,trumpelon,variant,2,Just a reminder fuck trumpelon,From now on I am calling them trumpelon,
Trump,trumpenomics,variant,2,"Trumpenomics.

Guess who's at the top.",I saw a poll with 55% of people are happy with the trump transition so far. It was by CBS. Are you fucking kidding me. If true we should take a step back and let this country have a taste of trumpenomics. Let America see that with no immigrants no healthcare no social security how their lives are,
Trump,trumper-tolerant,variant,2,"If you voted for Trump I don't think you're a good person. If you are Trumper-tolerant, I don't think you're a safe person. I may be friendly but you aren't my friend. I can feel agape love towards you, but it will be at a distance. A safe distance.","If you voted for Trump I don't think you're a good person. If you are Trumper-tolerant, I don't think you're a safe person. I may be friendly but you aren't my friend. I can feel agape love towards you, but it will be at a distance. A safe distance.",
Trump,trumpernutters,variant,2,"Seeing how I'm not engaging any TrumperNutters in my new home here, only mass blocking their pages, I went to snatch some images on Twitter before I shut it down and I just had to take a quick peek at the feed to drop at least one troll bomb for old times sake!","Seeing how I'm not engaging any TrumperNutters in my new home here, only mass blocking their pages, I went to snatch some images on Twitter before I shut it down and I just had to take a quick peek at the feed to drop at least one troll bomb for old times sake!",
Trump,trumpeter,variant,2,Now my friendly neighborhood trumpeter are jubilant an saying see Trump won his cases!,Now my friendly neighborhood trumpeter are jubilant an saying see Trump won his cases!,
Trump,trumpicans,variant,2,"Me in @anonymous on the NH primary and the death of the Republican Party: ""The GOP should rename itself the 'Trumpicans' and exchange the elephant as a symbol for a vulture feeding on the carrion of democracy.""","Me in @anonymous on the NH primary and the death of the Republican Party: ""The GOP should rename itself the 'Trumpicans' and exchange the elephant as a symbol for a vulture feeding on the carrion of democracy.""",
Trump,trumpies,variant,2,"trumpies  cabinet rode the Economic policies from the Obama administration. 
And Claimed it as their own. 
American Electorate will be surprised when the economy goes tits up.
🇮🇪🇪🇺",I love this Italian guy - he has a message for Trumpies. He says 'Vaffanculo' = the F word. :) https://anonymous,
Trump,trumpistan,variant,2,"Trumpistan 

https://anonymous",the leaders of Trumpistan,
Trump,trumpkin,variant,2,Halloween Trumpkin!,"Trumpkin

https://anonymous",
Trump,trumplandia,variant,2,Trump will have a falling out with and jettison musk from trumplandia in about 8 Scaramuccis,"A passion for political violence won the election. I live in Trumplandia, MI, and what I get from MAGA here is a deep rooted love of being violent tough guys. Misogyny. Racism. Willful ignorance. Sure. But violence against women, immigrants, and minorites are still violent tendencies.",
Trump,trumplestiltskin,variant,2,"Honestly, if Merrick Garland ends up in one of Trumplestiltskin’s political enemies prisons, I’m not really gonna be all that upset about it at this point.","Honestly, if Merrick Garland ends up in one of Trumplestiltskin’s political enemies prisons, I’m not really gonna be all that upset about it at this point.",
Trump,trumplethinskin,variant,2,Responding to phoney debate to distract from Trumplethinskin's horrible cabinet picks.,Responding to phoney debate to distract from Trumplethinskin's horrible cabinet picks.,
Trump,trumplings,variant,2,"Yes, I’m rooting for Trump to fail. I’m rooting for him fail so spectacularly the stink NEVER washes off the Rs. I want to see 2 Russian gangsters dragging him out of the WH w/ all the little Trumplings in tow.
I want us, as a nation, to be so embarrassed we beg the world for forgiveness.","Yes, I’m rooting for Trump to fail. I’m rooting for him fail so spectacularly the stink NEVER washes off the Rs. I want to see 2 Russian gangsters dragging him out of the WH w/ all the little Trumplings in tow.
I want us, as a nation, to be so embarrassed we beg the world for forgiveness.",
Trump,trumpo,variant,2,Trumpo+Magamorons= UnAmerican!,Trumpo+Magamorons= UnAmerican!,
Trump,trumpsexuals,variant,2,"And you want to suck Trump's mushroom dry, you Trumpsexuals are disgusting","And you want to suck Trump's mushroom dry, you Trumpsexuals are disgusting",
Trump,trumptrash,variant,2,Block the tRumptrash. Don’t engage.,Block the tRumptrash. Don’t engage.,
Trump,trumpublican,variant,2,"Nancy Mace is a tRumpublican Capitalist! Making money off of a marginalized group. Her shirts say ""Come and take it."" My reply ""Give them Nothing. But take from them, Everything!""
#fucknancymace #transgender #transgenderrights #trumpublican",I have a transgender friend in Alberta. She's been telling me how tRumpublican Politics is leaking into Canada's Parliament.,
Trump,trumpublicans,variant,2,"I only wish that tRumpublicans and the Conservative Christians would believe in this philosophy. 
#transgenderrights #fucktrump #fuckproject2025","I only wish that tRumpublicans and the Conservative Christians would believe in this philosophy. 
#transgenderrights #fucktrump #fuckproject2025",
Trump,trumpwont,variant,2,"Created by a fellow #daliban member to hold Trump and the MAGA movement accountable:

trumpwont.com

Spread this far and wide!

Website will be updated regularly. If you have any suggestions please let me know! I'll relay the info.

#dgg #dggL",trumpwont.com another wonderful contribution from the daliban #dgg,
Trump,trumpx,variant,2,Perfect TrumpX landing! 🇺🇸,Perfect TrumpX landing! 🇺🇸,
Trump,trumpzilla,variant,2,Oh look its Trumpzilla. Spewing hatred and division.,Oh look its Trumpzilla. Spewing hatred and division.,
Trump,trumpzis,variant,2,Dems need to push back vs bullies. Not try to be kind and collaborate with Trump and his Trumpzis.,"Please join me in referring to Trump supporters as Trumpzi or Trumpzis 

Trrumpzis, all together now.. arm up

Hail Trump.",
BOTH,harris-trump,variant,1,Haven’t watched the Harris-Trump debate yet (I research the far right so I have to). Was it stupid or really stupid?,,
BOTH,trump-harris,variant,1,The Media Research Center spent much of the day after the Trump-Harris debate ranting that the non-right-wing media accurately noted that Kamala Harris performed well. https://anonymous,,
Harris,#abandonkamala,hashtag,1,"Kamala Harris believes that Joe Biden did everything right and that Black Men think with their dicks...
#AbandonHarris #AbandonKamala",,
Harris,#actkamalaact,hashtag,1,Can we get a hashtag going here? #ActKamalaAct,,
Harris,#bidenresignharrisascend,hashtag,1,"We should get this trending just to be ornery.  🤣
#BidenResignHarrisAscend",,
Harris,#catladies4kamala,hashtag,1,"Found this cleverly designed t-shirt online last evening & posted it on Mastodon, where it’s been such a hit (understandably!) I thought I’d post it here, too…
#vote #Kamala #harris2024 #catladies4kamala 
https://anonymous",,
Harris,#catladiesforkamala,hashtag,1,"#CatLadiesForKamala has caravan door knocking abilities to swing states.  

catladiesforkamala.com",,
Harris,#electharriswalz,hashtag,1,"BTW, childless cat lady done voted. 

(Ok, more of a corgi lady, but still. Same vibe. 😏)

#ElectHarrisWalz #VoteBlueDownBallot",,
Harris,#haleyvotersforharris,hashtag,1, #HaleyVotersForHarris 🔵⭐️🔵,,
Harris,#happybirthdaykamalaharris,hashtag,1,#HappyBirthdayKamalaHarris. 🥳🎉,,
Harris,#harris-,hashtag,1,When will #Harris break from the failed foreign policies of the #Harris-#Biden admin,,
Harris,#harris-walz2024,hashtag,1,"#HARRIS-WALZ2024

WE'RE GOING BACK TO THE FUTURE!",,
Harris,#harris47,hashtag,1,Kamala closing argument speech tonight. Let's elect Harris next Tuesday.  #HarrisWalz2024 #YesWeKam #Harris47 #DefeatTrump,,
Harris,#harris4america,hashtag,1,#Fresh #IAmWithHarris #Harris4America A womans place is in the WH,,
Harris,#harrisforpresident2024,hashtag,1,"#KamalaHarris as Jedi Master! 

The force, without a doubt, is with her! 

#HarrisForPresident2024

https://anonymous",,
Harris,#harrisisamazing,hashtag,1,"Just sayin'

#FBR #HarrisWalz2024 #resist #TrumpPedoFiles #TruthWarriors #resistance #FunnyGod #TraitorTrump #BidenRocks #HarrisIsAmazing #WalzIsWonderful @anonymous @anonymous @anonymous #AOC #StrongerTogether #Jan6 @anonymous @anonymous @anonymous @anonymous",,
Harris,#harriskelly2024,hashtag,1,"#HarrisKelly2024

Make it happen.",,
Harris,#harrison,hashtag,1,"#Harrison and Kaeding excited to be part of new cabinet

Ryan KiedrowskiLocal Journalism Initiative ReporterThe World-SpectatorPremier Scott Moe appointed a... https://anonymous",,
Harris,#harriswaltz2024,hashtag,1,#HarrisWaltz2024 #Election2024 #Voteblue #Politics,,
Harris,#harriswalzfordemocracy,hashtag,1,"#HarrisWalzforDemocracy 
#VoteBlue",,
Harris,#harriswalzforthewin,hashtag,1,"#KamalaHarris is showing up to HER rallies… and bringing some big name celebrity support with her!! 

#HarrisWalz2024 #HarrisWalzForTheWin!!
https://anonymous",,
Harris,#hereforharris,hashtag,1,"Ok, #HereforHarris",,
Harris,#hyenaharris,hashtag,1,"Looks like this CHEETO has EXPIRED!

Time to take out the GARBAGE!

HA HA HA HA HA HA!!!

(Please FULL VIEW)

#Furry #Kamala #Hyena #Harris #Fursona #Yeen #Art #FurryArt #Vote #Election #HarrisWalz2024 #Kamalayeen #Yeenmala #HyenaHarris #VoteBlue",,
Harris,#iamwithharris,hashtag,1,#Fresh #IAmWithHarris #Harris4America A womans place is in the WH,,
Harris,#isupportkamalaharris,hashtag,1,"I will continue to support KAMALA HARRIS and the Democrats!  Fight is not over. The next 4 years, please keep hope alive. Keep fighting for freedom!
#ISupportKamalaHarris",,
Harris,#kamala-nimarata,hashtag,1,"#Kamala-Nimarata, it’s_happening.gif",,
Harris,#kamala4president,hashtag,1,"""I just voted!!! Don’t tell us what to do with our coochies!! #Kamala4President,"" she wrote",,
Harris,#kamalabringsusjoy,hashtag,1,#HarrisWalz #MichaelBloomberg #KamalaBringsUsJoy #NeverAgainTrump #VoteBlue #TrumpWillLose2024 #NoRepublicansEverAgain #USPol,,
Harris,#kamalachameleon,hashtag,1,"#KamalaHarris2024 has the same right-wing Republican agenda as #HillaryClinton in 2016 & the only real hope for #Democrats is that more people despise #DonaldTrump than #KamalaChameleon; will her support for #ApartheidIsrael's #GazaGenocide play a role...?

https://anonymous",,
Harris,#kamaladeliversjoytous,hashtag,1,"This! OMG! When we fight,  we win. Let's go!
#KamalaDeliversJoyToUS",,
Harris,#kamalafightsforfreedom,hashtag,1,Let me hear you! Who else is absolutely without a doubt voting for Kamala Harris? #KamalaFightsForFreedom,,
Harris,#kamalaforever,hashtag,1,"Kamala ""You guys are at the wrong rally, no, I think you meant to go to the smaller one down the street"".

#KamalaForever #KamalaHarris4POTUS2024 
#KamalaHarris #WeAreNotGoingBack",,
Harris,#kamalaforpresident,hashtag,1,"OMG Kamala is talking in GA about the bipartisan border bill that Schlump tanked, and what a self-centered hypocrite he is. It's EXACTLY what I've been wanting her to say.

Thank you, Kamala!

#KamalaForPresident
#HarrisForPresident
#KamalaHarrisForPresident",,
Harris,#kamalaforpresident2024,hashtag,1,"Kamala Harris is the perfect person to be the next President of the United States! She is a highly qualified, experienced, empathetic, great oratory skills, strong woman. She’s one of the most qualified Presidential candidates we’ve ever had. 

#KamalaForPresident2024",,
Harris,#kamalaharrisforpotus,hashtag,1,"#KamalaHarrisforpotus 

#voteblue 

https://anonymous",,
Harris,#kamalaharrisforpresident2024,hashtag,1,"PACKED Arena ERUPTS For Kamala Harris in Atlanta https://anonymous via @anonymous 🇺🇸

😊😊😊😊😊😊😊😊😊😊😊😊😊😊

#KamalaHarris2024 🇺🇸

#KamalaHarrisForPresident2024 🇺🇸",,
Harris,#kamalaharristimwalz,hashtag,1,"#Vote
#KamalaHarrisTimWalz
„I’ve been studying this group for over four years. I watched them conceive, organize, plan and execute the #BigLie and J6. This isn’t a conspiracy theory, it’s an open #collaboration between people who agree on just one thing:",,
Harris,#kamalahq,hashtag,1,"#BREAKING:
#KamalaHarris Continues To BEAT #DonaldTrump In Recent Polls 50% to 42% 8-points 🆙 #HarrisWalz #KamalaHQ 🇺🇸🌊

@anonymous
@anonymous
@anonymous
@anonymous 
@anonymous
@anonymous
@anonymous",,
Harris,#kamalaorbust,hashtag,1,"If MVP Harris ain’t on that ticket in 2028, then the Republicans can keep this mf. #kamalaorbust",,
Harris,#kamalas,hashtag,1,"@anonymous
🇬🇧 💪🏽🇺🇸
#KamalaHarris vowed to “keep fighting” in her first speech after her 2024 presidential election loss to Donald #Trump. The vice president’s voice appeared to cra…

https://anonymous

( Bernies  #OurRevolution meets #Kamalas coalition the future of ✊🏾 Do you get it! 😉)",,
Harris,#kamalaspajamalas,hashtag,1,"As of last night, tRump was only ahead by 1.6%. Kamala only had 107 days to try to get her message out, and I think she did a damn great job!  Yet the Dems are already eating each other alive, pointing fingers while blaming our VP.  49% is not a mandate. THERE IS NO MANDATE.
#khive
#kamalaspajamalas",,
Harris,#kamalasutra,hashtag,1,I like to think of Harris Policies as the #Kamalasutra,,
Harris,#kamalatime,hashtag,1,Let’s GO! #KamalaTime 👏🏾🔪,,
Harris,#kamalaweloveyou,hashtag,1,"DAMN IT! Tears again. She was supposed to be ours 💔🤍💙
#KamalaWeLoveYou",,
Harris,#kamalawinswithjoy,hashtag,1,"Kamala Harris surges in polls and ""enthusiasm is off the charts."" Americans are embracing the family-friendly vision and freedom-embracing policies of the #HarrisWalz ticket. https://anonymous #KamalaWinsWithJoy",,
Harris,#kamalayeen,hashtag,1,"Looks like this CHEETO has EXPIRED!

Time to take out the GARBAGE!

HA HA HA HA HA HA!!!

(Please FULL VIEW)

#Furry #Kamala #Hyena #Harris #Fursona #Yeen #Art #FurryArt #Vote #Election #HarrisWalz2024 #Kamalayeen #Yeenmala #HyenaHarris #VoteBlue",,
Harris,#killerkamala,hashtag,1,How Kamala Blew Through $1 Billion Is INSANE! #TheJimmyDoreShow #DueDissidence #KamalaHarris #KillerKamala #HolocaustHarris #Election2024,,
Harris,#lotusesforkamala,hashtag,1,"Defiantly Happy #FlowerFriday!

#LotusesForKamala #MomentsOfBeauty",,
Harris,#mnforkamala,hashtag,1,"from claimingourvoices

Why should we vote for Kamala as Muslims? Kamala Harris stands for justice, equality, and the freedom to practice our faith. She fights against Islamophobia and supports our rights. Let’s make our voices heard. 

#MuslimsForKamala #VoteKamala #MNForKamala",,
Harris,#muslimsforkamala,hashtag,1,"from claimingourvoices

Why should we vote for Kamala as Muslims? Kamala Harris stands for justice, equality, and the freedom to practice our faith. She fights against Islamophobia and supports our rights. Let’s make our voices heard. 

#MuslimsForKamala #VoteKamala #MNForKamala",,
Harris,#presidentharris2024,hashtag,1,Are we too believe this lifelong Prosecutor and the Immune President dark Brandon would turn their backs on an election with more red flags then any one event in history? ITS NOT OVER. 68 days to fix this. #PresidentHarris2024,,
Harris,#republicansforharris,hashtag,1,#RepublicansForHarris 🔵⭐️🔵,,
Harris,#resignandletharrisbe47,hashtag,1,"I'm back on 2 things before January:  Biden should resign to let Harris be the first woman to ascend to office.  What a gift to America, to have a female president, before we lose democracy. And he should declassify the Trump/Putin files.

#DeclassifyTrump 
#ResignAndLetHarrisBe47",,
Harris,#swiftiesforharris,hashtag,1,Its now official Taylor Swift has endorsed Kamala Harris for president #swiftiesforharris engage!,,
Harris,#taylorswiftforkamalawalz2024,hashtag,1,#WeBackKamalaHarris🇺🇲🌊💙🇵🇷  #HarrisWalz2024 🇺🇲🌊💙🇵🇷🇺🇦🇯🇴🤲🏿🌿 #EbonyAmericaVoteBlue2024🌊💙🌊💙 #WomansRightToChoose💪🏾💅🏾#TaylorSwiftForKamalaWalz2024 🐈💅🏾💪🏾,,
Harris,#trainwreckkamala,hashtag,1,"#TrainwreckKamala hits #1 on X trending, as Kamala underperformed with her Bret Baier interview and her campaign struggles to receive support.",,
Harris,#voteforkamala,hashtag,1,Best sign so far! #voteforkamala #nevertrump,,
Harris,#voteforkamalaharris,hashtag,1,This was a solid interview between Kamala Harris and Shannon Sharpe. https://anonymous #blackmalevoters #voteforkamalaharris,,
Harris,#voteforkamalaharris2024,hashtag,1,"#VoteForKamalaHarris2024
💙🇺🇸🌊💙🇺🇸🌊",,
Harris,#voteforkamalatoday,hashtag,1,"#VoteKamala 
💙💙💙🇺🇸🇺🇸🇺🇸🌊🌊🌊🌊🌊 #VoteForKamalaToday",,
Harris,#votefreedomvoteharris,hashtag,1,"I want regulations over companies.
I don't want regulations over my body, my mind, my identity, my ethnicity, my love life, my sex life (consenting adults), my writing, my clothing choices, etc... 
#VoteFreedomVoteHarris",,
Harris,#voteharristosaveamerica,hashtag,1,"To women of the US,

The Republicans literally fucking hate you. 

#VoteHarrisToSaveAmerica",,
Harris,#votekamala4president2024,hashtag,1,#Cher speaks out! #VoteKamala4President2024… https://anonymous,,
Harris,#walzharris2024,hashtag,1,"Let's do this, #WalzHarris2024  🇺🇸 🇺🇸

https://anonymous",,
Harris,#webackharriswalz,hashtag,1,"#TrumpPROJECT2025 Trump will #JIMCROW America!!! Look up their plan to DESTROY Our Country!!! Folks these (Racist Facist Bigots) are not BS!! #VoteBlue🌊🇺🇲 on Every Ballet, Vote #HarrisWalz2024🇺🇲🌊💙🇵🇷 NOW!!!!!!#WeBackHarrisWalz🇺🇲🌊💙🇵🇷🇺🇦🇯🇴🤲🏿🌿",,
Harris,#webackkamalaharris,hashtag,1,#WeBackKamalaHarris🇺🇲🌊💙🇵🇷  #HarrisWalz2024 🇺🇲🌊💙🇵🇷🇺🇦🇯🇴🤲🏿🌿 #EbonyAmericaVoteBlue2024🌊💙🌊💙 #WomansRightToChoose💪🏾💅🏾#TaylorSwiftForKamalaWalz2024 🐈💅🏾💪🏾,,
Harris,biden-harris-cheney,variant,1,"I think people are overlooking the way our involvement in these wars colored people’s perception of the priorities of the Biden-Harris-Cheney administration. 

Story here: https://anonymous

@anonymous",,
Harris,biden-harris-obama,variant,1,"Take the Biden-Harris-Obama Cabal's EV BRIBE MONEY & re-appropriate it to PAY FOR RESEARCH on ULTRA PROCESSED FOODS that's killing Americans! Ofcourse the MAKE AMERICA SICK TEAM: Big Pharma, Big Ag, Big Food, who bankrolls the DEMOCRAT PARTY & the SWAMP DC RULING CLASS BUREAUCRAT not gonna like it!",,
Harris,catladiesforkamala,variant,1,"#CatLadiesForKamala has caravan door knocking abilities to swing states.  

catladiesforkamala.com",,
Harris,clinton-harris,variant,1,"Clinton-Harris 2028: 
But Our Emails",,
Harris,dncjamieharrison,variant,1,"Asking about
dncjamieharrison on your list. Looks real to me",,
Harris,ex-harris,variant,1,Ex-Harris Aide Urges Biden to Resign and Let Kamala Be President - The Daily Beast,,
Harris,forkamala-tim,variant,1,"Bad news for Trump republican and independant voters voting forKamala-Tim 
https://anonymous",,
Harris,genocideharris,variant,1,"If your for #Harris/Walz campaign BLOCK this fool calling her genocideHarris!
https://anonymous",,
Harris,harris--of,variant,1,"for all the talk of the working class abandonment of Harris--of which there was a lot--it wasn't just that: as this New York Times analysis of the New York City vote shows, she was even under Biden in the most high income, high education areas of Brooklyn: https://anonymous",,
Harris,harris-cheney,variant,1,The news at 11:20:41 is Will the Harris-Cheney show persuade anti-Trump Republicans? The Democratic candidate targeted disaffected Republicans in three of the most contested states.,,
Harris,harris-whitmer,variant,1,Harris-Whitmer 2024 because fuck the patriarchy.,,
Harris,harrisa,variant,1,Kamala Harrisa says she will legalize recreational marijuana,,
Harris,harrisburg,variant,1,"“Here in Harrisburg, in the ‘People’s House’, we held onto the people’s majority, because we’ve been delivering for the work of the people,” @anonymous 
https://anonymous",,
Harris,harriser,variant,1,america has to choose between harris and a sexual harriser,,
Harris,harrismentum,variant,1,"I am torn between once again pointing out that polls aren't a score and Harris isn't meaningfully ahead by two anymore than Biden was behind by two and can't be and just wanting to say ""That's right.""

So, That's right, Harrismentum bb!",,
Harris,harrisonvile,variant,1,"NO MOTOROLA NO SUNTRON 

TEXAS 

DEATHS MURDERS OF BUSH 41 FIRST LADY BARBARA BUSH 
ARIZONA McCain 
Dole's of Harrisonvile Missouri 
Dole of Kansas FORMER Senator 
You Religious LIAR'S 
Religion SOLD 
What OCCURRED CONTINENT TO CONTINENT 
INCLUDING 
CAUCASIAN GRANDFATHER 
F.W. de KLERK KILLED",,
Harris,inspirewithkamala,variant,1,adding inspirewithkamala. bsky. social to the block list because what in the world is this?,,
Harris,kamala-is-a-skank,variant,1,BLOCK is c*nt: kamala-is-a-skank.bsky.social,,
Harris,kamala-liz,variant,1,My partner's niece's boyfriend's mom thinks they should have a unity Kamala-Liz Cheney ticket,,
Harris,kamala-the-genocider,variant,1,"This sounds great!

*one minute into kamala-the-genocider’s ball*

“It’s not a priority right now.”",,
Harris,kamala_news,variant,1,"kamala_news

BREAKING: Over 7 million people across all platforms, outside of cable, watched Kamala Harris’ Houston rally with Beyoncé. That’s more viewers than the most recent CMAs, VMAs, Emmys & Tony’s. Let’s go.",,
Harris,kamaladreams,variant,1,i was KamalaDreams on X until they decided to suspend me for good,,
Harris,kamalaharrisdotcom,variant,1,Just got an email from KamalaHarrisdotcom asking to donate to the fight fund and now I want to cry the rest of the day.,,
Harris,kamalama,variant,1,"Saw another apparently anti-Harris sign near me. This one simply said “Kamalama Ding Dong/Walznuts.” I understand on an intellectual level that it is meant to be an insult, but I cannot comprehend the brain that sees it as clever.",,
Harris,keyboardsforkamala,variant,1,"posting is politics again

use this amazing tool to post effectively for Harris 🇺🇸

www.keyboardsforkamala.com",,
Harris,mckamala,variant,1,"McKamala’s - Ba da ba ba ba, she’s loving it!",,
Harris,non-biden-harris,variant,1,Affirming what I’ve been pointing out for the last 18 hours. The campaign finance rules make a non-Biden-Harris choice of nominee a giant act of self-harm.,,
Harris,poetsforharris,variant,1,"Poets for Harris!
#HarrisForPresident
poetsforharris.com",,
Harris,progressivesforharris,variant,1,"""Kamala Harris fights for working families, and she is the fighter we need."" --Senator Elizabeth Warren.
Join us right now: progressivesforharris.com",,
Harris,unitedforharris,variant,1,"Appreciate Joe Biden for making the heroic & patriotic decision to  pass the torch to Kamala Harris. History will remember Biden as one of the best Democratic Presidents.

That said - we need now unite for Kamala and campaign w everything we got. unitedforharris.com",,
Harris,whitedudesforharris,variant,1,"Today is my birthday and I have one wish from you all and what is to donate to Kamala Harris through White Dudes for Harris. 

You can do so at whitedudesforharris.com!",,
Harris,yimbysforharris,variant,1,#YIMBYsforHarris livestream is happening right now! Join us here! yimbysforharris.com,,
Trump,#abolishtrump,hashtag,1,"Actively looking for Sussex Squad 📣

Just a triracial woman living in the times of second coming of women! 🙌

#Kamala2024 
#PrincessMeghan
#RacismIsBad
#AbolishTheMonarchy
#AbolishTrump",,
Trump,#babytrump,hashtag,1,"#meme
#FunnyMeme 
#BabyTrump",,
Trump,#bidentrumpdebates,hashtag,1,#BidenTrumpDebates #SharksVElectrocution #TrumpIsBonkers,,
Trump,#blockdonaldtrumpappointees,hashtag,1,"#BlockDonaldTrumpAppointees FOE: Take Action | Block Donald Trump’s extremist appointees! >>
https://anonymous",,
Trump,#clowntrump,hashtag,1,Fuck you Trump! #FuckTrump #ClownTrump,,
Trump,#criminaltrump,hashtag,1,"Hey, if Sen Mitch McConnell is the guardrail to stop #CriminalTrump, I’ll take him!",,
Trump,#dictatortrump,hashtag,1,"It's official! Donald James tRump is Above the Law. Now, with the federal courts on his side. And, with SCOTUS giving him immunity. The most dangerous man in America CAN DO ANYTHING HE WANTS. He admires dictators because of their Total power over their citizens. #fucktrump #dictatortrump 😡",,
Trump,#disqualifieddonald,hashtag,1,"Donald trump disqualified himself from running for office after breaking Article 3 of the 14th Amendment. 
ANYONE who is ignoring that, deserves trump as a president. #disqualifieddonald",,
Trump,#dogsagainsttrump,hashtag,1,"My dog growls when I say fascist. 

#democratdogs #dogsagainsttrump
#resist #bluecrew",,
Trump,#dolaldtrump,hashtag,1,"Commemorate President Trump’s historic comeback with this hardcover collector’s book.
#newsunitedstates #usanews #dolaldtrump",,
Trump,#donakdtrump,hashtag,1,"Why attacking #DonakdTrump ’s character has proven so ineffective - We will soon know whether his luck has finally run out. But what is already clear is that while he might have the veneer of moral character, he has precious little of the virtue https://anonymous via @anonymous #KamalaHarris4President",,
Trump,#donaldputin,hashtag,1,"Joe Scarborough and Mika Brzezinski should be absolutely SHAMED of themselves!

They call Trump a threat to democracy, then go to Florida and kiss his ass out of fear #DonaldPutin will imprison them if it gets that far. 

DAMN!",,
Trump,#donaldtrumpisanazi,hashtag,1,"Donald Trump and his cronies are indeed Nazis 

#DonaldTrumpIsANazi 

https://anonymous",,
Trump,#donaldtrumpsucks,hashtag,1,"I miss when Presidents and future Attorney Generals didn't have mugshots.

America can do so much better.
#MattGatez #DonaldTrumpSucks",,
Trump,#donaldtrumpsuperstar,hashtag,1,"#DonaldTrumpSuperStar

Donald Trump is the most charming person in world media...

""I an LOVING IT"" - McDonald's OWNS the word ""Love"" in Heats and Minds, with no protest from the Clergy.",,
Trump,#donoldtrumpevilneverdies,hashtag,1,#DonOldTrumpEvilNeverDies,,
Trump,#donoldtrumpisdone,hashtag,1,"I see the Elon Musk, Trump
Cluster fuck has broken the Twitter platform……#DonOLDTrumpIsDone",,
Trump,#donoldtrumpnotfit2bepotus,hashtag,1,#DonOldTrumpNotFit2BePotus,,
Trump,#donoldtrumptoiletpotus,hashtag,1,#DonOldTrumpToiletPotus,,
Trump,#draftdodgertrump,hashtag,1,#trumpIsFascistToTheCore #DraftDodgerTrump,,
Trump,#ducktrump,hashtag,1,"These people demanding Kevin Rudd be dismissed need to find a single thing he has said that is incorrect. Trump is the village idiot and a thin-skinned baby. Jeez, his former staff have described him as such, including Rubio

#DuckTrump 

https://anonymous",,
Trump,#dumbtrump,hashtag,1,"I used a public restroom the other day and it never occurred to me to inspect anyone else while I was in there, because I am not a raving lunatic…
#iblockmaga #notmypresident #dumptrump #dumbtrump",,
Trump,#fascisttrump,hashtag,1,#FascistTrump ☮️💙🌊✊🐕‍🦺,,
Trump,#fecal_feces_excrement_aka_pos_convected34x_felon_trump,hashtag,1,"What's funny about Trump's speeches, no one understands them at all, especially, #fecal_feces_excrement_aka_POS_CONVECTED34X_FELON_TRUMP! Because, the very next day, someone will ask him personally, what did he mean, and out of his mouth, he says I never said that. #IAmPoliticsGirl #RepAOC",,
Trump,#felontrump,hashtag,1,#FelonTrump #ConvictedFelons #McDonald’s🤣,,
Trump,#fighttrump,hashtag,1,#FightTRUMP,,
Trump,#fighttrumpism,hashtag,1,"Real Americans will not give in.

If wannabe dictator Rapist Trump, the Fascist Republican Party, and Brain Damaged MAGA want to take away our Democracy, they'll have to pry it out of our cold, dead, hands.

Resist!

#FightTyranny
#FightTrumpism
#FightTyranny
#FightTrumpism",,
Trump,#ftrump,hashtag,1,Well this about sums it up! The next 4 years are about to be the worst of my life….#FTrump #blue4Life,,
Trump,#hatetrump,hashtag,1,#HateTrump In my entire life he’s the only people I ever hated was him and his minions. ☮️💙🌊✊🐕‍🦺,,
Trump,#hitlertrump,hashtag,1,"#Hitlertrump  is a #Racist, #RussianAsset #Facist, #Bigot, #Pedophile, #Rapist & #Traitor to America!!  #VoteHarrisWalz2024🇺🇲💙🌊🇵🇷🇯🇴🇺🇦🌿🤲🏿

https://anonymous",,
Trump,#humptydumptytrumpy,hashtag,1,"#DonTheCon #CreepyDon
#DonnieDementia #DonnieDeLulu #HumptyDumptyTrumpy
#MAGA #MAGA2024 #MAGAts #Tariffs #Economy",,
Trump,#iftrumpwasabook,hashtag,1,"#IfTrumpWasABook
Mopey Dick",,
Trump,#impeachtrumpnow,hashtag,1,Trump's behavior is worthy of a 25th amendment impeachment! #impeachtrumpnow,,
Trump,#inmatetrump,hashtag,1,"Dear Donald Trump: You may be skirting by justice at the moment, but if I were you I wouldn't stop production of those Trump branded soap-on-a-ropes.

#JusticeMatters #TeamJustice #InmateTrump",,
Trump,#kindomoftrump,hashtag,1,He will never be in Government after January... He should move to Mexico now! He will be the first to die when the #KindomofTrump is officially immune...,,
Trump,#latinosfortrump,hashtag,1,"#LatinosForTrump 
If you're a Latino and you voted for Trump, I hope he DEPORTS YOU AND EVERYONE IN YOUR FAMILY.  And you can take your ""Latinos for Trump"" signs with you.",,
Trump,#liartrump,hashtag,1,Until the end of time We will never know why THIS was not the END of him!!! The American people are not those I grew up with any more!! #LoserTrump #LiarTrump #ChuckandJim,,
Trump,#livetrumpless,hashtag,1,#LiveTrumpLess,,
Trump,#loserdonald,hashtag,1,#LoserDonald,,
Trump,#lovetrumpshate,hashtag,1,"😱 🇺🇸
#LoveTrumpsHate #Resist #TransEquality #BLM #Equality #NotMyPresident",,
Trump,#magafilthscumtrumpamerica,hashtag,1,"THIS #Project2025💩 #magaFilthSCUMtrumpAmerica🇺🇸, this is #JIMCROW3.O, #Wmen/#Wwomen & #LatinoM HAVE ELECTED #HITLER👹 AS #PRESIDENT.",,
Trump,#mcdonald,hashtag,1,#FelonTrump #ConvictedFelons #McDonald’s🤣,,
Trump,#melaniahatestrump,hashtag,1,#MelaniaHatesTrump,,
Trump,#millionshatetrumpkeepfighting,hashtag,1,#MillionsHateTrumpKeepFIGHTING,,
Trump,#moscowdonaldtrump,hashtag,1,Lindsey Graham Touts Lara Trump to Ron DeFascist as Marco Rubio Replacement for Senate. What kompromat does #MoscowDonaldTrump have on him?,,
Trump,#nazitrump,hashtag,1,"Is trump a fascist? Yeah or hell to the fucking yeah?  

#BoycottWaPo 
#NaziMusk 
#BoycottTesla 
#NaziTrump",,
Trump,#neveragaintrump,hashtag,1,#HarrisWalz #MichaelBloomberg #KamalaBringsUsJoy #NeverAgainTrump #VoteBlue #TrumpWillLose2024 #NoRepublicansEverAgain #USPol,,
Trump,#neverposttrumpface,hashtag,1,"I pledge to you to never boost a post with an image of Trump.

Hashtag time!

#NeverPostTrumpFace

I'm not very good at this. Someone? Anyone...?",,
Trump,#nevertrump2024,hashtag,1,"MAGATS DON'T STOP!
SO WE MUST BLOCK!

#resistwithintent
#nevertrump #nevertrump2024",,
Trump,#nevertrumpers,hashtag,1,"Dear Donald Trump: I'm not sure if you are aware of this statistic, but 4 out of every 5 people you choose for your cabinet will be called #NeverTrumpers in less than a year. 

I know you don't like facts, but.... yeah.",,
Trump,#nototrump,hashtag,1,"https://anonymous
 please call your representative by clicking here and tell them you want them to VOTE NO on H.R. 9495
Because this is how Trump plans on becoming a dictator removing everyone’s power onto himself! #NoToTrumpsAgenda #NoToTrump #NoOnHR9495",,
Trump,#nototrumpsagenda,hashtag,1,"https://anonymous
 please call your representative by clicking here and tell them you want them to VOTE NO on H.R. 9495
Because this is how Trump plans on becoming a dictator removing everyone’s power onto himself! #NoToTrumpsAgenda #NoToTrump #NoOnHR9495",,
Trump,#notrumplandslide,hashtag,1,https://anonymous “Trump had one of the smallest margins of victory in the popular vote since 1888.” #NoTrumpLandslide,,
Trump,#opposedonaldtrump,hashtag,1,"#OpposeDonaldTrump SIGN THE LETTER | Will you sign our letter to oppose Donald Trump? | AMERIPAC
https://anonymous",,
Trump,#pambondiistrumpsnextpuppet,hashtag,1,"Up next to bat for Trump's AJ position is...
#TrumpsFirstPickTookHisBallAndWentHome
#PamBondiIsTrumpsNextPuppet",,
Trump,#pedophiletrumps,hashtag,1,"#Pedophiletrumps cabinet, 2 #Rapist/#Pedophiles, 1 #Lunatic & all Non-Other by the way. If a #Dem did this, what's the OUT RAGE??",,
Trump,#praisingtrump,hashtag,1,"Donald #Trump finally did something I approve of:
Trump rode in a #garbage truck.
Being Trump, he rode in the wrong part of the garbage truck,
but he came closer than ever to doing the right thing.
#trump = #trash. #politics #PraisingTrump",,
Trump,#putinmurdochtrumpmusk,hashtag,1,#PutinMurdochTrumpMusk //\\ #ElonMusk #FWakeEducation //\\,,
Trump,#putinowntrump,hashtag,1,"Trump, the doofus— but dangerous wannabe dictator. 

#PutinOwnTrump
#TrumpsProject2025",,
Trump,#puttrumpbehindbars,hashtag,1,It scares me to say this... what on earth will Trump do this week? #PutTrumpBehindBars #SendTrumptoMexico #SendTrumptoRussia,,
Trump,#rapisttrump,hashtag,1,#RapistTrump,,
Trump,#rejecttrump,hashtag,1,"It's sickening that Joe & Mika went in person to kiss Trump's ass.  Is there no one who will stand up to him?
#ProudBlue #BlueCrew #RejectTrump #ResistTrump #TrumpIsNotFitToBePresident",,
Trump,#republicansagainsttrump,hashtag,1,A one-time Trump voter turns her back on the former president. @anonymous talks to a #Wisconsin participant in #RepublicansAgainstTrump ads. https://anonymous,,
Trump,#republicanvotersagainsttrump,hashtag,1, #NeverTrump #RepublicanVotersAgainstTrump 🔵⭐️🔵,,
Trump,#saynototrump,hashtag,1,"https://anonymous
This is Donald Trump‘s way of trying to become a dictator! hopefully the Senate ain’t having any of it! Thankfully, they’re not gonna let him turn our country into a dictatorship. We are a free country! And we plan on staying that way! #Freedom #SayNoToTrump",,
Trump,#sendtrumptomexico,hashtag,1,It scares me to say this... what on earth will Trump do this week? #PutTrumpBehindBars #SendTrumptoMexico #SendTrumptoRussia,,
Trump,#sendtrumptorussia,hashtag,1,It scares me to say this... what on earth will Trump do this week? #PutTrumpBehindBars #SendTrumptoMexico #SendTrumptoRussia,,
Trump,#sleepytrump,hashtag,1,#sleepytrump,,
Trump,#stoptrumpfascistregime,hashtag,1,Does anyone in Congress or the DOJ find this weird? Again billionaires can do whatever they want in America #StopTrumpFascistRegime,,
Trump,#survivingtrump,hashtag,1,After T-Rump won my mama said she bought me a book. I woke up Yesterday morning to this on my WFH desk 😂😂😂😂 #BlackSky #SurvivingTrump,,
Trump,#trumpadjuducatedrapist,hashtag,1,#TrumpAdjuducatedRapist #TrumpIsUnfitForOffice,,
Trump,#trumpafi,hashtag,1,#Trumpafi,,
Trump,#trumpageddon,hashtag,1,"I think it's kinda funny that this was my last post on the Other Place before Leon locked me out me for a week. 

#Trumpageddon",,
Trump,#trumpatrocity,hashtag,1,"What next #TrumpAtrocity will there be in the Clown Car Cabinet -- Mark Robinson as Head of Health and Human Services?

#Trumpfuckery is real",,
Trump,#trumpbump,hashtag,1,#Trump #MSNBC #Republicans #TrumpBump #GOP #MAGA #Democrats #News https://anonymous,,
Trump,#trumpcabinetoftraitors,hashtag,1,"I made this today. 
But I think I’ve vastly underestimated the level of evil of the #TrumpCabinetOfTraitors",,
Trump,#trumpcampaign,hashtag,1,Trump ads complain about Kamal supposedly releasing a rapist. But at least she is not A RAPIST LIKE TRUMP !!!  #trump. #trumpcampaign.,,
Trump,#trumpcare,hashtag,1,"So taking a broad look at trump ""concepts of a plan on Healthcare"" the picture becomes clearer 

Deregulate food manufacturers, so raw milk hits shelves, Open up lible laws so they can sue experts speaking out, shield brands from being held liable, and cut health coverage so people die

#trumpcare",,
Trump,#trumpchoked,hashtag,1,"If I were to be charitable and decipher the absolute gibberish that was tRvmp’s answer on #childcare, I might say that he thinks his imposed new tariffs will somehow miraculously pay for child care! 

He’s got it ass backwards! 

#TrumpWordSalad #TrumpChoked

https://anonymous",,
Trump,#trumpcorruption,hashtag,1,"This is what a wannabe dictator looks like: hiding nominees, blocking transparency, and treating ethics like an inconvenience. Trump isn’t leading—he’s looting. #DictatorInTheMaking #TrumpCorruption #NoAccountability",,
Trump,#trumpcrimes,hashtag,1,"Hillary Clinton Breaks Silence on Trump's Indictments

https://anonymous #HillaryClinton #DonaldTrump #TrumpIndictment #Trump #Indictment #TrumpCrimes #TrumpSupporters #Politics #Justice",,
Trump,#trumpderangementsyndrome,hashtag,1,"The ones of him 'praying' are hilarious 😂 

#donaldtrump #narcissist #grifter #fraud #unfit #traitor #maga #trumpderangementsyndrome",,
Trump,#trumpeffect,hashtag,1,"#TrumpEffect 

https://anonymous",,
Trump,#trumpenablers,hashtag,1,"Here is the best “Joke” of 2024.
#TrumpGotAwayWithIt #TrumpEnablers #MerrickGarland",,
Trump,#trumpenomics,hashtag,1,#Trumpenomics,,
Trump,#trumpet,hashtag,1,"#music
#trumpet

https://anonymous",,
Trump,#trumpfades,hashtag,1, https://anonymous #TrumpFades,,
Trump,#trumpfailed,hashtag,1,"Here is the 1st promise broken, let the list begin here. #TrumpFailed",,
Trump,#trumpfarts,hashtag,1,Which poor unsuspecting person will be on the receiving end next time? 💨 🤢 #Trumpfarts 💩,,
Trump,#trumpfiresale,hashtag,1,"I already have a bid in on the gold toilet, so hands off.
#TrumpFireSale",,
Trump,#trumpforprison2024,hashtag,1,"from Tarquin @anonymous 

Touché mutha fuckers! 

#TrumpIsACriminal #TrumpIsNotFitToBePresident #TrumpIsAnInsurrectionist #TrumpForPrison2024 
original image: Sandi Bachom",,
Trump,#trumpfreakskow,hashtag,1,🖤🤡 #TrumpFreakSkow 🤡🖤,,
Trump,#trumpfuckery,hashtag,1,"What next #TrumpAtrocity will there be in the Clown Car Cabinet -- Mark Robinson as Head of Health and Human Services?

#Trumpfuckery is real",,
Trump,#trumpgotawaywithit,hashtag,1,"Here is the best “Joke” of 2024.
#TrumpGotAwayWithIt #TrumpEnablers #MerrickGarland",,
Trump,#trumpguitars,hashtag,1,"This is NOT a Perfectly Good Guitar!
Smashing some Guitars are justified!
With Yuge Apologies to John Hiatt!!
#TrumpGuitars Jesus... The Grift.
Listen:
https://anonymous",,
Trump,#trumphate,hashtag,1,#TrumpLies #TrumpRacism #TrumpScams #TrumpHate #TrumpCrimeFamily #TrumpIgnorance #MAGAMorons,,
Trump,#trumpian,hashtag,1,"What a #Trumpian #metaphor for our times: people looking out for #1, 'cause who's gonna stop me? #congestionpricing #Climate #climatechange #Trump #TrumpFascist",,
Trump,#trumpignorance,hashtag,1,#TrumpLies #TrumpRacism #TrumpScams #TrumpHate #TrumpCrimeFamily #TrumpIgnorance #MAGAMorons,,
Trump,#trumpindictment,hashtag,1,"Hillary Clinton Breaks Silence on Trump's Indictments

https://anonymous #HillaryClinton #DonaldTrump #TrumpIndictment #Trump #Indictment #TrumpCrimes #TrumpSupporters #Politics #Justice",,
Trump,#trumpindictmentwatch,hashtag,1,It’s always good to start the week  with #TrumpIndictmentWatch,,
Trump,#trumpisaconvictedfelon,hashtag,1,"#TrumpIsAConvictedFelon
#TrumpIsUnfitForPresident
#TrumpIsWorstPresidentEver",,
Trump,#trumpisaconvictedfelonforlife,hashtag,1,#TrumpIsAConvictedFelonForLife #TrumpIsASinner #TrumpShouldBeInJail,,
Trump,#trumpisacriminalandtraitor,hashtag,1,"I want to take solace in this message from a retired Army MSG. I also love popcorn 🍿 
#hope #kamala #biden
#doj #trumpisacriminalandtraitor",,
Trump,#trumpisacunt,hashtag,1,"Morning all. Hopefully, today is the day the Orange shitgibbon is consigned to the bin for good #TrumpIsACunt",,
Trump,#trumpisafuckingidiot,hashtag,1,"From Threads; this is great! 😂

#TrumpIsAFuckingIdiot
https://anonymous",,
Trump,#trumpisafuckingmoron,hashtag,1,"Well, I've watched a fair amount of Trump at the Chicago economic forum, and seriously, this guy...
What an absolute fucking imbecile.
He is truly the most ignorant, misinformed, comically idiotic person to ever run for president.
#TrumpIsAFuckingMoron
#TrumpIsUnfitForOffice",,
Trump,#trumpisamericashitler,hashtag,1,"It’s already happening!

#TrumpIsATraitor #TrumpIsAmericasHitler #VoteBlueToStopACriminalDictator",,
Trump,#trumpisaninsurrectionist,hashtag,1,"from Tarquin @anonymous 

Touché mutha fuckers! 

#TrumpIsACriminal #TrumpIsNotFitToBePresident #TrumpIsAnInsurrectionist #TrumpForPrison2024 
original image: Sandi Bachom",,
Trump,#trumpisapedo,hashtag,1,Accurate #TrumpisAPedo #wtf,,
Trump,#trumpisapig,hashtag,1,I took this photo of Trump and Melania yesterday.  #trumpisapig,,
Trump,#trumpisapos,hashtag,1,#TrumpIsAPOS,,
Trump,#trumpisaracsit,hashtag,1,"Alwhite, Alwhite, Alwhite...🙄

#TrumpIsARacsit",,
Trump,#trumpisarapist,hashtag,1,This is a masterpiece #Trumpisarapist,,
Trump,#trumpisasinner,hashtag,1,#TrumpIsAConvictedFelonForLife #TrumpIsASinner #TrumpShouldBeInJail,,
Trump,#trumpisathreat,hashtag,1,This is America #Trumpisathreat,,
Trump,#trumpisbonkers,hashtag,1,#BidenTrumpDebates #SharksVElectrocution #TrumpIsBonkers,,
Trump,#trumpisdangerouslyunhinged,hashtag,1,#TrumpIsUnfitForOffice #TrumpIsDangerouslyUnhinged,,
Trump,#trumpisdone,hashtag,1,"#TrumpIsDone

What a loser",,
Trump,#trumpisfascisttothecore,hashtag,1,#trumpIsFascistToTheCore #DraftDodgerTrump,,
Trump,#trumpisfauxunion,hashtag,1,"Not Donald Trump holding a “pro-union” rally at a non-union factory with non-union attendees paid to hold union signs.

Trump scamming as usual!
#TrumpIsFauxUnion",,
Trump,#trumpisguiltyaf,hashtag,1,"#BringBackConsequences 
#TrumpIsGuiltyAF",,
Trump,#trumpishitler,hashtag,1,"#trumpisHitler 

That’s the post!",,
Trump,#trumpisking,hashtag,1,"I’ve said this before, but I think it’s more true now than ever:

I think some DEMOCRATIC congressperson should draft some legislation, that he or she plans to vote AGAINST, but makes Republicans have to face a clear line on Trump’s authoritarianism 

#TrumpIsKing legislation",,
Trump,#trumpismentallyill,hashtag,1,No one has ever been more unfit to be president of the United States than Donald Trump. #TrumpIsUnfitForOffice #TrumpIsUnfitForANYOffice #TrumpisMentallyill,,
Trump,#trumpismisspreading,hashtag,1,"For my American followers.

The Opposition Leader in Canada 🇨🇦 is a Temu copy of Trump. 

He collects a government paycheque

He lives in government housing ( a mansion )

He draws his support from the Alt-Right and Christian Extremists

He refuses or can't get #TopClearance 🙄

#TrumpismIsSpreading",,
Trump,#trumpismygod,hashtag,1,"MAGA: Trump loves America!’

 Then why does he hire foreign workers, stash classified documents in his golf club, and dodge taxes harder than a drunk driver at a checkpoint? Tell me you’re in a cult without telling me you’re in a cult. 🙃🍊 #TrumpIsMyGod #ButHeCantSpellGod",,
Trump,#trumpisnotfit,hashtag,1,"#Trumpisnotfit #Election 

Let's not forget this little ""truth"" ism...🙏🇺🇸💙",,
Trump,#trumpisnotwell,hashtag,1,"#EndtRumpEra #TrumpIsUNFIT #trumpisnotwell
#DefendDemocracy #defeatproject2025
#HarrisWalz2024 🏆 #VoteBlueAllTheWay
#Trump2024 is it already over 🤔 🗳️ 🇺🇸

Trump HIT with BOMBSHELL ALLEGATIONS at WORST MOMENT!

https://anonymous",,
Trump,#trumpisputinspuppet,hashtag,1,#TrumpIsPutinsPuppet,,
Trump,#trumpistoostupid,hashtag,1,"I've been watching Trump's rallies, and just oh my fucking God what a tedious, ignorant, malevolent, mewling, whining, vulgar, oafish buffoon that fuck is.
Someone with a 4th grade vocabulary AND logorrhea is just fucking exhausting.
#TrumpIsTooStupid 
#TrumpIsUnfitForOffice",,
Trump,#trumpistrash,hashtag,1,"seriously? you call Puerto Rico a floating isle of garbage while you worship the most horrible, trashiest person alive? 

#puertorico #trumpistrash #racist #rally",,
Trump,#trumpisunfitforanyoffice,hashtag,1,No one has ever been more unfit to be president of the United States than Donald Trump. #TrumpIsUnfitForOffice #TrumpIsUnfitForANYOffice #TrumpisMentallyill,,
Trump,#trumpisunfitforpresident,hashtag,1,"#TrumpIsAConvictedFelon
#TrumpIsUnfitForPresident
#TrumpIsWorstPresidentEver",,
Trump,#trumpisworstpresidentever,hashtag,1,"#TrumpIsAConvictedFelon
#TrumpIsUnfitForPresident
#TrumpIsWorstPresidentEver",,
Trump,#trumpkills,hashtag,1,#TrumpKills,,
Trump,#trumpkins,hashtag,1,Kamala Derangement Syndrome is real! #Trumpkins 🙄,,
Trump,#trumplethinskin,hashtag,1,"In celebration of The Autocrat's upcoming inauguration and given #Trumplethinskin 's vanity & dislike of poor images of him, on that day I think we ought to bombard social media (on all fronts) with our favorite ugly pictures of him. 

What say you?
 
(Not my favorite but will do for illustration.)",,
Trump,#trumpmicrophone,hashtag,1,"https://anonymous

Stay classy, GOP #TrumpMicrophone",,
Trump,#trumpnazi,hashtag,1,#TrumpNazi 🟠💀🟠,,
Trump,#trumpnightmare,hashtag,1,"Now what to do? 

#TrumpNightmare",,
Trump,#trumpnominee,hashtag,1,"Linda McMahon, former WWE executive, is Trump’s pick for Secretary of Education. From body slams to school policies—will her billions and history of controversies in the wrestling world shape U.S. education reform? #TrumpNominee #LindaMcMahon #Education",,
Trump,#trumpnycrally,hashtag,1,"👇🇺🇸""Backlash after comedian at Trump rally calls Puerto Rico 'island of garbage'"" #TrumpNYCRally",,
Trump,#trumpocalypse,hashtag,1,"Anybody want to go on a 4 year cruise to avoid the #Trumpocalypse 
#SkipForward

www.the-https://anonymous",,
Trump,#trumpocolypse,hashtag,1,"In these final days of our democracy, I'm trying to find moments of joy.

#Trumpocolypse",,
Trump,#trumponomics,hashtag,1,"Many were tempted by Mr. Trump’s braying populism. Now this has become Mr. Trump’s problem to solve — although the medicine he prescribed during his campaign will do little to address root causes and may even make things worse.
https://anonymous
#Trumponomics #Trump",,
Trump,#trumppedofiles,hashtag,1,"Just sayin'

#FBR #HarrisWalz2024 #resist #TrumpPedoFiles #TruthWarriors #resistance #FunnyGod #TraitorTrump #BidenRocks #HarrisIsAmazing #WalzIsWonderful @anonymous @anonymous @anonymous #AOC #StrongerTogether #Jan6 @anonymous @anonymous @anonymous @anonymous",,
Trump,#trumppisstillacreepylittleweirdo,hashtag,1,"#TrumppIsStillACreepyLittleWeirdo
 Pass it on.",,
Trump,#trumppoetry,hashtag,1,"Donald's enduring love for Donald is beyond dispute, 
but his choice of Matt Gaetz is like that fruit -
Bananas 
#TrumpPoetry",,
Trump,#trumppresidency,hashtag,1,"Imagine if #inflation and a #recession2025 does not occur during #TrumpPresidency? Imagine how terrible a popular Trump will be as he is ramming down the most inhumane agenda down our throats in a way nobody in American history has done?

He will try a third term, I guarantee it.",,
Trump,#trumppression,hashtag,1,"The Great #Trumppression is upon us.

#TrumpEconomy",,
Trump,#trumpracism,hashtag,1,#TrumpLies #TrumpRacism #TrumpScams #TrumpHate #TrumpCrimeFamily #TrumpIgnorance #MAGAMorons,,
Trump,#trumpresisters,hashtag,1,"#trumpresisters

https://anonymous",,
Trump,#trumprussia,hashtag,1,"Yes, #DonaldTrump Is A Threat to #Ireland’s Security

(co-published w Irish Examiner)

#Economy #TrumpRussia #Ukraine #NATO

https://anonymous",,
Trump,#trumps,hashtag,1,#Trumps 10 fav foods ! Make America healthy again!,,
Trump,#trumpsbigfukkyoutoamerica,hashtag,1,#TrumpsBigFUKKYOUtoAmerica,,
Trump,#trumpsbitch,hashtag,1,"Always and forever, he will be trump’s fastest talking ass licker!
#TrumpsBitch",,
Trump,#trumpscab,hashtag,1,#TrumpScab #Resist,,
Trump,#trumpscams,hashtag,1,#TrumpLies #TrumpRacism #TrumpScams #TrumpHate #TrumpCrimeFamily #TrumpIgnorance #MAGAMorons,,
Trump,#trumpsclowncabinet,hashtag,1,Every time he announces another cabinet pick. #trumpsclowncabinet,,
Trump,#trumpsdei,hashtag,1,#TrumpsDEI:,,
Trump,#trumpsfirstpicktookhisballandwenthome,hashtag,1,"Up next to bat for Trump's AJ position is...
#TrumpsFirstPickTookHisBallAndWentHome
#PamBondiIsTrumpsNextPuppet",,
Trump,#trumpsgothamgoons,hashtag,1,"JOKE
#TrumpMugShot #TrumpsGothamGoons
https://anonymous",,
Trump,#trumpshouldbeinjail,hashtag,1,#TrumpIsAConvictedFelonForLife #TrumpIsASinner #TrumpShouldBeInJail,,
Trump,#trumpstarriffs,hashtag,1,"We're importers. We already have plans in place to go around #TrumpsTarriffs More jobs for Mexico, less for America. See how that works, #MAGA",,
Trump,#trumpsupporter,hashtag,1,"I'm going to put aside some time later today to watch this! 👍 

#Film
#Politics
#FilmSky
#PoliticsSky
#TrumpSupporter
#TrumpIsATraitorAndCriminal",,
Trump,#trumpsupportergarbage,hashtag,1,🔵⭐️🔵 #TrumpGarbage #TrumpSupporterGarbage,,
Trump,#trumpsux,hashtag,1,#trumpsux #catsofbluesky #cats,,
Trump,#trumptariff,hashtag,1,Another massive #TrumpTariff L: steak is now GONE in Texas,,
Trump,#trumptarrifs,hashtag,1,"I don't want to hear any complaining from all the MAGA idiots that voted for the convicted felon. #TrumpTarrifs 

https://anonymous",,
Trump,#trumptaxscam,hashtag,1,This is how Trump will not tax overtime #TrumpTaxScam,,
Trump,#trumptheuser,hashtag,1,👇🇺🇸 #TrumpTheUser,,
Trump,#trumptilljan2029,hashtag,1,"#TheTrumpEffect.  A whopping 86% of Republican Americans - a world record - are Optimistic about #MAGA America, while a pitiful 49% of Loser democrats - another record - are pessimistic. Great Optimism is central to Greatness; pessimism to Biden/Harris' abject defeat. #TrumpTillJan2029",,
Trump,#trumptoons,hashtag,1,#trumptoons #thanksgiving #triggered #magatears #notinvited,,
Trump,#trumptower,hashtag,1,#TrumpTower,,
Trump,#trumptrashfamily,hashtag,1,#TrumpTrashFamily,,
Trump,#trumptreason,hashtag,1,🔥🇺🇸🔥 #TrumpTreason,,
Trump,#trumptrial,hashtag,1,"""Oh Donald, it’s always tough watching your kids perform, isn’t it?""

#TrumpTrial #DonaldTrump #Trump",,
Trump,#trumptrials,hashtag,1,Guess who isn't on trial in New York for conspiracy/election interference? Hillary was right about everything! #StillWithHer #TrumpTrials,,
Trump,#trumptrolling,hashtag,1,"Call me old school, but I like it when people act and speak like adults. Is that radical? Is that impossible in 2024? #TrumpTrolling #chaosatrecess #14Forever #CatchMeIfYouCan",,
Trump,#trumptruth,hashtag,1,#TrumpTruth,,
Trump,#trumpublican,hashtag,1,"Nancy Mace is a tRumpublican Capitalist! Making money off of a marginalized group. Her shirts say ""Come and take it."" My reply ""Give them Nothing. But take from them, Everything!""
#fucknancymace #transgender #transgenderrights #trumpublican",,
Trump,#trumpvance2024,hashtag,1,"Donald Trump holds a rally in California, a state he's almost certain to lose

'Your children are in danger. You can’t go to school with these people, these people are from a different planet'

https://anonymous 

#Immigration #TrumpVance2024",,
Trump,#trumpverdict,hashtag,1,Trump guilty on all 34 counts! #trumpverdict,,
Trump,#trumpwilldestroythiscountry,hashtag,1,"#trumpwilldestroythiscountry
https://anonymous",,
Trump,#trumpwillfukkus,hashtag,1,#TrumpWillFukkUS,,
Trump,#trumpwillneverbemypresident,hashtag,1,Every Trump headline includes “sexual assault”. If you voted for this garbage you have no morals or decency. Disgusting😡#TrumpWillNEVERBeMyPresident,,
Trump,#trumpwillsaveamerica,hashtag,1,"Get on the car, don’t be a loser!

#MAGA #Trump2024 #TrumpWillSaveAmerica",,
Trump,#trumpwon2024,hashtag,1,Doctors Performing Trans Experiments On Kids Should Prepare To Be Sued In Texas And Elsewhere. It's for the CHILDREN!  #TrumpWON2024  https://anonymous,,
Trump,#trumpwordsalad,hashtag,1,"If I were to be charitable and decipher the absolute gibberish that was tRvmp’s answer on #childcare, I might say that he thinks his imposed new tariffs will somehow miraculously pay for child care! 

He’s got it ass backwards! 

#TrumpWordSalad #TrumpChoked

https://anonymous",,
Trump,#trumpworld,hashtag,1,"My best hope is #trumpWorld is so incompetent they botch the Police & Nat'l Guard takeover, and Nat'l Guard reject federalization. That's the red line but one trequire constant vigilance

#dictatorship",,
Trump,#whatafuckingclowntrumpis,hashtag,1,"I'm now expecting there will be write-in votes for Donald McRonald.
#WhatAFuckingClownTrumpIs",,
Trump,#womenfortrump,hashtag,1,Planned Parenthood should deny all medical care for all women who voted for Donald Trump. #WomenForTrump #WomensRights,,
Trump,#yourtrumpvotehasconsequencesfortheworld,hashtag,1,#YourTrumpVoteHasConsequencesForTheWorld,,
Trump,---donald,variant,1,"""Kim Jong Un speaks and his people stand up at attention. I want my people to do the same.""
---Donald J. trump",,
Trump,2trump,variant,1,"Like many, over the past week since the election I've been trying 2frame it so I can understand it. I don't think voter anger is the main reason he won. I think people are attracted 2Trump bc he gives the appearance of being together, strong, successful. States must preserve cooperative autonomy.🫡",,
Trump,afterthetrumping,variant,1,"Hey folks! Just signed up. Hope to write and discuss what happens after our political trumping! Do AfterTheTrumping on TikTok. More soon. Looking forward to fun, debate, and putting solutions to challenges; solutions that we know that will bring change.",,
Trump,aftertrumps,variant,1,"Peeps💙AfterTrumps Win,leaders in Springfield’s Haitian community,and others report fleeing the city of 60,000 people,in fear of being rounded up and deported!Donald Trump is a cancer,and I can’t wait for the day of reading his obituary🤨
Trump is the most evil & hateful person in history!
#DemVoice1",,
Trump,anti-donald,variant,1,Trump nominee Dr. Oz laughed at an anti-Donald Trump joke implying Trump “made stupid decisions” running the country and Hillary Clinton should have been allowed to “handle it” instead.,,
Trump,bush-bush-obama-romney-trump-jorgensen,variant,1,As a lifelong democrat and Bush-Bush-obama-romney-trump-jorgensen voter my vote for Harris was pretty much guaranteed until she called Vance a creep,,
Trump,djtrump,variant,1,"Now, it's time for we, the people of ""The Resistance"", to move  to repudiating a 'one man governance by DJTrump'. Preserve the vote, legislation/lawsuits to reject gerrymandering/voter suppression/purging.  Articulate new candidates, $$ for challengers to GOP incumbents, candidate training; great",,
Trump,donaldem,variant,1,"🇺🇸 Przedwyborczy pat w USA.

Kamala Harris powiększa przewagę nad Donaldem Trumpem. Ale to wciąż nic jeszcze nie oznacza, bo kandydatów dzieli różnica błędu statystycznego.
👇 
#KamalaHarris #DonaldTrump 
https://anonymous",,
Trump,dtrump,variant,1,"One side of me is happy dTrump got elected. 

Why? Because his cult will get the crap beat out of them by his policies & they did it to themselves. Can’t wait to say “tough shit, dumbass”.

On the other hand, I’m not happy. We get hurt by the policies too. But now they’ll know the truth.",,
Trump,dump-trump2024,variant,1,"I just want to tell yall that myself and my business partner have been working on something non stop for a few months! We hope to bring something really great to the people and voters while also educating them!  I hope you like this! Checkout our website: 
www.dump-trump2024.com",,
Trump,felontrump,variant,1,"Breaking News: the U.S Senate accidentally passed a bill banning convicted felonTrump from Becoming President, & President Biden is planning to sign it. @anonymous @anonymous #Lawrence @anonymous",,
Trump,fox-trump,variant,1,I talked with On the Media about the Fox-Trump revolving door as his second term approaches https://anonymous,,
Trump,fucktrumpet,variant,1,"BREAKING: Trump threatens tariffs on Scotland unless they immediately outlaw their national pastime of hurling insults at him.

In particular:

""Mangled apricot hellbeast""

""Clueless numpty""

""Weapons-grade plum""

""Toupeed fucktrumpet""

""Witless cocksplat""",,
Trump,gettrumpguitars,variant,1,"I have a saying I came up with and it is that Trump ruins everything 

gettrumpguitars.com",,
Trump,house-trump,variant,1,Oligarch Musk has his eyes on the prize: the White House-Trump better sleep with one eye open as Musk is going to move in and launch a coup.,,
Trump,judgestrump,variant,1,"Our goal is now to minimize the lifetime federal judgesTrump appoints …

Biden-Harris and Dems did a great job of filling all the vacancies thankfully",,
Trump,maryltrump,variant,1,"Look who else is here!!! Mary Trump!!

maryltrump.bsky.social",,
Trump,mcdonalds-,variant,1,"Welcome to the world of RFK Jr.

Eat as I say, not as I moo

McDonalds- The official fast food of the Trump intelligentsia.",,
Trump,mctodayisthedaytrumppivotedandbecamepresidential,variant,1,the McTodayIsTheDayTrumpPivotedAndBecamePresidential is back,,
Trump,mini-trump,variant,1,"Really don't care for our Premier (Ontario) cos he's like our mini-Trump, but his comments on Trump's 25% ""threat"", I can get behind!
https://anonymous",,
Trump,musktrump,variant,1,"As long as we keep talking re Donelon Musktrump as legitimate, we affirm them psychically. Please let’s stop doing that. PLEASE!",,
Trump,never-trumper,variant,1,"This election cycle was one big gish gallop by Trump and his supporters. The stream of disinformation and misinformation came at what turned out to be an overwhelming pace. Democrats, non-Trump supporting independents and never-Trumper Republicans tried to counter it all and simply couldn't 1/.",,
Trump,nevertrumper,variant,1,"I’m a flawed messenger. I’m a reformed MAGA gangbanger. Used to be a very divisive politician. Said stupid things back in the day. I’ve had a unique, tough political journey. A NeverTrumper, I believe in tolerance, decency & truth. Now I’m all about healing the divide. And defeating Trump/Trumpism.",,
Trump,not-trump,variant,1,"I'm pretty sure voting for not-Trump slows fascism down by keeping the dedicated fascist from running the United States of America, a global super-power.",,
Trump,not-trump-but-genocide-ok,variant,1,"Kamala Harris’ $1.5B campaign flop has a Dem megadonor calling her “disqualified forever.” With $900K spent on a Vegas Sphere ad (in a state she lost), whispers about wasted funds are growing. Turns out, throwing cash at not-Trump-but-genocide-ok lady didn't resonate. 

https://anonymous",,
Trump,post-donald,variant,1,"In 2017, I edited the Declaration of Independence to reflect the United States post-Donald Trump.

How did I do?",,
Trump,pro-trumper,variant,1,"The pro-Trumper,  President Musk-loving Canadians are putting on Master Classes in fascist boot-licking. I'm impressed. 
 #Conservatives #poilievre #cdnpoli #cdnmedia #tariffs #Liberals #NDP #journalism",,
Trump,putin-trump,variant,1,"Always a classic and explains the Putin-Trump relationship to a T.
https://anonymous",,
Trump,realdonaldtrump,variant,1,"Gotta love the ""realdonaldtrump"" at the top.",,
Trump,soft-trumper,variant,1,It's worth remembering what Susan Collins said about Trump in the split second (actually a few weeks) during which she ditched her soft-Trumper posture...before quietly slinking back onto the Trump train. #mepolitics,,
Trump,strumpet,variant,1,"There’s a sTRUMPet trolling on our Bluesky world. Goes by the name Brat95. I blocked, y’all should to. I have no time for Trump cheerleaders.🤮🤬",,
Trump,thedonald,variant,1,"Top post this hour on TheDonald, the pro-Trump website where 1/6 was organized, if you're wondering what this is all really about.",,
Trump,today--trump,variant,1,"OMG, look what Elon posted on his own feed today--Trump without his hair on! This is pretty much a smaller version of Putin showing Melania's nudes. Trump would never allow this.",,
Trump,trump-a,variant,1,My new post on the Press sanewashing Trump-a must read:,,
Trump,trump-adjacent,variant,1,"Matt Gaetz has removed his name from consideration for Attorney General. Remember Trump’s first term, when dozens of careers went up in smoke following their association with Trump? Gaetz did this to himself…but the Trump-adjacent casualties are about to start amassing once more.",,
Trump,trump-adjacents,variant,1,"Reading a recent book chapter by Trump-adjacents Keith Kellogg & FredFleitz. A really vitriolic & extreme tone towards Biden. ""It was in America's best interests to maintain peace with Putin and not provoke and alienate him with aggressive globalist human rights and pro-democracy campaigns"".",,
Trump,trump-allied,variant,1,Trump-allied comedian blasted for calling Puerto Rico 'garbage',,
Trump,trump-bashing,variant,1,"In his swift public persona transformation from a Trump-bashing, moderate-appearing conservative to an all-out MAGA brawling, Don Jr.-emulating Trump loyalist, Vance has learned how to speak Trump’s language.",,
Trump,trump-betting,variant,1,"The Trump-Betting Whale Speaks Out: ‘I Have Absolutely No Political Agenda.”

He bet most of his liquid assets, $30 million, on a Trump victory. 

https://anonymous",,
Trump,trump-biden,variant,1,Trump-Biden Spat on NATO Highlights Divide on America’s Role in the World https://anonymous,,
Trump,trump-booby,variant,1,PSA: I will be providing any and all homeopathic remedies at extremely competitive rates during the Trump-Booby K-Oz era.,,
Trump,trump-caesar-palpatine,variant,1,"Like Rome, the Republican Senators of America will not save the Republic from Emperor Trump-Caesar-Palpatine.",,
Trump,trump-centric,variant,1,"#BrokenTimes coverage of the campaign is, as usual, Trump-centric:",,
Trump,trump-cunt,variant,1,"Hot Take: Nerds are NOT Bros🤣 - Zuck-Nerd, Elon-Nerd, Portnoy-Nerd. McAffee-Bro, Rogan-Bro, Dana-Bro. Trump-Cunt🇺🇸✌️",,
Trump,trump-driven,variant,1,"Will Crypto's Trump-Driven Surge Last If He Wins the Election?
https://anonymous",,
Trump,trump-elon,variant,1,"QUESTION: Will the Donald Trump-Elon Musk ‘bromance’ last?

https://anonymous",,
Trump,trump-endorsed,variant,1,A Trump-endorsed fascist has created an economic disaster. Shocking outcome.,,
Trump,trump-kritikere,variant,1,"Alle som tror Trump er normal. To av USAs mest profilerte programledere og Trump-kritikere dro til Mar-a-Lago for å smiske, fordi de var redde for represalier, ifølge nyhet",,
Trump,trump-led,variant,1,The Trump-led 2024 Republican platform instead calls for an American Iron Dome and the largest deportation operation ever.,,
Trump,trump-less,variant,1,"Really lays bare the pundit-class alternative dimension the Trump-less debate is taking place in. Like Marlo Stanfield said, you want it to be one way. But it's the other way.",,
Trump,trump-level-rudeness,variant,1,"TLR, Trump-Level-Rudeness 🤣",,
Trump,trump-loomer,variant,1,i’m not convinced the trump-loomer affair is real but it’s only fair to smear him with it,,
Trump,trump-mein,variant,1,"Trump reminds me of Televangelist Benny Hinn. Both men have living, breathing combovers. Both men steal millions a year from their followers. Both men have only read one book in their lives, Trump-Mein Kump, Hinn-The KJV Bible. Both men believe they are inherently truthful. Both men are clowns.",,
Trump,trump-message,variant,1,Jack Smith just dropped all charges ))?against Trump-message is clear if you’re a high school student in the ghetto: crime pays big and you can buy your way out of any jam. We finally see US’s true colors.,,
Trump,trump-musk-catturd,variant,1,A lot of weakness in and around the Trump-Musk-Catturd Administration today. A lot.,,
Trump,trump-normalizing,variant,1,"If you really want to hurt the Trump-normalizing NYTimes, stop doing Wordle",,
Trump,trump-palpatine,variant,1,This is how a republic falls. Emperor Trump-Palpatine energy.,,
Trump,trump-ramaswamy-musk,variant,1,"I love it when a Democrat says, “We have to get back to winning.” I’m like so what were y’all doing these past few years? Losing? Even w/Trump-Ramaswamy-Musk etc. being billionaires, voters think Dems = party for the rich? So many excuses AGAIN from DNC costing Kamala the election! Sad for us all!",,
Trump,trump-related,variant,1,The NYT Manual of Trump-Related Euphemisms.,,
Trump,trump-russian,variant,1,"Hey, everyone, here's another Trump-Russian troll to block.",,
Trump,trump-saka,variant,1,Juryen har bestemt seg i Trump-saka. 🌟🌟🌟,,
Trump,trump-skeptical,variant,1,We’ve witnessed eight years of Trump-skeptical conservatives looking for ways to blame the rise of Trump on his opponents and not the voters who vote for him — but this is truly the pinnacle of the genre. 10/10.,,
Trump,trump-specific,variant,1,"We have discussed the Trump-specific reasons why he is bad, but I want to discuss a more macro reason why the election result is so awful:

For those who want to see less corruption, less criminal activity, and more accountability from politicians in general, this election was a massive L.",,
Trump,trump-the,variant,1,"RFK Jr on MAGA: 
“Trump-the way u build a truly vicious nationalist mvmt: Wed a small core of belligerent idiots to a much larger group of opportunists & spineless fellow travelers whose primary function is to turn a blind 👁️ to things.” 

Also demonstrates there r “Plenty cowards & bootlickers” in 🇺🇸",,
Trump,trump-themed,variant,1,"ICYMI: I wrote about Trump’s relationship to Project 2025 - and why these radical plans represent the self-mobilization of a “conservative” establishment that is fundamentally in agreement with the extremist Right.

I even discussed Trump-themed Star Wars memes to make my argument!",,
Trump,trump-train,variant,1,"Yet you spread open for Trump-train. Amazing. 

Good day, sir.",,
Trump,trump-ukraine,variant,1,In other Trump-Ukraine news.,,
Trump,trump-von-dump,variant,1,"@anonymous BTC … I have always known you can’t change the past. Will Trump-von-dump have history rewritten to suit his imagined image?
I just realized that Musk-Rat may has access to all of my tweets. If turned in to the MAGA thought police, can I use the 1st Amendment as defense?",,
Trump,trump-worshipped,variant,1,"YES! Partially because I live in a Trump-worshipped, pathetic county where people just go jump off the same bridge as their peers. Embarrassing.",,
Trump,trump2,variant,1,"Really not looking forward to the military being Trump2.0’s Robert Mueller, on which Resistance Libs pin their hopes",,
Trump,trump3r,variant,1,"I called my bf a trump3r today bc he's excited about the destruction of evry regulatory agency put in place to protect the avg consumer, our environment, our SECURITY, our financial systems, our schools, etc. He says 'embrace the chaos' & believes that these agencies will become more efficient. 🙄🙄🙄",,
Trump,trump45,variant,1,Trump45's Legacy,,
Trump,trump73,variant,1,"Last night I was in a convo with a Trump73 voter, finally had to turn the noise off... The main bitch, Kamala Harris didn't win the primary... So idk maybe do some fucking research, stop being lazy... I'm not a subject matter expert but do like credible facts & KH was well within the DNC process! 🙄",,
Trump,trumparica,variant,1,"Why didn’t Kamala and all Democrats win a couple weeks ago?
Nothing makes sense anymore.

I just can’t handle it!

We have around 60 days left until who knows what?

Maybe there’s nothing to fear?
Maybe we get Democracy?
Maybe we get America?

Trumparica?",,
Trump,trumpcabinet,variant,1,Horror show… MattGaetz TrumpCabinet,,
Trump,trumpcoin,variant,1,His supporters will all be able to afford them once TrumpCoin takes off. Any day now.,,
Trump,trumpdebtcounter,variant,1,"The only tRump information that you really need. Where's the money going to come from? Hmm. 

trumpdebtcounter.com",,
Trump,trumpego,variant,1,"https://anonymous

I know what I think.

What do you think?

TrumpEgo VS mMuskEgo",,
Trump,trumpelstiltskin,variant,1,From the tiny flickers of good news department: Trumpelstiltskin did NOT win a majority of the popular vote. More people voted against him than for him.,,
Trump,trumpem,variant,1,"🇺🇸 Przedwyborczy pat w USA.

Kamala Harris powiększa przewagę nad Donaldem Trumpem. Ale to wciąż nic jeszcze nie oznacza, bo kandydatów dzieli różnica błędu statystycznego.
👇 
#KamalaHarris #DonaldTrump 
https://anonymous",,
Trump,trumpenfuehrer,variant,1,"More debasement/loyalty testing by Der Trumpenfuehrer.
.
""Want this job? Eat shit or hit the bricks.""",,
Trump,trumpenreich,variant,1,"People are rightly concerned about the possibilities of the TrumpenReich, but I’ve been trying to game this out and I think actually the “higher probability-bad outcome” is that Trump broadly attempts what he says he’ll do, regardless of efficacy, and the public approves",,
Trump,trumpery,variant,1,"This is exactly the appointments a moron will make proving all of our cases against the waste of carbon known as Trump. It literally is trumpery! 
Trumpery def: 
Attractive articles of absolutely no value.",,
Trump,trumpeteer,variant,1,"I was in Walmart and the person in front of me had a Trump hat on. I gave the meanest look I could muster. Do not fuck with me look. 

Then I saw the cashier was obviously trans. 

I was about to throw hands if that Trumpeteer said ANYTHING to either one of us. 

I don’t give a flying fuck.",,
Trump,trumpfs,variant,1,I may fund a fucking class action suit! I’ll fucking drain trumpfs fucking swamp out of his fucking wallet! Fuck with me I’m fucking Sicillian Irish and Scottish mother fucker LA COSA NOSTRA FUCKING BITCH ASS TRUMPF AND YOUR BITCH ASS DEGENERATE ASS KISSER RAPIST PEDOS!,,
Trump,trumpfukinstan,variant,1,Welcome to Trumpfukinstan,,
Trump,trumphole,variant,1,Don't put a label on me asshole! Take your forced perspective and shoved it up your Trumphole,,
Trump,trumpiest,variant,1,"This the Trumpiest thing you’ve read all day. So far. 
“I will be better served”??? FFS.",,
Trump,trumpilstiltskin,variant,1,We are fucked!  America is dead. I honestly have no optimism left. Maybe my liver cancer will kill me before trumpilstiltskin does!,,
Trump,trumpiness,variant,1,"Let's talk about tariffs, trade wars, and Trumpiness....

By Belle 
https://anonymous",,
Trump,trumpioid,variant,1,Even a non-Idiot can SEE this - only a tRumpioid would fall for it. tRump is WEAK and Soft Headed - FEEBLE even!! https://anonymous,,
Trump,trumpish,variant,1,"The MAGA 8 ball, and other Trumpish comics",,
Trump,trumpismygod,variant,1,trumpismygod.bsky.social BLOCK,,
Trump,trumpista,variant,1,"Trumpista terrorists are emboldened. This is in true blue Durham, NC",,
Trump,trumpkins,variant,1,"MAGA and Trumpkins gonna find out we Democrats can do this ""States Rights"" stuff too.",,
Trump,trumplafvk,variant,1,"I just heard a TrumpLaFvk say: ‘You can’t believe everything that he says!’

. . Referring to Trump‘s Project 2025",,
Trump,trumpler,variant,1,"Be ready for the horrific damage to our economy when Herr Trumpler starts kicking workers out of our country, in accordance with his white supremacy/xenophobia policies.",,
Trump,trumpliecan,variant,1,Think about it folks! More RatpubLIEcan TRumpLIEcan MAGAts hypocrisy!🤔🤬-e,,
Trump,trumplosion,variant,1,TRUMPLOSION,,
Trump,trumpmageddon,variant,1,Those of y'all who enjoy my daily🧵s of editorial cartoons will appreciate this Trumpmageddon Special from the Professional Cartoonist's association.,,
Trump,trumpmown,variant,1,"Conservative commentator Charlie Sykes rips into the “dangerous” nomination of Tulsi Gabbard for DNI:

“This is unlike any presidential cabinet we've ever seen including Donald Trumpmown cabinet in the first term”",,
Trump,trumpmusk,variant,1,One ugly flying monkey from trumpmusk Oz gone.,,
Trump,trumpofascism,variant,1,"Good luck USA.

Please don't let Trumpofascism grab you by the pussy.",,
Trump,trumpoids,variant,1,"I'm working on drafting my response to Trumpoids claiming fraud. So far I have:

""Shut the fuck up! You lost! He's a fucking loser, nobody cares, he got dicked on twice, cry more.""

Open to any additions I haven't thought of",,
Trump,trumpolini,variant,1,Trumpolini,,
Trump,trumponomics,variant,1,And speaking of Trumponomics…,,
Trump,trumpovi,variant,1,"Trumpovi kandidáti a nominanti dostali vyhrážky bombou a prepadnutím – Svet – Správy

https://anonymous

Viacero nominantov a kandidátov Donalda Trumpa na posty v jeho nastupujúcej administratíve dostalo v uplynulých hodinách vyhrážky bombou…",,
Trump,trumps-right-ear,variant,1,trumps-right-ear@anonymous may deserve to be blocked.,,
Trump,trumpscam,variant,1,"Only 76Mill US voters backed Trump. Out of 245Mill EligibleVoters, in a pop of 337Mill+. That's a mere 22,5% support & many dupes already regret falling for the TrumpScam. So SWITCH OFF when you see/hear Trump. Switch off! Don't worship the image of the Beast that Musk foisted onDupedLow-infoVoters!",,
Trump,trumpscrolling,variant,1,Ok that’s enough Trumpscrolling.,,
Trump,trumpscum,variant,1,Donald Trumpscum is a threat to the United States.,,
Trump,trumpsody,variant,1,"""Bohemian Trumpsody""
https://anonymous",,
Trump,trumpstate,variant,1,I got off of Trumpstate media — X — for good.,,
Trump,trumpstruth,variant,1,"Hey, political journalists on Bluesky: If you ever need to find a specific Trump Truth Social post—since searching through them is so difficult—one of my colleagues built this comprehensive database a few months ago. *Super* helpful.
trumpstruth.org",,
Trump,trumpsucks,variant,1,I like your style. Trumpsucks is like the pied piper of Hamelin.,,
Trump,trumptron-7000,variant,1,"“But we HAVE to reelect Chancellor Buttigieg because Trumptron-7000 is an existential threat to our republic! Now I’m just as unhappy as you are about his conquest of Latin America and the nuclear bombing of Toronto, but look at all he’s done for clone-slaves on the Moon colony!”",,
Trump,trumputian,variant,1,"Everyone it's time to adopt the term ""TrumPutian"". It fits better now than ever before.",,
Trump,trumputin,variant,1,Trumputin's Best Moments.,,
Trump,trumpville,variant,1,Welcome to Trumpville,,
Trump,trumpys,variant,1,Not all of trumpys choices will get past the nominations. He might have a majority in house and Senate but they hate Matt Gaetz,,
Trump,trumpzi,variant,1,"Please join me in referring to Trump supporters as Trumpzi or Trumpzis 

Trrumpzis, all together now.. arm up

Hail Trump.",,
Trump,whattrump,variant,1,"Today's video looks at whatTrump's win means for Post Brexit Britain.

https://anonymous",,
Trump,zapekids4trump1488,variant,1,"Just found @ zapekids4trump1488.

Gross. Please report and block",,
