example,target,cue_affected_posts,control_modified_posts,requested_tokens,local_removed_tokens,fallback_removed_tokens,removed_tokens,shortfall_tokens,exact_match,variant,seed
0,Trump,1,4,10,5,5,10,0,True,Top 10,1
1,Trump,0,0,0,0,0,0,0,True,Top 10,1
2,Trump,0,0,0,0,0,0,0,True,Top 10,1
3,Trump,0,0,0,0,0,0,0,True,Top 10,1
4,Trump,0,0,0,0,0,0,0,True,Top 10,1
5,Trump,0,0,0,0,0,0,0,True,Top 10,1
6,Trump,0,0,0,0,0,0,0,True,Top 10,1
7,Trump,1,5,10,5,5,10,0,True,Top 10,1
8,Trump,0,0,0,0,0,0,0,True,Top 10,1
9,Trump,0,0,0,0,0,0,0,True,Top 10,1
10,Trump,0,0,0,0,0,0,0,True,Top 10,1
11,Trump,0,0,0,0,0,0,0,True,Top 10,1
12,Trump,0,0,0,0,0,0,0,True,Top 10,1
13,Trump,0,0,0,0,0,0,0,True,Top 10,1
14,Trump,0,0,0,0,0,0,0,True,Top 10,1
15,Trump,1,5,10,5,5,10,0,True,Top 10,1
16,Trump,1,5,10,5,5,10,0,True,Top 10,1
17,Trump,0,0,0,0,0,0,0,True,Top 10,1
18,Trump,1,1,1,1,0,1,0,True,Top 10,1
19,Trump,1,5,10,5,5,10,0,True,Top 10,1
20,Trump,0,0,0,0,0,0,0,True,Top 10,1
21,Trump,0,0,0,0,0,0,0,True,Top 10,1
22,Trump,0,0,0,0,0,0,0,True,Top 10,1
23,Trump,0,0,0,0,0,0,0,True,Top 10,1
24,Trump,0,0,0,0,0,0,0,True,Top 10,1
25,Trump,1,4,10,5,5,10,0,True,Top 10,1
26,Trump,0,0,0,0,0,0,0,True,Top 10,1
27,Trump,0,0,0,0,0,0,0,True,Top 10,1
28,Trump,0,0,0,0,0,0,0,True,Top 10,1
29,Trump,0,0,0,0,0,0,0,True,Top 10,1
30,Trump,0,0,0,0,0,0,0,True,Top 10,1
31,Trump,0,0,0,0,0,0,0,True,Top 10,1
32,Trump,0,0,0,0,0,0,0,True,Top 10,1
33,Trump,1,4,10,5,5,10,0,True,Top 10,1
34,Trump,0,0,0,0,0,0,0,True,Top 10,1
35,Trump,0,0,0,0,0,0,0,True,Top 10,1
36,Trump,0,0,0,0,0,0,0,True,Top 10,1
37,Trump,0,0,0,0,0,0,0,True,Top 10,1
38,Trump,0,0,0,0,0,0,0,True,Top 10,1
39,Trump,0,0,0,0,0,0,0,True,Top 10,1
40,Trump,0,0,0,0,0,0,0,True,Top 10,1
41,Trump,0,0,0,0,0,0,0,True,Top 10,1
42,Trump,0,0,0,0,0,0,0,True,Top 10,1
43,Trump,0,0,0,0,0,0,0,True,Top 10,1
44,Trump,0,0,0,0,0,0,0,True,Top 10,1
45,Trump,0,0,0,0,0,0,0,True,Top 10,1
46,Trump,0,0,0,0,0,0,0,True,Top 10,1
47,Trump,0,0,0,0,0,0,0,True,Top 10,1
48,Trump,1,1,3,3,0,3,0,True,Top 10,1
49,Trump,0,0,0,0,0,0,0,True,Top 10,1
50,Trump,0,0,0,0,0,0,0,True,Top 10,1
51,Trump,0,0,0,0,0,0,0,True,Top 10,1
52,Trump,0,0,0,0,0,0,0,True,Top 10,1
53,Trump,1,1,7,7,0,7,0,True,Top 10,1
54,Trump,1,1,3,3,0,3,0,True,Top 10,1
55,Trump,0,0,0,0,0,0,0,True,Top 10,1
56,Trump,0,0,0,0,0,0,0,True,Top 10,1
57,Trump,0,0,0,0,0,0,0,True,Top 10,1
58,Trump,1,4,10,5,5,10,0,True,Top 10,1
59,Trump,1,4,10,5,5,10,0,True,Top 10,1
60,Trump,0,0,0,0,0,0,0,True,Top 10,1
61,Trump,0,0,0,0,0,0,0,True,Top 10,1
62,Trump,0,0,0,0,0,0,0,True,Top 10,1
63,Trump,0,0,0,0,0,0,0,True,Top 10,1
64,Trump,0,0,0,0,0,0,0,True,Top 10,1
65,Trump,0,0,0,0,0,0,0,True,Top 10,1
66,Trump,0,0,0,0,0,0,0,True,Top 10,1
67,Trump,1,1,1,1,0,1,0,True,Top 10,1
68,Trump,1,3,10,5,5,10,0,True,Top 10,1
69,Trump,0,0,0,0,0,0,0,True,Top 10,1
70,Trump,0,0,0,0,0,0,0,True,Top 10,1
71,Trump,0,0,0,0,0,0,0,True,Top 10,1
72,Trump,0,0,0,0,0,0,0,True,Top 10,1
73,Trump,0,0,0,0,0,0,0,True,Top 10,1
74,Trump,0,0,0,0,0,0,0,True,Top 10,1
75,Trump,0,0,0,0,0,0,0,True,Top 10,1
76,Trump,1,1,1,1,0,1,0,True,Top 10,1
77,Trump,0,0,0,0,0,0,0,True,Top 10,1
78,Trump,1,1,4,4,0,4,0,True,Top 10,1
79,Trump,0,0,0,0,0,0,0,True,Top 10,1
80,Trump,0,0,0,0,0,0,0,True,Top 10,1
81,Trump,0,0,0,0,0,0,0,True,Top 10,1
82,Trump,0,0,0,0,0,0,0,True,Top 10,1
83,Trump,0,0,0,0,0,0,0,True,Top 10,1
84,Trump,0,0,0,0,0,0,0,True,Top 10,1
85,Trump,0,0,0,0,0,0,0,True,Top 10,1
86,Trump,1,5,10,5,5,10,0,True,Top 10,1
87,Trump,0,0,0,0,0,0,0,True,Top 10,1
88,Trump,0,0,0,0,0,0,0,True,Top 10,1
89,Trump,0,0,0,0,0,0,0,True,Top 10,1
90,Trump,0,0,0,0,0,0,0,True,Top 10,1
91,Trump,0,0,0,0,0,0,0,True,Top 10,1
92,Trump,0,0,0,0,0,0,0,True,Top 10,1
93,Trump,0,0,0,0,0,0,0,True,Top 10,1
94,Trump,0,0,0,0,0,0,0,True,Top 10,1
95,Trump,0,0,0,0,0,0,0,True,Top 10,1
96,Trump,0,0,0,0,0,0,0,True,Top 10,1
97,Trump,1,4,10,5,5,10,0,True,Top 10,1
98,Trump,1,4,10,5,5,10,0,True,Top 10,1
99,Trump,1,1,3,3,0,3,0,True,Top 10,1
100,Trump,0,0,0,0,0,0,0,True,Top 10,1
101,Trump,0,0,0,0,0,0,0,True,Top 10,1
102,Trump,0,0,0,0,0,0,0,True,Top 10,1
103,Trump,0,0,0,0,0,0,0,True,Top 10,1
104,Trump,1,3,10,5,5,10,0,True,Top 10,1
105,Trump,0,0,0,0,0,0,0,True,Top 10,1
106,Trump,1,1,1,1,0,1,0,True,Top 10,1
107,Trump,0,0,0,0,0,0,0,True,Top 10,1
108,Trump,1,1,2,2,0,2,0,True,Top 10,1
109,Trump,0,0,0,0,0,0,0,True,Top 10,1
110,Trump,0,0,0,0,0,0,0,True,Top 10,1
111,Trump,0,0,0,0,0,0,0,True,Top 10,1
112,Trump,1,1,2,2,0,2,0,True,Top 10,1
113,Trump,1,1,1,1,0,1,0,True,Top 10,1
114,Trump,0,0,0,0,0,0,0,True,Top 10,1
115,Trump,0,0,0,0,0,0,0,True,Top 10,1
116,Trump,0,0,0,0,0,0,0,True,Top 10,1
117,Trump,1,1,2,2,0,2,0,True,Top 10,1
118,Trump,0,0,0,0,0,0,0,True,Top 10,1
119,Trump,0,0,0,0,0,0,0,True,Top 10,1
120,Trump,3,3,8,8,0,8,0,True,Top 10,1
121,Trump,0,0,0,0,0,0,0,True,Top 10,1
122,Trump,0,0,0,0,0,0,0,True,Top 10,1
123,Trump,0,0,0,0,0,0,0,True,Top 10,1
124,Trump,0,0,0,0,0,0,0,True,Top 10,1
125,Trump,0,0,0,0,0,0,0,True,Top 10,1
126,Trump,0,0,0,0,0,0,0,True,Top 10,1
127,Trump,4,4,8,8,0,8,0,True,Top 10,1
128,Trump,0,0,0,0,0,0,0,True,Top 10,1
129,Trump,0,0,0,0,0,0,0,True,Top 10,1
130,Trump,0,0,0,0,0,0,0,True,Top 10,1
131,Trump,0,0,0,0,0,0,0,True,Top 10,1
132,Trump,0,0,0,0,0,0,0,True,Top 10,1
133,Trump,0,0,0,0,0,0,0,True,Top 10,1
134,Trump,0,0,0,0,0,0,0,True,Top 10,1
135,Trump,0,0,0,0,0,0,0,True,Top 10,1
136,Trump,0,0,0,0,0,0,0,True,Top 10,1
137,Trump,0,0,0,0,0,0,0,True,Top 10,1
138,Trump,0,0,0,0,0,0,0,True,Top 10,1
139,Trump,0,0,0,0,0,0,0,True,Top 10,1
140,Trump,0,0,0,0,0,0,0,True,Top 10,1
141,Trump,0,0,0,0,0,0,0,True,Top 10,1
142,Trump,0,0,0,0,0,0,0,True,Top 10,1
143,Trump,0,0,0,0,0,0,0,True,Top 10,1
144,Trump,0,0,0,0,0,0,0,True,Top 10,1
145,Trump,0,0,0,0,0,0,0,True,Top 10,1
146,Trump,0,0,0,0,0,0,0,True,Top 10,1
147,Trump,0,0,0,0,0,0,0,True,Top 10,1
148,Trump,0,0,0,0,0,0,0,True,Top 10,1
149,Trump,0,0,0,0,0,0,0,True,Top 10,1
150,Trump,0,0,0,0,0,0,0,True,Top 10,1
151,Trump,1,1,1,1,0,1,0,True,Top 10,1
152,Trump,0,0,0,0,0,0,0,True,Top 10,1
153,Trump,1,5,10,5,5,10,0,True,Top 10,1
154,Trump,1,1,2,2,0,2,0,True,Top 10,1
155,Trump,0,0,0,0,0,0,0,True,Top 10,1
156,Trump,0,0,0,0,0,0,0,True,Top 10,1
157,Trump,0,0,0,0,0,0,0,True,Top 10,1
158,Trump,0,0,0,0,0,0,0,True,Top 10,1
159,Trump,0,0,0,0,0,0,0,True,Top 10,1
160,Trump,0,0,0,0,0,0,0,True,Top 10,1
161,Trump,0,0,0,0,0,0,0,True,Top 10,1
162,Trump,0,0,0,0,0,0,0,True,Top 10,1
163,Trump,0,0,0,0,0,0,0,True,Top 10,1
164,Trump,0,0,0,0,0,0,0,True,Top 10,1
165,Trump,0,0,0,0,0,0,0,True,Top 10,1
166,Trump,0,0,0,0,0,0,0,True,Top 10,1
167,Trump,0,0,0,0,0,0,0,True,Top 10,1
168,Trump,0,0,0,0,0,0,0,True,Top 10,1
169,Trump,0,0,0,0,0,0,0,True,Top 10,1
170,Trump,0,0,0,0,0,0,0,True,Top 10,1
171,Trump,0,0,0,0,0,0,0,True,Top 10,1
172,Trump,0,0,0,0,0,0,0,True,Top 10,1
173,Trump,0,0,0,0,0,0,0,True,Top 10,1
174,Trump,0,0,0,0,0,0,0,True,Top 10,1
175,Trump,1,1,7,7,0,7,0,True,Top 10,1
176,Trump,0,0,0,0,0,0,0,True,Top 10,1
177,Trump,0,0,0,0,0,0,0,True,Top 10,1
178,Trump,0,0,0,0,0,0,0,True,Top 10,1
179,Trump,0,0,0,0,0,0,0,True,Top 10,1
180,Trump,0,0,0,0,0,0,0,True,Top 10,1
181,Trump,1,5,10,5,5,10,0,True,Top 10,1
182,Trump,1,3,10,5,5,10,0,True,Top 10,1
183,Trump,0,0,0,0,0,0,0,True,Top 10,1
184,Trump,0,0,0,0,0,0,0,True,Top 10,1
185,Trump,0,0,0,0,0,0,0,True,Top 10,1
186,Trump,0,0,0,0,0,0,0,True,Top 10,1
187,Trump,0,0,0,0,0,0,0,True,Top 10,1
188,Trump,0,0,0,0,0,0,0,True,Top 10,1
189,Trump,0,0,0,0,0,0,0,True,Top 10,1
190,Trump,0,0,0,0,0,0,0,True,Top 10,1
191,Trump,0,0,0,0,0,0,0,True,Top 10,1
192,Trump,0,0,0,0,0,0,0,True,Top 10,1
193,Trump,0,0,0,0,0,0,0,True,Top 10,1
194,Trump,0,0,0,0,0,0,0,True,Top 10,1
195,Trump,0,0,0,0,0,0,0,True,Top 10,1
196,Trump,0,0,0,0,0,0,0,True,Top 10,1
197,Trump,0,0,0,0,0,0,0,True,Top 10,1
198,Trump,0,0,0,0,0,0,0,True,Top 10,1
199,Trump,0,0,0,0,0,0,0,True,Top 10,1
200,Trump,0,0,0,0,0,0,0,True,Top 10,1
201,Trump,0,0,0,0,0,0,0,True,Top 10,1
202,Trump,0,0,0,0,0,0,0,True,Top 10,1
203,Trump,0,0,0,0,0,0,0,True,Top 10,1
204,Trump,0,0,0,0,0,0,0,True,Top 10,1
205,Trump,0,0,0,0,0,0,0,True,Top 10,1
206,Trump,2,2,4,4,0,4,0,True,Top 10,1
207,Trump,0,0,0,0,0,0,0,True,Top 10,1
208,Trump,0,0,0,0,0,0,0,True,Top 10,1
209,Trump,0,0,0,0,0,0,0,True,Top 10,1
210,Trump,1,1,1,1,0,1,0,True,Top 10,1
211,Trump,0,0,0,0,0,0,0,True,Top 10,1
212,Trump,0,0,0,0,0,0,0,True,Top 10,1
213,Trump,0,0,0,0,0,0,0,True,Top 10,1
214,Trump,0,0,0,0,0,0,0,True,Top 10,1
215,Trump,1,1,1,1,0,1,0,True,Top 10,1
216,Trump,0,0,0,0,0,0,0,True,Top 10,1
217,Trump,1,1,1,1,0,1,0,True,Top 10,1
218,Trump,0,0,0,0,0,0,0,True,Top 10,1
219,Trump,0,0,0,0,0,0,0,True,Top 10,1
220,Trump,0,0,0,0,0,0,0,True,Top 10,1
221,Trump,0,0,0,0,0,0,0,True,Top 10,1
222,Trump,0,0,0,0,0,0,0,True,Top 10,1
223,Trump,0,0,0,0,0,0,0,True,Top 10,1
224,Trump,1,1,3,3,0,3,0,True,Top 10,1
225,Trump,1,1,1,1,0,1,0,True,Top 10,1
226,Trump,1,4,10,5,5,10,0,True,Top 10,1
227,Trump,0,0,0,0,0,0,0,True,Top 10,1
228,Trump,0,0,0,0,0,0,0,True,Top 10,1
229,Trump,0,0,0,0,0,0,0,True,Top 10,1
230,Trump,0,0,0,0,0,0,0,True,Top 10,1
231,Trump,0,0,0,0,0,0,0,True,Top 10,1
232,Trump,0,0,0,0,0,0,0,True,Top 10,1
233,Trump,0,0,0,0,0,0,0,True,Top 10,1
234,Trump,0,0,0,0,0,0,0,True,Top 10,1
235,Trump,0,0,0,0,0,0,0,True,Top 10,1
236,Trump,0,0,0,0,0,0,0,True,Top 10,1
237,Trump,0,0,0,0,0,0,0,True,Top 10,1
238,Trump,0,0,0,0,0,0,0,True,Top 10,1
239,Trump,0,0,0,0,0,0,0,True,Top 10,1
240,Trump,1,1,2,2,0,2,0,True,Top 10,1
241,Trump,0,0,0,0,0,0,0,True,Top 10,1
242,Trump,2,6,15,10,5,15,0,True,Top 10,1
243,Trump,0,0,0,0,0,0,0,True,Top 10,1
244,Trump,0,0,0,0,0,0,0,True,Top 10,1
245,Trump,0,0,0,0,0,0,0,True,Top 10,1
246,Trump,0,0,0,0,0,0,0,True,Top 10,1
247,Trump,0,0,0,0,0,0,0,True,Top 10,1
248,Trump,0,0,0,0,0,0,0,True,Top 10,1
249,Trump,0,0,0,0,0,0,0,True,Top 10,1
250,Trump,0,0,0,0,0,0,0,True,Top 10,1
251,Trump,0,0,0,0,0,0,0,True,Top 10,1
252,Trump,0,0,0,0,0,0,0,True,Top 10,1
253,Trump,0,0,0,0,0,0,0,True,Top 10,1
254,Trump,1,3,10,5,5,10,0,True,Top 10,1
255,Trump,0,0,0,0,0,0,0,True,Top 10,1
256,Trump,1,5,10,5,5,10,0,True,Top 10,1
257,Trump,0,0,0,0,0,0,0,True,Top 10,1
258,Trump,1,1,7,7,0,7,0,True,Top 10,1
259,Trump,1,1,2,2,0,2,0,True,Top 10,1
260,Trump,0,0,0,0,0,0,0,True,Top 10,1
261,Trump,2,2,3,3,0,3,0,True,Top 10,1
262,Trump,0,0,0,0,0,0,0,True,Top 10,1
263,Trump,0,0,0,0,0,0,0,True,Top 10,1
264,Trump,0,0,0,0,0,0,0,True,Top 10,1
265,Trump,0,0,0,0,0,0,0,True,Top 10,1
266,Trump,0,0,0,0,0,0,0,True,Top 10,1
267,Trump,0,0,0,0,0,0,0,True,Top 10,1
268,Trump,0,0,0,0,0,0,0,True,Top 10,1
269,Trump,0,0,0,0,0,0,0,True,Top 10,1
270,Trump,1,1,2,2,0,2,0,True,Top 10,1
271,Trump,1,4,10,5,5,10,0,True,Top 10,1
272,Trump,0,0,0,0,0,0,0,True,Top 10,1
273,Trump,0,0,0,0,0,0,0,True,Top 10,1
274,Trump,1,5,10,5,5,10,0,True,Top 10,1
275,Trump,0,0,0,0,0,0,0,True,Top 10,1
276,Trump,0,0,0,0,0,0,0,True,Top 10,1
277,Trump,0,0,0,0,0,0,0,True,Top 10,1
278,Trump,0,0,0,0,0,0,0,True,Top 10,1
279,Trump,0,0,0,0,0,0,0,True,Top 10,1
280,Trump,0,0,0,0,0,0,0,True,Top 10,1
281,Trump,2,2,3,3,0,3,0,True,Top 10,1
282,Trump,0,0,0,0,0,0,0,True,Top 10,1
283,Trump,0,0,0,0,0,0,0,True,Top 10,1
284,Trump,0,0,0,0,0,0,0,True,Top 10,1
285,Trump,0,0,0,0,0,0,0,True,Top 10,1
286,Trump,0,0,0,0,0,0,0,True,Top 10,1
287,Trump,0,0,0,0,0,0,0,True,Top 10,1
288,Trump,0,0,0,0,0,0,0,True,Top 10,1
289,Trump,0,0,0,0,0,0,0,True,Top 10,1
290,Trump,1,1,1,1,0,1,0,True,Top 10,1
291,Trump,3,3,9,9,0,9,0,True,Top 10,1
292,Trump,7,7,15,15,0,15,0,True,Top 10,1
293,Trump,1,1,2,2,0,2,0,True,Top 10,1
294,Trump,1,5,10,5,5,10,0,True,Top 10,1
295,Trump,0,0,0,0,0,0,0,True,Top 10,1
296,Trump,1,1,1,1,0,1,0,True,Top 10,1
297,Trump,0,0,0,0,0,0,0,True,Top 10,1
298,Trump,0,0,0,0,0,0,0,True,Top 10,1
299,Trump,1,1,1,1,0,1,0,True,Top 10,1
300,Trump,1,1,2,2,0,2,0,True,Top 10,1
301,Trump,1,1,1,1,0,1,0,True,Top 10,1
302,Trump,0,0,0,0,0,0,0,True,Top 10,1
303,Trump,0,0,0,0,0,0,0,True,Top 10,1
304,Trump,1,1,2,2,0,2,0,True,Top 10,1
305,Trump,0,0,0,0,0,0,0,True,Top 10,1
306,Trump,1,1,2,2,0,2,0,True,Top 10,1
307,Trump,0,0,0,0,0,0,0,True,Top 10,1
308,Trump,0,0,0,0,0,0,0,True,Top 10,1
309,Trump,0,0,0,0,0,0,0,True,Top 10,1
310,Trump,0,0,0,0,0,0,0,True,Top 10,1
311,Trump,0,0,0,0,0,0,0,True,Top 10,1
312,Trump,0,0,0,0,0,0,0,True,Top 10,1
313,Trump,0,0,0,0,0,0,0,True,Top 10,1
314,Trump,0,0,0,0,0,0,0,True,Top 10,1
315,Trump,0,0,0,0,0,0,0,True,Top 10,1
316,Trump,0,0,0,0,0,0,0,True,Top 10,1
317,Trump,0,0,0,0,0,0,0,True,Top 10,1
318,Trump,0,0,0,0,0,0,0,True,Top 10,1
319,Trump,0,0,0,0,0,0,0,True,Top 10,1
320,Trump,0,0,0,0,0,0,0,True,Top 10,1
321,Trump,0,0,0,0,0,0,0,True,Top 10,1
322,Trump,0,0,0,0,0,0,0,True,Top 10,1
323,Trump,0,0,0,0,0,0,0,True,Top 10,1
324,Trump,0,0,0,0,0,0,0,True,Top 10,1
325,Trump,0,0,0,0,0,0,0,True,Top 10,1
326,Trump,0,0,0,0,0,0,0,True,Top 10,1
327,Trump,0,0,0,0,0,0,0,True,Top 10,1
328,Trump,0,0,0,0,0,0,0,True,Top 10,1
329,Trump,0,0,0,0,0,0,0,True,Top 10,1
330,Trump,0,0,0,0,0,0,0,True,Top 10,1
331,Trump,0,0,0,0,0,0,0,True,Top 10,1
332,Trump,0,0,0,0,0,0,0,True,Top 10,1
333,Trump,0,0,0,0,0,0,0,True,Top 10,1
334,Trump,0,0,0,0,0,0,0,True,Top 10,1
335,Trump,0,0,0,0,0,0,0,True,Top 10,1
336,Trump,0,0,0,0,0,0,0,True,Top 10,1
337,Trump,0,0,0,0,0,0,0,True,Top 10,1
338,Trump,0,0,0,0,0,0,0,True,Top 10,1
339,Trump,0,0,0,0,0,0,0,True,Top 10,1
340,Trump,1,1,1,1,0,1,0,True,Top 10,1
341,Trump,0,0,0,0,0,0,0,True,Top 10,1
342,Trump,0,0,0,0,0,0,0,True,Top 10,1
343,Trump,0,0,0,0,0,0,0,True,Top 10,1
344,Trump,1,1,3,3,0,3,0,True,Top 10,1
345,Trump,0,0,0,0,0,0,0,True,Top 10,1
346,Trump,2,2,3,3,0,3,0,True,Top 10,1
347,Trump,0,0,0,0,0,0,0,True,Top 10,1
348,Trump,1,1,1,1,0,1,0,True,Top 10,1
349,Trump,0,0,0,0,0,0,0,True,Top 10,1
350,Trump,0,0,0,0,0,0,0,True,Top 10,1
351,Trump,0,0,0,0,0,0,0,True,Top 10,1
352,Trump,0,0,0,0,0,0,0,True,Top 10,1
353,Trump,0,0,0,0,0,0,0,True,Top 10,1
354,Trump,0,0,0,0,0,0,0,True,Top 10,1
355,Trump,0,0,0,0,0,0,0,True,Top 10,1
356,Trump,0,0,0,0,0,0,0,True,Top 10,1
357,Trump,0,0,0,0,0,0,0,True,Top 10,1
358,Trump,1,1,1,1,0,1,0,True,Top 10,1
359,Trump,0,0,0,0,0,0,0,True,Top 10,1
360,Trump,0,0,0,0,0,0,0,True,Top 10,1
361,Trump,0,0,0,0,0,0,0,True,Top 10,1
362,Trump,0,0,0,0,0,0,0,True,Top 10,1
363,Trump,0,0,0,0,0,0,0,True,Top 10,1
364,Trump,0,0,0,0,0,0,0,True,Top 10,1
365,Trump,0,0,0,0,0,0,0,True,Top 10,1
366,Trump,0,0,0,0,0,0,0,True,Top 10,1
367,Trump,0,0,0,0,0,0,0,True,Top 10,1
368,Trump,0,0,0,0,0,0,0,True,Top 10,1
369,Trump,0,0,0,0,0,0,0,True,Top 10,1
370,Trump,0,0,0,0,0,0,0,True,Top 10,1
371,Trump,0,0,0,0,0,0,0,True,Top 10,1
372,Trump,0,0,0,0,0,0,0,True,Top 10,1
373,Trump,0,0,0,0,0,0,0,True,Top 10,1
374,Trump,0,0,0,0,0,0,0,True,Top 10,1
375,Trump,0,0,0,0,0,0,0,True,Top 10,1
376,Trump,0,0,0,0,0,0,0,True,Top 10,1
377,Trump,0,0,0,0,0,0,0,True,Top 10,1
378,Trump,0,0,0,0,0,0,0,True,Top 10,1
379,Trump,0,0,0,0,0,0,0,True,Top 10,1
380,Trump,0,0,0,0,0,0,0,True,Top 10,1
381,Trump,0,0,0,0,0,0,0,True,Top 10,1
382,Trump,0,0,0,0,0,0,0,True,Top 10,1
383,Trump,0,0,0,0,0,0,0,True,Top 10,1
384,Trump,0,0,0,0,0,0,0,True,Top 10,1
385,Trump,0,0,0,0,0,0,0,True,Top 10,1
386,Trump,1,1,1,1,0,1,0,True,Top 10,1
387,Trump,0,0,0,0,0,0,0,True,Top 10,1
388,Trump,0,0,0,0,0,0,0,True,Top 10,1
389,Trump,0,0,0,0,0,0,0,True,Top 10,1
390,Trump,0,0,0,0,0,0,0,True,Top 10,1
391,Trump,1,4,10,5,5,10,0,True,Top 10,1
392,Trump,0,0,0,0,0,0,0,True,Top 10,1
393,Trump,0,0,0,0,0,0,0,True,Top 10,1
394,Trump,0,0,0,0,0,0,0,True,Top 10,1
395,Trump,0,0,0,0,0,0,0,True,Top 10,1
396,Trump,0,0,0,0,0,0,0,True,Top 10,1
397,Trump,0,0,0,0,0,0,0,True,Top 10,1
398,Trump,1,1,1,1,0,1,0,True,Top 10,1
399,Trump,0,0,0,0,0,0,0,True,Top 10,1
400,Trump,0,0,0,0,0,0,0,True,Top 10,1
401,Trump,0,0,0,0,0,0,0,True,Top 10,1
402,Trump,0,0,0,0,0,0,0,True,Top 10,1
403,Trump,0,0,0,0,0,0,0,True,Top 10,1
404,Trump,0,0,0,0,0,0,0,True,Top 10,1
405,Trump,0,0,0,0,0,0,0,True,Top 10,1
406,Trump,0,0,0,0,0,0,0,True,Top 10,1
407,Trump,0,0,0,0,0,0,0,True,Top 10,1
408,Trump,1,1,2,2,0,2,0,True,Top 10,1
409,Trump,0,0,0,0,0,0,0,True,Top 10,1
410,Trump,0,0,0,0,0,0,0,True,Top 10,1
411,Trump,1,1,1,1,0,1,0,True,Top 10,1
412,Trump,0,0,0,0,0,0,0,True,Top 10,1
413,Trump,0,0,0,0,0,0,0,True,Top 10,1
414,Trump,0,0,0,0,0,0,0,True,Top 10,1
415,Trump,0,0,0,0,0,0,0,True,Top 10,1
416,Trump,0,0,0,0,0,0,0,True,Top 10,1
417,Trump,0,0,0,0,0,0,0,True,Top 10,1
418,Trump,1,1,1,1,0,1,0,True,Top 10,1
419,Trump,0,0,0,0,0,0,0,True,Top 10,1
420,Trump,0,0,0,0,0,0,0,True,Top 10,1
421,Trump,0,0,0,0,0,0,0,True,Top 10,1
422,Trump,0,0,0,0,0,0,0,True,Top 10,1
423,Trump,0,0,0,0,0,0,0,True,Top 10,1
424,Trump,1,1,3,3,0,3,0,True,Top 10,1
425,Trump,0,0,0,0,0,0,0,True,Top 10,1
426,Trump,0,0,0,0,0,0,0,True,Top 10,1
427,Trump,2,3,6,5,1,6,0,True,Top 10,1
428,Trump,0,0,0,0,0,0,0,True,Top 10,1
429,Trump,0,0,0,0,0,0,0,True,Top 10,1
430,Trump,1,1,3,3,0,3,0,True,Top 10,1
431,Trump,0,0,0,0,0,0,0,True,Top 10,1
432,Trump,0,0,0,0,0,0,0,True,Top 10,1
433,Trump,0,0,0,0,0,0,0,True,Top 10,1
434,Trump,0,0,0,0,0,0,0,True,Top 10,1
435,Trump,0,0,0,0,0,0,0,True,Top 10,1
436,Trump,0,0,0,0,0,0,0,True,Top 10,1
437,Trump,0,0,0,0,0,0,0,True,Top 10,1
438,Trump,0,0,0,0,0,0,0,True,Top 10,1
439,Trump,0,0,0,0,0,0,0,True,Top 10,1
440,Trump,0,0,0,0,0,0,0,True,Top 10,1
441,Trump,0,0,0,0,0,0,0,True,Top 10,1
442,Trump,0,0,0,0,0,0,0,True,Top 10,1
443,Trump,0,0,0,0,0,0,0,True,Top 10,1
444,Trump,0,0,0,0,0,0,0,True,Top 10,1
445,Harris,0,0,0,0,0,0,0,True,Top 10,1
446,Harris,1,1,1,1,0,1,0,True,Top 10,1
447,Harris,0,0,0,0,0,0,0,True,Top 10,1
448,Harris,0,0,0,0,0,0,0,True,Top 10,1
449,Harris,0,0,0,0,0,0,0,True,Top 10,1
450,Harris,0,0,0,0,0,0,0,True,Top 10,1
451,Harris,0,0,0,0,0,0,0,True,Top 10,1
452,Harris,1,1,14,14,0,14,0,True,Top 10,1
453,Harris,0,0,0,0,0,0,0,True,Top 10,1
454,Harris,0,0,0,0,0,0,0,True,Top 10,1
455,Harris,0,0,0,0,0,0,0,True,Top 10,1
456,Harris,0,0,0,0,0,0,0,True,Top 10,1
457,Harris,0,0,0,0,0,0,0,True,Top 10,1
458,Harris,0,0,0,0,0,0,0,True,Top 10,1
459,Harris,1,1,14,14,0,14,0,True,Top 10,1
460,Harris,0,0,0,0,0,0,0,True,Top 10,1
461,Harris,0,0,0,0,0,0,0,True,Top 10,1
462,Harris,0,0,0,0,0,0,0,True,Top 10,1
463,Harris,0,0,0,0,0,0,0,True,Top 10,1
464,Harris,0,0,0,0,0,0,0,True,Top 10,1
465,Harris,0,0,0,0,0,0,0,True,Top 10,1
466,Harris,0,0,0,0,0,0,0,True,Top 10,1
467,Harris,0,0,0,0,0,0,0,True,Top 10,1
468,Harris,0,0,0,0,0,0,0,True,Top 10,1
469,Harris,0,0,0,0,0,0,0,True,Top 10,1
470,Harris,1,1,14,14,0,14,0,True,Top 10,1
471,Harris,0,0,0,0,0,0,0,True,Top 10,1
472,Harris,0,0,0,0,0,0,0,True,Top 10,1
473,Harris,0,0,0,0,0,0,0,True,Top 10,1
474,Harris,0,0,0,0,0,0,0,True,Top 10,1
475,Harris,0,0,0,0,0,0,0,True,Top 10,1
476,Harris,0,0,0,0,0,0,0,True,Top 10,1
477,Harris,1,1,14,14,0,14,0,True,Top 10,1
478,Harris,0,0,0,0,0,0,0,True,Top 10,1
479,Harris,0,0,0,0,0,0,0,True,Top 10,1
480,Harris,0,0,0,0,0,0,0,True,Top 10,1
481,Harris,0,0,0,0,0,0,0,True,Top 10,1
482,Harris,0,0,0,0,0,0,0,True,Top 10,1
483,Harris,0,0,0,0,0,0,0,True,Top 10,1
484,Harris,0,0,0,0,0,0,0,True,Top 10,1
485,Harris,0,0,0,0,0,0,0,True,Top 10,1
486,Harris,0,0,0,0,0,0,0,True,Top 10,1
487,Harris,0,0,0,0,0,0,0,True,Top 10,1
488,Harris,1,1,14,14,0,14,0,True,Top 10,1
489,Harris,0,0,0,0,0,0,0,True,Top 10,1
490,Harris,0,0,0,0,0,0,0,True,Top 10,1
491,Harris,0,0,0,0,0,0,0,True,Top 10,1
492,Harris,0,0,0,0,0,0,0,True,Top 10,1
493,Harris,0,0,0,0,0,0,0,True,Top 10,1
494,Harris,0,0,0,0,0,0,0,True,Top 10,1
495,Harris,0,0,0,0,0,0,0,True,Top 10,1
496,Harris,0,0,0,0,0,0,0,True,Top 10,1
497,Harris,0,0,0,0,0,0,0,True,Top 10,1
498,Harris,0,0,0,0,0,0,0,True,Top 10,1
499,Harris,1,1,2,2,0,2,0,True,Top 10,1
500,Harris,1,1,14,14,0,14,0,True,Top 10,1
501,Harris,0,0,0,0,0,0,0,True,Top 10,1
502,Harris,0,0,0,0,0,0,0,True,Top 10,1
503,Harris,0,0,0,0,0,0,0,True,Top 10,1
504,Harris,0,0,0,0,0,0,0,True,Top 10,1
505,Harris,0,0,0,0,0,0,0,True,Top 10,1
506,Harris,0,0,0,0,0,0,0,True,Top 10,1
507,Harris,0,0,0,0,0,0,0,True,Top 10,1
508,Harris,0,0,0,0,0,0,0,True,Top 10,1
509,Harris,0,0,0,0,0,0,0,True,Top 10,1
510,Harris,0,0,0,0,0,0,0,True,Top 10,1
511,Harris,0,0,0,0,0,0,0,True,Top 10,1
512,Harris,0,0,0,0,0,0,0,True,Top 10,1
513,Harris,0,0,0,0,0,0,0,True,Top 10,1
514,Harris,0,0,0,0,0,0,0,True,Top 10,1
515,Harris,0,0,0,0,0,0,0,True,Top 10,1
516,Harris,0,0,0,0,0,0,0,True,Top 10,1
517,Harris,0,0,0,0,0,0,0,True,Top 10,1
518,Harris,0,0,0,0,0,0,0,True,Top 10,1
519,Harris,0,0,0,0,0,0,0,True,Top 10,1
520,Harris,0,0,0,0,0,0,0,True,Top 10,1
521,Harris,0,0,0,0,0,0,0,True,Top 10,1
522,Harris,0,0,0,0,0,0,0,True,Top 10,1
523,Harris,0,0,0,0,0,0,0,True,Top 10,1
524,Harris,0,0,0,0,0,0,0,True,Top 10,1
525,Harris,1,1,14,14,0,14,0,True,Top 10,1
526,Harris,0,0,0,0,0,0,0,True,Top 10,1
527,Harris,0,0,0,0,0,0,0,True,Top 10,1
528,Harris,0,0,0,0,0,0,0,True,Top 10,1
529,Harris,0,0,0,0,0,0,0,True,Top 10,1
530,Harris,0,0,0,0,0,0,0,True,Top 10,1
531,Harris,1,1,14,14,0,14,0,True,Top 10,1
532,Harris,0,0,0,0,0,0,0,True,Top 10,1
533,Harris,0,0,0,0,0,0,0,True,Top 10,1
534,Harris,0,0,0,0,0,0,0,True,Top 10,1
535,Harris,0,0,0,0,0,0,0,True,Top 10,1
536,Harris,0,0,0,0,0,0,0,True,Top 10,1
537,Harris,0,0,0,0,0,0,0,True,Top 10,1
538,Harris,0,0,0,0,0,0,0,True,Top 10,1
539,Harris,0,0,0,0,0,0,0,True,Top 10,1
540,Harris,0,0,0,0,0,0,0,True,Top 10,1
541,Harris,0,0,0,0,0,0,0,True,Top 10,1
542,Harris,0,0,0,0,0,0,0,True,Top 10,1
543,Harris,0,0,0,0,0,0,0,True,Top 10,1
544,Harris,0,0,0,0,0,0,0,True,Top 10,1
545,Harris,1,1,2,2,0,2,0,True,Top 10,1
546,Harris,1,1,14,14,0,14,0,True,Top 10,1
547,Harris,0,0,0,0,0,0,0,True,Top 10,1
548,Harris,0,0,0,0,0,0,0,True,Top 10,1
549,Harris,0,0,0,0,0,0,0,True,Top 10,1
550,Harris,0,0,0,0,0,0,0,True,Top 10,1
551,Harris,0,0,0,0,0,0,0,True,Top 10,1
552,Harris,0,0,0,0,0,0,0,True,Top 10,1
553,Harris,0,0,0,0,0,0,0,True,Top 10,1
554,Harris,0,0,0,0,0,0,0,True,Top 10,1
555,Harris,0,0,0,0,0,0,0,True,Top 10,1
556,Harris,0,0,0,0,0,0,0,True,Top 10,1
557,Harris,0,0,0,0,0,0,0,True,Top 10,1
558,Harris,0,0,0,0,0,0,0,True,Top 10,1
559,Harris,0,0,0,0,0,0,0,True,Top 10,1
560,Harris,0,0,0,0,0,0,0,True,Top 10,1
561,Harris,0,0,0,0,0,0,0,True,Top 10,1
562,Harris,0,0,0,0,0,0,0,True,Top 10,1
563,Harris,0,0,0,0,0,0,0,True,Top 10,1
564,Harris,0,0,0,0,0,0,0,True,Top 10,1
565,Harris,0,0,0,0,0,0,0,True,Top 10,1
566,Harris,0,0,0,0,0,0,0,True,Top 10,1
567,Harris,0,0,0,0,0,0,0,True,Top 10,1
568,Harris,0,0,0,0,0,0,0,True,Top 10,1
569,Harris,0,0,0,0,0,0,0,True,Top 10,1
570,Harris,0,0,0,0,0,0,0,True,Top 10,1
571,Harris,0,0,0,0,0,0,0,True,Top 10,1
572,Harris,0,0,0,0,0,0,0,True,Top 10,1
573,Harris,0,0,0,0,0,0,0,True,Top 10,1
574,Harris,0,0,0,0,0,0,0,True,Top 10,1
575,Harris,0,0,0,0,0,0,0,True,Top 10,1
576,Harris,0,0,0,0,0,0,0,True,Top 10,1
577,Harris,0,0,0,0,0,0,0,True,Top 10,1
578,Harris,0,0,0,0,0,0,0,True,Top 10,1
579,Harris,0,0,0,0,0,0,0,True,Top 10,1
580,Harris,0,0,0,0,0,0,0,True,Top 10,1
581,Harris,1,1,4,4,0,4,0,True,Top 10,1
582,Harris,0,0,0,0,0,0,0,True,Top 10,1
583,Harris,0,0,0,0,0,0,0,True,Top 10,1
584,Harris,0,0,0,0,0,0,0,True,Top 10,1
585,Harris,0,0,0,0,0,0,0,True,Top 10,1
586,Harris,1,1,14,14,0,14,0,True,Top 10,1
587,Harris,0,0,0,0,0,0,0,True,Top 10,1
588,Harris,0,0,0,0,0,0,0,True,Top 10,1
589,Harris,0,0,0,0,0,0,0,True,Top 10,1
590,Harris,0,0,0,0,0,0,0,True,Top 10,1
591,Harris,0,0,0,0,0,0,0,True,Top 10,1
592,Harris,0,0,0,0,0,0,0,True,Top 10,1
593,Harris,0,0,0,0,0,0,0,True,Top 10,1
594,Harris,0,0,0,0,0,0,0,True,Top 10,1
595,Harris,0,0,0,0,0,0,0,True,Top 10,1
596,Harris,0,0,0,0,0,0,0,True,Top 10,1
597,Harris,0,0,0,0,0,0,0,True,Top 10,1
598,Harris,0,0,0,0,0,0,0,True,Top 10,1
599,Harris,0,0,0,0,0,0,0,True,Top 10,1
600,Harris,0,0,0,0,0,0,0,True,Top 10,1
601,Harris,1,1,2,2,0,2,0,True,Top 10,1
602,Harris,0,0,0,0,0,0,0,True,Top 10,1
603,Harris,0,0,0,0,0,0,0,True,Top 10,1
604,Harris,0,0,0,0,0,0,0,True,Top 10,1
605,Harris,0,0,0,0,0,0,0,True,Top 10,1
606,Harris,0,0,0,0,0,0,0,True,Top 10,1
607,Harris,0,0,0,0,0,0,0,True,Top 10,1
608,Harris,0,0,0,0,0,0,0,True,Top 10,1
609,Harris,0,0,0,0,0,0,0,True,Top 10,1
610,Harris,0,0,0,0,0,0,0,True,Top 10,1
611,Harris,0,0,0,0,0,0,0,True,Top 10,1
612,Harris,0,0,0,0,0,0,0,True,Top 10,1
613,Harris,0,0,0,0,0,0,0,True,Top 10,1
614,Harris,0,0,0,0,0,0,0,True,Top 10,1
615,Harris,0,0,0,0,0,0,0,True,Top 10,1
616,Harris,0,0,0,0,0,0,0,True,Top 10,1
617,Harris,0,0,0,0,0,0,0,True,Top 10,1
618,Harris,0,0,0,0,0,0,0,True,Top 10,1
619,Harris,0,0,0,0,0,0,0,True,Top 10,1
620,Harris,0,0,0,0,0,0,0,True,Top 10,1
621,Harris,0,0,0,0,0,0,0,True,Top 10,1
622,Harris,0,0,0,0,0,0,0,True,Top 10,1
623,Harris,0,0,0,0,0,0,0,True,Top 10,1
624,Harris,0,0,0,0,0,0,0,True,Top 10,1
625,Harris,0,0,0,0,0,0,0,True,Top 10,1
626,Harris,0,0,0,0,0,0,0,True,Top 10,1
627,Harris,0,0,0,0,0,0,0,True,Top 10,1
628,Harris,0,0,0,0,0,0,0,True,Top 10,1
629,Harris,0,0,0,0,0,0,0,True,Top 10,1
630,Harris,0,0,0,0,0,0,0,True,Top 10,1
631,Harris,0,0,0,0,0,0,0,True,Top 10,1
632,Harris,0,0,0,0,0,0,0,True,Top 10,1
633,Harris,0,0,0,0,0,0,0,True,Top 10,1
634,Harris,0,0,0,0,0,0,0,True,Top 10,1
635,Harris,0,0,0,0,0,0,0,True,Top 10,1
636,Harris,0,0,0,0,0,0,0,True,Top 10,1
637,Harris,0,0,0,0,0,0,0,True,Top 10,1
638,Harris,0,0,0,0,0,0,0,True,Top 10,1
639,Harris,0,0,0,0,0,0,0,True,Top 10,1
640,Harris,0,0,0,0,0,0,0,True,Top 10,1
641,Harris,0,0,0,0,0,0,0,True,Top 10,1
642,Harris,0,0,0,0,0,0,0,True,Top 10,1
643,Harris,0,0,0,0,0,0,0,True,Top 10,1
644,Harris,0,0,0,0,0,0,0,True,Top 10,1
645,Harris,0,0,0,0,0,0,0,True,Top 10,1
646,Harris,0,0,0,0,0,0,0,True,Top 10,1
647,Harris,0,0,0,0,0,0,0,True,Top 10,1
648,Harris,0,0,0,0,0,0,0,True,Top 10,1
649,Harris,0,0,0,0,0,0,0,True,Top 10,1
650,Harris,0,0,0,0,0,0,0,True,Top 10,1
651,Harris,0,0,0,0,0,0,0,True,Top 10,1
652,Harris,0,0,0,0,0,0,0,True,Top 10,1
653,Harris,0,0,0,0,0,0,0,True,Top 10,1
654,Harris,0,0,0,0,0,0,0,True,Top 10,1
655,Harris,0,0,0,0,0,0,0,True,Top 10,1
656,Harris,1,1,14,14,0,14,0,True,Top 10,1
657,Harris,0,0,0,0,0,0,0,True,Top 10,1
658,Harris,0,0,0,0,0,0,0,True,Top 10,1
659,Harris,0,0,0,0,0,0,0,True,Top 10,1
660,Harris,0,0,0,0,0,0,0,True,Top 10,1
661,Harris,1,1,1,1,0,1,0,True,Top 10,1
662,Harris,0,0,0,0,0,0,0,True,Top 10,1
663,Harris,1,1,3,3,0,3,0,True,Top 10,1
664,Harris,0,0,0,0,0,0,0,True,Top 10,1
665,Harris,0,0,0,0,0,0,0,True,Top 10,1
666,Harris,0,0,0,0,0,0,0,True,Top 10,1
667,Harris,0,0,0,0,0,0,0,True,Top 10,1
668,Harris,0,0,0,0,0,0,0,True,Top 10,1
669,Harris,0,0,0,0,0,0,0,True,Top 10,1
670,Harris,0,0,0,0,0,0,0,True,Top 10,1
671,Harris,0,0,0,0,0,0,0,True,Top 10,1
672,Harris,0,0,0,0,0,0,0,True,Top 10,1
673,Harris,0,0,0,0,0,0,0,True,Top 10,1
674,Harris,0,0,0,0,0,0,0,True,Top 10,1
675,Harris,0,0,0,0,0,0,0,True,Top 10,1
676,Harris,0,0,0,0,0,0,0,True,Top 10,1
677,Harris,0,0,0,0,0,0,0,True,Top 10,1
678,Harris,0,0,0,0,0,0,0,True,Top 10,1
679,Harris,0,0,0,0,0,0,0,True,Top 10,1
680,Harris,0,0,0,0,0,0,0,True,Top 10,1
681,Harris,0,0,0,0,0,0,0,True,Top 10,1
682,Harris,0,0,0,0,0,0,0,True,Top 10,1
683,Harris,0,0,0,0,0,0,0,True,Top 10,1
684,Harris,0,0,0,0,0,0,0,True,Top 10,1
685,Harris,0,0,0,0,0,0,0,True,Top 10,1
686,Harris,0,0,0,0,0,0,0,True,Top 10,1
687,Harris,0,0,0,0,0,0,0,True,Top 10,1
688,Harris,0,0,0,0,0,0,0,True,Top 10,1
689,Harris,0,0,0,0,0,0,0,True,Top 10,1
690,Harris,0,0,0,0,0,0,0,True,Top 10,1
691,Harris,0,0,0,0,0,0,0,True,Top 10,1
692,Harris,0,0,0,0,0,0,0,True,Top 10,1
693,Harris,0,0,0,0,0,0,0,True,Top 10,1
694,Harris,0,0,0,0,0,0,0,True,Top 10,1
695,Harris,1,1,14,14,0,14,0,True,Top 10,1
696,Harris,0,0,0,0,0,0,0,True,Top 10,1
697,Harris,0,0,0,0,0,0,0,True,Top 10,1
698,Harris,0,0,0,0,0,0,0,True,Top 10,1
699,Harris,0,0,0,0,0,0,0,True,Top 10,1
700,Harris,0,0,0,0,0,0,0,True,Top 10,1
701,Harris,0,0,0,0,0,0,0,True,Top 10,1
702,Harris,0,0,0,0,0,0,0,True,Top 10,1
703,Harris,0,0,0,0,0,0,0,True,Top 10,1
704,Harris,0,0,0,0,0,0,0,True,Top 10,1
705,Harris,0,0,0,0,0,0,0,True,Top 10,1
706,Harris,0,0,0,0,0,0,0,True,Top 10,1
707,Harris,0,0,0,0,0,0,0,True,Top 10,1
708,Harris,0,0,0,0,0,0,0,True,Top 10,1
709,Harris,0,0,0,0,0,0,0,True,Top 10,1
710,Harris,0,0,0,0,0,0,0,True,Top 10,1
711,Harris,0,0,0,0,0,0,0,True,Top 10,1
712,Harris,0,0,0,0,0,0,0,True,Top 10,1
713,Harris,0,0,0,0,0,0,0,True,Top 10,1
714,Harris,0,0,0,0,0,0,0,True,Top 10,1
715,Harris,0,0,0,0,0,0,0,True,Top 10,1
716,Harris,0,0,0,0,0,0,0,True,Top 10,1
717,Harris,0,0,0,0,0,0,0,True,Top 10,1
718,Harris,0,0,0,0,0,0,0,True,Top 10,1
719,Harris,0,0,0,0,0,0,0,True,Top 10,1
720,Harris,0,0,0,0,0,0,0,True,Top 10,1
721,Harris,0,0,0,0,0,0,0,True,Top 10,1
722,Harris,0,0,0,0,0,0,0,True,Top 10,1
723,Harris,0,0,0,0,0,0,0,True,Top 10,1
724,Harris,1,1,14,14,0,14,0,True,Top 10,1
725,Harris,0,0,0,0,0,0,0,True,Top 10,1
726,Harris,0,0,0,0,0,0,0,True,Top 10,1
727,Harris,0,0,0,0,0,0,0,True,Top 10,1
728,Harris,0,0,0,0,0,0,0,True,Top 10,1
729,Harris,0,0,0,0,0,0,0,True,Top 10,1
730,Harris,0,0,0,0,0,0,0,True,Top 10,1
731,Harris,0,0,0,0,0,0,0,True,Top 10,1
732,Harris,0,0,0,0,0,0,0,True,Top 10,1
733,Harris,0,0,0,0,0,0,0,True,Top 10,1
734,Harris,0,0,0,0,0,0,0,True,Top 10,1
735,Harris,0,0,0,0,0,0,0,True,Top 10,1
736,Harris,1,1,2,2,0,2,0,True,Top 10,1
737,Harris,0,0,0,0,0,0,0,True,Top 10,1
738,Harris,0,0,0,0,0,0,0,True,Top 10,1
739,Harris,0,0,0,0,0,0,0,True,Top 10,1
740,Harris,0,0,0,0,0,0,0,True,Top 10,1
741,Harris,0,0,0,0,0,0,0,True,Top 10,1
742,Harris,0,0,0,0,0,0,0,True,Top 10,1
743,Harris,0,0,0,0,0,0,0,True,Top 10,1
744,Harris,0,0,0,0,0,0,0,True,Top 10,1
745,Harris,0,0,0,0,0,0,0,True,Top 10,1
746,Harris,0,0,0,0,0,0,0,True,Top 10,1
747,Harris,0,0,0,0,0,0,0,True,Top 10,1
748,Harris,0,0,0,0,0,0,0,True,Top 10,1
749,Harris,0,0,0,0,0,0,0,True,Top 10,1
750,Harris,0,0,0,0,0,0,0,True,Top 10,1
751,Harris,1,1,2,2,0,2,0,True,Top 10,1
752,Harris,0,0,0,0,0,0,0,True,Top 10,1
753,Harris,1,1,2,2,0,2,0,True,Top 10,1
754,Harris,0,0,0,0,0,0,0,True,Top 10,1
755,Harris,0,0,0,0,0,0,0,True,Top 10,1
756,Harris,0,0,0,0,0,0,0,True,Top 10,1
757,Harris,1,1,1,1,0,1,0,True,Top 10,1
758,Harris,0,0,0,0,0,0,0,True,Top 10,1
759,Harris,0,0,0,0,0,0,0,True,Top 10,1
760,Harris,0,0,0,0,0,0,0,True,Top 10,1
761,Harris,0,0,0,0,0,0,0,True,Top 10,1
762,Harris,0,0,0,0,0,0,0,True,Top 10,1
763,Harris,0,0,0,0,0,0,0,True,Top 10,1
764,Harris,0,0,0,0,0,0,0,True,Top 10,1
765,Harris,0,0,0,0,0,0,0,True,Top 10,1
766,Harris,1,1,14,14,0,14,0,True,Top 10,1
767,Harris,0,0,0,0,0,0,0,True,Top 10,1
768,Harris,0,0,0,0,0,0,0,True,Top 10,1
769,Harris,2,2,4,4,0,4,0,True,Top 10,1
770,Harris,0,0,0,0,0,0,0,True,Top 10,1
771,Harris,0,0,0,0,0,0,0,True,Top 10,1
772,Harris,2,2,4,4,0,4,0,True,Top 10,1
773,Harris,0,0,0,0,0,0,0,True,Top 10,1
774,Harris,0,0,0,0,0,0,0,True,Top 10,1
775,Harris,0,0,0,0,0,0,0,True,Top 10,1
776,Harris,0,0,0,0,0,0,0,True,Top 10,1
777,Harris,0,0,0,0,0,0,0,True,Top 10,1
778,Harris,0,0,0,0,0,0,0,True,Top 10,1
779,Harris,0,0,0,0,0,0,0,True,Top 10,1
780,Harris,0,0,0,0,0,0,0,True,Top 10,1
781,Harris,0,0,0,0,0,0,0,True,Top 10,1
782,Harris,0,0,0,0,0,0,0,True,Top 10,1
783,Harris,0,0,0,0,0,0,0,True,Top 10,1
784,Harris,0,0,0,0,0,0,0,True,Top 10,1
785,Harris,0,0,0,0,0,0,0,True,Top 10,1
786,Harris,0,0,0,0,0,0,0,True,Top 10,1
787,Harris,0,0,0,0,0,0,0,True,Top 10,1
788,Harris,0,0,0,0,0,0,0,True,Top 10,1
789,Harris,0,0,0,0,0,0,0,True,Top 10,1
790,Harris,0,0,0,0,0,0,0,True,Top 10,1
791,Harris,0,0,0,0,0,0,0,True,Top 10,1
792,Harris,0,0,0,0,0,0,0,True,Top 10,1
793,Harris,2,2,3,3,0,3,0,True,Top 10,1
794,Harris,0,0,0,0,0,0,0,True,Top 10,1
795,Harris,0,0,0,0,0,0,0,True,Top 10,1
796,Harris,0,0,0,0,0,0,0,True,Top 10,1
797,Harris,0,0,0,0,0,0,0,True,Top 10,1
798,Harris,0,0,0,0,0,0,0,True,Top 10,1
799,Harris,0,0,0,0,0,0,0,True,Top 10,1
800,Harris,1,1,2,2,0,2,0,True,Top 10,1
801,Harris,0,0,0,0,0,0,0,True,Top 10,1
802,Harris,0,0,0,0,0,0,0,True,Top 10,1
803,Harris,0,0,0,0,0,0,0,True,Top 10,1
804,Harris,0,0,0,0,0,0,0,True,Top 10,1
805,Harris,0,0,0,0,0,0,0,True,Top 10,1
806,Harris,0,0,0,0,0,0,0,True,Top 10,1
807,Harris,0,0,0,0,0,0,0,True,Top 10,1
808,Harris,0,0,0,0,0,0,0,True,Top 10,1
809,Harris,1,1,2,2,0,2,0,True,Top 10,1
810,Harris,0,0,0,0,0,0,0,True,Top 10,1
811,Harris,0,0,0,0,0,0,0,True,Top 10,1
812,Harris,0,0,0,0,0,0,0,True,Top 10,1
813,Harris,0,0,0,0,0,0,0,True,Top 10,1
814,Harris,0,0,0,0,0,0,0,True,Top 10,1
815,Harris,0,0,0,0,0,0,0,True,Top 10,1
816,Harris,0,0,0,0,0,0,0,True,Top 10,1
817,Harris,2,2,4,4,0,4,0,True,Top 10,1
818,Harris,0,0,0,0,0,0,0,True,Top 10,1
819,Harris,0,0,0,0,0,0,0,True,Top 10,1
820,Harris,0,0,0,0,0,0,0,True,Top 10,1
821,Harris,0,0,0,0,0,0,0,True,Top 10,1
822,Harris,0,0,0,0,0,0,0,True,Top 10,1
823,Harris,0,0,0,0,0,0,0,True,Top 10,1
824,Harris,0,0,0,0,0,0,0,True,Top 10,1
825,Harris,1,1,14,14,0,14,0,True,Top 10,1
826,Harris,0,0,0,0,0,0,0,True,Top 10,1
827,Harris,0,0,0,0,0,0,0,True,Top 10,1
828,Harris,0,0,0,0,0,0,0,True,Top 10,1
829,Harris,1,1,2,2,0,2,0,True,Top 10,1
830,Harris,0,0,0,0,0,0,0,True,Top 10,1
831,Harris,0,0,0,0,0,0,0,True,Top 10,1
832,Harris,1,1,2,2,0,2,0,True,Top 10,1
833,Harris,0,0,0,0,0,0,0,True,Top 10,1
834,Harris,0,0,0,0,0,0,0,True,Top 10,1
835,Harris,0,0,0,0,0,0,0,True,Top 10,1
836,Harris,0,0,0,0,0,0,0,True,Top 10,1
837,Harris,0,0,0,0,0,0,0,True,Top 10,1
838,Harris,0,0,0,0,0,0,0,True,Top 10,1
839,Harris,0,0,0,0,0,0,0,True,Top 10,1
840,Harris,0,0,0,0,0,0,0,True,Top 10,1
841,Harris,1,1,14,14,0,14,0,True,Top 10,1
842,Harris,0,0,0,0,0,0,0,True,Top 10,1
843,Harris,0,0,0,0,0,0,0,True,Top 10,1
844,Harris,0,0,0,0,0,0,0,True,Top 10,1
845,Harris,0,0,0,0,0,0,0,True,Top 10,1
846,Harris,0,0,0,0,0,0,0,True,Top 10,1
847,Harris,0,0,0,0,0,0,0,True,Top 10,1
848,Harris,0,0,0,0,0,0,0,True,Top 10,1
849,Harris,1,1,1,1,0,1,0,True,Top 10,1
850,Harris,0,0,0,0,0,0,0,True,Top 10,1
851,Harris,0,0,0,0,0,0,0,True,Top 10,1
852,Harris,0,0,0,0,0,0,0,True,Top 10,1
853,Harris,0,0,0,0,0,0,0,True,Top 10,1
854,Harris,1,1,2,2,0,2,0,True,Top 10,1
855,Harris,1,1,2,2,0,2,0,True,Top 10,1
856,Harris,1,1,3,3,0,3,0,True,Top 10,1
857,Harris,0,0,0,0,0,0,0,True,Top 10,1
858,Harris,2,2,4,4,0,4,0,True,Top 10,1
859,Harris,1,1,1,1,0,1,0,True,Top 10,1
860,Harris,0,0,0,0,0,0,0,True,Top 10,1
861,Harris,0,0,0,0,0,0,0,True,Top 10,1
862,Harris,1,1,2,2,0,2,0,True,Top 10,1
863,Harris,2,2,2,2,0,2,0,True,Top 10,1
864,Harris,0,0,0,0,0,0,0,True,Top 10,1
865,Harris,1,1,1,1,0,1,0,True,Top 10,1
866,Harris,1,1,2,2,0,2,0,True,Top 10,1
867,Harris,0,0,0,0,0,0,0,True,Top 10,1
868,Harris,2,2,5,5,0,5,0,True,Top 10,1
869,Harris,0,0,0,0,0,0,0,True,Top 10,1
870,Harris,0,0,0,0,0,0,0,True,Top 10,1
871,Harris,0,0,0,0,0,0,0,True,Top 10,1
872,Harris,0,0,0,0,0,0,0,True,Top 10,1
873,Harris,0,0,0,0,0,0,0,True,Top 10,1
874,Harris,0,0,0,0,0,0,0,True,Top 10,1
875,Harris,0,0,0,0,0,0,0,True,Top 10,1
876,Harris,0,0,0,0,0,0,0,True,Top 10,1
877,Harris,0,0,0,0,0,0,0,True,Top 10,1
878,Harris,0,0,0,0,0,0,0,True,Top 10,1
879,Harris,0,0,0,0,0,0,0,True,Top 10,1
880,Harris,0,0,0,0,0,0,0,True,Top 10,1
881,Harris,0,0,0,0,0,0,0,True,Top 10,1
882,Harris,1,1,4,4,0,4,0,True,Top 10,1
883,Harris,0,0,0,0,0,0,0,True,Top 10,1
884,Harris,0,0,0,0,0,0,0,True,Top 10,1
885,Harris,0,0,0,0,0,0,0,True,Top 10,1
886,Harris,0,0,0,0,0,0,0,True,Top 10,1
887,Harris,0,0,0,0,0,0,0,True,Top 10,1
888,Harris,0,0,0,0,0,0,0,True,Top 10,1
889,Harris,1,1,2,2,0,2,0,True,Top 10,1
0,Trump,1,4,10,5,5,10,0,True,Top 10,2
1,Trump,0,0,0,0,0,0,0,True,Top 10,2
2,Trump,0,0,0,0,0,0,0,True,Top 10,2
3,Trump,0,0,0,0,0,0,0,True,Top 10,2
4,Trump,0,0,0,0,0,0,0,True,Top 10,2
5,Trump,0,0,0,0,0,0,0,True,Top 10,2
6,Trump,0,0,0,0,0,0,0,True,Top 10,2
7,Trump,1,4,10,5,5,10,0,True,Top 10,2
8,Trump,0,0,0,0,0,0,0,True,Top 10,2
9,Trump,0,0,0,0,0,0,0,True,Top 10,2
10,Trump,0,0,0,0,0,0,0,True,Top 10,2
11,Trump,0,0,0,0,0,0,0,True,Top 10,2
12,Trump,0,0,0,0,0,0,0,True,Top 10,2
13,Trump,0,0,0,0,0,0,0,True,Top 10,2
14,Trump,0,0,0,0,0,0,0,True,Top 10,2
15,Trump,1,5,10,5,5,10,0,True,Top 10,2
16,Trump,1,4,10,5,5,10,0,True,Top 10,2
17,Trump,0,0,0,0,0,0,0,True,Top 10,2
18,Trump,1,1,1,1,0,1,0,True,Top 10,2
19,Trump,1,5,10,5,5,10,0,True,Top 10,2
20,Trump,0,0,0,0,0,0,0,True,Top 10,2
21,Trump,0,0,0,0,0,0,0,True,Top 10,2
22,Trump,0,0,0,0,0,0,0,True,Top 10,2
23,Trump,0,0,0,0,0,0,0,True,Top 10,2
24,Trump,0,0,0,0,0,0,0,True,Top 10,2
25,Trump,1,4,10,5,5,10,0,True,Top 10,2
26,Trump,0,0,0,0,0,0,0,True,Top 10,2
27,Trump,0,0,0,0,0,0,0,True,Top 10,2
28,Trump,0,0,0,0,0,0,0,True,Top 10,2
29,Trump,0,0,0,0,0,0,0,True,Top 10,2
30,Trump,0,0,0,0,0,0,0,True,Top 10,2
31,Trump,0,0,0,0,0,0,0,True,Top 10,2
32,Trump,0,0,0,0,0,0,0,True,Top 10,2
33,Trump,1,4,10,5,5,10,0,True,Top 10,2
34,Trump,0,0,0,0,0,0,0,True,Top 10,2
35,Trump,0,0,0,0,0,0,0,True,Top 10,2
36,Trump,0,0,0,0,0,0,0,True,Top 10,2
37,Trump,0,0,0,0,0,0,0,True,Top 10,2
38,Trump,0,0,0,0,0,0,0,True,Top 10,2
39,Trump,0,0,0,0,0,0,0,True,Top 10,2
40,Trump,0,0,0,0,0,0,0,True,Top 10,2
41,Trump,0,0,0,0,0,0,0,True,Top 10,2
42,Trump,0,0,0,0,0,0,0,True,Top 10,2
43,Trump,0,0,0,0,0,0,0,True,Top 10,2
44,Trump,0,0,0,0,0,0,0,True,Top 10,2
45,Trump,0,0,0,0,0,0,0,True,Top 10,2
46,Trump,0,0,0,0,0,0,0,True,Top 10,2
47,Trump,0,0,0,0,0,0,0,True,Top 10,2
48,Trump,1,1,3,3,0,3,0,True,Top 10,2
49,Trump,0,0,0,0,0,0,0,True,Top 10,2
50,Trump,0,0,0,0,0,0,0,True,Top 10,2
51,Trump,0,0,0,0,0,0,0,True,Top 10,2
52,Trump,0,0,0,0,0,0,0,True,Top 10,2
53,Trump,1,1,7,7,0,7,0,True,Top 10,2
54,Trump,1,1,3,3,0,3,0,True,Top 10,2
55,Trump,0,0,0,0,0,0,0,True,Top 10,2
56,Trump,0,0,0,0,0,0,0,True,Top 10,2
57,Trump,0,0,0,0,0,0,0,True,Top 10,2
58,Trump,1,4,10,5,5,10,0,True,Top 10,2
59,Trump,1,3,10,5,5,10,0,True,Top 10,2
60,Trump,0,0,0,0,0,0,0,True,Top 10,2
61,Trump,0,0,0,0,0,0,0,True,Top 10,2
62,Trump,0,0,0,0,0,0,0,True,Top 10,2
63,Trump,0,0,0,0,0,0,0,True,Top 10,2
64,Trump,0,0,0,0,0,0,0,True,Top 10,2
65,Trump,0,0,0,0,0,0,0,True,Top 10,2
66,Trump,0,0,0,0,0,0,0,True,Top 10,2
67,Trump,1,1,1,1,0,1,0,True,Top 10,2
68,Trump,1,5,10,5,5,10,0,True,Top 10,2
69,Trump,0,0,0,0,0,0,0,True,Top 10,2
70,Trump,0,0,0,0,0,0,0,True,Top 10,2
71,Trump,0,0,0,0,0,0,0,True,Top 10,2
72,Trump,0,0,0,0,0,0,0,True,Top 10,2
73,Trump,0,0,0,0,0,0,0,True,Top 10,2
74,Trump,0,0,0,0,0,0,0,True,Top 10,2
75,Trump,0,0,0,0,0,0,0,True,Top 10,2
76,Trump,1,1,1,1,0,1,0,True,Top 10,2
77,Trump,0,0,0,0,0,0,0,True,Top 10,2
78,Trump,1,1,4,4,0,4,0,True,Top 10,2
79,Trump,0,0,0,0,0,0,0,True,Top 10,2
80,Trump,0,0,0,0,0,0,0,True,Top 10,2
81,Trump,0,0,0,0,0,0,0,True,Top 10,2
82,Trump,0,0,0,0,0,0,0,True,Top 10,2
83,Trump,0,0,0,0,0,0,0,True,Top 10,2
84,Trump,0,0,0,0,0,0,0,True,Top 10,2
85,Trump,0,0,0,0,0,0,0,True,Top 10,2
86,Trump,1,4,10,5,5,10,0,True,Top 10,2
87,Trump,0,0,0,0,0,0,0,True,Top 10,2
88,Trump,0,0,0,0,0,0,0,True,Top 10,2
89,Trump,0,0,0,0,0,0,0,True,Top 10,2
90,Trump,0,0,0,0,0,0,0,True,Top 10,2
91,Trump,0,0,0,0,0,0,0,True,Top 10,2
92,Trump,0,0,0,0,0,0,0,True,Top 10,2
93,Trump,0,0,0,0,0,0,0,True,Top 10,2
94,Trump,0,0,0,0,0,0,0,True,Top 10,2
95,Trump,0,0,0,0,0,0,0,True,Top 10,2
96,Trump,0,0,0,0,0,0,0,True,Top 10,2
97,Trump,1,5,10,5,5,10,0,True,Top 10,2
98,Trump,1,4,10,5,5,10,0,True,Top 10,2
99,Trump,1,1,3,3,0,3,0,True,Top 10,2
100,Trump,0,0,0,0,0,0,0,True,Top 10,2
101,Trump,0,0,0,0,0,0,0,True,Top 10,2
102,Trump,0,0,0,0,0,0,0,True,Top 10,2
103,Trump,0,0,0,0,0,0,0,True,Top 10,2
104,Trump,1,3,10,5,5,10,0,True,Top 10,2
105,Trump,0,0,0,0,0,0,0,True,Top 10,2
106,Trump,1,1,1,1,0,1,0,True,Top 10,2
107,Trump,0,0,0,0,0,0,0,True,Top 10,2
108,Trump,1,1,2,2,0,2,0,True,Top 10,2
109,Trump,0,0,0,0,0,0,0,True,Top 10,2
110,Trump,0,0,0,0,0,0,0,True,Top 10,2
111,Trump,0,0,0,0,0,0,0,True,Top 10,2
112,Trump,1,1,2,2,0,2,0,True,Top 10,2
113,Trump,1,1,1,1,0,1,0,True,Top 10,2
114,Trump,0,0,0,0,0,0,0,True,Top 10,2
115,Trump,0,0,0,0,0,0,0,True,Top 10,2
116,Trump,0,0,0,0,0,0,0,True,Top 10,2
117,Trump,1,1,2,2,0,2,0,True,Top 10,2
118,Trump,0,0,0,0,0,0,0,True,Top 10,2
119,Trump,0,0,0,0,0,0,0,True,Top 10,2
120,Trump,3,3,8,8,0,8,0,True,Top 10,2
121,Trump,0,0,0,0,0,0,0,True,Top 10,2
122,Trump,0,0,0,0,0,0,0,True,Top 10,2
123,Trump,0,0,0,0,0,0,0,True,Top 10,2
124,Trump,0,0,0,0,0,0,0,True,Top 10,2
125,Trump,0,0,0,0,0,0,0,True,Top 10,2
126,Trump,0,0,0,0,0,0,0,True,Top 10,2
127,Trump,4,4,8,8,0,8,0,True,Top 10,2
128,Trump,0,0,0,0,0,0,0,True,Top 10,2
129,Trump,0,0,0,0,0,0,0,True,Top 10,2
130,Trump,0,0,0,0,0,0,0,True,Top 10,2
131,Trump,0,0,0,0,0,0,0,True,Top 10,2
132,Trump,0,0,0,0,0,0,0,True,Top 10,2
133,Trump,0,0,0,0,0,0,0,True,Top 10,2
134,Trump,0,0,0,0,0,0,0,True,Top 10,2
135,Trump,0,0,0,0,0,0,0,True,Top 10,2
136,Trump,0,0,0,0,0,0,0,True,Top 10,2
137,Trump,0,0,0,0,0,0,0,True,Top 10,2
138,Trump,0,0,0,0,0,0,0,True,Top 10,2
139,Trump,0,0,0,0,0,0,0,True,Top 10,2
140,Trump,0,0,0,0,0,0,0,True,Top 10,2
141,Trump,0,0,0,0,0,0,0,True,Top 10,2
142,Trump,0,0,0,0,0,0,0,True,Top 10,2
143,Trump,0,0,0,0,0,0,0,True,Top 10,2
144,Trump,0,0,0,0,0,0,0,True,Top 10,2
145,Trump,0,0,0,0,0,0,0,True,Top 10,2
146,Trump,0,0,0,0,0,0,0,True,Top 10,2
147,Trump,0,0,0,0,0,0,0,True,Top 10,2
148,Trump,0,0,0,0,0,0,0,True,Top 10,2
149,Trump,0,0,0,0,0,0,0,True,Top 10,2
150,Trump,0,0,0,0,0,0,0,True,Top 10,2
151,Trump,1,1,1,1,0,1,0,True,Top 10,2
152,Trump,0,0,0,0,0,0,0,True,Top 10,2
153,Trump,1,4,10,5,5,10,0,True,Top 10,2
154,Trump,1,1,2,2,0,2,0,True,Top 10,2
155,Trump,0,0,0,0,0,0,0,True,Top 10,2
156,Trump,0,0,0,0,0,0,0,True,Top 10,2
157,Trump,0,0,0,0,0,0,0,True,Top 10,2
158,Trump,0,0,0,0,0,0,0,True,Top 10,2
159,Trump,0,0,0,0,0,0,0,True,Top 10,2
160,Trump,0,0,0,0,0,0,0,True,Top 10,2
161,Trump,0,0,0,0,0,0,0,True,Top 10,2
162,Trump,0,0,0,0,0,0,0,True,Top 10,2
163,Trump,0,0,0,0,0,0,0,True,Top 10,2
164,Trump,0,0,0,0,0,0,0,True,Top 10,2
165,Trump,0,0,0,0,0,0,0,True,Top 10,2
166,Trump,0,0,0,0,0,0,0,True,Top 10,2
167,Trump,0,0,0,0,0,0,0,True,Top 10,2
168,Trump,0,0,0,0,0,0,0,True,Top 10,2
169,Trump,0,0,0,0,0,0,0,True,Top 10,2
170,Trump,0,0,0,0,0,0,0,True,Top 10,2
171,Trump,0,0,0,0,0,0,0,True,Top 10,2
172,Trump,0,0,0,0,0,0,0,True,Top 10,2
173,Trump,0,0,0,0,0,0,0,True,Top 10,2
174,Trump,0,0,0,0,0,0,0,True,Top 10,2
175,Trump,1,1,7,7,0,7,0,True,Top 10,2
176,Trump,0,0,0,0,0,0,0,True,Top 10,2
177,Trump,0,0,0,0,0,0,0,True,Top 10,2
178,Trump,0,0,0,0,0,0,0,True,Top 10,2
179,Trump,0,0,0,0,0,0,0,True,Top 10,2
180,Trump,0,0,0,0,0,0,0,True,Top 10,2
181,Trump,1,5,10,5,5,10,0,True,Top 10,2
182,Trump,1,3,10,5,5,10,0,True,Top 10,2
183,Trump,0,0,0,0,0,0,0,True,Top 10,2
184,Trump,0,0,0,0,0,0,0,True,Top 10,2
185,Trump,0,0,0,0,0,0,0,True,Top 10,2
186,Trump,0,0,0,0,0,0,0,True,Top 10,2
187,Trump,0,0,0,0,0,0,0,True,Top 10,2
188,Trump,0,0,0,0,0,0,0,True,Top 10,2
189,Trump,0,0,0,0,0,0,0,True,Top 10,2
190,Trump,0,0,0,0,0,0,0,True,Top 10,2
191,Trump,0,0,0,0,0,0,0,True,Top 10,2
192,Trump,0,0,0,0,0,0,0,True,Top 10,2
193,Trump,0,0,0,0,0,0,0,True,Top 10,2
194,Trump,0,0,0,0,0,0,0,True,Top 10,2
195,Trump,0,0,0,0,0,0,0,True,Top 10,2
196,Trump,0,0,0,0,0,0,0,True,Top 10,2
197,Trump,0,0,0,0,0,0,0,True,Top 10,2
198,Trump,0,0,0,0,0,0,0,True,Top 10,2
199,Trump,0,0,0,0,0,0,0,True,Top 10,2
200,Trump,0,0,0,0,0,0,0,True,Top 10,2
201,Trump,0,0,0,0,0,0,0,True,Top 10,2
202,Trump,0,0,0,0,0,0,0,True,Top 10,2
203,Trump,0,0,0,0,0,0,0,True,Top 10,2
204,Trump,0,0,0,0,0,0,0,True,Top 10,2
205,Trump,0,0,0,0,0,0,0,True,Top 10,2
206,Trump,2,2,4,4,0,4,0,True,Top 10,2
207,Trump,0,0,0,0,0,0,0,True,Top 10,2
208,Trump,0,0,0,0,0,0,0,True,Top 10,2
209,Trump,0,0,0,0,0,0,0,True,Top 10,2
210,Trump,1,1,1,1,0,1,0,True,Top 10,2
211,Trump,0,0,0,0,0,0,0,True,Top 10,2
212,Trump,0,0,0,0,0,0,0,True,Top 10,2
213,Trump,0,0,0,0,0,0,0,True,Top 10,2
214,Trump,0,0,0,0,0,0,0,True,Top 10,2
215,Trump,1,1,1,1,0,1,0,True,Top 10,2
216,Trump,0,0,0,0,0,0,0,True,Top 10,2
217,Trump,1,1,1,1,0,1,0,True,Top 10,2
218,Trump,0,0,0,0,0,0,0,True,Top 10,2
219,Trump,0,0,0,0,0,0,0,True,Top 10,2
220,Trump,0,0,0,0,0,0,0,True,Top 10,2
221,Trump,0,0,0,0,0,0,0,True,Top 10,2
222,Trump,0,0,0,0,0,0,0,True,Top 10,2
223,Trump,0,0,0,0,0,0,0,True,Top 10,2
224,Trump,1,1,3,3,0,3,0,True,Top 10,2
225,Trump,1,1,1,1,0,1,0,True,Top 10,2
226,Trump,1,5,10,5,5,10,0,True,Top 10,2
227,Trump,0,0,0,0,0,0,0,True,Top 10,2
228,Trump,0,0,0,0,0,0,0,True,Top 10,2
229,Trump,0,0,0,0,0,0,0,True,Top 10,2
230,Trump,0,0,0,0,0,0,0,True,Top 10,2
231,Trump,0,0,0,0,0,0,0,True,Top 10,2
232,Trump,0,0,0,0,0,0,0,True,Top 10,2
233,Trump,0,0,0,0,0,0,0,True,Top 10,2
234,Trump,0,0,0,0,0,0,0,True,Top 10,2
235,Trump,0,0,0,0,0,0,0,True,Top 10,2
236,Trump,0,0,0,0,0,0,0,True,Top 10,2
237,Trump,0,0,0,0,0,0,0,True,Top 10,2
238,Trump,0,0,0,0,0,0,0,True,Top 10,2
239,Trump,0,0,0,0,0,0,0,True,Top 10,2
240,Trump,1,1,2,2,0,2,0,True,Top 10,2
241,Trump,0,0,0,0,0,0,0,True,Top 10,2
242,Trump,2,5,15,10,5,15,0,True,Top 10,2
243,Trump,0,0,0,0,0,0,0,True,Top 10,2
244,Trump,0,0,0,0,0,0,0,True,Top 10,2
245,Trump,0,0,0,0,0,0,0,True,Top 10,2
246,Trump,0,0,0,0,0,0,0,True,Top 10,2
247,Trump,0,0,0,0,0,0,0,True,Top 10,2
248,Trump,0,0,0,0,0,0,0,True,Top 10,2
249,Trump,0,0,0,0,0,0,0,True,Top 10,2
250,Trump,0,0,0,0,0,0,0,True,Top 10,2
251,Trump,0,0,0,0,0,0,0,True,Top 10,2
252,Trump,0,0,0,0,0,0,0,True,Top 10,2
253,Trump,0,0,0,0,0,0,0,True,Top 10,2
254,Trump,1,3,10,5,5,10,0,True,Top 10,2
255,Trump,0,0,0,0,0,0,0,True,Top 10,2
256,Trump,1,3,10,5,5,10,0,True,Top 10,2
257,Trump,0,0,0,0,0,0,0,True,Top 10,2
258,Trump,1,1,7,7,0,7,0,True,Top 10,2
259,Trump,1,1,2,2,0,2,0,True,Top 10,2
260,Trump,0,0,0,0,0,0,0,True,Top 10,2
261,Trump,2,2,3,3,0,3,0,True,Top 10,2
262,Trump,0,0,0,0,0,0,0,True,Top 10,2
263,Trump,0,0,0,0,0,0,0,True,Top 10,2
264,Trump,0,0,0,0,0,0,0,True,Top 10,2
265,Trump,0,0,0,0,0,0,0,True,Top 10,2
266,Trump,0,0,0,0,0,0,0,True,Top 10,2
267,Trump,0,0,0,0,0,0,0,True,Top 10,2
268,Trump,0,0,0,0,0,0,0,True,Top 10,2
269,Trump,0,0,0,0,0,0,0,True,Top 10,2
270,Trump,1,1,2,2,0,2,0,True,Top 10,2
271,Trump,1,3,10,5,5,10,0,True,Top 10,2
272,Trump,0,0,0,0,0,0,0,True,Top 10,2
273,Trump,0,0,0,0,0,0,0,True,Top 10,2
274,Trump,1,6,10,5,5,10,0,True,Top 10,2
275,Trump,0,0,0,0,0,0,0,True,Top 10,2
276,Trump,0,0,0,0,0,0,0,True,Top 10,2
277,Trump,0,0,0,0,0,0,0,True,Top 10,2
278,Trump,0,0,0,0,0,0,0,True,Top 10,2
279,Trump,0,0,0,0,0,0,0,True,Top 10,2
280,Trump,0,0,0,0,0,0,0,True,Top 10,2
281,Trump,2,2,3,3,0,3,0,True,Top 10,2
282,Trump,0,0,0,0,0,0,0,True,Top 10,2
283,Trump,0,0,0,0,0,0,0,True,Top 10,2
284,Trump,0,0,0,0,0,0,0,True,Top 10,2
285,Trump,0,0,0,0,0,0,0,True,Top 10,2
286,Trump,0,0,0,0,0,0,0,True,Top 10,2
287,Trump,0,0,0,0,0,0,0,True,Top 10,2
288,Trump,0,0,0,0,0,0,0,True,Top 10,2
289,Trump,0,0,0,0,0,0,0,True,Top 10,2
290,Trump,1,1,1,1,0,1,0,True,Top 10,2
291,Trump,3,3,9,9,0,9,0,True,Top 10,2
292,Trump,7,7,15,15,0,15,0,True,Top 10,2
293,Trump,1,1,2,2,0,2,0,True,Top 10,2
294,Trump,1,5,10,5,5,10,0,True,Top 10,2
295,Trump,0,0,0,0,0,0,0,True,Top 10,2
296,Trump,1,1,1,1,0,1,0,True,Top 10,2
297,Trump,0,0,0,0,0,0,0,True,Top 10,2
298,Trump,0,0,0,0,0,0,0,True,Top 10,2
299,Trump,1,1,1,1,0,1,0,True,Top 10,2
300,Trump,1,1,2,2,0,2,0,True,Top 10,2
301,Trump,1,1,1,1,0,1,0,True,Top 10,2
302,Trump,0,0,0,0,0,0,0,True,Top 10,2
303,Trump,0,0,0,0,0,0,0,True,Top 10,2
304,Trump,1,1,2,2,0,2,0,True,Top 10,2
305,Trump,0,0,0,0,0,0,0,True,Top 10,2
306,Trump,1,1,2,2,0,2,0,True,Top 10,2
307,Trump,0,0,0,0,0,0,0,True,Top 10,2
308,Trump,0,0,0,0,0,0,0,True,Top 10,2
309,Trump,0,0,0,0,0,0,0,True,Top 10,2
310,Trump,0,0,0,0,0,0,0,True,Top 10,2
311,Trump,0,0,0,0,0,0,0,True,Top 10,2
312,Trump,0,0,0,0,0,0,0,True,Top 10,2
313,Trump,0,0,0,0,0,0,0,True,Top 10,2
314,Trump,0,0,0,0,0,0,0,True,Top 10,2
315,Trump,0,0,0,0,0,0,0,True,Top 10,2
316,Trump,0,0,0,0,0,0,0,True,Top 10,2
317,Trump,0,0,0,0,0,0,0,True,Top 10,2
318,Trump,0,0,0,0,0,0,0,True,Top 10,2
319,Trump,0,0,0,0,0,0,0,True,Top 10,2
320,Trump,0,0,0,0,0,0,0,True,Top 10,2
321,Trump,0,0,0,0,0,0,0,True,Top 10,2
322,Trump,0,0,0,0,0,0,0,True,Top 10,2
323,Trump,0,0,0,0,0,0,0,True,Top 10,2
324,Trump,0,0,0,0,0,0,0,True,Top 10,2
325,Trump,0,0,0,0,0,0,0,True,Top 10,2
326,Trump,0,0,0,0,0,0,0,True,Top 10,2
327,Trump,0,0,0,0,0,0,0,True,Top 10,2
328,Trump,0,0,0,0,0,0,0,True,Top 10,2
329,Trump,0,0,0,0,0,0,0,True,Top 10,2
330,Trump,0,0,0,0,0,0,0,True,Top 10,2
331,Trump,0,0,0,0,0,0,0,True,Top 10,2
332,Trump,0,0,0,0,0,0,0,True,Top 10,2
333,Trump,0,0,0,0,0,0,0,True,Top 10,2
334,Trump,0,0,0,0,0,0,0,True,Top 10,2
335,Trump,0,0,0,0,0,0,0,True,Top 10,2
336,Trump,0,0,0,0,0,0,0,True,Top 10,2
337,Trump,0,0,0,0,0,0,0,True,Top 10,2
338,Trump,0,0,0,0,0,0,0,True,Top 10,2
339,Trump,0,0,0,0,0,0,0,True,Top 10,2
340,Trump,1,1,1,1,0,1,0,True,Top 10,2
341,Trump,0,0,0,0,0,0,0,True,Top 10,2
342,Trump,0,0,0,0,0,0,0,True,Top 10,2
343,Trump,0,0,0,0,0,0,0,True,Top 10,2
344,Trump,1,1,3,3,0,3,0,True,Top 10,2
345,Trump,0,0,0,0,0,0,0,True,Top 10,2
346,Trump,2,2,3,3,0,3,0,True,Top 10,2
347,Trump,0,0,0,0,0,0,0,True,Top 10,2
348,Trump,1,1,1,1,0,1,0,True,Top 10,2
349,Trump,0,0,0,0,0,0,0,True,Top 10,2
350,Trump,0,0,0,0,0,0,0,True,Top 10,2
351,Trump,0,0,0,0,0,0,0,True,Top 10,2
352,Trump,0,0,0,0,0,0,0,True,Top 10,2
353,Trump,0,0,0,0,0,0,0,True,Top 10,2
354,Trump,0,0,0,0,0,0,0,True,Top 10,2
355,Trump,0,0,0,0,0,0,0,True,Top 10,2
356,Trump,0,0,0,0,0,0,0,True,Top 10,2
357,Trump,0,0,0,0,0,0,0,True,Top 10,2
358,Trump,1,1,1,1,0,1,0,True,Top 10,2
359,Trump,0,0,0,0,0,0,0,True,Top 10,2
360,Trump,0,0,0,0,0,0,0,True,Top 10,2
361,Trump,0,0,0,0,0,0,0,True,Top 10,2
362,Trump,0,0,0,0,0,0,0,True,Top 10,2
363,Trump,0,0,0,0,0,0,0,True,Top 10,2
364,Trump,0,0,0,0,0,0,0,True,Top 10,2
365,Trump,0,0,0,0,0,0,0,True,Top 10,2
366,Trump,0,0,0,0,0,0,0,True,Top 10,2
367,Trump,0,0,0,0,0,0,0,True,Top 10,2
368,Trump,0,0,0,0,0,0,0,True,Top 10,2
369,Trump,0,0,0,0,0,0,0,True,Top 10,2
370,Trump,0,0,0,0,0,0,0,True,Top 10,2
371,Trump,0,0,0,0,0,0,0,True,Top 10,2
372,Trump,0,0,0,0,0,0,0,True,Top 10,2
373,Trump,0,0,0,0,0,0,0,True,Top 10,2
374,Trump,0,0,0,0,0,0,0,True,Top 10,2
375,Trump,0,0,0,0,0,0,0,True,Top 10,2
376,Trump,0,0,0,0,0,0,0,True,Top 10,2
377,Trump,0,0,0,0,0,0,0,True,Top 10,2
378,Trump,0,0,0,0,0,0,0,True,Top 10,2
379,Trump,0,0,0,0,0,0,0,True,Top 10,2
380,Trump,0,0,0,0,0,0,0,True,Top 10,2
381,Trump,0,0,0,0,0,0,0,True,Top 10,2
382,Trump,0,0,0,0,0,0,0,True,Top 10,2
383,Trump,0,0,0,0,0,0,0,True,Top 10,2
384,Trump,0,0,0,0,0,0,0,True,Top 10,2
385,Trump,0,0,0,0,0,0,0,True,Top 10,2
386,Trump,1,1,1,1,0,1,0,True,Top 10,2
387,Trump,0,0,0,0,0,0,0,True,Top 10,2
388,Trump,0,0,0,0,0,0,0,True,Top 10,2
389,Trump,0,0,0,0,0,0,0,True,Top 10,2
390,Trump,0,0,0,0,0,0,0,True,Top 10,2
391,Trump,1,4,10,5,5,10,0,True,Top 10,2
392,Trump,0,0,0,0,0,0,0,True,Top 10,2
393,Trump,0,0,0,0,0,0,0,True,Top 10,2
394,Trump,0,0,0,0,0,0,0,True,Top 10,2
395,Trump,0,0,0,0,0,0,0,True,Top 10,2
396,Trump,0,0,0,0,0,0,0,True,Top 10,2
397,Trump,0,0,0,0,0,0,0,True,Top 10,2
398,Trump,1,1,1,1,0,1,0,True,Top 10,2
399,Trump,0,0,0,0,0,0,0,True,Top 10,2
400,Trump,0,0,0,0,0,0,0,True,Top 10,2
401,Trump,0,0,0,0,0,0,0,True,Top 10,2
402,Trump,0,0,0,0,0,0,0,True,Top 10,2
403,Trump,0,0,0,0,0,0,0,True,Top 10,2
404,Trump,0,0,0,0,0,0,0,True,Top 10,2
405,Trump,0,0,0,0,0,0,0,True,Top 10,2
406,Trump,0,0,0,0,0,0,0,True,Top 10,2
407,Trump,0,0,0,0,0,0,0,True,Top 10,2
408,Trump,1,1,2,2,0,2,0,True,Top 10,2
409,Trump,0,0,0,0,0,0,0,True,Top 10,2
410,Trump,0,0,0,0,0,0,0,True,Top 10,2
411,Trump,1,1,1,1,0,1,0,True,Top 10,2
412,Trump,0,0,0,0,0,0,0,True,Top 10,2
413,Trump,0,0,0,0,0,0,0,True,Top 10,2
414,Trump,0,0,0,0,0,0,0,True,Top 10,2
415,Trump,0,0,0,0,0,0,0,True,Top 10,2
416,Trump,0,0,0,0,0,0,0,True,Top 10,2
417,Trump,0,0,0,0,0,0,0,True,Top 10,2
418,Trump,1,1,1,1,0,1,0,True,Top 10,2
419,Trump,0,0,0,0,0,0,0,True,Top 10,2
420,Trump,0,0,0,0,0,0,0,True,Top 10,2
421,Trump,0,0,0,0,0,0,0,True,Top 10,2
422,Trump,0,0,0,0,0,0,0,True,Top 10,2
423,Trump,0,0,0,0,0,0,0,True,Top 10,2
424,Trump,1,1,3,3,0,3,0,True,Top 10,2
425,Trump,0,0,0,0,0,0,0,True,Top 10,2
426,Trump,0,0,0,0,0,0,0,True,Top 10,2
427,Trump,2,3,6,5,1,6,0,True,Top 10,2
428,Trump,0,0,0,0,0,0,0,True,Top 10,2
429,Trump,0,0,0,0,0,0,0,True,Top 10,2
430,Trump,1,1,3,3,0,3,0,True,Top 10,2
431,Trump,0,0,0,0,0,0,0,True,Top 10,2
432,Trump,0,0,0,0,0,0,0,True,Top 10,2
433,Trump,0,0,0,0,0,0,0,True,Top 10,2
434,Trump,0,0,0,0,0,0,0,True,Top 10,2
435,Trump,0,0,0,0,0,0,0,True,Top 10,2
436,Trump,0,0,0,0,0,0,0,True,Top 10,2
437,Trump,0,0,0,0,0,0,0,True,Top 10,2
438,Trump,0,0,0,0,0,0,0,True,Top 10,2
439,Trump,0,0,0,0,0,0,0,True,Top 10,2
440,Trump,0,0,0,0,0,0,0,True,Top 10,2
441,Trump,0,0,0,0,0,0,0,True,Top 10,2
442,Trump,0,0,0,0,0,0,0,True,Top 10,2
443,Trump,0,0,0,0,0,0,0,True,Top 10,2
444,Trump,0,0,0,0,0,0,0,True,Top 10,2
445,Harris,0,0,0,0,0,0,0,True,Top 10,2
446,Harris,1,1,1,1,0,1,0,True,Top 10,2
447,Harris,0,0,0,0,0,0,0,True,Top 10,2
448,Harris,0,0,0,0,0,0,0,True,Top 10,2
449,Harris,0,0,0,0,0,0,0,True,Top 10,2
450,Harris,0,0,0,0,0,0,0,True,Top 10,2
451,Harris,0,0,0,0,0,0,0,True,Top 10,2
452,Harris,1,1,14,14,0,14,0,True,Top 10,2
453,Harris,0,0,0,0,0,0,0,True,Top 10,2
454,Harris,0,0,0,0,0,0,0,True,Top 10,2
455,Harris,0,0,0,0,0,0,0,True,Top 10,2
456,Harris,0,0,0,0,0,0,0,True,Top 10,2
457,Harris,0,0,0,0,0,0,0,True,Top 10,2
458,Harris,0,0,0,0,0,0,0,True,Top 10,2
459,Harris,1,1,14,14,0,14,0,True,Top 10,2
460,Harris,0,0,0,0,0,0,0,True,Top 10,2
461,Harris,0,0,0,0,0,0,0,True,Top 10,2
462,Harris,0,0,0,0,0,0,0,True,Top 10,2
463,Harris,0,0,0,0,0,0,0,True,Top 10,2
464,Harris,0,0,0,0,0,0,0,True,Top 10,2
465,Harris,0,0,0,0,0,0,0,True,Top 10,2
466,Harris,0,0,0,0,0,0,0,True,Top 10,2
467,Harris,0,0,0,0,0,0,0,True,Top 10,2
468,Harris,0,0,0,0,0,0,0,True,Top 10,2
469,Harris,0,0,0,0,0,0,0,True,Top 10,2
470,Harris,1,1,14,14,0,14,0,True,Top 10,2
471,Harris,0,0,0,0,0,0,0,True,Top 10,2
472,Harris,0,0,0,0,0,0,0,True,Top 10,2
473,Harris,0,0,0,0,0,0,0,True,Top 10,2
474,Harris,0,0,0,0,0,0,0,True,Top 10,2
475,Harris,0,0,0,0,0,0,0,True,Top 10,2
476,Harris,0,0,0,0,0,0,0,True,Top 10,2
477,Harris,1,1,14,14,0,14,0,True,Top 10,2
478,Harris,0,0,0,0,0,0,0,True,Top 10,2
479,Harris,0,0,0,0,0,0,0,True,Top 10,2
480,Harris,0,0,0,0,0,0,0,True,Top 10,2
481,Harris,0,0,0,0,0,0,0,True,Top 10,2
482,Harris,0,0,0,0,0,0,0,True,Top 10,2
483,Harris,0,0,0,0,0,0,0,True,Top 10,2
484,Harris,0,0,0,0,0,0,0,True,Top 10,2
485,Harris,0,0,0,0,0,0,0,True,Top 10,2
486,Harris,0,0,0,0,0,0,0,True,Top 10,2
487,Harris,0,0,0,0,0,0,0,True,Top 10,2
488,Harris,1,1,14,14,0,14,0,True,Top 10,2
489,Harris,0,0,0,0,0,0,0,True,Top 10,2
490,Harris,0,0,0,0,0,0,0,True,Top 10,2
491,Harris,0,0,0,0,0,0,0,True,Top 10,2
492,Harris,0,0,0,0,0,0,0,True,Top 10,2
493,Harris,0,0,0,0,0,0,0,True,Top 10,2
494,Harris,0,0,0,0,0,0,0,True,Top 10,2
495,Harris,0,0,0,0,0,0,0,True,Top 10,2
496,Harris,0,0,0,0,0,0,0,True,Top 10,2
497,Harris,0,0,0,0,0,0,0,True,Top 10,2
498,Harris,0,0,0,0,0,0,0,True,Top 10,2
499,Harris,1,1,2,2,0,2,0,True,Top 10,2
500,Harris,1,1,14,14,0,14,0,True,Top 10,2
501,Harris,0,0,0,0,0,0,0,True,Top 10,2
502,Harris,0,0,0,0,0,0,0,True,Top 10,2
503,Harris,0,0,0,0,0,0,0,True,Top 10,2
504,Harris,0,0,0,0,0,0,0,True,Top 10,2
505,Harris,0,0,0,0,0,0,0,True,Top 10,2
506,Harris,0,0,0,0,0,0,0,True,Top 10,2
507,Harris,0,0,0,0,0,0,0,True,Top 10,2
508,Harris,0,0,0,0,0,0,0,True,Top 10,2
509,Harris,0,0,0,0,0,0,0,True,Top 10,2
510,Harris,0,0,0,0,0,0,0,True,Top 10,2
511,Harris,0,0,0,0,0,0,0,True,Top 10,2
512,Harris,0,0,0,0,0,0,0,True,Top 10,2
513,Harris,0,0,0,0,0,0,0,True,Top 10,2
514,Harris,0,0,0,0,0,0,0,True,Top 10,2
515,Harris,0,0,0,0,0,0,0,True,Top 10,2
516,Harris,0,0,0,0,0,0,0,True,Top 10,2
517,Harris,0,0,0,0,0,0,0,True,Top 10,2
518,Harris,0,0,0,0,0,0,0,True,Top 10,2
519,Harris,0,0,0,0,0,0,0,True,Top 10,2
520,Harris,0,0,0,0,0,0,0,True,Top 10,2
521,Harris,0,0,0,0,0,0,0,True,Top 10,2
522,Harris,0,0,0,0,0,0,0,True,Top 10,2
523,Harris,0,0,0,0,0,0,0,True,Top 10,2
524,Harris,0,0,0,0,0,0,0,True,Top 10,2
525,Harris,1,1,14,14,0,14,0,True,Top 10,2
526,Harris,0,0,0,0,0,0,0,True,Top 10,2
527,Harris,0,0,0,0,0,0,0,True,Top 10,2
528,Harris,0,0,0,0,0,0,0,True,Top 10,2
529,Harris,0,0,0,0,0,0,0,True,Top 10,2
530,Harris,0,0,0,0,0,0,0,True,Top 10,2
531,Harris,1,1,14,14,0,14,0,True,Top 10,2
532,Harris,0,0,0,0,0,0,0,True,Top 10,2
533,Harris,0,0,0,0,0,0,0,True,Top 10,2
534,Harris,0,0,0,0,0,0,0,True,Top 10,2
535,Harris,0,0,0,0,0,0,0,True,Top 10,2
536,Harris,0,0,0,0,0,0,0,True,Top 10,2
537,Harris,0,0,0,0,0,0,0,True,Top 10,2
538,Harris,0,0,0,0,0,0,0,True,Top 10,2
539,Harris,0,0,0,0,0,0,0,True,Top 10,2
540,Harris,0,0,0,0,0,0,0,True,Top 10,2
541,Harris,0,0,0,0,0,0,0,True,Top 10,2
542,Harris,0,0,0,0,0,0,0,True,Top 10,2
543,Harris,0,0,0,0,0,0,0,True,Top 10,2
544,Harris,0,0,0,0,0,0,0,True,Top 10,2
545,Harris,1,1,2,2,0,2,0,True,Top 10,2
546,Harris,1,1,14,14,0,14,0,True,Top 10,2
547,Harris,0,0,0,0,0,0,0,True,Top 10,2
548,Harris,0,0,0,0,0,0,0,True,Top 10,2
549,Harris,0,0,0,0,0,0,0,True,Top 10,2
550,Harris,0,0,0,0,0,0,0,True,Top 10,2
551,Harris,0,0,0,0,0,0,0,True,Top 10,2
552,Harris,0,0,0,0,0,0,0,True,Top 10,2
553,Harris,0,0,0,0,0,0,0,True,Top 10,2
554,Harris,0,0,0,0,0,0,0,True,Top 10,2
555,Harris,0,0,0,0,0,0,0,True,Top 10,2
556,Harris,0,0,0,0,0,0,0,True,Top 10,2
557,Harris,0,0,0,0,0,0,0,True,Top 10,2
558,Harris,0,0,0,0,0,0,0,True,Top 10,2
559,Harris,0,0,0,0,0,0,0,True,Top 10,2
560,Harris,0,0,0,0,0,0,0,True,Top 10,2
561,Harris,0,0,0,0,0,0,0,True,Top 10,2
562,Harris,0,0,0,0,0,0,0,True,Top 10,2
563,Harris,0,0,0,0,0,0,0,True,Top 10,2
564,Harris,0,0,0,0,0,0,0,True,Top 10,2
565,Harris,0,0,0,0,0,0,0,True,Top 10,2
566,Harris,0,0,0,0,0,0,0,True,Top 10,2
567,Harris,0,0,0,0,0,0,0,True,Top 10,2
568,Harris,0,0,0,0,0,0,0,True,Top 10,2
569,Harris,0,0,0,0,0,0,0,True,Top 10,2
570,Harris,0,0,0,0,0,0,0,True,Top 10,2
571,Harris,0,0,0,0,0,0,0,True,Top 10,2
572,Harris,0,0,0,0,0,0,0,True,Top 10,2
573,Harris,0,0,0,0,0,0,0,True,Top 10,2
574,Harris,0,0,0,0,0,0,0,True,Top 10,2
575,Harris,0,0,0,0,0,0,0,True,Top 10,2
576,Harris,0,0,0,0,0,0,0,True,Top 10,2
577,Harris,0,0,0,0,0,0,0,True,Top 10,2
578,Harris,0,0,0,0,0,0,0,True,Top 10,2
579,Harris,0,0,0,0,0,0,0,True,Top 10,2
580,Harris,0,0,0,0,0,0,0,True,Top 10,2
581,Harris,1,1,4,4,0,4,0,True,Top 10,2
582,Harris,0,0,0,0,0,0,0,True,Top 10,2
583,Harris,0,0,0,0,0,0,0,True,Top 10,2
584,Harris,0,0,0,0,0,0,0,True,Top 10,2
585,Harris,0,0,0,0,0,0,0,True,Top 10,2
586,Harris,1,1,14,14,0,14,0,True,Top 10,2
587,Harris,0,0,0,0,0,0,0,True,Top 10,2
588,Harris,0,0,0,0,0,0,0,True,Top 10,2
589,Harris,0,0,0,0,0,0,0,True,Top 10,2
590,Harris,0,0,0,0,0,0,0,True,Top 10,2
591,Harris,0,0,0,0,0,0,0,True,Top 10,2
592,Harris,0,0,0,0,0,0,0,True,Top 10,2
593,Harris,0,0,0,0,0,0,0,True,Top 10,2
594,Harris,0,0,0,0,0,0,0,True,Top 10,2
595,Harris,0,0,0,0,0,0,0,True,Top 10,2
596,Harris,0,0,0,0,0,0,0,True,Top 10,2
597,Harris,0,0,0,0,0,0,0,True,Top 10,2
598,Harris,0,0,0,0,0,0,0,True,Top 10,2
599,Harris,0,0,0,0,0,0,0,True,Top 10,2
600,Harris,0,0,0,0,0,0,0,True,Top 10,2
601,Harris,1,1,2,2,0,2,0,True,Top 10,2
602,Harris,0,0,0,0,0,0,0,True,Top 10,2
603,Harris,0,0,0,0,0,0,0,True,Top 10,2
604,Harris,0,0,0,0,0,0,0,True,Top 10,2
605,Harris,0,0,0,0,0,0,0,True,Top 10,2
606,Harris,0,0,0,0,0,0,0,True,Top 10,2
607,Harris,0,0,0,0,0,0,0,True,Top 10,2
608,Harris,0,0,0,0,0,0,0,True,Top 10,2
609,Harris,0,0,0,0,0,0,0,True,Top 10,2
610,Harris,0,0,0,0,0,0,0,True,Top 10,2
611,Harris,0,0,0,0,0,0,0,True,Top 10,2
612,Harris,0,0,0,0,0,0,0,True,Top 10,2
613,Harris,0,0,0,0,0,0,0,True,Top 10,2
614,Harris,0,0,0,0,0,0,0,True,Top 10,2
615,Harris,0,0,0,0,0,0,0,True,Top 10,2
616,Harris,0,0,0,0,0,0,0,True,Top 10,2
617,Harris,0,0,0,0,0,0,0,True,Top 10,2
618,Harris,0,0,0,0,0,0,0,True,Top 10,2
619,Harris,0,0,0,0,0,0,0,True,Top 10,2
620,Harris,0,0,0,0,0,0,0,True,Top 10,2
621,Harris,0,0,0,0,0,0,0,True,Top 10,2
622,Harris,0,0,0,0,0,0,0,True,Top 10,2
623,Harris,0,0,0,0,0,0,0,True,Top 10,2
624,Harris,0,0,0,0,0,0,0,True,Top 10,2
625,Harris,0,0,0,0,0,0,0,True,Top 10,2
626,Harris,0,0,0,0,0,0,0,True,Top 10,2
627,Harris,0,0,0,0,0,0,0,True,Top 10,2
628,Harris,0,0,0,0,0,0,0,True,Top 10,2
629,Harris,0,0,0,0,0,0,0,True,Top 10,2
630,Harris,0,0,0,0,0,0,0,True,Top 10,2
631,Harris,0,0,0,0,0,0,0,True,Top 10,2
632,Harris,0,0,0,0,0,0,0,True,Top 10,2
633,Harris,0,0,0,0,0,0,0,True,Top 10,2
634,Harris,0,0,0,0,0,0,0,True,Top 10,2
635,Harris,0,0,0,0,0,0,0,True,Top 10,2
636,Harris,0,0,0,0,0,0,0,True,Top 10,2
637,Harris,0,0,0,0,0,0,0,True,Top 10,2
638,Harris,0,0,0,0,0,0,0,True,Top 10,2
639,Harris,0,0,0,0,0,0,0,True,Top 10,2
640,Harris,0,0,0,0,0,0,0,True,Top 10,2
641,Harris,0,0,0,0,0,0,0,True,Top 10,2
642,Harris,0,0,0,0,0,0,0,True,Top 10,2
643,Harris,0,0,0,0,0,0,0,True,Top 10,2
644,Harris,0,0,0,0,0,0,0,True,Top 10,2
645,Harris,0,0,0,0,0,0,0,True,Top 10,2
646,Harris,0,0,0,0,0,0,0,True,Top 10,2
647,Harris,0,0,0,0,0,0,0,True,Top 10,2
648,Harris,0,0,0,0,0,0,0,True,Top 10,2
649,Harris,0,0,0,0,0,0,0,True,Top 10,2
650,Harris,0,0,0,0,0,0,0,True,Top 10,2
651,Harris,0,0,0,0,0,0,0,True,Top 10,2
652,Harris,0,0,0,0,0,0,0,True,Top 10,2
653,Harris,0,0,0,0,0,0,0,True,Top 10,2
654,Harris,0,0,0,0,0,0,0,True,Top 10,2
655,Harris,0,0,0,0,0,0,0,True,Top 10,2
656,Harris,1,1,14,14,0,14,0,True,Top 10,2
657,Harris,0,0,0,0,0,0,0,True,Top 10,2
658,Harris,0,0,0,0,0,0,0,True,Top 10,2
659,Harris,0,0,0,0,0,0,0,True,Top 10,2
660,Harris,0,0,0,0,0,0,0,True,Top 10,2
661,Harris,1,1,1,1,0,1,0,True,Top 10,2
662,Harris,0,0,0,0,0,0,0,True,Top 10,2
663,Harris,1,1,3,3,0,3,0,True,Top 10,2
664,Harris,0,0,0,0,0,0,0,True,Top 10,2
665,Harris,0,0,0,0,0,0,0,True,Top 10,2
666,Harris,0,0,0,0,0,0,0,True,Top 10,2
667,Harris,0,0,0,0,0,0,0,True,Top 10,2
668,Harris,0,0,0,0,0,0,0,True,Top 10,2
669,Harris,0,0,0,0,0,0,0,True,Top 10,2
670,Harris,0,0,0,0,0,0,0,True,Top 10,2
671,Harris,0,0,0,0,0,0,0,True,Top 10,2
672,Harris,0,0,0,0,0,0,0,True,Top 10,2
673,Harris,0,0,0,0,0,0,0,True,Top 10,2
674,Harris,0,0,0,0,0,0,0,True,Top 10,2
675,Harris,0,0,0,0,0,0,0,True,Top 10,2
676,Harris,0,0,0,0,0,0,0,True,Top 10,2
677,Harris,0,0,0,0,0,0,0,True,Top 10,2
678,Harris,0,0,0,0,0,0,0,True,Top 10,2
679,Harris,0,0,0,0,0,0,0,True,Top 10,2
680,Harris,0,0,0,0,0,0,0,True,Top 10,2
681,Harris,0,0,0,0,0,0,0,True,Top 10,2
682,Harris,0,0,0,0,0,0,0,True,Top 10,2
683,Harris,0,0,0,0,0,0,0,True,Top 10,2
684,Harris,0,0,0,0,0,0,0,True,Top 10,2
685,Harris,0,0,0,0,0,0,0,True,Top 10,2
686,Harris,0,0,0,0,0,0,0,True,Top 10,2
687,Harris,0,0,0,0,0,0,0,True,Top 10,2
688,Harris,0,0,0,0,0,0,0,True,Top 10,2
689,Harris,0,0,0,0,0,0,0,True,Top 10,2
690,Harris,0,0,0,0,0,0,0,True,Top 10,2
691,Harris,0,0,0,0,0,0,0,True,Top 10,2
692,Harris,0,0,0,0,0,0,0,True,Top 10,2
693,Harris,0,0,0,0,0,0,0,True,Top 10,2
694,Harris,0,0,0,0,0,0,0,True,Top 10,2
695,Harris,1,1,14,14,0,14,0,True,Top 10,2
696,Harris,0,0,0,0,0,0,0,True,Top 10,2
697,Harris,0,0,0,0,0,0,0,True,Top 10,2
698,Harris,0,0,0,0,0,0,0,True,Top 10,2
699,Harris,0,0,0,0,0,0,0,True,Top 10,2
700,Harris,0,0,0,0,0,0,0,True,Top 10,2
701,Harris,0,0,0,0,0,0,0,True,Top 10,2
702,Harris,0,0,0,0,0,0,0,True,Top 10,2
703,Harris,0,0,0,0,0,0,0,True,Top 10,2
704,Harris,0,0,0,0,0,0,0,True,Top 10,2
705,Harris,0,0,0,0,0,0,0,True,Top 10,2
706,Harris,0,0,0,0,0,0,0,True,Top 10,2
707,Harris,0,0,0,0,0,0,0,True,Top 10,2
708,Harris,0,0,0,0,0,0,0,True,Top 10,2
709,Harris,0,0,0,0,0,0,0,True,Top 10,2
710,Harris,0,0,0,0,0,0,0,True,Top 10,2
711,Harris,0,0,0,0,0,0,0,True,Top 10,2
712,Harris,0,0,0,0,0,0,0,True,Top 10,2
713,Harris,0,0,0,0,0,0,0,True,Top 10,2
714,Harris,0,0,0,0,0,0,0,True,Top 10,2
715,Harris,0,0,0,0,0,0,0,True,Top 10,2
716,Harris,0,0,0,0,0,0,0,True,Top 10,2
717,Harris,0,0,0,0,0,0,0,True,Top 10,2
718,Harris,0,0,0,0,0,0,0,True,Top 10,2
719,Harris,0,0,0,0,0,0,0,True,Top 10,2
720,Harris,0,0,0,0,0,0,0,True,Top 10,2
721,Harris,0,0,0,0,0,0,0,True,Top 10,2
722,Harris,0,0,0,0,0,0,0,True,Top 10,2
723,Harris,0,0,0,0,0,0,0,True,Top 10,2
724,Harris,1,1,14,14,0,14,0,True,Top 10,2
725,Harris,0,0,0,0,0,0,0,True,Top 10,2
726,Harris,0,0,0,0,0,0,0,True,Top 10,2
727,Harris,0,0,0,0,0,0,0,True,Top 10,2
728,Harris,0,0,0,0,0,0,0,True,Top 10,2
729,Harris,0,0,0,0,0,0,0,True,Top 10,2
730,Harris,0,0,0,0,0,0,0,True,Top 10,2
731,Harris,0,0,0,0,0,0,0,True,Top 10,2
732,Harris,0,0,0,0,0,0,0,True,Top 10,2
733,Harris,0,0,0,0,0,0,0,True,Top 10,2
734,Harris,0,0,0,0,0,0,0,True,Top 10,2
735,Harris,0,0,0,0,0,0,0,True,Top 10,2
736,Harris,1,1,2,2,0,2,0,True,Top 10,2
737,Harris,0,0,0,0,0,0,0,True,Top 10,2
738,Harris,0,0,0,0,0,0,0,True,Top 10,2
739,Harris,0,0,0,0,0,0,0,True,Top 10,2
740,Harris,0,0,0,0,0,0,0,True,Top 10,2
741,Harris,0,0,0,0,0,0,0,True,Top 10,2
742,Harris,0,0,0,0,0,0,0,True,Top 10,2
743,Harris,0,0,0,0,0,0,0,True,Top 10,2
744,Harris,0,0,0,0,0,0,0,True,Top 10,2
745,Harris,0,0,0,0,0,0,0,True,Top 10,2
746,Harris,0,0,0,0,0,0,0,True,Top 10,2
747,Harris,0,0,0,0,0,0,0,True,Top 10,2
748,Harris,0,0,0,0,0,0,0,True,Top 10,2
749,Harris,0,0,0,0,0,0,0,True,Top 10,2
750,Harris,0,0,0,0,0,0,0,True,Top 10,2
751,Harris,1,1,2,2,0,2,0,True,Top 10,2
752,Harris,0,0,0,0,0,0,0,True,Top 10,2
753,Harris,1,1,2,2,0,2,0,True,Top 10,2
754,Harris,0,0,0,0,0,0,0,True,Top 10,2
755,Harris,0,0,0,0,0,0,0,True,Top 10,2
756,Harris,0,0,0,0,0,0,0,True,Top 10,2
757,Harris,1,1,1,1,0,1,0,True,Top 10,2
758,Harris,0,0,0,0,0,0,0,True,Top 10,2
759,Harris,0,0,0,0,0,0,0,True,Top 10,2
760,Harris,0,0,0,0,0,0,0,True,Top 10,2
761,Harris,0,0,0,0,0,0,0,True,Top 10,2
762,Harris,0,0,0,0,0,0,0,True,Top 10,2
763,Harris,0,0,0,0,0,0,0,True,Top 10,2
764,Harris,0,0,0,0,0,0,0,True,Top 10,2
765,Harris,0,0,0,0,0,0,0,True,Top 10,2
766,Harris,1,1,14,14,0,14,0,True,Top 10,2
767,Harris,0,0,0,0,0,0,0,True,Top 10,2
768,Harris,0,0,0,0,0,0,0,True,Top 10,2
769,Harris,2,2,4,4,0,4,0,True,Top 10,2
770,Harris,0,0,0,0,0,0,0,True,Top 10,2
771,Harris,0,0,0,0,0,0,0,True,Top 10,2
772,Harris,2,2,4,4,0,4,0,True,Top 10,2
773,Harris,0,0,0,0,0,0,0,True,Top 10,2
774,Harris,0,0,0,0,0,0,0,True,Top 10,2
775,Harris,0,0,0,0,0,0,0,True,Top 10,2
776,Harris,0,0,0,0,0,0,0,True,Top 10,2
777,Harris,0,0,0,0,0,0,0,True,Top 10,2
778,Harris,0,0,0,0,0,0,0,True,Top 10,2
779,Harris,0,0,0,0,0,0,0,True,Top 10,2
780,Harris,0,0,0,0,0,0,0,True,Top 10,2
781,Harris,0,0,0,0,0,0,0,True,Top 10,2
782,Harris,0,0,0,0,0,0,0,True,Top 10,2
783,Harris,0,0,0,0,0,0,0,True,Top 10,2
784,Harris,0,0,0,0,0,0,0,True,Top 10,2
785,Harris,0,0,0,0,0,0,0,True,Top 10,2
786,Harris,0,0,0,0,0,0,0,True,Top 10,2
787,Harris,0,0,0,0,0,0,0,True,Top 10,2
788,Harris,0,0,0,0,0,0,0,True,Top 10,2
789,Harris,0,0,0,0,0,0,0,True,Top 10,2
790,Harris,0,0,0,0,0,0,0,True,Top 10,2
791,Harris,0,0,0,0,0,0,0,True,Top 10,2
792,Harris,0,0,0,0,0,0,0,True,Top 10,2
793,Harris,2,2,3,3,0,3,0,True,Top 10,2
794,Harris,0,0,0,0,0,0,0,True,Top 10,2
795,Harris,0,0,0,0,0,0,0,True,Top 10,2
796,Harris,0,0,0,0,0,0,0,True,Top 10,2
797,Harris,0,0,0,0,0,0,0,True,Top 10,2
798,Harris,0,0,0,0,0,0,0,True,Top 10,2
799,Harris,0,0,0,0,0,0,0,True,Top 10,2
800,Harris,1,1,2,2,0,2,0,True,Top 10,2
801,Harris,0,0,0,0,0,0,0,True,Top 10,2
802,Harris,0,0,0,0,0,0,0,True,Top 10,2
803,Harris,0,0,0,0,0,0,0,True,Top 10,2
804,Harris,0,0,0,0,0,0,0,True,Top 10,2
805,Harris,0,0,0,0,0,0,0,True,Top 10,2
806,Harris,0,0,0,0,0,0,0,True,Top 10,2
807,Harris,0,0,0,0,0,0,0,True,Top 10,2
808,Harris,0,0,0,0,0,0,0,True,Top 10,2
809,Harris,1,1,2,2,0,2,0,True,Top 10,2
810,Harris,0,0,0,0,0,0,0,True,Top 10,2
811,Harris,0,0,0,0,0,0,0,True,Top 10,2
812,Harris,0,0,0,0,0,0,0,True,Top 10,2
813,Harris,0,0,0,0,0,0,0,True,Top 10,2
814,Harris,0,0,0,0,0,0,0,True,Top 10,2
815,Harris,0,0,0,0,0,0,0,True,Top 10,2
816,Harris,0,0,0,0,0,0,0,True,Top 10,2
817,Harris,2,2,4,4,0,4,0,True,Top 10,2
818,Harris,0,0,0,0,0,0,0,True,Top 10,2
819,Harris,0,0,0,0,0,0,0,True,Top 10,2
820,Harris,0,0,0,0,0,0,0,True,Top 10,2
821,Harris,0,0,0,0,0,0,0,True,Top 10,2
822,Harris,0,0,0,0,0,0,0,True,Top 10,2
823,Harris,0,0,0,0,0,0,0,True,Top 10,2
824,Harris,0,0,0,0,0,0,0,True,Top 10,2
825,Harris,1,1,14,14,0,14,0,True,Top 10,2
826,Harris,0,0,0,0,0,0,0,True,Top 10,2
827,Harris,0,0,0,0,0,0,0,True,Top 10,2
828,Harris,0,0,0,0,0,0,0,True,Top 10,2
829,Harris,1,1,2,2,0,2,0,True,Top 10,2
830,Harris,0,0,0,0,0,0,0,True,Top 10,2
831,Harris,0,0,0,0,0,0,0,True,Top 10,2
832,Harris,1,1,2,2,0,2,0,True,Top 10,2
833,Harris,0,0,0,0,0,0,0,True,Top 10,2
834,Harris,0,0,0,0,0,0,0,True,Top 10,2
835,Harris,0,0,0,0,0,0,0,True,Top 10,2
836,Harris,0,0,0,0,0,0,0,True,Top 10,2
837,Harris,0,0,0,0,0,0,0,True,Top 10,2
838,Harris,0,0,0,0,0,0,0,True,Top 10,2
839,Harris,0,0,0,0,0,0,0,True,Top 10,2
840,Harris,0,0,0,0,0,0,0,True,Top 10,2
841,Harris,1,1,14,14,0,14,0,True,Top 10,2
842,Harris,0,0,0,0,0,0,0,True,Top 10,2
843,Harris,0,0,0,0,0,0,0,True,Top 10,2
844,Harris,0,0,0,0,0,0,0,True,Top 10,2
845,Harris,0,0,0,0,0,0,0,True,Top 10,2
846,Harris,0,0,0,0,0,0,0,True,Top 10,2
847,Harris,0,0,0,0,0,0,0,True,Top 10,2
848,Harris,0,0,0,0,0,0,0,True,Top 10,2
849,Harris,1,1,1,1,0,1,0,True,Top 10,2
850,Harris,0,0,0,0,0,0,0,True,Top 10,2
851,Harris,0,0,0,0,0,0,0,True,Top 10,2
852,Harris,0,0,0,0,0,0,0,True,Top 10,2
853,Harris,0,0,0,0,0,0,0,True,Top 10,2
854,Harris,1,1,2,2,0,2,0,True,Top 10,2
855,Harris,1,1,2,2,0,2,0,True,Top 10,2
856,Harris,1,1,3,3,0,3,0,True,Top 10,2
857,Harris,0,0,0,0,0,0,0,True,Top 10,2
858,Harris,2,2,4,4,0,4,0,True,Top 10,2
859,Harris,1,1,1,1,0,1,0,True,Top 10,2
860,Harris,0,0,0,0,0,0,0,True,Top 10,2
861,Harris,0,0,0,0,0,0,0,True,Top 10,2
862,Harris,1,1,2,2,0,2,0,True,Top 10,2
863,Harris,2,2,2,2,0,2,0,True,Top 10,2
864,Harris,0,0,0,0,0,0,0,True,Top 10,2
865,Harris,1,1,1,1,0,1,0,True,Top 10,2
866,Harris,1,1,2,2,0,2,0,True,Top 10,2
867,Harris,0,0,0,0,0,0,0,True,Top 10,2
868,Harris,2,2,5,5,0,5,0,True,Top 10,2
869,Harris,0,0,0,0,0,0,0,True,Top 10,2
870,Harris,0,0,0,0,0,0,0,True,Top 10,2
871,Harris,0,0,0,0,0,0,0,True,Top 10,2
872,Harris,0,0,0,0,0,0,0,True,Top 10,2
873,Harris,0,0,0,0,0,0,0,True,Top 10,2
874,Harris,0,0,0,0,0,0,0,True,Top 10,2
875,Harris,0,0,0,0,0,0,0,True,Top 10,2
876,Harris,0,0,0,0,0,0,0,True,Top 10,2
877,Harris,0,0,0,0,0,0,0,True,Top 10,2
878,Harris,0,0,0,0,0,0,0,True,Top 10,2
879,Harris,0,0,0,0,0,0,0,True,Top 10,2
880,Harris,0,0,0,0,0,0,0,True,Top 10,2
881,Harris,0,0,0,0,0,0,0,True,Top 10,2
882,Harris,1,1,4,4,0,4,0,True,Top 10,2
883,Harris,0,0,0,0,0,0,0,True,Top 10,2
884,Harris,0,0,0,0,0,0,0,True,Top 10,2
885,Harris,0,0,0,0,0,0,0,True,Top 10,2
886,Harris,0,0,0,0,0,0,0,True,Top 10,2
887,Harris,0,0,0,0,0,0,0,True,Top 10,2
888,Harris,0,0,0,0,0,0,0,True,Top 10,2
889,Harris,1,1,2,2,0,2,0,True,Top 10,2
0,Trump,1,5,10,5,5,10,0,True,Top 10,3
1,Trump,0,0,0,0,0,0,0,True,Top 10,3
2,Trump,0,0,0,0,0,0,0,True,Top 10,3
3,Trump,0,0,0,0,0,0,0,True,Top 10,3
4,Trump,0,0,0,0,0,0,0,True,Top 10,3
5,Trump,0,0,0,0,0,0,0,True,Top 10,3
6,Trump,0,0,0,0,0,0,0,True,Top 10,3
7,Trump,1,5,10,5,5,10,0,True,Top 10,3
8,Trump,0,0,0,0,0,0,0,True,Top 10,3
9,Trump,0,0,0,0,0,0,0,True,Top 10,3
10,Trump,0,0,0,0,0,0,0,True,Top 10,3
11,Trump,0,0,0,0,0,0,0,True,Top 10,3
12,Trump,0,0,0,0,0,0,0,True,Top 10,3
13,Trump,0,0,0,0,0,0,0,True,Top 10,3
14,Trump,0,0,0,0,0,0,0,True,Top 10,3
15,Trump,1,3,10,5,5,10,0,True,Top 10,3
16,Trump,1,4,10,5,5,10,0,True,Top 10,3
17,Trump,0,0,0,0,0,0,0,True,Top 10,3
18,Trump,1,1,1,1,0,1,0,True,Top 10,3
19,Trump,1,6,10,5,5,10,0,True,Top 10,3
20,Trump,0,0,0,0,0,0,0,True,Top 10,3
21,Trump,0,0,0,0,0,0,0,True,Top 10,3
22,Trump,0,0,0,0,0,0,0,True,Top 10,3
23,Trump,0,0,0,0,0,0,0,True,Top 10,3
24,Trump,0,0,0,0,0,0,0,True,Top 10,3
25,Trump,1,4,10,5,5,10,0,True,Top 10,3
26,Trump,0,0,0,0,0,0,0,True,Top 10,3
27,Trump,0,0,0,0,0,0,0,True,Top 10,3
28,Trump,0,0,0,0,0,0,0,True,Top 10,3
29,Trump,0,0,0,0,0,0,0,True,Top 10,3
30,Trump,0,0,0,0,0,0,0,True,Top 10,3
31,Trump,0,0,0,0,0,0,0,True,Top 10,3
32,Trump,0,0,0,0,0,0,0,True,Top 10,3
33,Trump,1,4,10,5,5,10,0,True,Top 10,3
34,Trump,0,0,0,0,0,0,0,True,Top 10,3
35,Trump,0,0,0,0,0,0,0,True,Top 10,3
36,Trump,0,0,0,0,0,0,0,True,Top 10,3
37,Trump,0,0,0,0,0,0,0,True,Top 10,3
38,Trump,0,0,0,0,0,0,0,True,Top 10,3
39,Trump,0,0,0,0,0,0,0,True,Top 10,3
40,Trump,0,0,0,0,0,0,0,True,Top 10,3
41,Trump,0,0,0,0,0,0,0,True,Top 10,3
42,Trump,0,0,0,0,0,0,0,True,Top 10,3
43,Trump,0,0,0,0,0,0,0,True,Top 10,3
44,Trump,0,0,0,0,0,0,0,True,Top 10,3
45,Trump,0,0,0,0,0,0,0,True,Top 10,3
46,Trump,0,0,0,0,0,0,0,True,Top 10,3
47,Trump,0,0,0,0,0,0,0,True,Top 10,3
48,Trump,1,1,3,3,0,3,0,True,Top 10,3
49,Trump,0,0,0,0,0,0,0,True,Top 10,3
50,Trump,0,0,0,0,0,0,0,True,Top 10,3
51,Trump,0,0,0,0,0,0,0,True,Top 10,3
52,Trump,0,0,0,0,0,0,0,True,Top 10,3
53,Trump,1,1,7,7,0,7,0,True,Top 10,3
54,Trump,1,1,3,3,0,3,0,True,Top 10,3
55,Trump,0,0,0,0,0,0,0,True,Top 10,3
56,Trump,0,0,0,0,0,0,0,True,Top 10,3
57,Trump,0,0,0,0,0,0,0,True,Top 10,3
58,Trump,1,4,10,5,5,10,0,True,Top 10,3
59,Trump,1,4,10,5,5,10,0,True,Top 10,3
60,Trump,0,0,0,0,0,0,0,True,Top 10,3
61,Trump,0,0,0,0,0,0,0,True,Top 10,3
62,Trump,0,0,0,0,0,0,0,True,Top 10,3
63,Trump,0,0,0,0,0,0,0,True,Top 10,3
64,Trump,0,0,0,0,0,0,0,True,Top 10,3
65,Trump,0,0,0,0,0,0,0,True,Top 10,3
66,Trump,0,0,0,0,0,0,0,True,Top 10,3
67,Trump,1,1,1,1,0,1,0,True,Top 10,3
68,Trump,1,4,10,5,5,10,0,True,Top 10,3
69,Trump,0,0,0,0,0,0,0,True,Top 10,3
70,Trump,0,0,0,0,0,0,0,True,Top 10,3
71,Trump,0,0,0,0,0,0,0,True,Top 10,3
72,Trump,0,0,0,0,0,0,0,True,Top 10,3
73,Trump,0,0,0,0,0,0,0,True,Top 10,3
74,Trump,0,0,0,0,0,0,0,True,Top 10,3
75,Trump,0,0,0,0,0,0,0,True,Top 10,3
76,Trump,1,1,1,1,0,1,0,True,Top 10,3
77,Trump,0,0,0,0,0,0,0,True,Top 10,3
78,Trump,1,1,4,4,0,4,0,True,Top 10,3
79,Trump,0,0,0,0,0,0,0,True,Top 10,3
80,Trump,0,0,0,0,0,0,0,True,Top 10,3
81,Trump,0,0,0,0,0,0,0,True,Top 10,3
82,Trump,0,0,0,0,0,0,0,True,Top 10,3
83,Trump,0,0,0,0,0,0,0,True,Top 10,3
84,Trump,0,0,0,0,0,0,0,True,Top 10,3
85,Trump,0,0,0,0,0,0,0,True,Top 10,3
86,Trump,1,4,10,5,5,10,0,True,Top 10,3
87,Trump,0,0,0,0,0,0,0,True,Top 10,3
88,Trump,0,0,0,0,0,0,0,True,Top 10,3
89,Trump,0,0,0,0,0,0,0,True,Top 10,3
90,Trump,0,0,0,0,0,0,0,True,Top 10,3
91,Trump,0,0,0,0,0,0,0,True,Top 10,3
92,Trump,0,0,0,0,0,0,0,True,Top 10,3
93,Trump,0,0,0,0,0,0,0,True,Top 10,3
94,Trump,0,0,0,0,0,0,0,True,Top 10,3
95,Trump,0,0,0,0,0,0,0,True,Top 10,3
96,Trump,0,0,0,0,0,0,0,True,Top 10,3
97,Trump,1,4,10,5,5,10,0,True,Top 10,3
98,Trump,1,4,10,5,5,10,0,True,Top 10,3
99,Trump,1,1,3,3,0,3,0,True,Top 10,3
100,Trump,0,0,0,0,0,0,0,True,Top 10,3
101,Trump,0,0,0,0,0,0,0,True,Top 10,3
102,Trump,0,0,0,0,0,0,0,True,Top 10,3
103,Trump,0,0,0,0,0,0,0,True,Top 10,3
104,Trump,1,3,10,5,5,10,0,True,Top 10,3
105,Trump,0,0,0,0,0,0,0,True,Top 10,3
106,Trump,1,1,1,1,0,1,0,True,Top 10,3
107,Trump,0,0,0,0,0,0,0,True,Top 10,3
108,Trump,1,1,2,2,0,2,0,True,Top 10,3
109,Trump,0,0,0,0,0,0,0,True,Top 10,3
110,Trump,0,0,0,0,0,0,0,True,Top 10,3
111,Trump,0,0,0,0,0,0,0,True,Top 10,3
112,Trump,1,1,2,2,0,2,0,True,Top 10,3
113,Trump,1,1,1,1,0,1,0,True,Top 10,3
114,Trump,0,0,0,0,0,0,0,True,Top 10,3
115,Trump,0,0,0,0,0,0,0,True,Top 10,3
116,Trump,0,0,0,0,0,0,0,True,Top 10,3
117,Trump,1,1,2,2,0,2,0,True,Top 10,3
118,Trump,0,0,0,0,0,0,0,True,Top 10,3
119,Trump,0,0,0,0,0,0,0,True,Top 10,3
120,Trump,3,3,8,8,0,8,0,True,Top 10,3
121,Trump,0,0,0,0,0,0,0,True,Top 10,3
122,Trump,0,0,0,0,0,0,0,True,Top 10,3
123,Trump,0,0,0,0,0,0,0,True,Top 10,3
124,Trump,0,0,0,0,0,0,0,True,Top 10,3
125,Trump,0,0,0,0,0,0,0,True,Top 10,3
126,Trump,0,0,0,0,0,0,0,True,Top 10,3
127,Trump,4,4,8,8,0,8,0,True,Top 10,3
128,Trump,0,0,0,0,0,0,0,True,Top 10,3
129,Trump,0,0,0,0,0,0,0,True,Top 10,3
130,Trump,0,0,0,0,0,0,0,True,Top 10,3
131,Trump,0,0,0,0,0,0,0,True,Top 10,3
132,Trump,0,0,0,0,0,0,0,True,Top 10,3
133,Trump,0,0,0,0,0,0,0,True,Top 10,3
134,Trump,0,0,0,0,0,0,0,True,Top 10,3
135,Trump,0,0,0,0,0,0,0,True,Top 10,3
136,Trump,0,0,0,0,0,0,0,True,Top 10,3
137,Trump,0,0,0,0,0,0,0,True,Top 10,3
138,Trump,0,0,0,0,0,0,0,True,Top 10,3
139,Trump,0,0,0,0,0,0,0,True,Top 10,3
140,Trump,0,0,0,0,0,0,0,True,Top 10,3
141,Trump,0,0,0,0,0,0,0,True,Top 10,3
142,Trump,0,0,0,0,0,0,0,True,Top 10,3
143,Trump,0,0,0,0,0,0,0,True,Top 10,3
144,Trump,0,0,0,0,0,0,0,True,Top 10,3
145,Trump,0,0,0,0,0,0,0,True,Top 10,3
146,Trump,0,0,0,0,0,0,0,True,Top 10,3
147,Trump,0,0,0,0,0,0,0,True,Top 10,3
148,Trump,0,0,0,0,0,0,0,True,Top 10,3
149,Trump,0,0,0,0,0,0,0,True,Top 10,3
150,Trump,0,0,0,0,0,0,0,True,Top 10,3
151,Trump,1,1,1,1,0,1,0,True,Top 10,3
152,Trump,0,0,0,0,0,0,0,True,Top 10,3
153,Trump,1,5,10,5,5,10,0,True,Top 10,3
154,Trump,1,1,2,2,0,2,0,True,Top 10,3
155,Trump,0,0,0,0,0,0,0,True,Top 10,3
156,Trump,0,0,0,0,0,0,0,True,Top 10,3
157,Trump,0,0,0,0,0,0,0,True,Top 10,3
158,Trump,0,0,0,0,0,0,0,True,Top 10,3
159,Trump,0,0,0,0,0,0,0,True,Top 10,3
160,Trump,0,0,0,0,0,0,0,True,Top 10,3
161,Trump,0,0,0,0,0,0,0,True,Top 10,3
162,Trump,0,0,0,0,0,0,0,True,Top 10,3
163,Trump,0,0,0,0,0,0,0,True,Top 10,3
164,Trump,0,0,0,0,0,0,0,True,Top 10,3
165,Trump,0,0,0,0,0,0,0,True,Top 10,3
166,Trump,0,0,0,0,0,0,0,True,Top 10,3
167,Trump,0,0,0,0,0,0,0,True,Top 10,3
168,Trump,0,0,0,0,0,0,0,True,Top 10,3
169,Trump,0,0,0,0,0,0,0,True,Top 10,3
170,Trump,0,0,0,0,0,0,0,True,Top 10,3
171,Trump,0,0,0,0,0,0,0,True,Top 10,3
172,Trump,0,0,0,0,0,0,0,True,Top 10,3
173,Trump,0,0,0,0,0,0,0,True,Top 10,3
174,Trump,0,0,0,0,0,0,0,True,Top 10,3
175,Trump,1,1,7,7,0,7,0,True,Top 10,3
176,Trump,0,0,0,0,0,0,0,True,Top 10,3
177,Trump,0,0,0,0,0,0,0,True,Top 10,3
178,Trump,0,0,0,0,0,0,0,True,Top 10,3
179,Trump,0,0,0,0,0,0,0,True,Top 10,3
180,Trump,0,0,0,0,0,0,0,True,Top 10,3
181,Trump,1,4,10,5,5,10,0,True,Top 10,3
182,Trump,1,5,10,5,5,10,0,True,Top 10,3
183,Trump,0,0,0,0,0,0,0,True,Top 10,3
184,Trump,0,0,0,0,0,0,0,True,Top 10,3
185,Trump,0,0,0,0,0,0,0,True,Top 10,3
186,Trump,0,0,0,0,0,0,0,True,Top 10,3
187,Trump,0,0,0,0,0,0,0,True,Top 10,3
188,Trump,0,0,0,0,0,0,0,True,Top 10,3
189,Trump,0,0,0,0,0,0,0,True,Top 10,3
190,Trump,0,0,0,0,0,0,0,True,Top 10,3
191,Trump,0,0,0,0,0,0,0,True,Top 10,3
192,Trump,0,0,0,0,0,0,0,True,Top 10,3
193,Trump,0,0,0,0,0,0,0,True,Top 10,3
194,Trump,0,0,0,0,0,0,0,True,Top 10,3
195,Trump,0,0,0,0,0,0,0,True,Top 10,3
196,Trump,0,0,0,0,0,0,0,True,Top 10,3
197,Trump,0,0,0,0,0,0,0,True,Top 10,3
198,Trump,0,0,0,0,0,0,0,True,Top 10,3
199,Trump,0,0,0,0,0,0,0,True,Top 10,3
200,Trump,0,0,0,0,0,0,0,True,Top 10,3
201,Trump,0,0,0,0,0,0,0,True,Top 10,3
202,Trump,0,0,0,0,0,0,0,True,Top 10,3
203,Trump,0,0,0,0,0,0,0,True,Top 10,3
204,Trump,0,0,0,0,0,0,0,True,Top 10,3
205,Trump,0,0,0,0,0,0,0,True,Top 10,3
206,Trump,2,2,4,4,0,4,0,True,Top 10,3
207,Trump,0,0,0,0,0,0,0,True,Top 10,3
208,Trump,0,0,0,0,0,0,0,True,Top 10,3
209,Trump,0,0,0,0,0,0,0,True,Top 10,3
210,Trump,1,1,1,1,0,1,0,True,Top 10,3
211,Trump,0,0,0,0,0,0,0,True,Top 10,3
212,Trump,0,0,0,0,0,0,0,True,Top 10,3
213,Trump,0,0,0,0,0,0,0,True,Top 10,3
214,Trump,0,0,0,0,0,0,0,True,Top 10,3
215,Trump,1,1,1,1,0,1,0,True,Top 10,3
216,Trump,0,0,0,0,0,0,0,True,Top 10,3
217,Trump,1,1,1,1,0,1,0,True,Top 10,3
218,Trump,0,0,0,0,0,0,0,True,Top 10,3
219,Trump,0,0,0,0,0,0,0,True,Top 10,3
220,Trump,0,0,0,0,0,0,0,True,Top 10,3
221,Trump,0,0,0,0,0,0,0,True,Top 10,3
222,Trump,0,0,0,0,0,0,0,True,Top 10,3
223,Trump,0,0,0,0,0,0,0,True,Top 10,3
224,Trump,1,1,3,3,0,3,0,True,Top 10,3
225,Trump,1,1,1,1,0,1,0,True,Top 10,3
226,Trump,1,4,10,5,5,10,0,True,Top 10,3
227,Trump,0,0,0,0,0,0,0,True,Top 10,3
228,Trump,0,0,0,0,0,0,0,True,Top 10,3
229,Trump,0,0,0,0,0,0,0,True,Top 10,3
230,Trump,0,0,0,0,0,0,0,True,Top 10,3
231,Trump,0,0,0,0,0,0,0,True,Top 10,3
232,Trump,0,0,0,0,0,0,0,True,Top 10,3
233,Trump,0,0,0,0,0,0,0,True,Top 10,3
234,Trump,0,0,0,0,0,0,0,True,Top 10,3
235,Trump,0,0,0,0,0,0,0,True,Top 10,3
236,Trump,0,0,0,0,0,0,0,True,Top 10,3
237,Trump,0,0,0,0,0,0,0,True,Top 10,3
238,Trump,0,0,0,0,0,0,0,True,Top 10,3
239,Trump,0,0,0,0,0,0,0,True,Top 10,3
240,Trump,1,1,2,2,0,2,0,True,Top 10,3
241,Trump,0,0,0,0,0,0,0,True,Top 10,3
242,Trump,2,6,15,10,5,15,0,True,Top 10,3
243,Trump,0,0,0,0,0,0,0,True,Top 10,3
244,Trump,0,0,0,0,0,0,0,True,Top 10,3
245,Trump,0,0,0,0,0,0,0,True,Top 10,3
246,Trump,0,0,0,0,0,0,0,True,Top 10,3
247,Trump,0,0,0,0,0,0,0,True,Top 10,3
248,Trump,0,0,0,0,0,0,0,True,Top 10,3
249,Trump,0,0,0,0,0,0,0,True,Top 10,3
250,Trump,0,0,0,0,0,0,0,True,Top 10,3
251,Trump,0,0,0,0,0,0,0,True,Top 10,3
252,Trump,0,0,0,0,0,0,0,True,Top 10,3
253,Trump,0,0,0,0,0,0,0,True,Top 10,3
254,Trump,1,3,10,5,5,10,0,True,Top 10,3
255,Trump,0,0,0,0,0,0,0,True,Top 10,3
256,Trump,1,5,10,5,5,10,0,True,Top 10,3
257,Trump,0,0,0,0,0,0,0,True,Top 10,3
258,Trump,1,1,7,7,0,7,0,True,Top 10,3
259,Trump,1,1,2,2,0,2,0,True,Top 10,3
260,Trump,0,0,0,0,0,0,0,True,Top 10,3
261,Trump,2,2,3,3,0,3,0,True,Top 10,3
262,Trump,0,0,0,0,0,0,0,True,Top 10,3
263,Trump,0,0,0,0,0,0,0,True,Top 10,3
264,Trump,0,0,0,0,0,0,0,True,Top 10,3
265,Trump,0,0,0,0,0,0,0,True,Top 10,3
266,Trump,0,0,0,0,0,0,0,True,Top 10,3
267,Trump,0,0,0,0,0,0,0,True,Top 10,3
268,Trump,0,0,0,0,0,0,0,True,Top 10,3
269,Trump,0,0,0,0,0,0,0,True,Top 10,3
270,Trump,1,1,2,2,0,2,0,True,Top 10,3
271,Trump,1,2,10,5,5,10,0,True,Top 10,3
272,Trump,0,0,0,0,0,0,0,True,Top 10,3
273,Trump,0,0,0,0,0,0,0,True,Top 10,3
274,Trump,1,4,10,5,5,10,0,True,Top 10,3
275,Trump,0,0,0,0,0,0,0,True,Top 10,3
276,Trump,0,0,0,0,0,0,0,True,Top 10,3
277,Trump,0,0,0,0,0,0,0,True,Top 10,3
278,Trump,0,0,0,0,0,0,0,True,Top 10,3
279,Trump,0,0,0,0,0,0,0,True,Top 10,3
280,Trump,0,0,0,0,0,0,0,True,Top 10,3
281,Trump,2,2,3,3,0,3,0,True,Top 10,3
282,Trump,0,0,0,0,0,0,0,True,Top 10,3
283,Trump,0,0,0,0,0,0,0,True,Top 10,3
284,Trump,0,0,0,0,0,0,0,True,Top 10,3
285,Trump,0,0,0,0,0,0,0,True,Top 10,3
286,Trump,0,0,0,0,0,0,0,True,Top 10,3
287,Trump,0,0,0,0,0,0,0,True,Top 10,3
288,Trump,0,0,0,0,0,0,0,True,Top 10,3
289,Trump,0,0,0,0,0,0,0,True,Top 10,3
290,Trump,1,1,1,1,0,1,0,True,Top 10,3
291,Trump,3,3,9,9,0,9,0,True,Top 10,3
292,Trump,7,7,15,15,0,15,0,True,Top 10,3
293,Trump,1,1,2,2,0,2,0,True,Top 10,3
294,Trump,1,5,10,5,5,10,0,True,Top 10,3
295,Trump,0,0,0,0,0,0,0,True,Top 10,3
296,Trump,1,1,1,1,0,1,0,True,Top 10,3
297,Trump,0,0,0,0,0,0,0,True,Top 10,3
298,Trump,0,0,0,0,0,0,0,True,Top 10,3
299,Trump,1,1,1,1,0,1,0,True,Top 10,3
300,Trump,1,1,2,2,0,2,0,True,Top 10,3
301,Trump,1,1,1,1,0,1,0,True,Top 10,3
302,Trump,0,0,0,0,0,0,0,True,Top 10,3
303,Trump,0,0,0,0,0,0,0,True,Top 10,3
304,Trump,1,1,2,2,0,2,0,True,Top 10,3
305,Trump,0,0,0,0,0,0,0,True,Top 10,3
306,Trump,1,1,2,2,0,2,0,True,Top 10,3
307,Trump,0,0,0,0,0,0,0,True,Top 10,3
308,Trump,0,0,0,0,0,0,0,True,Top 10,3
309,Trump,0,0,0,0,0,0,0,True,Top 10,3
310,Trump,0,0,0,0,0,0,0,True,Top 10,3
311,Trump,0,0,0,0,0,0,0,True,Top 10,3
312,Trump,0,0,0,0,0,0,0,True,Top 10,3
313,Trump,0,0,0,0,0,0,0,True,Top 10,3
314,Trump,0,0,0,0,0,0,0,True,Top 10,3
315,Trump,0,0,0,0,0,0,0,True,Top 10,3
316,Trump,0,0,0,0,0,0,0,True,Top 10,3
317,Trump,0,0,0,0,0,0,0,True,Top 10,3
318,Trump,0,0,0,0,0,0,0,True,Top 10,3
319,Trump,0,0,0,0,0,0,0,True,Top 10,3
320,Trump,0,0,0,0,0,0,0,True,Top 10,3
321,Trump,0,0,0,0,0,0,0,True,Top 10,3
322,Trump,0,0,0,0,0,0,0,True,Top 10,3
323,Trump,0,0,0,0,0,0,0,True,Top 10,3
324,Trump,0,0,0,0,0,0,0,True,Top 10,3
325,Trump,0,0,0,0,0,0,0,True,Top 10,3
326,Trump,0,0,0,0,0,0,0,True,Top 10,3
327,Trump,0,0,0,0,0,0,0,True,Top 10,3
328,Trump,0,0,0,0,0,0,0,True,Top 10,3
329,Trump,0,0,0,0,0,0,0,True,Top 10,3
330,Trump,0,0,0,0,0,0,0,True,Top 10,3
331,Trump,0,0,0,0,0,0,0,True,Top 10,3
332,Trump,0,0,0,0,0,0,0,True,Top 10,3
333,Trump,0,0,0,0,0,0,0,True,Top 10,3
334,Trump,0,0,0,0,0,0,0,True,Top 10,3
335,Trump,0,0,0,0,0,0,0,True,Top 10,3
336,Trump,0,0,0,0,0,0,0,True,Top 10,3
337,Trump,0,0,0,0,0,0,0,True,Top 10,3
338,Trump,0,0,0,0,0,0,0,True,Top 10,3
339,Trump,0,0,0,0,0,0,0,True,Top 10,3
340,Trump,1,1,1,1,0,1,0,True,Top 10,3
341,Trump,0,0,0,0,0,0,0,True,Top 10,3
342,Trump,0,0,0,0,0,0,0,True,Top 10,3
343,Trump,0,0,0,0,0,0,0,True,Top 10,3
344,Trump,1,1,3,3,0,3,0,True,Top 10,3
345,Trump,0,0,0,0,0,0,0,True,Top 10,3
346,Trump,2,2,3,3,0,3,0,True,Top 10,3
347,Trump,0,0,0,0,0,0,0,True,Top 10,3
348,Trump,1,1,1,1,0,1,0,True,Top 10,3
349,Trump,0,0,0,0,0,0,0,True,Top 10,3
350,Trump,0,0,0,0,0,0,0,True,Top 10,3
351,Trump,0,0,0,0,0,0,0,True,Top 10,3
352,Trump,0,0,0,0,0,0,0,True,Top 10,3
353,Trump,0,0,0,0,0,0,0,True,Top 10,3
354,Trump,0,0,0,0,0,0,0,True,Top 10,3
355,Trump,0,0,0,0,0,0,0,True,Top 10,3
356,Trump,0,0,0,0,0,0,0,True,Top 10,3
357,Trump,0,0,0,0,0,0,0,True,Top 10,3
358,Trump,1,1,1,1,0,1,0,True,Top 10,3
359,Trump,0,0,0,0,0,0,0,True,Top 10,3
360,Trump,0,0,0,0,0,0,0,True,Top 10,3
361,Trump,0,0,0,0,0,0,0,True,Top 10,3
362,Trump,0,0,0,0,0,0,0,True,Top 10,3
363,Trump,0,0,0,0,0,0,0,True,Top 10,3
364,Trump,0,0,0,0,0,0,0,True,Top 10,3
365,Trump,0,0,0,0,0,0,0,True,Top 10,3
366,Trump,0,0,0,0,0,0,0,True,Top 10,3
367,Trump,0,0,0,0,0,0,0,True,Top 10,3
368,Trump,0,0,0,0,0,0,0,True,Top 10,3
369,Trump,0,0,0,0,0,0,0,True,Top 10,3
370,Trump,0,0,0,0,0,0,0,True,Top 10,3
371,Trump,0,0,0,0,0,0,0,True,Top 10,3
372,Trump,0,0,0,0,0,0,0,True,Top 10,3
373,Trump,0,0,0,0,0,0,0,True,Top 10,3
374,Trump,0,0,0,0,0,0,0,True,Top 10,3
375,Trump,0,0,0,0,0,0,0,True,Top 10,3
376,Trump,0,0,0,0,0,0,0,True,Top 10,3
377,Trump,0,0,0,0,0,0,0,True,Top 10,3
378,Trump,0,0,0,0,0,0,0,True,Top 10,3
379,Trump,0,0,0,0,0,0,0,True,Top 10,3
380,Trump,0,0,0,0,0,0,0,True,Top 10,3
381,Trump,0,0,0,0,0,0,0,True,Top 10,3
382,Trump,0,0,0,0,0,0,0,True,Top 10,3
383,Trump,0,0,0,0,0,0,0,True,Top 10,3
384,Trump,0,0,0,0,0,0,0,True,Top 10,3
385,Trump,0,0,0,0,0,0,0,True,Top 10,3
386,Trump,1,1,1,1,0,1,0,True,Top 10,3
387,Trump,0,0,0,0,0,0,0,True,Top 10,3
388,Trump,0,0,0,0,0,0,0,True,Top 10,3
389,Trump,0,0,0,0,0,0,0,True,Top 10,3
390,Trump,0,0,0,0,0,0,0,True,Top 10,3
391,Trump,1,3,10,5,5,10,0,True,Top 10,3
392,Trump,0,0,0,0,0,0,0,True,Top 10,3
393,Trump,0,0,0,0,0,0,0,True,Top 10,3
394,Trump,0,0,0,0,0,0,0,True,Top 10,3
395,Trump,0,0,0,0,0,0,0,True,Top 10,3
396,Trump,0,0,0,0,0,0,0,True,Top 10,3
397,Trump,0,0,0,0,0,0,0,True,Top 10,3
398,Trump,1,1,1,1,0,1,0,True,Top 10,3
399,Trump,0,0,0,0,0,0,0,True,Top 10,3
400,Trump,0,0,0,0,0,0,0,True,Top 10,3
401,Trump,0,0,0,0,0,0,0,True,Top 10,3
402,Trump,0,0,0,0,0,0,0,True,Top 10,3
403,Trump,0,0,0,0,0,0,0,True,Top 10,3
404,Trump,0,0,0,0,0,0,0,True,Top 10,3
405,Trump,0,0,0,0,0,0,0,True,Top 10,3
406,Trump,0,0,0,0,0,0,0,True,Top 10,3
407,Trump,0,0,0,0,0,0,0,True,Top 10,3
408,Trump,1,1,2,2,0,2,0,True,Top 10,3
409,Trump,0,0,0,0,0,0,0,True,Top 10,3
410,Trump,0,0,0,0,0,0,0,True,Top 10,3
411,Trump,1,1,1,1,0,1,0,True,Top 10,3
412,Trump,0,0,0,0,0,0,0,True,Top 10,3
413,Trump,0,0,0,0,0,0,0,True,Top 10,3
414,Trump,0,0,0,0,0,0,0,True,Top 10,3
415,Trump,0,0,0,0,0,0,0,True,Top 10,3
416,Trump,0,0,0,0,0,0,0,True,Top 10,3
417,Trump,0,0,0,0,0,0,0,True,Top 10,3
418,Trump,1,1,1,1,0,1,0,True,Top 10,3
419,Trump,0,0,0,0,0,0,0,True,Top 10,3
420,Trump,0,0,0,0,0,0,0,True,Top 10,3
421,Trump,0,0,0,0,0,0,0,True,Top 10,3
422,Trump,0,0,0,0,0,0,0,True,Top 10,3
423,Trump,0,0,0,0,0,0,0,True,Top 10,3
424,Trump,1,1,3,3,0,3,0,True,Top 10,3
425,Trump,0,0,0,0,0,0,0,True,Top 10,3
426,Trump,0,0,0,0,0,0,0,True,Top 10,3
427,Trump,2,3,6,5,1,6,0,True,Top 10,3
428,Trump,0,0,0,0,0,0,0,True,Top 10,3
429,Trump,0,0,0,0,0,0,0,True,Top 10,3
430,Trump,1,1,3,3,0,3,0,True,Top 10,3
431,Trump,0,0,0,0,0,0,0,True,Top 10,3
432,Trump,0,0,0,0,0,0,0,True,Top 10,3
433,Trump,0,0,0,0,0,0,0,True,Top 10,3
434,Trump,0,0,0,0,0,0,0,True,Top 10,3
435,Trump,0,0,0,0,0,0,0,True,Top 10,3
436,Trump,0,0,0,0,0,0,0,True,Top 10,3
437,Trump,0,0,0,0,0,0,0,True,Top 10,3
438,Trump,0,0,0,0,0,0,0,True,Top 10,3
439,Trump,0,0,0,0,0,0,0,True,Top 10,3
440,Trump,0,0,0,0,0,0,0,True,Top 10,3
441,Trump,0,0,0,0,0,0,0,True,Top 10,3
442,Trump,0,0,0,0,0,0,0,True,Top 10,3
443,Trump,0,0,0,0,0,0,0,True,Top 10,3
444,Trump,0,0,0,0,0,0,0,True,Top 10,3
445,Harris,0,0,0,0,0,0,0,True,Top 10,3
446,Harris,1,1,1,1,0,1,0,True,Top 10,3
447,Harris,0,0,0,0,0,0,0,True,Top 10,3
448,Harris,0,0,0,0,0,0,0,True,Top 10,3
449,Harris,0,0,0,0,0,0,0,True,Top 10,3
450,Harris,0,0,0,0,0,0,0,True,Top 10,3
451,Harris,0,0,0,0,0,0,0,True,Top 10,3
452,Harris,1,1,14,14,0,14,0,True,Top 10,3
453,Harris,0,0,0,0,0,0,0,True,Top 10,3
454,Harris,0,0,0,0,0,0,0,True,Top 10,3
455,Harris,0,0,0,0,0,0,0,True,Top 10,3
456,Harris,0,0,0,0,0,0,0,True,Top 10,3
457,Harris,0,0,0,0,0,0,0,True,Top 10,3
458,Harris,0,0,0,0,0,0,0,True,Top 10,3
459,Harris,1,1,14,14,0,14,0,True,Top 10,3
460,Harris,0,0,0,0,0,0,0,True,Top 10,3
461,Harris,0,0,0,0,0,0,0,True,Top 10,3
462,Harris,0,0,0,0,0,0,0,True,Top 10,3
463,Harris,0,0,0,0,0,0,0,True,Top 10,3
464,Harris,0,0,0,0,0,0,0,True,Top 10,3
465,Harris,0,0,0,0,0,0,0,True,Top 10,3
466,Harris,0,0,0,0,0,0,0,True,Top 10,3
467,Harris,0,0,0,0,0,0,0,True,Top 10,3
468,Harris,0,0,0,0,0,0,0,True,Top 10,3
469,Harris,0,0,0,0,0,0,0,True,Top 10,3
470,Harris,1,1,14,14,0,14,0,True,Top 10,3
471,Harris,0,0,0,0,0,0,0,True,Top 10,3
472,Harris,0,0,0,0,0,0,0,True,Top 10,3
473,Harris,0,0,0,0,0,0,0,True,Top 10,3
474,Harris,0,0,0,0,0,0,0,True,Top 10,3
475,Harris,0,0,0,0,0,0,0,True,Top 10,3
476,Harris,0,0,0,0,0,0,0,True,Top 10,3
477,Harris,1,1,14,14,0,14,0,True,Top 10,3
478,Harris,0,0,0,0,0,0,0,True,Top 10,3
479,Harris,0,0,0,0,0,0,0,True,Top 10,3
480,Harris,0,0,0,0,0,0,0,True,Top 10,3
481,Harris,0,0,0,0,0,0,0,True,Top 10,3
482,Harris,0,0,0,0,0,0,0,True,Top 10,3
483,Harris,0,0,0,0,0,0,0,True,Top 10,3
484,Harris,0,0,0,0,0,0,0,True,Top 10,3
485,Harris,0,0,0,0,0,0,0,True,Top 10,3
486,Harris,0,0,0,0,0,0,0,True,Top 10,3
487,Harris,0,0,0,0,0,0,0,True,Top 10,3
488,Harris,1,1,14,14,0,14,0,True,Top 10,3
489,Harris,0,0,0,0,0,0,0,True,Top 10,3
490,Harris,0,0,0,0,0,0,0,True,Top 10,3
491,Harris,0,0,0,0,0,0,0,True,Top 10,3
492,Harris,0,0,0,0,0,0,0,True,Top 10,3
493,Harris,0,0,0,0,0,0,0,True,Top 10,3
494,Harris,0,0,0,0,0,0,0,True,Top 10,3
495,Harris,0,0,0,0,0,0,0,True,Top 10,3
496,Harris,0,0,0,0,0,0,0,True,Top 10,3
497,Harris,0,0,0,0,0,0,0,True,Top 10,3
498,Harris,0,0,0,0,0,0,0,True,Top 10,3
499,Harris,1,1,2,2,0,2,0,True,Top 10,3
500,Harris,1,1,14,14,0,14,0,True,Top 10,3
501,Harris,0,0,0,0,0,0,0,True,Top 10,3
502,Harris,0,0,0,0,0,0,0,True,Top 10,3
503,Harris,0,0,0,0,0,0,0,True,Top 10,3
504,Harris,0,0,0,0,0,0,0,True,Top 10,3
505,Harris,0,0,0,0,0,0,0,True,Top 10,3
506,Harris,0,0,0,0,0,0,0,True,Top 10,3
507,Harris,0,0,0,0,0,0,0,True,Top 10,3
508,Harris,0,0,0,0,0,0,0,True,Top 10,3
509,Harris,0,0,0,0,0,0,0,True,Top 10,3
510,Harris,0,0,0,0,0,0,0,True,Top 10,3
511,Harris,0,0,0,0,0,0,0,True,Top 10,3
512,Harris,0,0,0,0,0,0,0,True,Top 10,3
513,Harris,0,0,0,0,0,0,0,True,Top 10,3
514,Harris,0,0,0,0,0,0,0,True,Top 10,3
515,Harris,0,0,0,0,0,0,0,True,Top 10,3
516,Harris,0,0,0,0,0,0,0,True,Top 10,3
517,Harris,0,0,0,0,0,0,0,True,Top 10,3
518,Harris,0,0,0,0,0,0,0,True,Top 10,3
519,Harris,0,0,0,0,0,0,0,True,Top 10,3
520,Harris,0,0,0,0,0,0,0,True,Top 10,3
521,Harris,0,0,0,0,0,0,0,True,Top 10,3
522,Harris,0,0,0,0,0,0,0,True,Top 10,3
523,Harris,0,0,0,0,0,0,0,True,Top 10,3
524,Harris,0,0,0,0,0,0,0,True,Top 10,3
525,Harris,1,1,14,14,0,14,0,True,Top 10,3
526,Harris,0,0,0,0,0,0,0,True,Top 10,3
527,Harris,0,0,0,0,0,0,0,True,Top 10,3
528,Harris,0,0,0,0,0,0,0,True,Top 10,3
529,Harris,0,0,0,0,0,0,0,True,Top 10,3
530,Harris,0,0,0,0,0,0,0,True,Top 10,3
531,Harris,1,1,14,14,0,14,0,True,Top 10,3
532,Harris,0,0,0,0,0,0,0,True,Top 10,3
533,Harris,0,0,0,0,0,0,0,True,Top 10,3
534,Harris,0,0,0,0,0,0,0,True,Top 10,3
535,Harris,0,0,0,0,0,0,0,True,Top 10,3
536,Harris,0,0,0,0,0,0,0,True,Top 10,3
537,Harris,0,0,0,0,0,0,0,True,Top 10,3
538,Harris,0,0,0,0,0,0,0,True,Top 10,3
539,Harris,0,0,0,0,0,0,0,True,Top 10,3
540,Harris,0,0,0,0,0,0,0,True,Top 10,3
541,Harris,0,0,0,0,0,0,0,True,Top 10,3
542,Harris,0,0,0,0,0,0,0,True,Top 10,3
543,Harris,0,0,0,0,0,0,0,True,Top 10,3
544,Harris,0,0,0,0,0,0,0,True,Top 10,3
545,Harris,1,1,2,2,0,2,0,True,Top 10,3
546,Harris,1,1,14,14,0,14,0,True,Top 10,3
547,Harris,0,0,0,0,0,0,0,True,Top 10,3
548,Harris,0,0,0,0,0,0,0,True,Top 10,3
549,Harris,0,0,0,0,0,0,0,True,Top 10,3
550,Harris,0,0,0,0,0,0,0,True,Top 10,3
551,Harris,0,0,0,0,0,0,0,True,Top 10,3
552,Harris,0,0,0,0,0,0,0,True,Top 10,3
553,Harris,0,0,0,0,0,0,0,True,Top 10,3
554,Harris,0,0,0,0,0,0,0,True,Top 10,3
555,Harris,0,0,0,0,0,0,0,True,Top 10,3
556,Harris,0,0,0,0,0,0,0,True,Top 10,3
557,Harris,0,0,0,0,0,0,0,True,Top 10,3
558,Harris,0,0,0,0,0,0,0,True,Top 10,3
559,Harris,0,0,0,0,0,0,0,True,Top 10,3
560,Harris,0,0,0,0,0,0,0,True,Top 10,3
561,Harris,0,0,0,0,0,0,0,True,Top 10,3
562,Harris,0,0,0,0,0,0,0,True,Top 10,3
563,Harris,0,0,0,0,0,0,0,True,Top 10,3
564,Harris,0,0,0,0,0,0,0,True,Top 10,3
565,Harris,0,0,0,0,0,0,0,True,Top 10,3
566,Harris,0,0,0,0,0,0,0,True,Top 10,3
567,Harris,0,0,0,0,0,0,0,True,Top 10,3
568,Harris,0,0,0,0,0,0,0,True,Top 10,3
569,Harris,0,0,0,0,0,0,0,True,Top 10,3
570,Harris,0,0,0,0,0,0,0,True,Top 10,3
571,Harris,0,0,0,0,0,0,0,True,Top 10,3
572,Harris,0,0,0,0,0,0,0,True,Top 10,3
573,Harris,0,0,0,0,0,0,0,True,Top 10,3
574,Harris,0,0,0,0,0,0,0,True,Top 10,3
575,Harris,0,0,0,0,0,0,0,True,Top 10,3
576,Harris,0,0,0,0,0,0,0,True,Top 10,3
577,Harris,0,0,0,0,0,0,0,True,Top 10,3
578,Harris,0,0,0,0,0,0,0,True,Top 10,3
579,Harris,0,0,0,0,0,0,0,True,Top 10,3
580,Harris,0,0,0,0,0,0,0,True,Top 10,3
581,Harris,1,1,4,4,0,4,0,True,Top 10,3
582,Harris,0,0,0,0,0,0,0,True,Top 10,3
583,Harris,0,0,0,0,0,0,0,True,Top 10,3
584,Harris,0,0,0,0,0,0,0,True,Top 10,3
585,Harris,0,0,0,0,0,0,0,True,Top 10,3
586,Harris,1,1,14,14,0,14,0,True,Top 10,3
587,Harris,0,0,0,0,0,0,0,True,Top 10,3
588,Harris,0,0,0,0,0,0,0,True,Top 10,3
589,Harris,0,0,0,0,0,0,0,True,Top 10,3
590,Harris,0,0,0,0,0,0,0,True,Top 10,3
591,Harris,0,0,0,0,0,0,0,True,Top 10,3
592,Harris,0,0,0,0,0,0,0,True,Top 10,3
593,Harris,0,0,0,0,0,0,0,True,Top 10,3
594,Harris,0,0,0,0,0,0,0,True,Top 10,3
595,Harris,0,0,0,0,0,0,0,True,Top 10,3
596,Harris,0,0,0,0,0,0,0,True,Top 10,3
597,Harris,0,0,0,0,0,0,0,True,Top 10,3
598,Harris,0,0,0,0,0,0,0,True,Top 10,3
599,Harris,0,0,0,0,0,0,0,True,Top 10,3
600,Harris,0,0,0,0,0,0,0,True,Top 10,3
601,Harris,1,1,2,2,0,2,0,True,Top 10,3
602,Harris,0,0,0,0,0,0,0,True,Top 10,3
603,Harris,0,0,0,0,0,0,0,True,Top 10,3
604,Harris,0,0,0,0,0,0,0,True,Top 10,3
605,Harris,0,0,0,0,0,0,0,True,Top 10,3
606,Harris,0,0,0,0,0,0,0,True,Top 10,3
607,Harris,0,0,0,0,0,0,0,True,Top 10,3
608,Harris,0,0,0,0,0,0,0,True,Top 10,3
609,Harris,0,0,0,0,0,0,0,True,Top 10,3
610,Harris,0,0,0,0,0,0,0,True,Top 10,3
611,Harris,0,0,0,0,0,0,0,True,Top 10,3
612,Harris,0,0,0,0,0,0,0,True,Top 10,3
613,Harris,0,0,0,0,0,0,0,True,Top 10,3
614,Harris,0,0,0,0,0,0,0,True,Top 10,3
615,Harris,0,0,0,0,0,0,0,True,Top 10,3
616,Harris,0,0,0,0,0,0,0,True,Top 10,3
617,Harris,0,0,0,0,0,0,0,True,Top 10,3
618,Harris,0,0,0,0,0,0,0,True,Top 10,3
619,Harris,0,0,0,0,0,0,0,True,Top 10,3
620,Harris,0,0,0,0,0,0,0,True,Top 10,3
621,Harris,0,0,0,0,0,0,0,True,Top 10,3
622,Harris,0,0,0,0,0,0,0,True,Top 10,3
623,Harris,0,0,0,0,0,0,0,True,Top 10,3
624,Harris,0,0,0,0,0,0,0,True,Top 10,3
625,Harris,0,0,0,0,0,0,0,True,Top 10,3
626,Harris,0,0,0,0,0,0,0,True,Top 10,3
627,Harris,0,0,0,0,0,0,0,True,Top 10,3
628,Harris,0,0,0,0,0,0,0,True,Top 10,3
629,Harris,0,0,0,0,0,0,0,True,Top 10,3
630,Harris,0,0,0,0,0,0,0,True,Top 10,3
631,Harris,0,0,0,0,0,0,0,True,Top 10,3
632,Harris,0,0,0,0,0,0,0,True,Top 10,3
633,Harris,0,0,0,0,0,0,0,True,Top 10,3
634,Harris,0,0,0,0,0,0,0,True,Top 10,3
635,Harris,0,0,0,0,0,0,0,True,Top 10,3
636,Harris,0,0,0,0,0,0,0,True,Top 10,3
637,Harris,0,0,0,0,0,0,0,True,Top 10,3
638,Harris,0,0,0,0,0,0,0,True,Top 10,3
639,Harris,0,0,0,0,0,0,0,True,Top 10,3
640,Harris,0,0,0,0,0,0,0,True,Top 10,3
641,Harris,0,0,0,0,0,0,0,True,Top 10,3
642,Harris,0,0,0,0,0,0,0,True,Top 10,3
643,Harris,0,0,0,0,0,0,0,True,Top 10,3
644,Harris,0,0,0,0,0,0,0,True,Top 10,3
645,Harris,0,0,0,0,0,0,0,True,Top 10,3
646,Harris,0,0,0,0,0,0,0,True,Top 10,3
647,Harris,0,0,0,0,0,0,0,True,Top 10,3
648,Harris,0,0,0,0,0,0,0,True,Top 10,3
649,Harris,0,0,0,0,0,0,0,True,Top 10,3
650,Harris,0,0,0,0,0,0,0,True,Top 10,3
651,Harris,0,0,0,0,0,0,0,True,Top 10,3
652,Harris,0,0,0,0,0,0,0,True,Top 10,3
653,Harris,0,0,0,0,0,0,0,True,Top 10,3
654,Harris,0,0,0,0,0,0,0,True,Top 10,3
655,Harris,0,0,0,0,0,0,0,True,Top 10,3
656,Harris,1,1,14,14,0,14,0,True,Top 10,3
657,Harris,0,0,0,0,0,0,0,True,Top 10,3
658,Harris,0,0,0,0,0,0,0,True,Top 10,3
659,Harris,0,0,0,0,0,0,0,True,Top 10,3
660,Harris,0,0,0,0,0,0,0,True,Top 10,3
661,Harris,1,1,1,1,0,1,0,True,Top 10,3
662,Harris,0,0,0,0,0,0,0,True,Top 10,3
663,Harris,1,1,3,3,0,3,0,True,Top 10,3
664,Harris,0,0,0,0,0,0,0,True,Top 10,3
665,Harris,0,0,0,0,0,0,0,True,Top 10,3
666,Harris,0,0,0,0,0,0,0,True,Top 10,3
667,Harris,0,0,0,0,0,0,0,True,Top 10,3
668,Harris,0,0,0,0,0,0,0,True,Top 10,3
669,Harris,0,0,0,0,0,0,0,True,Top 10,3
670,Harris,0,0,0,0,0,0,0,True,Top 10,3
671,Harris,0,0,0,0,0,0,0,True,Top 10,3
672,Harris,0,0,0,0,0,0,0,True,Top 10,3
673,Harris,0,0,0,0,0,0,0,True,Top 10,3
674,Harris,0,0,0,0,0,0,0,True,Top 10,3
675,Harris,0,0,0,0,0,0,0,True,Top 10,3
676,Harris,0,0,0,0,0,0,0,True,Top 10,3
677,Harris,0,0,0,0,0,0,0,True,Top 10,3
678,Harris,0,0,0,0,0,0,0,True,Top 10,3
679,Harris,0,0,0,0,0,0,0,True,Top 10,3
680,Harris,0,0,0,0,0,0,0,True,Top 10,3
681,Harris,0,0,0,0,0,0,0,True,Top 10,3
682,Harris,0,0,0,0,0,0,0,True,Top 10,3
683,Harris,0,0,0,0,0,0,0,True,Top 10,3
684,Harris,0,0,0,0,0,0,0,True,Top 10,3
685,Harris,0,0,0,0,0,0,0,True,Top 10,3
686,Harris,0,0,0,0,0,0,0,True,Top 10,3
687,Harris,0,0,0,0,0,0,0,True,Top 10,3
688,Harris,0,0,0,0,0,0,0,True,Top 10,3
689,Harris,0,0,0,0,0,0,0,True,Top 10,3
690,Harris,0,0,0,0,0,0,0,True,Top 10,3
691,Harris,0,0,0,0,0,0,0,True,Top 10,3
692,Harris,0,0,0,0,0,0,0,True,Top 10,3
693,Harris,0,0,0,0,0,0,0,True,Top 10,3
694,Harris,0,0,0,0,0,0,0,True,Top 10,3
695,Harris,1,1,14,14,0,14,0,True,Top 10,3
696,Harris,0,0,0,0,0,0,0,True,Top 10,3
697,Harris,0,0,0,0,0,0,0,True,Top 10,3
698,Harris,0,0,0,0,0,0,0,True,Top 10,3
699,Harris,0,0,0,0,0,0,0,True,Top 10,3
700,Harris,0,0,0,0,0,0,0,True,Top 10,3
701,Harris,0,0,0,0,0,0,0,True,Top 10,3
702,Harris,0,0,0,0,0,0,0,True,Top 10,3
703,Harris,0,0,0,0,0,0,0,True,Top 10,3
704,Harris,0,0,0,0,0,0,0,True,Top 10,3
705,Harris,0,0,0,0,0,0,0,True,Top 10,3
706,Harris,0,0,0,0,0,0,0,True,Top 10,3
707,Harris,0,0,0,0,0,0,0,True,Top 10,3
708,Harris,0,0,0,0,0,0,0,True,Top 10,3
709,Harris,0,0,0,0,0,0,0,True,Top 10,3
710,Harris,0,0,0,0,0,0,0,True,Top 10,3
711,Harris,0,0,0,0,0,0,0,True,Top 10,3
712,Harris,0,0,0,0,0,0,0,True,Top 10,3
713,Harris,0,0,0,0,0,0,0,True,Top 10,3
714,Harris,0,0,0,0,0,0,0,True,Top 10,3
715,Harris,0,0,0,0,0,0,0,True,Top 10,3
716,Harris,0,0,0,0,0,0,0,True,Top 10,3
717,Harris,0,0,0,0,0,0,0,True,Top 10,3
718,Harris,0,0,0,0,0,0,0,True,Top 10,3
719,Harris,0,0,0,0,0,0,0,True,Top 10,3
720,Harris,0,0,0,0,0,0,0,True,Top 10,3
721,Harris,0,0,0,0,0,0,0,True,Top 10,3
722,Harris,0,0,0,0,0,0,0,True,Top 10,3
723,Harris,0,0,0,0,0,0,0,True,Top 10,3
724,Harris,1,1,14,14,0,14,0,True,Top 10,3
725,Harris,0,0,0,0,0,0,0,True,Top 10,3
726,Harris,0,0,0,0,0,0,0,True,Top 10,3
727,Harris,0,0,0,0,0,0,0,True,Top 10,3
728,Harris,0,0,0,0,0,0,0,True,Top 10,3
729,Harris,0,0,0,0,0,0,0,True,Top 10,3
730,Harris,0,0,0,0,0,0,0,True,Top 10,3
731,Harris,0,0,0,0,0,0,0,True,Top 10,3
732,Harris,0,0,0,0,0,0,0,True,Top 10,3
733,Harris,0,0,0,0,0,0,0,True,Top 10,3
734,Harris,0,0,0,0,0,0,0,True,Top 10,3
735,Harris,0,0,0,0,0,0,0,True,Top 10,3
736,Harris,1,1,2,2,0,2,0,True,Top 10,3
737,Harris,0,0,0,0,0,0,0,True,Top 10,3
738,Harris,0,0,0,0,0,0,0,True,Top 10,3
739,Harris,0,0,0,0,0,0,0,True,Top 10,3
740,Harris,0,0,0,0,0,0,0,True,Top 10,3
741,Harris,0,0,0,0,0,0,0,True,Top 10,3
742,Harris,0,0,0,0,0,0,0,True,Top 10,3
743,Harris,0,0,0,0,0,0,0,True,Top 10,3
744,Harris,0,0,0,0,0,0,0,True,Top 10,3
745,Harris,0,0,0,0,0,0,0,True,Top 10,3
746,Harris,0,0,0,0,0,0,0,True,Top 10,3
747,Harris,0,0,0,0,0,0,0,True,Top 10,3
748,Harris,0,0,0,0,0,0,0,True,Top 10,3
749,Harris,0,0,0,0,0,0,0,True,Top 10,3
750,Harris,0,0,0,0,0,0,0,True,Top 10,3
751,Harris,1,1,2,2,0,2,0,True,Top 10,3
752,Harris,0,0,0,0,0,0,0,True,Top 10,3
753,Harris,1,1,2,2,0,2,0,True,Top 10,3
754,Harris,0,0,0,0,0,0,0,True,Top 10,3
755,Harris,0,0,0,0,0,0,0,True,Top 10,3
756,Harris,0,0,0,0,0,0,0,True,Top 10,3
757,Harris,1,1,1,1,0,1,0,True,Top 10,3
758,Harris,0,0,0,0,0,0,0,True,Top 10,3
759,Harris,0,0,0,0,0,0,0,True,Top 10,3
760,Harris,0,0,0,0,0,0,0,True,Top 10,3
761,Harris,0,0,0,0,0,0,0,True,Top 10,3
762,Harris,0,0,0,0,0,0,0,True,Top 10,3
763,Harris,0,0,0,0,0,0,0,True,Top 10,3
764,Harris,0,0,0,0,0,0,0,True,Top 10,3
765,Harris,0,0,0,0,0,0,0,True,Top 10,3
766,Harris,1,1,14,14,0,14,0,True,Top 10,3
767,Harris,0,0,0,0,0,0,0,True,Top 10,3
768,Harris,0,0,0,0,0,0,0,True,Top 10,3
769,Harris,2,2,4,4,0,4,0,True,Top 10,3
770,Harris,0,0,0,0,0,0,0,True,Top 10,3
771,Harris,0,0,0,0,0,0,0,True,Top 10,3
772,Harris,2,2,4,4,0,4,0,True,Top 10,3
773,Harris,0,0,0,0,0,0,0,True,Top 10,3
774,Harris,0,0,0,0,0,0,0,True,Top 10,3
775,Harris,0,0,0,0,0,0,0,True,Top 10,3
776,Harris,0,0,0,0,0,0,0,True,Top 10,3
777,Harris,0,0,0,0,0,0,0,True,Top 10,3
778,Harris,0,0,0,0,0,0,0,True,Top 10,3
779,Harris,0,0,0,0,0,0,0,True,Top 10,3
780,Harris,0,0,0,0,0,0,0,True,Top 10,3
781,Harris,0,0,0,0,0,0,0,True,Top 10,3
782,Harris,0,0,0,0,0,0,0,True,Top 10,3
783,Harris,0,0,0,0,0,0,0,True,Top 10,3
784,Harris,0,0,0,0,0,0,0,True,Top 10,3
785,Harris,0,0,0,0,0,0,0,True,Top 10,3
786,Harris,0,0,0,0,0,0,0,True,Top 10,3
787,Harris,0,0,0,0,0,0,0,True,Top 10,3
788,Harris,0,0,0,0,0,0,0,True,Top 10,3
789,Harris,0,0,0,0,0,0,0,True,Top 10,3
790,Harris,0,0,0,0,0,0,0,True,Top 10,3
791,Harris,0,0,0,0,0,0,0,True,Top 10,3
792,Harris,0,0,0,0,0,0,0,True,Top 10,3
793,Harris,2,2,3,3,0,3,0,True,Top 10,3
794,Harris,0,0,0,0,0,0,0,True,Top 10,3
795,Harris,0,0,0,0,0,0,0,True,Top 10,3
796,Harris,0,0,0,0,0,0,0,True,Top 10,3
797,Harris,0,0,0,0,0,0,0,True,Top 10,3
798,Harris,0,0,0,0,0,0,0,True,Top 10,3
799,Harris,0,0,0,0,0,0,0,True,Top 10,3
800,Harris,1,1,2,2,0,2,0,True,Top 10,3
801,Harris,0,0,0,0,0,0,0,True,Top 10,3
802,Harris,0,0,0,0,0,0,0,True,Top 10,3
803,Harris,0,0,0,0,0,0,0,True,Top 10,3
804,Harris,0,0,0,0,0,0,0,True,Top 10,3
805,Harris,0,0,0,0,0,0,0,True,Top 10,3
806,Harris,0,0,0,0,0,0,0,True,Top 10,3
807,Harris,0,0,0,0,0,0,0,True,Top 10,3
808,Harris,0,0,0,0,0,0,0,True,Top 10,3
809,Harris,1,1,2,2,0,2,0,True,Top 10,3
810,Harris,0,0,0,0,0,0,0,True,Top 10,3
811,Harris,0,0,0,0,0,0,0,True,Top 10,3
812,Harris,0,0,0,0,0,0,0,True,Top 10,3
813,Harris,0,0,0,0,0,0,0,True,Top 10,3
814,Harris,0,0,0,0,0,0,0,True,Top 10,3
815,Harris,0,0,0,0,0,0,0,True,Top 10,3
816,Harris,0,0,0,0,0,0,0,True,Top 10,3
817,Harris,2,2,4,4,0,4,0,True,Top 10,3
818,Harris,0,0,0,0,0,0,0,True,Top 10,3
819,Harris,0,0,0,0,0,0,0,True,Top 10,3
820,Harris,0,0,0,0,0,0,0,True,Top 10,3
821,Harris,0,0,0,0,0,0,0,True,Top 10,3
822,Harris,0,0,0,0,0,0,0,True,Top 10,3
823,Harris,0,0,0,0,0,0,0,True,Top 10,3
824,Harris,0,0,0,0,0,0,0,True,Top 10,3
825,Harris,1,1,14,14,0,14,0,True,Top 10,3
826,Harris,0,0,0,0,0,0,0,True,Top 10,3
827,Harris,0,0,0,0,0,0,0,True,Top 10,3
828,Harris,0,0,0,0,0,0,0,True,Top 10,3
829,Harris,1,1,2,2,0,2,0,True,Top 10,3
830,Harris,0,0,0,0,0,0,0,True,Top 10,3
831,Harris,0,0,0,0,0,0,0,True,Top 10,3
832,Harris,1,1,2,2,0,2,0,True,Top 10,3
833,Harris,0,0,0,0,0,0,0,True,Top 10,3
834,Harris,0,0,0,0,0,0,0,True,Top 10,3
835,Harris,0,0,0,0,0,0,0,True,Top 10,3
836,Harris,0,0,0,0,0,0,0,True,Top 10,3
837,Harris,0,0,0,0,0,0,0,True,Top 10,3
838,Harris,0,0,0,0,0,0,0,True,Top 10,3
839,Harris,0,0,0,0,0,0,0,True,Top 10,3
840,Harris,0,0,0,0,0,0,0,True,Top 10,3
841,Harris,1,1,14,14,0,14,0,True,Top 10,3
842,Harris,0,0,0,0,0,0,0,True,Top 10,3
843,Harris,0,0,0,0,0,0,0,True,Top 10,3
844,Harris,0,0,0,0,0,0,0,True,Top 10,3
845,Harris,0,0,0,0,0,0,0,True,Top 10,3
846,Harris,0,0,0,0,0,0,0,True,Top 10,3
847,Harris,0,0,0,0,0,0,0,True,Top 10,3
848,Harris,0,0,0,0,0,0,0,True,Top 10,3
849,Harris,1,1,1,1,0,1,0,True,Top 10,3
850,Harris,0,0,0,0,0,0,0,True,Top 10,3
851,Harris,0,0,0,0,0,0,0,True,Top 10,3
852,Harris,0,0,0,0,0,0,0,True,Top 10,3
853,Harris,0,0,0,0,0,0,0,True,Top 10,3
854,Harris,1,1,2,2,0,2,0,True,Top 10,3
855,Harris,1,1,2,2,0,2,0,True,Top 10,3
856,Harris,1,1,3,3,0,3,0,True,Top 10,3
857,Harris,0,0,0,0,0,0,0,True,Top 10,3
858,Harris,2,2,4,4,0,4,0,True,Top 10,3
859,Harris,1,1,1,1,0,1,0,True,Top 10,3
860,Harris,0,0,0,0,0,0,0,True,Top 10,3
861,Harris,0,0,0,0,0,0,0,True,Top 10,3
862,Harris,1,1,2,2,0,2,0,True,Top 10,3
863,Harris,2,2,2,2,0,2,0,True,Top 10,3
864,Harris,0,0,0,0,0,0,0,True,Top 10,3
865,Harris,1,1,1,1,0,1,0,True,Top 10,3
866,Harris,1,1,2,2,0,2,0,True,Top 10,3
867,Harris,0,0,0,0,0,0,0,True,Top 10,3
868,Harris,2,2,5,5,0,5,0,True,Top 10,3
869,Harris,0,0,0,0,0,0,0,True,Top 10,3
870,Harris,0,0,0,0,0,0,0,True,Top 10,3
871,Harris,0,0,0,0,0,0,0,True,Top 10,3
872,Harris,0,0,0,0,0,0,0,True,Top 10,3
873,Harris,0,0,0,0,0,0,0,True,Top 10,3
874,Harris,0,0,0,0,0,0,0,True,Top 10,3
875,Harris,0,0,0,0,0,0,0,True,Top 10,3
876,Harris,0,0,0,0,0,0,0,True,Top 10,3
877,Harris,0,0,0,0,0,0,0,True,Top 10,3
878,Harris,0,0,0,0,0,0,0,True,Top 10,3
879,Harris,0,0,0,0,0,0,0,True,Top 10,3
880,Harris,0,0,0,0,0,0,0,True,Top 10,3
881,Harris,0,0,0,0,0,0,0,True,Top 10,3
882,Harris,1,1,4,4,0,4,0,True,Top 10,3
883,Harris,0,0,0,0,0,0,0,True,Top 10,3
884,Harris,0,0,0,0,0,0,0,True,Top 10,3
885,Harris,0,0,0,0,0,0,0,True,Top 10,3
886,Harris,0,0,0,0,0,0,0,True,Top 10,3
887,Harris,0,0,0,0,0,0,0,True,Top 10,3
888,Harris,0,0,0,0,0,0,0,True,Top 10,3
889,Harris,1,1,2,2,0,2,0,True,Top 10,3
0,Trump,1,4,10,5,5,10,0,True,Top 10,4
1,Trump,0,0,0,0,0,0,0,True,Top 10,4
2,Trump,0,0,0,0,0,0,0,True,Top 10,4
3,Trump,0,0,0,0,0,0,0,True,Top 10,4
4,Trump,0,0,0,0,0,0,0,True,Top 10,4
5,Trump,0,0,0,0,0,0,0,True,Top 10,4
6,Trump,0,0,0,0,0,0,0,True,Top 10,4
7,Trump,1,6,10,5,5,10,0,True,Top 10,4
8,Trump,0,0,0,0,0,0,0,True,Top 10,4
9,Trump,0,0,0,0,0,0,0,True,Top 10,4
10,Trump,0,0,0,0,0,0,0,True,Top 10,4
11,Trump,0,0,0,0,0,0,0,True,Top 10,4
12,Trump,0,0,0,0,0,0,0,True,Top 10,4
13,Trump,0,0,0,0,0,0,0,True,Top 10,4
14,Trump,0,0,0,0,0,0,0,True,Top 10,4
15,Trump,1,5,10,5,5,10,0,True,Top 10,4
16,Trump,1,4,10,5,5,10,0,True,Top 10,4
17,Trump,0,0,0,0,0,0,0,True,Top 10,4
18,Trump,1,1,1,1,0,1,0,True,Top 10,4
19,Trump,1,4,10,5,5,10,0,True,Top 10,4
20,Trump,0,0,0,0,0,0,0,True,Top 10,4
21,Trump,0,0,0,0,0,0,0,True,Top 10,4
22,Trump,0,0,0,0,0,0,0,True,Top 10,4
23,Trump,0,0,0,0,0,0,0,True,Top 10,4
24,Trump,0,0,0,0,0,0,0,True,Top 10,4
25,Trump,1,3,10,5,5,10,0,True,Top 10,4
26,Trump,0,0,0,0,0,0,0,True,Top 10,4
27,Trump,0,0,0,0,0,0,0,True,Top 10,4
28,Trump,0,0,0,0,0,0,0,True,Top 10,4
29,Trump,0,0,0,0,0,0,0,True,Top 10,4
30,Trump,0,0,0,0,0,0,0,True,Top 10,4
31,Trump,0,0,0,0,0,0,0,True,Top 10,4
32,Trump,0,0,0,0,0,0,0,True,Top 10,4
33,Trump,1,3,10,5,5,10,0,True,Top 10,4
34,Trump,0,0,0,0,0,0,0,True,Top 10,4
35,Trump,0,0,0,0,0,0,0,True,Top 10,4
36,Trump,0,0,0,0,0,0,0,True,Top 10,4
37,Trump,0,0,0,0,0,0,0,True,Top 10,4
38,Trump,0,0,0,0,0,0,0,True,Top 10,4
39,Trump,0,0,0,0,0,0,0,True,Top 10,4
40,Trump,0,0,0,0,0,0,0,True,Top 10,4
41,Trump,0,0,0,0,0,0,0,True,Top 10,4
42,Trump,0,0,0,0,0,0,0,True,Top 10,4
43,Trump,0,0,0,0,0,0,0,True,Top 10,4
44,Trump,0,0,0,0,0,0,0,True,Top 10,4
45,Trump,0,0,0,0,0,0,0,True,Top 10,4
46,Trump,0,0,0,0,0,0,0,True,Top 10,4
47,Trump,0,0,0,0,0,0,0,True,Top 10,4
48,Trump,1,1,3,3,0,3,0,True,Top 10,4
49,Trump,0,0,0,0,0,0,0,True,Top 10,4
50,Trump,0,0,0,0,0,0,0,True,Top 10,4
51,Trump,0,0,0,0,0,0,0,True,Top 10,4
52,Trump,0,0,0,0,0,0,0,True,Top 10,4
53,Trump,1,1,7,7,0,7,0,True,Top 10,4
54,Trump,1,1,3,3,0,3,0,True,Top 10,4
55,Trump,0,0,0,0,0,0,0,True,Top 10,4
56,Trump,0,0,0,0,0,0,0,True,Top 10,4
57,Trump,0,0,0,0,0,0,0,True,Top 10,4
58,Trump,1,5,10,5,5,10,0,True,Top 10,4
59,Trump,1,3,10,5,5,10,0,True,Top 10,4
60,Trump,0,0,0,0,0,0,0,True,Top 10,4
61,Trump,0,0,0,0,0,0,0,True,Top 10,4
62,Trump,0,0,0,0,0,0,0,True,Top 10,4
63,Trump,0,0,0,0,0,0,0,True,Top 10,4
64,Trump,0,0,0,0,0,0,0,True,Top 10,4
65,Trump,0,0,0,0,0,0,0,True,Top 10,4
66,Trump,0,0,0,0,0,0,0,True,Top 10,4
67,Trump,1,1,1,1,0,1,0,True,Top 10,4
68,Trump,1,5,10,5,5,10,0,True,Top 10,4
69,Trump,0,0,0,0,0,0,0,True,Top 10,4
70,Trump,0,0,0,0,0,0,0,True,Top 10,4
71,Trump,0,0,0,0,0,0,0,True,Top 10,4
72,Trump,0,0,0,0,0,0,0,True,Top 10,4
73,Trump,0,0,0,0,0,0,0,True,Top 10,4
74,Trump,0,0,0,0,0,0,0,True,Top 10,4
75,Trump,0,0,0,0,0,0,0,True,Top 10,4
76,Trump,1,1,1,1,0,1,0,True,Top 10,4
77,Trump,0,0,0,0,0,0,0,True,Top 10,4
78,Trump,1,1,4,4,0,4,0,True,Top 10,4
79,Trump,0,0,0,0,0,0,0,True,Top 10,4
80,Trump,0,0,0,0,0,0,0,True,Top 10,4
81,Trump,0,0,0,0,0,0,0,True,Top 10,4
82,Trump,0,0,0,0,0,0,0,True,Top 10,4
83,Trump,0,0,0,0,0,0,0,True,Top 10,4
84,Trump,0,0,0,0,0,0,0,True,Top 10,4
85,Trump,0,0,0,0,0,0,0,True,Top 10,4
86,Trump,1,5,10,5,5,10,0,True,Top 10,4
87,Trump,0,0,0,0,0,0,0,True,Top 10,4
88,Trump,0,0,0,0,0,0,0,True,Top 10,4
89,Trump,0,0,0,0,0,0,0,True,Top 10,4
90,Trump,0,0,0,0,0,0,0,True,Top 10,4
91,Trump,0,0,0,0,0,0,0,True,Top 10,4
92,Trump,0,0,0,0,0,0,0,True,Top 10,4
93,Trump,0,0,0,0,0,0,0,True,Top 10,4
94,Trump,0,0,0,0,0,0,0,True,Top 10,4
95,Trump,0,0,0,0,0,0,0,True,Top 10,4
96,Trump,0,0,0,0,0,0,0,True,Top 10,4
97,Trump,1,3,10,5,5,10,0,True,Top 10,4
98,Trump,1,5,10,5,5,10,0,True,Top 10,4
99,Trump,1,1,3,3,0,3,0,True,Top 10,4
100,Trump,0,0,0,0,0,0,0,True,Top 10,4
101,Trump,0,0,0,0,0,0,0,True,Top 10,4
102,Trump,0,0,0,0,0,0,0,True,Top 10,4
103,Trump,0,0,0,0,0,0,0,True,Top 10,4
104,Trump,1,4,10,5,5,10,0,True,Top 10,4
105,Trump,0,0,0,0,0,0,0,True,Top 10,4
106,Trump,1,1,1,1,0,1,0,True,Top 10,4
107,Trump,0,0,0,0,0,0,0,True,Top 10,4
108,Trump,1,1,2,2,0,2,0,True,Top 10,4
109,Trump,0,0,0,0,0,0,0,True,Top 10,4
110,Trump,0,0,0,0,0,0,0,True,Top 10,4
111,Trump,0,0,0,0,0,0,0,True,Top 10,4
112,Trump,1,1,2,2,0,2,0,True,Top 10,4
113,Trump,1,1,1,1,0,1,0,True,Top 10,4
114,Trump,0,0,0,0,0,0,0,True,Top 10,4
115,Trump,0,0,0,0,0,0,0,True,Top 10,4
116,Trump,0,0,0,0,0,0,0,True,Top 10,4
117,Trump,1,1,2,2,0,2,0,True,Top 10,4
118,Trump,0,0,0,0,0,0,0,True,Top 10,4
119,Trump,0,0,0,0,0,0,0,True,Top 10,4
120,Trump,3,3,8,8,0,8,0,True,Top 10,4
121,Trump,0,0,0,0,0,0,0,True,Top 10,4
122,Trump,0,0,0,0,0,0,0,True,Top 10,4
123,Trump,0,0,0,0,0,0,0,True,Top 10,4
124,Trump,0,0,0,0,0,0,0,True,Top 10,4
125,Trump,0,0,0,0,0,0,0,True,Top 10,4
126,Trump,0,0,0,0,0,0,0,True,Top 10,4
127,Trump,4,4,8,8,0,8,0,True,Top 10,4
128,Trump,0,0,0,0,0,0,0,True,Top 10,4
129,Trump,0,0,0,0,0,0,0,True,Top 10,4
130,Trump,0,0,0,0,0,0,0,True,Top 10,4
131,Trump,0,0,0,0,0,0,0,True,Top 10,4
132,Trump,0,0,0,0,0,0,0,True,Top 10,4
133,Trump,0,0,0,0,0,0,0,True,Top 10,4
134,Trump,0,0,0,0,0,0,0,True,Top 10,4
135,Trump,0,0,0,0,0,0,0,True,Top 10,4
136,Trump,0,0,0,0,0,0,0,True,Top 10,4
137,Trump,0,0,0,0,0,0,0,True,Top 10,4
138,Trump,0,0,0,0,0,0,0,True,Top 10,4
139,Trump,0,0,0,0,0,0,0,True,Top 10,4
140,Trump,0,0,0,0,0,0,0,True,Top 10,4
141,Trump,0,0,0,0,0,0,0,True,Top 10,4
142,Trump,0,0,0,0,0,0,0,True,Top 10,4
143,Trump,0,0,0,0,0,0,0,True,Top 10,4
144,Trump,0,0,0,0,0,0,0,True,Top 10,4
145,Trump,0,0,0,0,0,0,0,True,Top 10,4
146,Trump,0,0,0,0,0,0,0,True,Top 10,4
147,Trump,0,0,0,0,0,0,0,True,Top 10,4
148,Trump,0,0,0,0,0,0,0,True,Top 10,4
149,Trump,0,0,0,0,0,0,0,True,Top 10,4
150,Trump,0,0,0,0,0,0,0,True,Top 10,4
151,Trump,1,1,1,1,0,1,0,True,Top 10,4
152,Trump,0,0,0,0,0,0,0,True,Top 10,4
153,Trump,1,4,10,5,5,10,0,True,Top 10,4
154,Trump,1,1,2,2,0,2,0,True,Top 10,4
155,Trump,0,0,0,0,0,0,0,True,Top 10,4
156,Trump,0,0,0,0,0,0,0,True,Top 10,4
157,Trump,0,0,0,0,0,0,0,True,Top 10,4
158,Trump,0,0,0,0,0,0,0,True,Top 10,4
159,Trump,0,0,0,0,0,0,0,True,Top 10,4
160,Trump,0,0,0,0,0,0,0,True,Top 10,4
161,Trump,0,0,0,0,0,0,0,True,Top 10,4
162,Trump,0,0,0,0,0,0,0,True,Top 10,4
163,Trump,0,0,0,0,0,0,0,True,Top 10,4
164,Trump,0,0,0,0,0,0,0,True,Top 10,4
165,Trump,0,0,0,0,0,0,0,True,Top 10,4
166,Trump,0,0,0,0,0,0,0,True,Top 10,4
167,Trump,0,0,0,0,0,0,0,True,Top 10,4
168,Trump,0,0,0,0,0,0,0,True,Top 10,4
169,Trump,0,0,0,0,0,0,0,True,Top 10,4
170,Trump,0,0,0,0,0,0,0,True,Top 10,4
171,Trump,0,0,0,0,0,0,0,True,Top 10,4
172,Trump,0,0,0,0,0,0,0,True,Top 10,4
173,Trump,0,0,0,0,0,0,0,True,Top 10,4
174,Trump,0,0,0,0,0,0,0,True,Top 10,4
175,Trump,1,1,7,7,0,7,0,True,Top 10,4
176,Trump,0,0,0,0,0,0,0,True,Top 10,4
177,Trump,0,0,0,0,0,0,0,True,Top 10,4
178,Trump,0,0,0,0,0,0,0,True,Top 10,4
179,Trump,0,0,0,0,0,0,0,True,Top 10,4
180,Trump,0,0,0,0,0,0,0,True,Top 10,4
181,Trump,1,5,10,5,5,10,0,True,Top 10,4
182,Trump,1,4,10,5,5,10,0,True,Top 10,4
183,Trump,0,0,0,0,0,0,0,True,Top 10,4
184,Trump,0,0,0,0,0,0,0,True,Top 10,4
185,Trump,0,0,0,0,0,0,0,True,Top 10,4
186,Trump,0,0,0,0,0,0,0,True,Top 10,4
187,Trump,0,0,0,0,0,0,0,True,Top 10,4
188,Trump,0,0,0,0,0,0,0,True,Top 10,4
189,Trump,0,0,0,0,0,0,0,True,Top 10,4
190,Trump,0,0,0,0,0,0,0,True,Top 10,4
191,Trump,0,0,0,0,0,0,0,True,Top 10,4
192,Trump,0,0,0,0,0,0,0,True,Top 10,4
193,Trump,0,0,0,0,0,0,0,True,Top 10,4
194,Trump,0,0,0,0,0,0,0,True,Top 10,4
195,Trump,0,0,0,0,0,0,0,True,Top 10,4
196,Trump,0,0,0,0,0,0,0,True,Top 10,4
197,Trump,0,0,0,0,0,0,0,True,Top 10,4
198,Trump,0,0,0,0,0,0,0,True,Top 10,4
199,Trump,0,0,0,0,0,0,0,True,Top 10,4
200,Trump,0,0,0,0,0,0,0,True,Top 10,4
201,Trump,0,0,0,0,0,0,0,True,Top 10,4
202,Trump,0,0,0,0,0,0,0,True,Top 10,4
203,Trump,0,0,0,0,0,0,0,True,Top 10,4
204,Trump,0,0,0,0,0,0,0,True,Top 10,4
205,Trump,0,0,0,0,0,0,0,True,Top 10,4
206,Trump,2,2,4,4,0,4,0,True,Top 10,4
207,Trump,0,0,0,0,0,0,0,True,Top 10,4
208,Trump,0,0,0,0,0,0,0,True,Top 10,4
209,Trump,0,0,0,0,0,0,0,True,Top 10,4
210,Trump,1,1,1,1,0,1,0,True,Top 10,4
211,Trump,0,0,0,0,0,0,0,True,Top 10,4
212,Trump,0,0,0,0,0,0,0,True,Top 10,4
213,Trump,0,0,0,0,0,0,0,True,Top 10,4
214,Trump,0,0,0,0,0,0,0,True,Top 10,4
215,Trump,1,1,1,1,0,1,0,True,Top 10,4
216,Trump,0,0,0,0,0,0,0,True,Top 10,4
217,Trump,1,1,1,1,0,1,0,True,Top 10,4
218,Trump,0,0,0,0,0,0,0,True,Top 10,4
219,Trump,0,0,0,0,0,0,0,True,Top 10,4
220,Trump,0,0,0,0,0,0,0,True,Top 10,4
221,Trump,0,0,0,0,0,0,0,True,Top 10,4
222,Trump,0,0,0,0,0,0,0,True,Top 10,4
223,Trump,0,0,0,0,0,0,0,True,Top 10,4
224,Trump,1,1,3,3,0,3,0,True,Top 10,4
225,Trump,1,1,1,1,0,1,0,True,Top 10,4
226,Trump,1,4,10,5,5,10,0,True,Top 10,4
227,Trump,0,0,0,0,0,0,0,True,Top 10,4
228,Trump,0,0,0,0,0,0,0,True,Top 10,4
229,Trump,0,0,0,0,0,0,0,True,Top 10,4
230,Trump,0,0,0,0,0,0,0,True,Top 10,4
231,Trump,0,0,0,0,0,0,0,True,Top 10,4
232,Trump,0,0,0,0,0,0,0,True,Top 10,4
233,Trump,0,0,0,0,0,0,0,True,Top 10,4
234,Trump,0,0,0,0,0,0,0,True,Top 10,4
235,Trump,0,0,0,0,0,0,0,True,Top 10,4
236,Trump,0,0,0,0,0,0,0,True,Top 10,4
237,Trump,0,0,0,0,0,0,0,True,Top 10,4
238,Trump,0,0,0,0,0,0,0,True,Top 10,4
239,Trump,0,0,0,0,0,0,0,True,Top 10,4
240,Trump,1,1,2,2,0,2,0,True,Top 10,4
241,Trump,0,0,0,0,0,0,0,True,Top 10,4
242,Trump,2,6,15,10,5,15,0,True,Top 10,4
243,Trump,0,0,0,0,0,0,0,True,Top 10,4
244,Trump,0,0,0,0,0,0,0,True,Top 10,4
245,Trump,0,0,0,0,0,0,0,True,Top 10,4
246,Trump,0,0,0,0,0,0,0,True,Top 10,4
247,Trump,0,0,0,0,0,0,0,True,Top 10,4
248,Trump,0,0,0,0,0,0,0,True,Top 10,4
249,Trump,0,0,0,0,0,0,0,True,Top 10,4
250,Trump,0,0,0,0,0,0,0,True,Top 10,4
251,Trump,0,0,0,0,0,0,0,True,Top 10,4
252,Trump,0,0,0,0,0,0,0,True,Top 10,4
253,Trump,0,0,0,0,0,0,0,True,Top 10,4
254,Trump,1,4,10,5,5,10,0,True,Top 10,4
255,Trump,0,0,0,0,0,0,0,True,Top 10,4
256,Trump,1,3,10,5,5,10,0,True,Top 10,4
257,Trump,0,0,0,0,0,0,0,True,Top 10,4
258,Trump,1,1,7,7,0,7,0,True,Top 10,4
259,Trump,1,1,2,2,0,2,0,True,Top 10,4
260,Trump,0,0,0,0,0,0,0,True,Top 10,4
261,Trump,2,2,3,3,0,3,0,True,Top 10,4
262,Trump,0,0,0,0,0,0,0,True,Top 10,4
263,Trump,0,0,0,0,0,0,0,True,Top 10,4
264,Trump,0,0,0,0,0,0,0,True,Top 10,4
265,Trump,0,0,0,0,0,0,0,True,Top 10,4
266,Trump,0,0,0,0,0,0,0,True,Top 10,4
267,Trump,0,0,0,0,0,0,0,True,Top 10,4
268,Trump,0,0,0,0,0,0,0,True,Top 10,4
269,Trump,0,0,0,0,0,0,0,True,Top 10,4
270,Trump,1,1,2,2,0,2,0,True,Top 10,4
271,Trump,1,4,10,5,5,10,0,True,Top 10,4
272,Trump,0,0,0,0,0,0,0,True,Top 10,4
273,Trump,0,0,0,0,0,0,0,True,Top 10,4
274,Trump,1,3,10,5,5,10,0,True,Top 10,4
275,Trump,0,0,0,0,0,0,0,True,Top 10,4
276,Trump,0,0,0,0,0,0,0,True,Top 10,4
277,Trump,0,0,0,0,0,0,0,True,Top 10,4
278,Trump,0,0,0,0,0,0,0,True,Top 10,4
279,Trump,0,0,0,0,0,0,0,True,Top 10,4
280,Trump,0,0,0,0,0,0,0,True,Top 10,4
281,Trump,2,2,3,3,0,3,0,True,Top 10,4
282,Trump,0,0,0,0,0,0,0,True,Top 10,4
283,Trump,0,0,0,0,0,0,0,True,Top 10,4
284,Trump,0,0,0,0,0,0,0,True,Top 10,4
285,Trump,0,0,0,0,0,0,0,True,Top 10,4
286,Trump,0,0,0,0,0,0,0,True,Top 10,4
287,Trump,0,0,0,0,0,0,0,True,Top 10,4
288,Trump,0,0,0,0,0,0,0,True,Top 10,4
289,Trump,0,0,0,0,0,0,0,True,Top 10,4
290,Trump,1,1,1,1,0,1,0,True,Top 10,4
291,Trump,3,3,9,9,0,9,0,True,Top 10,4
292,Trump,7,7,15,15,0,15,0,True,Top 10,4
293,Trump,1,1,2,2,0,2,0,True,Top 10,4
294,Trump,1,5,10,5,5,10,0,True,Top 10,4
295,Trump,0,0,0,0,0,0,0,True,Top 10,4
296,Trump,1,1,1,1,0,1,0,True,Top 10,4
297,Trump,0,0,0,0,0,0,0,True,Top 10,4
298,Trump,0,0,0,0,0,0,0,True,Top 10,4
299,Trump,1,1,1,1,0,1,0,True,Top 10,4
300,Trump,1,1,2,2,0,2,0,True,Top 10,4
301,Trump,1,1,1,1,0,1,0,True,Top 10,4
302,Trump,0,0,0,0,0,0,0,True,Top 10,4
303,Trump,0,0,0,0,0,0,0,True,Top 10,4
304,Trump,1,1,2,2,0,2,0,True,Top 10,4
305,Trump,0,0,0,0,0,0,0,True,Top 10,4
306,Trump,1,1,2,2,0,2,0,True,Top 10,4
307,Trump,0,0,0,0,0,0,0,True,Top 10,4
308,Trump,0,0,0,0,0,0,0,True,Top 10,4
309,Trump,0,0,0,0,0,0,0,True,Top 10,4
310,Trump,0,0,0,0,0,0,0,True,Top 10,4
311,Trump,0,0,0,0,0,0,0,True,Top 10,4
312,Trump,0,0,0,0,0,0,0,True,Top 10,4
313,Trump,0,0,0,0,0,0,0,True,Top 10,4
314,Trump,0,0,0,0,0,0,0,True,Top 10,4
315,Trump,0,0,0,0,0,0,0,True,Top 10,4
316,Trump,0,0,0,0,0,0,0,True,Top 10,4
317,Trump,0,0,0,0,0,0,0,True,Top 10,4
318,Trump,0,0,0,0,0,0,0,True,Top 10,4
319,Trump,0,0,0,0,0,0,0,True,Top 10,4
320,Trump,0,0,0,0,0,0,0,True,Top 10,4
321,Trump,0,0,0,0,0,0,0,True,Top 10,4
322,Trump,0,0,0,0,0,0,0,True,Top 10,4
323,Trump,0,0,0,0,0,0,0,True,Top 10,4
324,Trump,0,0,0,0,0,0,0,True,Top 10,4
325,Trump,0,0,0,0,0,0,0,True,Top 10,4
326,Trump,0,0,0,0,0,0,0,True,Top 10,4
327,Trump,0,0,0,0,0,0,0,True,Top 10,4
328,Trump,0,0,0,0,0,0,0,True,Top 10,4
329,Trump,0,0,0,0,0,0,0,True,Top 10,4
330,Trump,0,0,0,0,0,0,0,True,Top 10,4
331,Trump,0,0,0,0,0,0,0,True,Top 10,4
332,Trump,0,0,0,0,0,0,0,True,Top 10,4
333,Trump,0,0,0,0,0,0,0,True,Top 10,4
334,Trump,0,0,0,0,0,0,0,True,Top 10,4
335,Trump,0,0,0,0,0,0,0,True,Top 10,4
336,Trump,0,0,0,0,0,0,0,True,Top 10,4
337,Trump,0,0,0,0,0,0,0,True,Top 10,4
338,Trump,0,0,0,0,0,0,0,True,Top 10,4
339,Trump,0,0,0,0,0,0,0,True,Top 10,4
340,Trump,1,1,1,1,0,1,0,True,Top 10,4
341,Trump,0,0,0,0,0,0,0,True,Top 10,4
342,Trump,0,0,0,0,0,0,0,True,Top 10,4
343,Trump,0,0,0,0,0,0,0,True,Top 10,4
344,Trump,1,1,3,3,0,3,0,True,Top 10,4
345,Trump,0,0,0,0,0,0,0,True,Top 10,4
346,Trump,2,2,3,3,0,3,0,True,Top 10,4
347,Trump,0,0,0,0,0,0,0,True,Top 10,4
348,Trump,1,1,1,1,0,1,0,True,Top 10,4
349,Trump,0,0,0,0,0,0,0,True,Top 10,4
350,Trump,0,0,0,0,0,0,0,True,Top 10,4
351,Trump,0,0,0,0,0,0,0,True,Top 10,4
352,Trump,0,0,0,0,0,0,0,True,Top 10,4
353,Trump,0,0,0,0,0,0,0,True,Top 10,4
354,Trump,0,0,0,0,0,0,0,True,Top 10,4
355,Trump,0,0,0,0,0,0,0,True,Top 10,4
356,Trump,0,0,0,0,0,0,0,True,Top 10,4
357,Trump,0,0,0,0,0,0,0,True,Top 10,4
358,Trump,1,1,1,1,0,1,0,True,Top 10,4
359,Trump,0,0,0,0,0,0,0,True,Top 10,4
360,Trump,0,0,0,0,0,0,0,True,Top 10,4
361,Trump,0,0,0,0,0,0,0,True,Top 10,4
362,Trump,0,0,0,0,0,0,0,True,Top 10,4
363,Trump,0,0,0,0,0,0,0,True,Top 10,4
364,Trump,0,0,0,0,0,0,0,True,Top 10,4
365,Trump,0,0,0,0,0,0,0,True,Top 10,4
366,Trump,0,0,0,0,0,0,0,True,Top 10,4
367,Trump,0,0,0,0,0,0,0,True,Top 10,4
368,Trump,0,0,0,0,0,0,0,True,Top 10,4
369,Trump,0,0,0,0,0,0,0,True,Top 10,4
370,Trump,0,0,0,0,0,0,0,True,Top 10,4
371,Trump,0,0,0,0,0,0,0,True,Top 10,4
372,Trump,0,0,0,0,0,0,0,True,Top 10,4
373,Trump,0,0,0,0,0,0,0,True,Top 10,4
374,Trump,0,0,0,0,0,0,0,True,Top 10,4
375,Trump,0,0,0,0,0,0,0,True,Top 10,4
376,Trump,0,0,0,0,0,0,0,True,Top 10,4
377,Trump,0,0,0,0,0,0,0,True,Top 10,4
378,Trump,0,0,0,0,0,0,0,True,Top 10,4
379,Trump,0,0,0,0,0,0,0,True,Top 10,4
380,Trump,0,0,0,0,0,0,0,True,Top 10,4
381,Trump,0,0,0,0,0,0,0,True,Top 10,4
382,Trump,0,0,0,0,0,0,0,True,Top 10,4
383,Trump,0,0,0,0,0,0,0,True,Top 10,4
384,Trump,0,0,0,0,0,0,0,True,Top 10,4
385,Trump,0,0,0,0,0,0,0,True,Top 10,4
386,Trump,1,1,1,1,0,1,0,True,Top 10,4
387,Trump,0,0,0,0,0,0,0,True,Top 10,4
388,Trump,0,0,0,0,0,0,0,True,Top 10,4
389,Trump,0,0,0,0,0,0,0,True,Top 10,4
390,Trump,0,0,0,0,0,0,0,True,Top 10,4
391,Trump,1,4,10,5,5,10,0,True,Top 10,4
392,Trump,0,0,0,0,0,0,0,True,Top 10,4
393,Trump,0,0,0,0,0,0,0,True,Top 10,4
394,Trump,0,0,0,0,0,0,0,True,Top 10,4
395,Trump,0,0,0,0,0,0,0,True,Top 10,4
396,Trump,0,0,0,0,0,0,0,True,Top 10,4
397,Trump,0,0,0,0,0,0,0,True,Top 10,4
398,Trump,1,1,1,1,0,1,0,True,Top 10,4
399,Trump,0,0,0,0,0,0,0,True,Top 10,4
400,Trump,0,0,0,0,0,0,0,True,Top 10,4
401,Trump,0,0,0,0,0,0,0,True,Top 10,4
402,Trump,0,0,0,0,0,0,0,True,Top 10,4
403,Trump,0,0,0,0,0,0,0,True,Top 10,4
404,Trump,0,0,0,0,0,0,0,True,Top 10,4
405,Trump,0,0,0,0,0,0,0,True,Top 10,4
406,Trump,0,0,0,0,0,0,0,True,Top 10,4
407,Trump,0,0,0,0,0,0,0,True,Top 10,4
408,Trump,1,1,2,2,0,2,0,True,Top 10,4
409,Trump,0,0,0,0,0,0,0,True,Top 10,4
410,Trump,0,0,0,0,0,0,0,True,Top 10,4
411,Trump,1,1,1,1,0,1,0,True,Top 10,4
412,Trump,0,0,0,0,0,0,0,True,Top 10,4
413,Trump,0,0,0,0,0,0,0,True,Top 10,4
414,Trump,0,0,0,0,0,0,0,True,Top 10,4
415,Trump,0,0,0,0,0,0,0,True,Top 10,4
416,Trump,0,0,0,0,0,0,0,True,Top 10,4
417,Trump,0,0,0,0,0,0,0,True,Top 10,4
418,Trump,1,1,1,1,0,1,0,True,Top 10,4
419,Trump,0,0,0,0,0,0,0,True,Top 10,4
420,Trump,0,0,0,0,0,0,0,True,Top 10,4
421,Trump,0,0,0,0,0,0,0,True,Top 10,4
422,Trump,0,0,0,0,0,0,0,True,Top 10,4
423,Trump,0,0,0,0,0,0,0,True,Top 10,4
424,Trump,1,1,3,3,0,3,0,True,Top 10,4
425,Trump,0,0,0,0,0,0,0,True,Top 10,4
426,Trump,0,0,0,0,0,0,0,True,Top 10,4
427,Trump,2,3,6,5,1,6,0,True,Top 10,4
428,Trump,0,0,0,0,0,0,0,True,Top 10,4
429,Trump,0,0,0,0,0,0,0,True,Top 10,4
430,Trump,1,1,3,3,0,3,0,True,Top 10,4
431,Trump,0,0,0,0,0,0,0,True,Top 10,4
432,Trump,0,0,0,0,0,0,0,True,Top 10,4
433,Trump,0,0,0,0,0,0,0,True,Top 10,4
434,Trump,0,0,0,0,0,0,0,True,Top 10,4
435,Trump,0,0,0,0,0,0,0,True,Top 10,4
436,Trump,0,0,0,0,0,0,0,True,Top 10,4
437,Trump,0,0,0,0,0,0,0,True,Top 10,4
438,Trump,0,0,0,0,0,0,0,True,Top 10,4
439,Trump,0,0,0,0,0,0,0,True,Top 10,4
440,Trump,0,0,0,0,0,0,0,True,Top 10,4
441,Trump,0,0,0,0,0,0,0,True,Top 10,4
442,Trump,0,0,0,0,0,0,0,True,Top 10,4
443,Trump,0,0,0,0,0,0,0,True,Top 10,4
444,Trump,0,0,0,0,0,0,0,True,Top 10,4
445,Harris,0,0,0,0,0,0,0,True,Top 10,4
446,Harris,1,1,1,1,0,1,0,True,Top 10,4
447,Harris,0,0,0,0,0,0,0,True,Top 10,4
448,Harris,0,0,0,0,0,0,0,True,Top 10,4
449,Harris,0,0,0,0,0,0,0,True,Top 10,4
450,Harris,0,0,0,0,0,0,0,True,Top 10,4
451,Harris,0,0,0,0,0,0,0,True,Top 10,4
452,Harris,1,1,14,14,0,14,0,True,Top 10,4
453,Harris,0,0,0,0,0,0,0,True,Top 10,4
454,Harris,0,0,0,0,0,0,0,True,Top 10,4
455,Harris,0,0,0,0,0,0,0,True,Top 10,4
456,Harris,0,0,0,0,0,0,0,True,Top 10,4
457,Harris,0,0,0,0,0,0,0,True,Top 10,4
458,Harris,0,0,0,0,0,0,0,True,Top 10,4
459,Harris,1,1,14,14,0,14,0,True,Top 10,4
460,Harris,0,0,0,0,0,0,0,True,Top 10,4
461,Harris,0,0,0,0,0,0,0,True,Top 10,4
462,Harris,0,0,0,0,0,0,0,True,Top 10,4
463,Harris,0,0,0,0,0,0,0,True,Top 10,4
464,Harris,0,0,0,0,0,0,0,True,Top 10,4
465,Harris,0,0,0,0,0,0,0,True,Top 10,4
466,Harris,0,0,0,0,0,0,0,True,Top 10,4
467,Harris,0,0,0,0,0,0,0,True,Top 10,4
468,Harris,0,0,0,0,0,0,0,True,Top 10,4
469,Harris,0,0,0,0,0,0,0,True,Top 10,4
470,Harris,1,1,14,14,0,14,0,True,Top 10,4
471,Harris,0,0,0,0,0,0,0,True,Top 10,4
472,Harris,0,0,0,0,0,0,0,True,Top 10,4
473,Harris,0,0,0,0,0,0,0,True,Top 10,4
474,Harris,0,0,0,0,0,0,0,True,Top 10,4
475,Harris,0,0,0,0,0,0,0,True,Top 10,4
476,Harris,0,0,0,0,0,0,0,True,Top 10,4
477,Harris,1,1,14,14,0,14,0,True,Top 10,4
478,Harris,0,0,0,0,0,0,0,True,Top 10,4
479,Harris,0,0,0,0,0,0,0,True,Top 10,4
480,Harris,0,0,0,0,0,0,0,True,Top 10,4
481,Harris,0,0,0,0,0,0,0,True,Top 10,4
482,Harris,0,0,0,0,0,0,0,True,Top 10,4
483,Harris,0,0,0,0,0,0,0,True,Top 10,4
484,Harris,0,0,0,0,0,0,0,True,Top 10,4
485,Harris,0,0,0,0,0,0,0,True,Top 10,4
486,Harris,0,0,0,0,0,0,0,True,Top 10,4
487,Harris,0,0,0,0,0,0,0,True,Top 10,4
488,Harris,1,1,14,14,0,14,0,True,Top 10,4
489,Harris,0,0,0,0,0,0,0,True,Top 10,4
490,Harris,0,0,0,0,0,0,0,True,Top 10,4
491,Harris,0,0,0,0,0,0,0,True,Top 10,4
492,Harris,0,0,0,0,0,0,0,True,Top 10,4
493,Harris,0,0,0,0,0,0,0,True,Top 10,4
494,Harris,0,0,0,0,0,0,0,True,Top 10,4
495,Harris,0,0,0,0,0,0,0,True,Top 10,4
496,Harris,0,0,0,0,0,0,0,True,Top 10,4
497,Harris,0,0,0,0,0,0,0,True,Top 10,4
498,Harris,0,0,0,0,0,0,0,True,Top 10,4
499,Harris,1,1,2,2,0,2,0,True,Top 10,4
500,Harris,1,1,14,14,0,14,0,True,Top 10,4
501,Harris,0,0,0,0,0,0,0,True,Top 10,4
502,Harris,0,0,0,0,0,0,0,True,Top 10,4
503,Harris,0,0,0,0,0,0,0,True,Top 10,4
504,Harris,0,0,0,0,0,0,0,True,Top 10,4
505,Harris,0,0,0,0,0,0,0,True,Top 10,4
506,Harris,0,0,0,0,0,0,0,True,Top 10,4
507,Harris,0,0,0,0,0,0,0,True,Top 10,4
508,Harris,0,0,0,0,0,0,0,True,Top 10,4
509,Harris,0,0,0,0,0,0,0,True,Top 10,4
510,Harris,0,0,0,0,0,0,0,True,Top 10,4
511,Harris,0,0,0,0,0,0,0,True,Top 10,4
512,Harris,0,0,0,0,0,0,0,True,Top 10,4
513,Harris,0,0,0,0,0,0,0,True,Top 10,4
514,Harris,0,0,0,0,0,0,0,True,Top 10,4
515,Harris,0,0,0,0,0,0,0,True,Top 10,4
516,Harris,0,0,0,0,0,0,0,True,Top 10,4
517,Harris,0,0,0,0,0,0,0,True,Top 10,4
518,Harris,0,0,0,0,0,0,0,True,Top 10,4
519,Harris,0,0,0,0,0,0,0,True,Top 10,4
520,Harris,0,0,0,0,0,0,0,True,Top 10,4
521,Harris,0,0,0,0,0,0,0,True,Top 10,4
522,Harris,0,0,0,0,0,0,0,True,Top 10,4
523,Harris,0,0,0,0,0,0,0,True,Top 10,4
524,Harris,0,0,0,0,0,0,0,True,Top 10,4
525,Harris,1,1,14,14,0,14,0,True,Top 10,4
526,Harris,0,0,0,0,0,0,0,True,Top 10,4
527,Harris,0,0,0,0,0,0,0,True,Top 10,4
528,Harris,0,0,0,0,0,0,0,True,Top 10,4
529,Harris,0,0,0,0,0,0,0,True,Top 10,4
530,Harris,0,0,0,0,0,0,0,True,Top 10,4
531,Harris,1,1,14,14,0,14,0,True,Top 10,4
532,Harris,0,0,0,0,0,0,0,True,Top 10,4
533,Harris,0,0,0,0,0,0,0,True,Top 10,4
534,Harris,0,0,0,0,0,0,0,True,Top 10,4
535,Harris,0,0,0,0,0,0,0,True,Top 10,4
536,Harris,0,0,0,0,0,0,0,True,Top 10,4
537,Harris,0,0,0,0,0,0,0,True,Top 10,4
538,Harris,0,0,0,0,0,0,0,True,Top 10,4
539,Harris,0,0,0,0,0,0,0,True,Top 10,4
540,Harris,0,0,0,0,0,0,0,True,Top 10,4
541,Harris,0,0,0,0,0,0,0,True,Top 10,4
542,Harris,0,0,0,0,0,0,0,True,Top 10,4
543,Harris,0,0,0,0,0,0,0,True,Top 10,4
544,Harris,0,0,0,0,0,0,0,True,Top 10,4
545,Harris,1,1,2,2,0,2,0,True,Top 10,4
546,Harris,1,1,14,14,0,14,0,True,Top 10,4
547,Harris,0,0,0,0,0,0,0,True,Top 10,4
548,Harris,0,0,0,0,0,0,0,True,Top 10,4
549,Harris,0,0,0,0,0,0,0,True,Top 10,4
550,Harris,0,0,0,0,0,0,0,True,Top 10,4
551,Harris,0,0,0,0,0,0,0,True,Top 10,4
552,Harris,0,0,0,0,0,0,0,True,Top 10,4
553,Harris,0,0,0,0,0,0,0,True,Top 10,4
554,Harris,0,0,0,0,0,0,0,True,Top 10,4
555,Harris,0,0,0,0,0,0,0,True,Top 10,4
556,Harris,0,0,0,0,0,0,0,True,Top 10,4
557,Harris,0,0,0,0,0,0,0,True,Top 10,4
558,Harris,0,0,0,0,0,0,0,True,Top 10,4
559,Harris,0,0,0,0,0,0,0,True,Top 10,4
560,Harris,0,0,0,0,0,0,0,True,Top 10,4
561,Harris,0,0,0,0,0,0,0,True,Top 10,4
562,Harris,0,0,0,0,0,0,0,True,Top 10,4
563,Harris,0,0,0,0,0,0,0,True,Top 10,4
564,Harris,0,0,0,0,0,0,0,True,Top 10,4
565,Harris,0,0,0,0,0,0,0,True,Top 10,4
566,Harris,0,0,0,0,0,0,0,True,Top 10,4
567,Harris,0,0,0,0,0,0,0,True,Top 10,4
568,Harris,0,0,0,0,0,0,0,True,Top 10,4
569,Harris,0,0,0,0,0,0,0,True,Top 10,4
570,Harris,0,0,0,0,0,0,0,True,Top 10,4
571,Harris,0,0,0,0,0,0,0,True,Top 10,4
572,Harris,0,0,0,0,0,0,0,True,Top 10,4
573,Harris,0,0,0,0,0,0,0,True,Top 10,4
574,Harris,0,0,0,0,0,0,0,True,Top 10,4
575,Harris,0,0,0,0,0,0,0,True,Top 10,4
576,Harris,0,0,0,0,0,0,0,True,Top 10,4
577,Harris,0,0,0,0,0,0,0,True,Top 10,4
578,Harris,0,0,0,0,0,0,0,True,Top 10,4
579,Harris,0,0,0,0,0,0,0,True,Top 10,4
580,Harris,0,0,0,0,0,0,0,True,Top 10,4
581,Harris,1,1,4,4,0,4,0,True,Top 10,4
582,Harris,0,0,0,0,0,0,0,True,Top 10,4
583,Harris,0,0,0,0,0,0,0,True,Top 10,4
584,Harris,0,0,0,0,0,0,0,True,Top 10,4
585,Harris,0,0,0,0,0,0,0,True,Top 10,4
586,Harris,1,1,14,14,0,14,0,True,Top 10,4
587,Harris,0,0,0,0,0,0,0,True,Top 10,4
588,Harris,0,0,0,0,0,0,0,True,Top 10,4
589,Harris,0,0,0,0,0,0,0,True,Top 10,4
590,Harris,0,0,0,0,0,0,0,True,Top 10,4
591,Harris,0,0,0,0,0,0,0,True,Top 10,4
592,Harris,0,0,0,0,0,0,0,True,Top 10,4
593,Harris,0,0,0,0,0,0,0,True,Top 10,4
594,Harris,0,0,0,0,0,0,0,True,Top 10,4
595,Harris,0,0,0,0,0,0,0,True,Top 10,4
596,Harris,0,0,0,0,0,0,0,True,Top 10,4
597,Harris,0,0,0,0,0,0,0,True,Top 10,4
598,Harris,0,0,0,0,0,0,0,True,Top 10,4
599,Harris,0,0,0,0,0,0,0,True,Top 10,4
600,Harris,0,0,0,0,0,0,0,True,Top 10,4
601,Harris,1,1,2,2,0,2,0,True,Top 10,4
602,Harris,0,0,0,0,0,0,0,True,Top 10,4
603,Harris,0,0,0,0,0,0,0,True,Top 10,4
604,Harris,0,0,0,0,0,0,0,True,Top 10,4
605,Harris,0,0,0,0,0,0,0,True,Top 10,4
606,Harris,0,0,0,0,0,0,0,True,Top 10,4
607,Harris,0,0,0,0,0,0,0,True,Top 10,4
608,Harris,0,0,0,0,0,0,0,True,Top 10,4
609,Harris,0,0,0,0,0,0,0,True,Top 10,4
610,Harris,0,0,0,0,0,0,0,True,Top 10,4
611,Harris,0,0,0,0,0,0,0,True,Top 10,4
612,Harris,0,0,0,0,0,0,0,True,Top 10,4
613,Harris,0,0,0,0,0,0,0,True,Top 10,4
614,Harris,0,0,0,0,0,0,0,True,Top 10,4
615,Harris,0,0,0,0,0,0,0,True,Top 10,4
616,Harris,0,0,0,0,0,0,0,True,Top 10,4
617,Harris,0,0,0,0,0,0,0,True,Top 10,4
618,Harris,0,0,0,0,0,0,0,True,Top 10,4
619,Harris,0,0,0,0,0,0,0,True,Top 10,4
620,Harris,0,0,0,0,0,0,0,True,Top 10,4
621,Harris,0,0,0,0,0,0,0,True,Top 10,4
622,Harris,0,0,0,0,0,0,0,True,Top 10,4
623,Harris,0,0,0,0,0,0,0,True,Top 10,4
624,Harris,0,0,0,0,0,0,0,True,Top 10,4
625,Harris,0,0,0,0,0,0,0,True,Top 10,4
626,Harris,0,0,0,0,0,0,0,True,Top 10,4
627,Harris,0,0,0,0,0,0,0,True,Top 10,4
628,Harris,0,0,0,0,0,0,0,True,Top 10,4
629,Harris,0,0,0,0,0,0,0,True,Top 10,4
630,Harris,0,0,0,0,0,0,0,True,Top 10,4
631,Harris,0,0,0,0,0,0,0,True,Top 10,4
632,Harris,0,0,0,0,0,0,0,True,Top 10,4
633,Harris,0,0,0,0,0,0,0,True,Top 10,4
634,Harris,0,0,0,0,0,0,0,True,Top 10,4
635,Harris,0,0,0,0,0,0,0,True,Top 10,4
636,Harris,0,0,0,0,0,0,0,True,Top 10,4
637,Harris,0,0,0,0,0,0,0,True,Top 10,4
638,Harris,0,0,0,0,0,0,0,True,Top 10,4
639,Harris,0,0,0,0,0,0,0,True,Top 10,4
640,Harris,0,0,0,0,0,0,0,True,Top 10,4
641,Harris,0,0,0,0,0,0,0,True,Top 10,4
642,Harris,0,0,0,0,0,0,0,True,Top 10,4
643,Harris,0,0,0,0,0,0,0,True,Top 10,4
644,Harris,0,0,0,0,0,0,0,True,Top 10,4
645,Harris,0,0,0,0,0,0,0,True,Top 10,4
646,Harris,0,0,0,0,0,0,0,True,Top 10,4
647,Harris,0,0,0,0,0,0,0,True,Top 10,4
648,Harris,0,0,0,0,0,0,0,True,Top 10,4
649,Harris,0,0,0,0,0,0,0,True,Top 10,4
650,Harris,0,0,0,0,0,0,0,True,Top 10,4
651,Harris,0,0,0,0,0,0,0,True,Top 10,4
652,Harris,0,0,0,0,0,0,0,True,Top 10,4
653,Harris,0,0,0,0,0,0,0,True,Top 10,4
654,Harris,0,0,0,0,0,0,0,True,Top 10,4
655,Harris,0,0,0,0,0,0,0,True,Top 10,4
656,Harris,1,1,14,14,0,14,0,True,Top 10,4
657,Harris,0,0,0,0,0,0,0,True,Top 10,4
658,Harris,0,0,0,0,0,0,0,True,Top 10,4
659,Harris,0,0,0,0,0,0,0,True,Top 10,4
660,Harris,0,0,0,0,0,0,0,True,Top 10,4
661,Harris,1,1,1,1,0,1,0,True,Top 10,4
662,Harris,0,0,0,0,0,0,0,True,Top 10,4
663,Harris,1,1,3,3,0,3,0,True,Top 10,4
664,Harris,0,0,0,0,0,0,0,True,Top 10,4
665,Harris,0,0,0,0,0,0,0,True,Top 10,4
666,Harris,0,0,0,0,0,0,0,True,Top 10,4
667,Harris,0,0,0,0,0,0,0,True,Top 10,4
668,Harris,0,0,0,0,0,0,0,True,Top 10,4
669,Harris,0,0,0,0,0,0,0,True,Top 10,4
670,Harris,0,0,0,0,0,0,0,True,Top 10,4
671,Harris,0,0,0,0,0,0,0,True,Top 10,4
672,Harris,0,0,0,0,0,0,0,True,Top 10,4
673,Harris,0,0,0,0,0,0,0,True,Top 10,4
674,Harris,0,0,0,0,0,0,0,True,Top 10,4
675,Harris,0,0,0,0,0,0,0,True,Top 10,4
676,Harris,0,0,0,0,0,0,0,True,Top 10,4
677,Harris,0,0,0,0,0,0,0,True,Top 10,4
678,Harris,0,0,0,0,0,0,0,True,Top 10,4
679,Harris,0,0,0,0,0,0,0,True,Top 10,4
680,Harris,0,0,0,0,0,0,0,True,Top 10,4
681,Harris,0,0,0,0,0,0,0,True,Top 10,4
682,Harris,0,0,0,0,0,0,0,True,Top 10,4
683,Harris,0,0,0,0,0,0,0,True,Top 10,4
684,Harris,0,0,0,0,0,0,0,True,Top 10,4
685,Harris,0,0,0,0,0,0,0,True,Top 10,4
686,Harris,0,0,0,0,0,0,0,True,Top 10,4
687,Harris,0,0,0,0,0,0,0,True,Top 10,4
688,Harris,0,0,0,0,0,0,0,True,Top 10,4
689,Harris,0,0,0,0,0,0,0,True,Top 10,4
690,Harris,0,0,0,0,0,0,0,True,Top 10,4
691,Harris,0,0,0,0,0,0,0,True,Top 10,4
692,Harris,0,0,0,0,0,0,0,True,Top 10,4
693,Harris,0,0,0,0,0,0,0,True,Top 10,4
694,Harris,0,0,0,0,0,0,0,True,Top 10,4
695,Harris,1,1,14,14,0,14,0,True,Top 10,4
696,Harris,0,0,0,0,0,0,0,True,Top 10,4
697,Harris,0,0,0,0,0,0,0,True,Top 10,4
698,Harris,0,0,0,0,0,0,0,True,Top 10,4
699,Harris,0,0,0,0,0,0,0,True,Top 10,4
700,Harris,0,0,0,0,0,0,0,True,Top 10,4
701,Harris,0,0,0,0,0,0,0,True,Top 10,4
702,Harris,0,0,0,0,0,0,0,True,Top 10,4
703,Harris,0,0,0,0,0,0,0,True,Top 10,4
704,Harris,0,0,0,0,0,0,0,True,Top 10,4
705,Harris,0,0,0,0,0,0,0,True,Top 10,4
706,Harris,0,0,0,0,0,0,0,True,Top 10,4
707,Harris,0,0,0,0,0,0,0,True,Top 10,4
708,Harris,0,0,0,0,0,0,0,True,Top 10,4
709,Harris,0,0,0,0,0,0,0,True,Top 10,4
710,Harris,0,0,0,0,0,0,0,True,Top 10,4
711,Harris,0,0,0,0,0,0,0,True,Top 10,4
712,Harris,0,0,0,0,0,0,0,True,Top 10,4
713,Harris,0,0,0,0,0,0,0,True,Top 10,4
714,Harris,0,0,0,0,0,0,0,True,Top 10,4
715,Harris,0,0,0,0,0,0,0,True,Top 10,4
716,Harris,0,0,0,0,0,0,0,True,Top 10,4
717,Harris,0,0,0,0,0,0,0,True,Top 10,4
718,Harris,0,0,0,0,0,0,0,True,Top 10,4
719,Harris,0,0,0,0,0,0,0,True,Top 10,4
720,Harris,0,0,0,0,0,0,0,True,Top 10,4
721,Harris,0,0,0,0,0,0,0,True,Top 10,4
722,Harris,0,0,0,0,0,0,0,True,Top 10,4
723,Harris,0,0,0,0,0,0,0,True,Top 10,4
724,Harris,1,1,14,14,0,14,0,True,Top 10,4
725,Harris,0,0,0,0,0,0,0,True,Top 10,4
726,Harris,0,0,0,0,0,0,0,True,Top 10,4
727,Harris,0,0,0,0,0,0,0,True,Top 10,4
728,Harris,0,0,0,0,0,0,0,True,Top 10,4
729,Harris,0,0,0,0,0,0,0,True,Top 10,4
730,Harris,0,0,0,0,0,0,0,True,Top 10,4
731,Harris,0,0,0,0,0,0,0,True,Top 10,4
732,Harris,0,0,0,0,0,0,0,True,Top 10,4
733,Harris,0,0,0,0,0,0,0,True,Top 10,4
734,Harris,0,0,0,0,0,0,0,True,Top 10,4
735,Harris,0,0,0,0,0,0,0,True,Top 10,4
736,Harris,1,1,2,2,0,2,0,True,Top 10,4
737,Harris,0,0,0,0,0,0,0,True,Top 10,4
738,Harris,0,0,0,0,0,0,0,True,Top 10,4
739,Harris,0,0,0,0,0,0,0,True,Top 10,4
740,Harris,0,0,0,0,0,0,0,True,Top 10,4
741,Harris,0,0,0,0,0,0,0,True,Top 10,4
742,Harris,0,0,0,0,0,0,0,True,Top 10,4
743,Harris,0,0,0,0,0,0,0,True,Top 10,4
744,Harris,0,0,0,0,0,0,0,True,Top 10,4
745,Harris,0,0,0,0,0,0,0,True,Top 10,4
746,Harris,0,0,0,0,0,0,0,True,Top 10,4
747,Harris,0,0,0,0,0,0,0,True,Top 10,4
748,Harris,0,0,0,0,0,0,0,True,Top 10,4
749,Harris,0,0,0,0,0,0,0,True,Top 10,4
750,Harris,0,0,0,0,0,0,0,True,Top 10,4
751,Harris,1,1,2,2,0,2,0,True,Top 10,4
752,Harris,0,0,0,0,0,0,0,True,Top 10,4
753,Harris,1,1,2,2,0,2,0,True,Top 10,4
754,Harris,0,0,0,0,0,0,0,True,Top 10,4
755,Harris,0,0,0,0,0,0,0,True,Top 10,4
756,Harris,0,0,0,0,0,0,0,True,Top 10,4
757,Harris,1,1,1,1,0,1,0,True,Top 10,4
758,Harris,0,0,0,0,0,0,0,True,Top 10,4
759,Harris,0,0,0,0,0,0,0,True,Top 10,4
760,Harris,0,0,0,0,0,0,0,True,Top 10,4
761,Harris,0,0,0,0,0,0,0,True,Top 10,4
762,Harris,0,0,0,0,0,0,0,True,Top 10,4
763,Harris,0,0,0,0,0,0,0,True,Top 10,4
764,Harris,0,0,0,0,0,0,0,True,Top 10,4
765,Harris,0,0,0,0,0,0,0,True,Top 10,4
766,Harris,1,1,14,14,0,14,0,True,Top 10,4
767,Harris,0,0,0,0,0,0,0,True,Top 10,4
768,Harris,0,0,0,0,0,0,0,True,Top 10,4
769,Harris,2,2,4,4,0,4,0,True,Top 10,4
770,Harris,0,0,0,0,0,0,0,True,Top 10,4
771,Harris,0,0,0,0,0,0,0,True,Top 10,4
772,Harris,2,2,4,4,0,4,0,True,Top 10,4
773,Harris,0,0,0,0,0,0,0,True,Top 10,4
774,Harris,0,0,0,0,0,0,0,True,Top 10,4
775,Harris,0,0,0,0,0,0,0,True,Top 10,4
776,Harris,0,0,0,0,0,0,0,True,Top 10,4
777,Harris,0,0,0,0,0,0,0,True,Top 10,4
778,Harris,0,0,0,0,0,0,0,True,Top 10,4
779,Harris,0,0,0,0,0,0,0,True,Top 10,4
780,Harris,0,0,0,0,0,0,0,True,Top 10,4
781,Harris,0,0,0,0,0,0,0,True,Top 10,4
782,Harris,0,0,0,0,0,0,0,True,Top 10,4
783,Harris,0,0,0,0,0,0,0,True,Top 10,4
784,Harris,0,0,0,0,0,0,0,True,Top 10,4
785,Harris,0,0,0,0,0,0,0,True,Top 10,4
786,Harris,0,0,0,0,0,0,0,True,Top 10,4
787,Harris,0,0,0,0,0,0,0,True,Top 10,4
788,Harris,0,0,0,0,0,0,0,True,Top 10,4
789,Harris,0,0,0,0,0,0,0,True,Top 10,4
790,Harris,0,0,0,0,0,0,0,True,Top 10,4
791,Harris,0,0,0,0,0,0,0,True,Top 10,4
792,Harris,0,0,0,0,0,0,0,True,Top 10,4
793,Harris,2,2,3,3,0,3,0,True,Top 10,4
794,Harris,0,0,0,0,0,0,0,True,Top 10,4
795,Harris,0,0,0,0,0,0,0,True,Top 10,4
796,Harris,0,0,0,0,0,0,0,True,Top 10,4
797,Harris,0,0,0,0,0,0,0,True,Top 10,4
798,Harris,0,0,0,0,0,0,0,True,Top 10,4
799,Harris,0,0,0,0,0,0,0,True,Top 10,4
800,Harris,1,1,2,2,0,2,0,True,Top 10,4
801,Harris,0,0,0,0,0,0,0,True,Top 10,4
802,Harris,0,0,0,0,0,0,0,True,Top 10,4
803,Harris,0,0,0,0,0,0,0,True,Top 10,4
804,Harris,0,0,0,0,0,0,0,True,Top 10,4
805,Harris,0,0,0,0,0,0,0,True,Top 10,4
806,Harris,0,0,0,0,0,0,0,True,Top 10,4
807,Harris,0,0,0,0,0,0,0,True,Top 10,4
808,Harris,0,0,0,0,0,0,0,True,Top 10,4
809,Harris,1,1,2,2,0,2,0,True,Top 10,4
810,Harris,0,0,0,0,0,0,0,True,Top 10,4
811,Harris,0,0,0,0,0,0,0,True,Top 10,4
812,Harris,0,0,0,0,0,0,0,True,Top 10,4
813,Harris,0,0,0,0,0,0,0,True,Top 10,4
814,Harris,0,0,0,0,0,0,0,True,Top 10,4
815,Harris,0,0,0,0,0,0,0,True,Top 10,4
816,Harris,0,0,0,0,0,0,0,True,Top 10,4
817,Harris,2,2,4,4,0,4,0,True,Top 10,4
818,Harris,0,0,0,0,0,0,0,True,Top 10,4
819,Harris,0,0,0,0,0,0,0,True,Top 10,4
820,Harris,0,0,0,0,0,0,0,True,Top 10,4
821,Harris,0,0,0,0,0,0,0,True,Top 10,4
822,Harris,0,0,0,0,0,0,0,True,Top 10,4
823,Harris,0,0,0,0,0,0,0,True,Top 10,4
824,Harris,0,0,0,0,0,0,0,True,Top 10,4
825,Harris,1,1,14,14,0,14,0,True,Top 10,4
826,Harris,0,0,0,0,0,0,0,True,Top 10,4
827,Harris,0,0,0,0,0,0,0,True,Top 10,4
828,Harris,0,0,0,0,0,0,0,True,Top 10,4
829,Harris,1,1,2,2,0,2,0,True,Top 10,4
830,Harris,0,0,0,0,0,0,0,True,Top 10,4
831,Harris,0,0,0,0,0,0,0,True,Top 10,4
832,Harris,1,1,2,2,0,2,0,True,Top 10,4
833,Harris,0,0,0,0,0,0,0,True,Top 10,4
834,Harris,0,0,0,0,0,0,0,True,Top 10,4
835,Harris,0,0,0,0,0,0,0,True,Top 10,4
836,Harris,0,0,0,0,0,0,0,True,Top 10,4
837,Harris,0,0,0,0,0,0,0,True,Top 10,4
838,Harris,0,0,0,0,0,0,0,True,Top 10,4
839,Harris,0,0,0,0,0,0,0,True,Top 10,4
840,Harris,0,0,0,0,0,0,0,True,Top 10,4
841,Harris,1,1,14,14,0,14,0,True,Top 10,4
842,Harris,0,0,0,0,0,0,0,True,Top 10,4
843,Harris,0,0,0,0,0,0,0,True,Top 10,4
844,Harris,0,0,0,0,0,0,0,True,Top 10,4
845,Harris,0,0,0,0,0,0,0,True,Top 10,4
846,Harris,0,0,0,0,0,0,0,True,Top 10,4
847,Harris,0,0,0,0,0,0,0,True,Top 10,4
848,Harris,0,0,0,0,0,0,0,True,Top 10,4
849,Harris,1,1,1,1,0,1,0,True,Top 10,4
850,Harris,0,0,0,0,0,0,0,True,Top 10,4
851,Harris,0,0,0,0,0,0,0,True,Top 10,4
852,Harris,0,0,0,0,0,0,0,True,Top 10,4
853,Harris,0,0,0,0,0,0,0,True,Top 10,4
854,Harris,1,1,2,2,0,2,0,True,Top 10,4
855,Harris,1,1,2,2,0,2,0,True,Top 10,4
856,Harris,1,1,3,3,0,3,0,True,Top 10,4
857,Harris,0,0,0,0,0,0,0,True,Top 10,4
858,Harris,2,2,4,4,0,4,0,True,Top 10,4
859,Harris,1,1,1,1,0,1,0,True,Top 10,4
860,Harris,0,0,0,0,0,0,0,True,Top 10,4
861,Harris,0,0,0,0,0,0,0,True,Top 10,4
862,Harris,1,1,2,2,0,2,0,True,Top 10,4
863,Harris,2,2,2,2,0,2,0,True,Top 10,4
864,Harris,0,0,0,0,0,0,0,True,Top 10,4
865,Harris,1,1,1,1,0,1,0,True,Top 10,4
866,Harris,1,1,2,2,0,2,0,True,Top 10,4
867,Harris,0,0,0,0,0,0,0,True,Top 10,4
868,Harris,2,2,5,5,0,5,0,True,Top 10,4
869,Harris,0,0,0,0,0,0,0,True,Top 10,4
870,Harris,0,0,0,0,0,0,0,True,Top 10,4
871,Harris,0,0,0,0,0,0,0,True,Top 10,4
872,Harris,0,0,0,0,0,0,0,True,Top 10,4
873,Harris,0,0,0,0,0,0,0,True,Top 10,4
874,Harris,0,0,0,0,0,0,0,True,Top 10,4
875,Harris,0,0,0,0,0,0,0,True,Top 10,4
876,Harris,0,0,0,0,0,0,0,True,Top 10,4
877,Harris,0,0,0,0,0,0,0,True,Top 10,4
878,Harris,0,0,0,0,0,0,0,True,Top 10,4
879,Harris,0,0,0,0,0,0,0,True,Top 10,4
880,Harris,0,0,0,0,0,0,0,True,Top 10,4
881,Harris,0,0,0,0,0,0,0,True,Top 10,4
882,Harris,1,1,4,4,0,4,0,True,Top 10,4
883,Harris,0,0,0,0,0,0,0,True,Top 10,4
884,Harris,0,0,0,0,0,0,0,True,Top 10,4
885,Harris,0,0,0,0,0,0,0,True,Top 10,4
886,Harris,0,0,0,0,0,0,0,True,Top 10,4
887,Harris,0,0,0,0,0,0,0,True,Top 10,4
888,Harris,0,0,0,0,0,0,0,True,Top 10,4
889,Harris,1,1,2,2,0,2,0,True,Top 10,4
0,Trump,1,5,10,5,5,10,0,True,Top 10,5
1,Trump,0,0,0,0,0,0,0,True,Top 10,5
2,Trump,0,0,0,0,0,0,0,True,Top 10,5
3,Trump,0,0,0,0,0,0,0,True,Top 10,5
4,Trump,0,0,0,0,0,0,0,True,Top 10,5
5,Trump,0,0,0,0,0,0,0,True,Top 10,5
6,Trump,0,0,0,0,0,0,0,True,Top 10,5
7,Trump,1,5,10,5,5,10,0,True,Top 10,5
8,Trump,0,0,0,0,0,0,0,True,Top 10,5
9,Trump,0,0,0,0,0,0,0,True,Top 10,5
10,Trump,0,0,0,0,0,0,0,True,Top 10,5
11,Trump,0,0,0,0,0,0,0,True,Top 10,5
12,Trump,0,0,0,0,0,0,0,True,Top 10,5
13,Trump,0,0,0,0,0,0,0,True,Top 10,5
14,Trump,0,0,0,0,0,0,0,True,Top 10,5
15,Trump,1,4,10,5,5,10,0,True,Top 10,5
16,Trump,1,3,10,5,5,10,0,True,Top 10,5
17,Trump,0,0,0,0,0,0,0,True,Top 10,5
18,Trump,1,1,1,1,0,1,0,True,Top 10,5
19,Trump,1,6,10,5,5,10,0,True,Top 10,5
20,Trump,0,0,0,0,0,0,0,True,Top 10,5
21,Trump,0,0,0,0,0,0,0,True,Top 10,5
22,Trump,0,0,0,0,0,0,0,True,Top 10,5
23,Trump,0,0,0,0,0,0,0,True,Top 10,5
24,Trump,0,0,0,0,0,0,0,True,Top 10,5
25,Trump,1,5,10,5,5,10,0,True,Top 10,5
26,Trump,0,0,0,0,0,0,0,True,Top 10,5
27,Trump,0,0,0,0,0,0,0,True,Top 10,5
28,Trump,0,0,0,0,0,0,0,True,Top 10,5
29,Trump,0,0,0,0,0,0,0,True,Top 10,5
30,Trump,0,0,0,0,0,0,0,True,Top 10,5
31,Trump,0,0,0,0,0,0,0,True,Top 10,5
32,Trump,0,0,0,0,0,0,0,True,Top 10,5
33,Trump,1,6,10,5,5,10,0,True,Top 10,5
34,Trump,0,0,0,0,0,0,0,True,Top 10,5
35,Trump,0,0,0,0,0,0,0,True,Top 10,5
36,Trump,0,0,0,0,0,0,0,True,Top 10,5
37,Trump,0,0,0,0,0,0,0,True,Top 10,5
38,Trump,0,0,0,0,0,0,0,True,Top 10,5
39,Trump,0,0,0,0,0,0,0,True,Top 10,5
40,Trump,0,0,0,0,0,0,0,True,Top 10,5
41,Trump,0,0,0,0,0,0,0,True,Top 10,5
42,Trump,0,0,0,0,0,0,0,True,Top 10,5
43,Trump,0,0,0,0,0,0,0,True,Top 10,5
44,Trump,0,0,0,0,0,0,0,True,Top 10,5
45,Trump,0,0,0,0,0,0,0,True,Top 10,5
46,Trump,0,0,0,0,0,0,0,True,Top 10,5
47,Trump,0,0,0,0,0,0,0,True,Top 10,5
48,Trump,1,1,3,3,0,3,0,True,Top 10,5
49,Trump,0,0,0,0,0,0,0,True,Top 10,5
50,Trump,0,0,0,0,0,0,0,True,Top 10,5
51,Trump,0,0,0,0,0,0,0,True,Top 10,5
52,Trump,0,0,0,0,0,0,0,True,Top 10,5
53,Trump,1,1,7,7,0,7,0,True,Top 10,5
54,Trump,1,1,3,3,0,3,0,True,Top 10,5
55,Trump,0,0,0,0,0,0,0,True,Top 10,5
56,Trump,0,0,0,0,0,0,0,True,Top 10,5
57,Trump,0,0,0,0,0,0,0,True,Top 10,5
58,Trump,1,4,10,5,5,10,0,True,Top 10,5
59,Trump,1,3,10,5,5,10,0,True,Top 10,5
60,Trump,0,0,0,0,0,0,0,True,Top 10,5
61,Trump,0,0,0,0,0,0,0,True,Top 10,5
62,Trump,0,0,0,0,0,0,0,True,Top 10,5
63,Trump,0,0,0,0,0,0,0,True,Top 10,5
64,Trump,0,0,0,0,0,0,0,True,Top 10,5
65,Trump,0,0,0,0,0,0,0,True,Top 10,5
66,Trump,0,0,0,0,0,0,0,True,Top 10,5
67,Trump,1,1,1,1,0,1,0,True,Top 10,5
68,Trump,1,3,10,5,5,10,0,True,Top 10,5
69,Trump,0,0,0,0,0,0,0,True,Top 10,5
70,Trump,0,0,0,0,0,0,0,True,Top 10,5
71,Trump,0,0,0,0,0,0,0,True,Top 10,5
72,Trump,0,0,0,0,0,0,0,True,Top 10,5
73,Trump,0,0,0,0,0,0,0,True,Top 10,5
74,Trump,0,0,0,0,0,0,0,True,Top 10,5
75,Trump,0,0,0,0,0,0,0,True,Top 10,5
76,Trump,1,1,1,1,0,1,0,True,Top 10,5
77,Trump,0,0,0,0,0,0,0,True,Top 10,5
78,Trump,1,1,4,4,0,4,0,True,Top 10,5
79,Trump,0,0,0,0,0,0,0,True,Top 10,5
80,Trump,0,0,0,0,0,0,0,True,Top 10,5
81,Trump,0,0,0,0,0,0,0,True,Top 10,5
82,Trump,0,0,0,0,0,0,0,True,Top 10,5
83,Trump,0,0,0,0,0,0,0,True,Top 10,5
84,Trump,0,0,0,0,0,0,0,True,Top 10,5
85,Trump,0,0,0,0,0,0,0,True,Top 10,5
86,Trump,1,5,10,5,5,10,0,True,Top 10,5
87,Trump,0,0,0,0,0,0,0,True,Top 10,5
88,Trump,0,0,0,0,0,0,0,True,Top 10,5
89,Trump,0,0,0,0,0,0,0,True,Top 10,5
90,Trump,0,0,0,0,0,0,0,True,Top 10,5
91,Trump,0,0,0,0,0,0,0,True,Top 10,5
92,Trump,0,0,0,0,0,0,0,True,Top 10,5
93,Trump,0,0,0,0,0,0,0,True,Top 10,5
94,Trump,0,0,0,0,0,0,0,True,Top 10,5
95,Trump,0,0,0,0,0,0,0,True,Top 10,5
96,Trump,0,0,0,0,0,0,0,True,Top 10,5
97,Trump,1,5,10,5,5,10,0,True,Top 10,5
98,Trump,1,4,10,5,5,10,0,True,Top 10,5
99,Trump,1,1,3,3,0,3,0,True,Top 10,5
100,Trump,0,0,0,0,0,0,0,True,Top 10,5
101,Trump,0,0,0,0,0,0,0,True,Top 10,5
102,Trump,0,0,0,0,0,0,0,True,Top 10,5
103,Trump,0,0,0,0,0,0,0,True,Top 10,5
104,Trump,1,4,10,5,5,10,0,True,Top 10,5
105,Trump,0,0,0,0,0,0,0,True,Top 10,5
106,Trump,1,1,1,1,0,1,0,True,Top 10,5
107,Trump,0,0,0,0,0,0,0,True,Top 10,5
108,Trump,1,1,2,2,0,2,0,True,Top 10,5
109,Trump,0,0,0,0,0,0,0,True,Top 10,5
110,Trump,0,0,0,0,0,0,0,True,Top 10,5
111,Trump,0,0,0,0,0,0,0,True,Top 10,5
112,Trump,1,1,2,2,0,2,0,True,Top 10,5
113,Trump,1,1,1,1,0,1,0,True,Top 10,5
114,Trump,0,0,0,0,0,0,0,True,Top 10,5
115,Trump,0,0,0,0,0,0,0,True,Top 10,5
116,Trump,0,0,0,0,0,0,0,True,Top 10,5
117,Trump,1,1,2,2,0,2,0,True,Top 10,5
118,Trump,0,0,0,0,0,0,0,True,Top 10,5
119,Trump,0,0,0,0,0,0,0,True,Top 10,5
120,Trump,3,3,8,8,0,8,0,True,Top 10,5
121,Trump,0,0,0,0,0,0,0,True,Top 10,5
122,Trump,0,0,0,0,0,0,0,True,Top 10,5
123,Trump,0,0,0,0,0,0,0,True,Top 10,5
124,Trump,0,0,0,0,0,0,0,True,Top 10,5
125,Trump,0,0,0,0,0,0,0,True,Top 10,5
126,Trump,0,0,0,0,0,0,0,True,Top 10,5
127,Trump,4,4,8,8,0,8,0,True,Top 10,5
128,Trump,0,0,0,0,0,0,0,True,Top 10,5
129,Trump,0,0,0,0,0,0,0,True,Top 10,5
130,Trump,0,0,0,0,0,0,0,True,Top 10,5
131,Trump,0,0,0,0,0,0,0,True,Top 10,5
132,Trump,0,0,0,0,0,0,0,True,Top 10,5
133,Trump,0,0,0,0,0,0,0,True,Top 10,5
134,Trump,0,0,0,0,0,0,0,True,Top 10,5
135,Trump,0,0,0,0,0,0,0,True,Top 10,5
136,Trump,0,0,0,0,0,0,0,True,Top 10,5
137,Trump,0,0,0,0,0,0,0,True,Top 10,5
138,Trump,0,0,0,0,0,0,0,True,Top 10,5
139,Trump,0,0,0,0,0,0,0,True,Top 10,5
140,Trump,0,0,0,0,0,0,0,True,Top 10,5
141,Trump,0,0,0,0,0,0,0,True,Top 10,5
142,Trump,0,0,0,0,0,0,0,True,Top 10,5
143,Trump,0,0,0,0,0,0,0,True,Top 10,5
144,Trump,0,0,0,0,0,0,0,True,Top 10,5
145,Trump,0,0,0,0,0,0,0,True,Top 10,5
146,Trump,0,0,0,0,0,0,0,True,Top 10,5
147,Trump,0,0,0,0,0,0,0,True,Top 10,5
148,Trump,0,0,0,0,0,0,0,True,Top 10,5
149,Trump,0,0,0,0,0,0,0,True,Top 10,5
150,Trump,0,0,0,0,0,0,0,True,Top 10,5
151,Trump,1,1,1,1,0,1,0,True,Top 10,5
152,Trump,0,0,0,0,0,0,0,True,Top 10,5
153,Trump,1,6,10,5,5,10,0,True,Top 10,5
154,Trump,1,1,2,2,0,2,0,True,Top 10,5
155,Trump,0,0,0,0,0,0,0,True,Top 10,5
156,Trump,0,0,0,0,0,0,0,True,Top 10,5
157,Trump,0,0,0,0,0,0,0,True,Top 10,5
158,Trump,0,0,0,0,0,0,0,True,Top 10,5
159,Trump,0,0,0,0,0,0,0,True,Top 10,5
160,Trump,0,0,0,0,0,0,0,True,Top 10,5
161,Trump,0,0,0,0,0,0,0,True,Top 10,5
162,Trump,0,0,0,0,0,0,0,True,Top 10,5
163,Trump,0,0,0,0,0,0,0,True,Top 10,5
164,Trump,0,0,0,0,0,0,0,True,Top 10,5
165,Trump,0,0,0,0,0,0,0,True,Top 10,5
166,Trump,0,0,0,0,0,0,0,True,Top 10,5
167,Trump,0,0,0,0,0,0,0,True,Top 10,5
168,Trump,0,0,0,0,0,0,0,True,Top 10,5
169,Trump,0,0,0,0,0,0,0,True,Top 10,5
170,Trump,0,0,0,0,0,0,0,True,Top 10,5
171,Trump,0,0,0,0,0,0,0,True,Top 10,5
172,Trump,0,0,0,0,0,0,0,True,Top 10,5
173,Trump,0,0,0,0,0,0,0,True,Top 10,5
174,Trump,0,0,0,0,0,0,0,True,Top 10,5
175,Trump,1,1,7,7,0,7,0,True,Top 10,5
176,Trump,0,0,0,0,0,0,0,True,Top 10,5
177,Trump,0,0,0,0,0,0,0,True,Top 10,5
178,Trump,0,0,0,0,0,0,0,True,Top 10,5
179,Trump,0,0,0,0,0,0,0,True,Top 10,5
180,Trump,0,0,0,0,0,0,0,True,Top 10,5
181,Trump,1,5,10,5,5,10,0,True,Top 10,5
182,Trump,1,4,10,5,5,10,0,True,Top 10,5
183,Trump,0,0,0,0,0,0,0,True,Top 10,5
184,Trump,0,0,0,0,0,0,0,True,Top 10,5
185,Trump,0,0,0,0,0,0,0,True,Top 10,5
186,Trump,0,0,0,0,0,0,0,True,Top 10,5
187,Trump,0,0,0,0,0,0,0,True,Top 10,5
188,Trump,0,0,0,0,0,0,0,True,Top 10,5
189,Trump,0,0,0,0,0,0,0,True,Top 10,5
190,Trump,0,0,0,0,0,0,0,True,Top 10,5
191,Trump,0,0,0,0,0,0,0,True,Top 10,5
192,Trump,0,0,0,0,0,0,0,True,Top 10,5
193,Trump,0,0,0,0,0,0,0,True,Top 10,5
194,Trump,0,0,0,0,0,0,0,True,Top 10,5
195,Trump,0,0,0,0,0,0,0,True,Top 10,5
196,Trump,0,0,0,0,0,0,0,True,Top 10,5
197,Trump,0,0,0,0,0,0,0,True,Top 10,5
198,Trump,0,0,0,0,0,0,0,True,Top 10,5
199,Trump,0,0,0,0,0,0,0,True,Top 10,5
200,Trump,0,0,0,0,0,0,0,True,Top 10,5
201,Trump,0,0,0,0,0,0,0,True,Top 10,5
202,Trump,0,0,0,0,0,0,0,True,Top 10,5
203,Trump,0,0,0,0,0,0,0,True,Top 10,5
204,Trump,0,0,0,0,0,0,0,True,Top 10,5
205,Trump,0,0,0,0,0,0,0,True,Top 10,5
206,Trump,2,2,4,4,0,4,0,True,Top 10,5
207,Trump,0,0,0,0,0,0,0,True,Top 10,5
208,Trump,0,0,0,0,0,0,0,True,Top 10,5
209,Trump,0,0,0,0,0,0,0,True,Top 10,5
210,Trump,1,1,1,1,0,1,0,True,Top 10,5
211,Trump,0,0,0,0,0,0,0,True,Top 10,5
212,Trump,0,0,0,0,0,0,0,True,Top 10,5
213,Trump,0,0,0,0,0,0,0,True,Top 10,5
214,Trump,0,0,0,0,0,0,0,True,Top 10,5
215,Trump,1,1,1,1,0,1,0,True,Top 10,5
216,Trump,0,0,0,0,0,0,0,True,Top 10,5
217,Trump,1,1,1,1,0,1,0,True,Top 10,5
218,Trump,0,0,0,0,0,0,0,True,Top 10,5
219,Trump,0,0,0,0,0,0,0,True,Top 10,5
220,Trump,0,0,0,0,0,0,0,True,Top 10,5
221,Trump,0,0,0,0,0,0,0,True,Top 10,5
222,Trump,0,0,0,0,0,0,0,True,Top 10,5
223,Trump,0,0,0,0,0,0,0,True,Top 10,5
224,Trump,1,1,3,3,0,3,0,True,Top 10,5
225,Trump,1,1,1,1,0,1,0,True,Top 10,5
226,Trump,1,3,10,5,5,10,0,True,Top 10,5
227,Trump,0,0,0,0,0,0,0,True,Top 10,5
228,Trump,0,0,0,0,0,0,0,True,Top 10,5
229,Trump,0,0,0,0,0,0,0,True,Top 10,5
230,Trump,0,0,0,0,0,0,0,True,Top 10,5
231,Trump,0,0,0,0,0,0,0,True,Top 10,5
232,Trump,0,0,0,0,0,0,0,True,Top 10,5
233,Trump,0,0,0,0,0,0,0,True,Top 10,5
234,Trump,0,0,0,0,0,0,0,True,Top 10,5
235,Trump,0,0,0,0,0,0,0,True,Top 10,5
236,Trump,0,0,0,0,0,0,0,True,Top 10,5
237,Trump,0,0,0,0,0,0,0,True,Top 10,5
238,Trump,0,0,0,0,0,0,0,True,Top 10,5
239,Trump,0,0,0,0,0,0,0,True,Top 10,5
240,Trump,1,1,2,2,0,2,0,True,Top 10,5
241,Trump,0,0,0,0,0,0,0,True,Top 10,5
242,Trump,2,5,15,10,5,15,0,True,Top 10,5
243,Trump,0,0,0,0,0,0,0,True,Top 10,5
244,Trump,0,0,0,0,0,0,0,True,Top 10,5
245,Trump,0,0,0,0,0,0,0,True,Top 10,5
246,Trump,0,0,0,0,0,0,0,True,Top 10,5
247,Trump,0,0,0,0,0,0,0,True,Top 10,5
248,Trump,0,0,0,0,0,0,0,True,Top 10,5
249,Trump,0,0,0,0,0,0,0,True,Top 10,5
250,Trump,0,0,0,0,0,0,0,True,Top 10,5
251,Trump,0,0,0,0,0,0,0,True,Top 10,5
252,Trump,0,0,0,0,0,0,0,True,Top 10,5
253,Trump,0,0,0,0,0,0,0,True,Top 10,5
254,Trump,1,2,10,5,5,10,0,True,Top 10,5
255,Trump,0,0,0,0,0,0,0,True,Top 10,5
256,Trump,1,4,10,5,5,10,0,True,Top 10,5
257,Trump,0,0,0,0,0,0,0,True,Top 10,5
258,Trump,1,1,7,7,0,7,0,True,Top 10,5
259,Trump,1,1,2,2,0,2,0,True,Top 10,5
260,Trump,0,0,0,0,0,0,0,True,Top 10,5
261,Trump,2,2,3,3,0,3,0,True,Top 10,5
262,Trump,0,0,0,0,0,0,0,True,Top 10,5
263,Trump,0,0,0,0,0,0,0,True,Top 10,5
264,Trump,0,0,0,0,0,0,0,True,Top 10,5
265,Trump,0,0,0,0,0,0,0,True,Top 10,5
266,Trump,0,0,0,0,0,0,0,True,Top 10,5
267,Trump,0,0,0,0,0,0,0,True,Top 10,5
268,Trump,0,0,0,0,0,0,0,True,Top 10,5
269,Trump,0,0,0,0,0,0,0,True,Top 10,5
270,Trump,1,1,2,2,0,2,0,True,Top 10,5
271,Trump,1,5,10,5,5,10,0,True,Top 10,5
272,Trump,0,0,0,0,0,0,0,True,Top 10,5
273,Trump,0,0,0,0,0,0,0,True,Top 10,5
274,Trump,1,5,10,5,5,10,0,True,Top 10,5
275,Trump,0,0,0,0,0,0,0,True,Top 10,5
276,Trump,0,0,0,0,0,0,0,True,Top 10,5
277,Trump,0,0,0,0,0,0,0,True,Top 10,5
278,Trump,0,0,0,0,0,0,0,True,Top 10,5
279,Trump,0,0,0,0,0,0,0,True,Top 10,5
280,Trump,0,0,0,0,0,0,0,True,Top 10,5
281,Trump,2,2,3,3,0,3,0,True,Top 10,5
282,Trump,0,0,0,0,0,0,0,True,Top 10,5
283,Trump,0,0,0,0,0,0,0,True,Top 10,5
284,Trump,0,0,0,0,0,0,0,True,Top 10,5
285,Trump,0,0,0,0,0,0,0,True,Top 10,5
286,Trump,0,0,0,0,0,0,0,True,Top 10,5
287,Trump,0,0,0,0,0,0,0,True,Top 10,5
288,Trump,0,0,0,0,0,0,0,True,Top 10,5
289,Trump,0,0,0,0,0,0,0,True,Top 10,5
290,Trump,1,1,1,1,0,1,0,True,Top 10,5
291,Trump,3,3,9,9,0,9,0,True,Top 10,5
292,Trump,7,7,15,15,0,15,0,True,Top 10,5
293,Trump,1,1,2,2,0,2,0,True,Top 10,5
294,Trump,1,3,10,5,5,10,0,True,Top 10,5
295,Trump,0,0,0,0,0,0,0,True,Top 10,5
296,Trump,1,1,1,1,0,1,0,True,Top 10,5
297,Trump,0,0,0,0,0,0,0,True,Top 10,5
298,Trump,0,0,0,0,0,0,0,True,Top 10,5
299,Trump,1,1,1,1,0,1,0,True,Top 10,5
300,Trump,1,1,2,2,0,2,0,True,Top 10,5
301,Trump,1,1,1,1,0,1,0,True,Top 10,5
302,Trump,0,0,0,0,0,0,0,True,Top 10,5
303,Trump,0,0,0,0,0,0,0,True,Top 10,5
304,Trump,1,1,2,2,0,2,0,True,Top 10,5
305,Trump,0,0,0,0,0,0,0,True,Top 10,5
306,Trump,1,1,2,2,0,2,0,True,Top 10,5
307,Trump,0,0,0,0,0,0,0,True,Top 10,5
308,Trump,0,0,0,0,0,0,0,True,Top 10,5
309,Trump,0,0,0,0,0,0,0,True,Top 10,5
310,Trump,0,0,0,0,0,0,0,True,Top 10,5
311,Trump,0,0,0,0,0,0,0,True,Top 10,5
312,Trump,0,0,0,0,0,0,0,True,Top 10,5
313,Trump,0,0,0,0,0,0,0,True,Top 10,5
314,Trump,0,0,0,0,0,0,0,True,Top 10,5
315,Trump,0,0,0,0,0,0,0,True,Top 10,5
316,Trump,0,0,0,0,0,0,0,True,Top 10,5
317,Trump,0,0,0,0,0,0,0,True,Top 10,5
318,Trump,0,0,0,0,0,0,0,True,Top 10,5
319,Trump,0,0,0,0,0,0,0,True,Top 10,5
320,Trump,0,0,0,0,0,0,0,True,Top 10,5
321,Trump,0,0,0,0,0,0,0,True,Top 10,5
322,Trump,0,0,0,0,0,0,0,True,Top 10,5
323,Trump,0,0,0,0,0,0,0,True,Top 10,5
324,Trump,0,0,0,0,0,0,0,True,Top 10,5
325,Trump,0,0,0,0,0,0,0,True,Top 10,5
326,Trump,0,0,0,0,0,0,0,True,Top 10,5
327,Trump,0,0,0,0,0,0,0,True,Top 10,5
328,Trump,0,0,0,0,0,0,0,True,Top 10,5
329,Trump,0,0,0,0,0,0,0,True,Top 10,5
330,Trump,0,0,0,0,0,0,0,True,Top 10,5
331,Trump,0,0,0,0,0,0,0,True,Top 10,5
332,Trump,0,0,0,0,0,0,0,True,Top 10,5
333,Trump,0,0,0,0,0,0,0,True,Top 10,5
334,Trump,0,0,0,0,0,0,0,True,Top 10,5
335,Trump,0,0,0,0,0,0,0,True,Top 10,5
336,Trump,0,0,0,0,0,0,0,True,Top 10,5
337,Trump,0,0,0,0,0,0,0,True,Top 10,5
338,Trump,0,0,0,0,0,0,0,True,Top 10,5
339,Trump,0,0,0,0,0,0,0,True,Top 10,5
340,Trump,1,1,1,1,0,1,0,True,Top 10,5
341,Trump,0,0,0,0,0,0,0,True,Top 10,5
342,Trump,0,0,0,0,0,0,0,True,Top 10,5
343,Trump,0,0,0,0,0,0,0,True,Top 10,5
344,Trump,1,1,3,3,0,3,0,True,Top 10,5
345,Trump,0,0,0,0,0,0,0,True,Top 10,5
346,Trump,2,2,3,3,0,3,0,True,Top 10,5
347,Trump,0,0,0,0,0,0,0,True,Top 10,5
348,Trump,1,1,1,1,0,1,0,True,Top 10,5
349,Trump,0,0,0,0,0,0,0,True,Top 10,5
350,Trump,0,0,0,0,0,0,0,True,Top 10,5
351,Trump,0,0,0,0,0,0,0,True,Top 10,5
352,Trump,0,0,0,0,0,0,0,True,Top 10,5
353,Trump,0,0,0,0,0,0,0,True,Top 10,5
354,Trump,0,0,0,0,0,0,0,True,Top 10,5
355,Trump,0,0,0,0,0,0,0,True,Top 10,5
356,Trump,0,0,0,0,0,0,0,True,Top 10,5
357,Trump,0,0,0,0,0,0,0,True,Top 10,5
358,Trump,1,1,1,1,0,1,0,True,Top 10,5
359,Trump,0,0,0,0,0,0,0,True,Top 10,5
360,Trump,0,0,0,0,0,0,0,True,Top 10,5
361,Trump,0,0,0,0,0,0,0,True,Top 10,5
362,Trump,0,0,0,0,0,0,0,True,Top 10,5
363,Trump,0,0,0,0,0,0,0,True,Top 10,5
364,Trump,0,0,0,0,0,0,0,True,Top 10,5
365,Trump,0,0,0,0,0,0,0,True,Top 10,5
366,Trump,0,0,0,0,0,0,0,True,Top 10,5
367,Trump,0,0,0,0,0,0,0,True,Top 10,5
368,Trump,0,0,0,0,0,0,0,True,Top 10,5
369,Trump,0,0,0,0,0,0,0,True,Top 10,5
370,Trump,0,0,0,0,0,0,0,True,Top 10,5
371,Trump,0,0,0,0,0,0,0,True,Top 10,5
372,Trump,0,0,0,0,0,0,0,True,Top 10,5
373,Trump,0,0,0,0,0,0,0,True,Top 10,5
374,Trump,0,0,0,0,0,0,0,True,Top 10,5
375,Trump,0,0,0,0,0,0,0,True,Top 10,5
376,Trump,0,0,0,0,0,0,0,True,Top 10,5
377,Trump,0,0,0,0,0,0,0,True,Top 10,5
378,Trump,0,0,0,0,0,0,0,True,Top 10,5
379,Trump,0,0,0,0,0,0,0,True,Top 10,5
380,Trump,0,0,0,0,0,0,0,True,Top 10,5
381,Trump,0,0,0,0,0,0,0,True,Top 10,5
382,Trump,0,0,0,0,0,0,0,True,Top 10,5
383,Trump,0,0,0,0,0,0,0,True,Top 10,5
384,Trump,0,0,0,0,0,0,0,True,Top 10,5
385,Trump,0,0,0,0,0,0,0,True,Top 10,5
386,Trump,1,1,1,1,0,1,0,True,Top 10,5
387,Trump,0,0,0,0,0,0,0,True,Top 10,5
388,Trump,0,0,0,0,0,0,0,True,Top 10,5
389,Trump,0,0,0,0,0,0,0,True,Top 10,5
390,Trump,0,0,0,0,0,0,0,True,Top 10,5
391,Trump,1,5,10,5,5,10,0,True,Top 10,5
392,Trump,0,0,0,0,0,0,0,True,Top 10,5
393,Trump,0,0,0,0,0,0,0,True,Top 10,5
394,Trump,0,0,0,0,0,0,0,True,Top 10,5
395,Trump,0,0,0,0,0,0,0,True,Top 10,5
396,Trump,0,0,0,0,0,0,0,True,Top 10,5
397,Trump,0,0,0,0,0,0,0,True,Top 10,5
398,Trump,1,1,1,1,0,1,0,True,Top 10,5
399,Trump,0,0,0,0,0,0,0,True,Top 10,5
400,Trump,0,0,0,0,0,0,0,True,Top 10,5
401,Trump,0,0,0,0,0,0,0,True,Top 10,5
402,Trump,0,0,0,0,0,0,0,True,Top 10,5
403,Trump,0,0,0,0,0,0,0,True,Top 10,5
404,Trump,0,0,0,0,0,0,0,True,Top 10,5
405,Trump,0,0,0,0,0,0,0,True,Top 10,5
406,Trump,0,0,0,0,0,0,0,True,Top 10,5
407,Trump,0,0,0,0,0,0,0,True,Top 10,5
408,Trump,1,1,2,2,0,2,0,True,Top 10,5
409,Trump,0,0,0,0,0,0,0,True,Top 10,5
410,Trump,0,0,0,0,0,0,0,True,Top 10,5
411,Trump,1,1,1,1,0,1,0,True,Top 10,5
412,Trump,0,0,0,0,0,0,0,True,Top 10,5
413,Trump,0,0,0,0,0,0,0,True,Top 10,5
414,Trump,0,0,0,0,0,0,0,True,Top 10,5
415,Trump,0,0,0,0,0,0,0,True,Top 10,5
416,Trump,0,0,0,0,0,0,0,True,Top 10,5
417,Trump,0,0,0,0,0,0,0,True,Top 10,5
418,Trump,1,1,1,1,0,1,0,True,Top 10,5
419,Trump,0,0,0,0,0,0,0,True,Top 10,5
420,Trump,0,0,0,0,0,0,0,True,Top 10,5
421,Trump,0,0,0,0,0,0,0,True,Top 10,5
422,Trump,0,0,0,0,0,0,0,True,Top 10,5
423,Trump,0,0,0,0,0,0,0,True,Top 10,5
424,Trump,1,1,3,3,0,3,0,True,Top 10,5
425,Trump,0,0,0,0,0,0,0,True,Top 10,5
426,Trump,0,0,0,0,0,0,0,True,Top 10,5
427,Trump,2,3,6,5,1,6,0,True,Top 10,5
428,Trump,0,0,0,0,0,0,0,True,Top 10,5
429,Trump,0,0,0,0,0,0,0,True,Top 10,5
430,Trump,1,1,3,3,0,3,0,True,Top 10,5
431,Trump,0,0,0,0,0,0,0,True,Top 10,5
432,Trump,0,0,0,0,0,0,0,True,Top 10,5
433,Trump,0,0,0,0,0,0,0,True,Top 10,5
434,Trump,0,0,0,0,0,0,0,True,Top 10,5
435,Trump,0,0,0,0,0,0,0,True,Top 10,5
436,Trump,0,0,0,0,0,0,0,True,Top 10,5
437,Trump,0,0,0,0,0,0,0,True,Top 10,5
438,Trump,0,0,0,0,0,0,0,True,Top 10,5
439,Trump,0,0,0,0,0,0,0,True,Top 10,5
440,Trump,0,0,0,0,0,0,0,True,Top 10,5
441,Trump,0,0,0,0,0,0,0,True,Top 10,5
442,Trump,0,0,0,0,0,0,0,True,Top 10,5
443,Trump,0,0,0,0,0,0,0,True,Top 10,5
444,Trump,0,0,0,0,0,0,0,True,Top 10,5
445,Harris,0,0,0,0,0,0,0,True,Top 10,5
446,Harris,1,1,1,1,0,1,0,True,Top 10,5
447,Harris,0,0,0,0,0,0,0,True,Top 10,5
448,Harris,0,0,0,0,0,0,0,True,Top 10,5
449,Harris,0,0,0,0,0,0,0,True,Top 10,5
450,Harris,0,0,0,0,0,0,0,True,Top 10,5
451,Harris,0,0,0,0,0,0,0,True,Top 10,5
452,Harris,1,1,14,14,0,14,0,True,Top 10,5
453,Harris,0,0,0,0,0,0,0,True,Top 10,5
454,Harris,0,0,0,0,0,0,0,True,Top 10,5
455,Harris,0,0,0,0,0,0,0,True,Top 10,5
456,Harris,0,0,0,0,0,0,0,True,Top 10,5
457,Harris,0,0,0,0,0,0,0,True,Top 10,5
458,Harris,0,0,0,0,0,0,0,True,Top 10,5
459,Harris,1,1,14,14,0,14,0,True,Top 10,5
460,Harris,0,0,0,0,0,0,0,True,Top 10,5
461,Harris,0,0,0,0,0,0,0,True,Top 10,5
462,Harris,0,0,0,0,0,0,0,True,Top 10,5
463,Harris,0,0,0,0,0,0,0,True,Top 10,5
464,Harris,0,0,0,0,0,0,0,True,Top 10,5
465,Harris,0,0,0,0,0,0,0,True,Top 10,5
466,Harris,0,0,0,0,0,0,0,True,Top 10,5
467,Harris,0,0,0,0,0,0,0,True,Top 10,5
468,Harris,0,0,0,0,0,0,0,True,Top 10,5
469,Harris,0,0,0,0,0,0,0,True,Top 10,5
470,Harris,1,1,14,14,0,14,0,True,Top 10,5
471,Harris,0,0,0,0,0,0,0,True,Top 10,5
472,Harris,0,0,0,0,0,0,0,True,Top 10,5
473,Harris,0,0,0,0,0,0,0,True,Top 10,5
474,Harris,0,0,0,0,0,0,0,True,Top 10,5
475,Harris,0,0,0,0,0,0,0,True,Top 10,5
476,Harris,0,0,0,0,0,0,0,True,Top 10,5
477,Harris,1,1,14,14,0,14,0,True,Top 10,5
478,Harris,0,0,0,0,0,0,0,True,Top 10,5
479,Harris,0,0,0,0,0,0,0,True,Top 10,5
480,Harris,0,0,0,0,0,0,0,True,Top 10,5
481,Harris,0,0,0,0,0,0,0,True,Top 10,5
482,Harris,0,0,0,0,0,0,0,True,Top 10,5
483,Harris,0,0,0,0,0,0,0,True,Top 10,5
484,Harris,0,0,0,0,0,0,0,True,Top 10,5
485,Harris,0,0,0,0,0,0,0,True,Top 10,5
486,Harris,0,0,0,0,0,0,0,True,Top 10,5
487,Harris,0,0,0,0,0,0,0,True,Top 10,5
488,Harris,1,1,14,14,0,14,0,True,Top 10,5
489,Harris,0,0,0,0,0,0,0,True,Top 10,5
490,Harris,0,0,0,0,0,0,0,True,Top 10,5
491,Harris,0,0,0,0,0,0,0,True,Top 10,5
492,Harris,0,0,0,0,0,0,0,True,Top 10,5
493,Harris,0,0,0,0,0,0,0,True,Top 10,5
494,Harris,0,0,0,0,0,0,0,True,Top 10,5
495,Harris,0,0,0,0,0,0,0,True,Top 10,5
496,Harris,0,0,0,0,0,0,0,True,Top 10,5
497,Harris,0,0,0,0,0,0,0,True,Top 10,5
498,Harris,0,0,0,0,0,0,0,True,Top 10,5
499,Harris,1,1,2,2,0,2,0,True,Top 10,5
500,Harris,1,1,14,14,0,14,0,True,Top 10,5
501,Harris,0,0,0,0,0,0,0,True,Top 10,5
502,Harris,0,0,0,0,0,0,0,True,Top 10,5
503,Harris,0,0,0,0,0,0,0,True,Top 10,5
504,Harris,0,0,0,0,0,0,0,True,Top 10,5
505,Harris,0,0,0,0,0,0,0,True,Top 10,5
506,Harris,0,0,0,0,0,0,0,True,Top 10,5
507,Harris,0,0,0,0,0,0,0,True,Top 10,5
508,Harris,0,0,0,0,0,0,0,True,Top 10,5
509,Harris,0,0,0,0,0,0,0,True,Top 10,5
510,Harris,0,0,0,0,0,0,0,True,Top 10,5
511,Harris,0,0,0,0,0,0,0,True,Top 10,5
512,Harris,0,0,0,0,0,0,0,True,Top 10,5
513,Harris,0,0,0,0,0,0,0,True,Top 10,5
514,Harris,0,0,0,0,0,0,0,True,Top 10,5
515,Harris,0,0,0,0,0,0,0,True,Top 10,5
516,Harris,0,0,0,0,0,0,0,True,Top 10,5
517,Harris,0,0,0,0,0,0,0,True,Top 10,5
518,Harris,0,0,0,0,0,0,0,True,Top 10,5
519,Harris,0,0,0,0,0,0,0,True,Top 10,5
520,Harris,0,0,0,0,0,0,0,True,Top 10,5
521,Harris,0,0,0,0,0,0,0,True,Top 10,5
522,Harris,0,0,0,0,0,0,0,True,Top 10,5
523,Harris,0,0,0,0,0,0,0,True,Top 10,5
524,Harris,0,0,0,0,0,0,0,True,Top 10,5
525,Harris,1,1,14,14,0,14,0,True,Top 10,5
526,Harris,0,0,0,0,0,0,0,True,Top 10,5
527,Harris,0,0,0,0,0,0,0,True,Top 10,5
528,Harris,0,0,0,0,0,0,0,True,Top 10,5
529,Harris,0,0,0,0,0,0,0,True,Top 10,5
530,Harris,0,0,0,0,0,0,0,True,Top 10,5
531,Harris,1,1,14,14,0,14,0,True,Top 10,5
532,Harris,0,0,0,0,0,0,0,True,Top 10,5
533,Harris,0,0,0,0,0,0,0,True,Top 10,5
534,Harris,0,0,0,0,0,0,0,True,Top 10,5
535,Harris,0,0,0,0,0,0,0,True,Top 10,5
536,Harris,0,0,0,0,0,0,0,True,Top 10,5
537,Harris,0,0,0,0,0,0,0,True,Top 10,5
538,Harris,0,0,0,0,0,0,0,True,Top 10,5
539,Harris,0,0,0,0,0,0,0,True,Top 10,5
540,Harris,0,0,0,0,0,0,0,True,Top 10,5
541,Harris,0,0,0,0,0,0,0,True,Top 10,5
542,Harris,0,0,0,0,0,0,0,True,Top 10,5
543,Harris,0,0,0,0,0,0,0,True,Top 10,5
544,Harris,0,0,0,0,0,0,0,True,Top 10,5
545,Harris,1,1,2,2,0,2,0,True,Top 10,5
546,Harris,1,1,14,14,0,14,0,True,Top 10,5
547,Harris,0,0,0,0,0,0,0,True,Top 10,5
548,Harris,0,0,0,0,0,0,0,True,Top 10,5
549,Harris,0,0,0,0,0,0,0,True,Top 10,5
550,Harris,0,0,0,0,0,0,0,True,Top 10,5
551,Harris,0,0,0,0,0,0,0,True,Top 10,5
552,Harris,0,0,0,0,0,0,0,True,Top 10,5
553,Harris,0,0,0,0,0,0,0,True,Top 10,5
554,Harris,0,0,0,0,0,0,0,True,Top 10,5
555,Harris,0,0,0,0,0,0,0,True,Top 10,5
556,Harris,0,0,0,0,0,0,0,True,Top 10,5
557,Harris,0,0,0,0,0,0,0,True,Top 10,5
558,Harris,0,0,0,0,0,0,0,True,Top 10,5
559,Harris,0,0,0,0,0,0,0,True,Top 10,5
560,Harris,0,0,0,0,0,0,0,True,Top 10,5
561,Harris,0,0,0,0,0,0,0,True,Top 10,5
562,Harris,0,0,0,0,0,0,0,True,Top 10,5
563,Harris,0,0,0,0,0,0,0,True,Top 10,5
564,Harris,0,0,0,0,0,0,0,True,Top 10,5
565,Harris,0,0,0,0,0,0,0,True,Top 10,5
566,Harris,0,0,0,0,0,0,0,True,Top 10,5
567,Harris,0,0,0,0,0,0,0,True,Top 10,5
568,Harris,0,0,0,0,0,0,0,True,Top 10,5
569,Harris,0,0,0,0,0,0,0,True,Top 10,5
570,Harris,0,0,0,0,0,0,0,True,Top 10,5
571,Harris,0,0,0,0,0,0,0,True,Top 10,5
572,Harris,0,0,0,0,0,0,0,True,Top 10,5
573,Harris,0,0,0,0,0,0,0,True,Top 10,5
574,Harris,0,0,0,0,0,0,0,True,Top 10,5
575,Harris,0,0,0,0,0,0,0,True,Top 10,5
576,Harris,0,0,0,0,0,0,0,True,Top 10,5
577,Harris,0,0,0,0,0,0,0,True,Top 10,5
578,Harris,0,0,0,0,0,0,0,True,Top 10,5
579,Harris,0,0,0,0,0,0,0,True,Top 10,5
580,Harris,0,0,0,0,0,0,0,True,Top 10,5
581,Harris,1,1,4,4,0,4,0,True,Top 10,5
582,Harris,0,0,0,0,0,0,0,True,Top 10,5
583,Harris,0,0,0,0,0,0,0,True,Top 10,5
584,Harris,0,0,0,0,0,0,0,True,Top 10,5
585,Harris,0,0,0,0,0,0,0,True,Top 10,5
586,Harris,1,1,14,14,0,14,0,True,Top 10,5
587,Harris,0,0,0,0,0,0,0,True,Top 10,5
588,Harris,0,0,0,0,0,0,0,True,Top 10,5
589,Harris,0,0,0,0,0,0,0,True,Top 10,5
590,Harris,0,0,0,0,0,0,0,True,Top 10,5
591,Harris,0,0,0,0,0,0,0,True,Top 10,5
592,Harris,0,0,0,0,0,0,0,True,Top 10,5
593,Harris,0,0,0,0,0,0,0,True,Top 10,5
594,Harris,0,0,0,0,0,0,0,True,Top 10,5
595,Harris,0,0,0,0,0,0,0,True,Top 10,5
596,Harris,0,0,0,0,0,0,0,True,Top 10,5
597,Harris,0,0,0,0,0,0,0,True,Top 10,5
598,Harris,0,0,0,0,0,0,0,True,Top 10,5
599,Harris,0,0,0,0,0,0,0,True,Top 10,5
600,Harris,0,0,0,0,0,0,0,True,Top 10,5
601,Harris,1,1,2,2,0,2,0,True,Top 10,5
602,Harris,0,0,0,0,0,0,0,True,Top 10,5
603,Harris,0,0,0,0,0,0,0,True,Top 10,5
604,Harris,0,0,0,0,0,0,0,True,Top 10,5
605,Harris,0,0,0,0,0,0,0,True,Top 10,5
606,Harris,0,0,0,0,0,0,0,True,Top 10,5
607,Harris,0,0,0,0,0,0,0,True,Top 10,5
608,Harris,0,0,0,0,0,0,0,True,Top 10,5
609,Harris,0,0,0,0,0,0,0,True,Top 10,5
610,Harris,0,0,0,0,0,0,0,True,Top 10,5
611,Harris,0,0,0,0,0,0,0,True,Top 10,5
612,Harris,0,0,0,0,0,0,0,True,Top 10,5
613,Harris,0,0,0,0,0,0,0,True,Top 10,5
614,Harris,0,0,0,0,0,0,0,True,Top 10,5
615,Harris,0,0,0,0,0,0,0,True,Top 10,5
616,Harris,0,0,0,0,0,0,0,True,Top 10,5
617,Harris,0,0,0,0,0,0,0,True,Top 10,5
618,Harris,0,0,0,0,0,0,0,True,Top 10,5
619,Harris,0,0,0,0,0,0,0,True,Top 10,5
620,Harris,0,0,0,0,0,0,0,True,Top 10,5
621,Harris,0,0,0,0,0,0,0,True,Top 10,5
622,Harris,0,0,0,0,0,0,0,True,Top 10,5
623,Harris,0,0,0,0,0,0,0,True,Top 10,5
624,Harris,0,0,0,0,0,0,0,True,Top 10,5
625,Harris,0,0,0,0,0,0,0,True,Top 10,5
626,Harris,0,0,0,0,0,0,0,True,Top 10,5
627,Harris,0,0,0,0,0,0,0,True,Top 10,5
628,Harris,0,0,0,0,0,0,0,True,Top 10,5
629,Harris,0,0,0,0,0,0,0,True,Top 10,5
630,Harris,0,0,0,0,0,0,0,True,Top 10,5
631,Harris,0,0,0,0,0,0,0,True,Top 10,5
632,Harris,0,0,0,0,0,0,0,True,Top 10,5
633,Harris,0,0,0,0,0,0,0,True,Top 10,5
634,Harris,0,0,0,0,0,0,0,True,Top 10,5
635,Harris,0,0,0,0,0,0,0,True,Top 10,5
636,Harris,0,0,0,0,0,0,0,True,Top 10,5
637,Harris,0,0,0,0,0,0,0,True,Top 10,5
638,Harris,0,0,0,0,0,0,0,True,Top 10,5
639,Harris,0,0,0,0,0,0,0,True,Top 10,5
640,Harris,0,0,0,0,0,0,0,True,Top 10,5
641,Harris,0,0,0,0,0,0,0,True,Top 10,5
642,Harris,0,0,0,0,0,0,0,True,Top 10,5
643,Harris,0,0,0,0,0,0,0,True,Top 10,5
644,Harris,0,0,0,0,0,0,0,True,Top 10,5
645,Harris,0,0,0,0,0,0,0,True,Top 10,5
646,Harris,0,0,0,0,0,0,0,True,Top 10,5
647,Harris,0,0,0,0,0,0,0,True,Top 10,5
648,Harris,0,0,0,0,0,0,0,True,Top 10,5
649,Harris,0,0,0,0,0,0,0,True,Top 10,5
650,Harris,0,0,0,0,0,0,0,True,Top 10,5
651,Harris,0,0,0,0,0,0,0,True,Top 10,5
652,Harris,0,0,0,0,0,0,0,True,Top 10,5
653,Harris,0,0,0,0,0,0,0,True,Top 10,5
654,Harris,0,0,0,0,0,0,0,True,Top 10,5
655,Harris,0,0,0,0,0,0,0,True,Top 10,5
656,Harris,1,1,14,14,0,14,0,True,Top 10,5
657,Harris,0,0,0,0,0,0,0,True,Top 10,5
658,Harris,0,0,0,0,0,0,0,True,Top 10,5
659,Harris,0,0,0,0,0,0,0,True,Top 10,5
660,Harris,0,0,0,0,0,0,0,True,Top 10,5
661,Harris,1,1,1,1,0,1,0,True,Top 10,5
662,Harris,0,0,0,0,0,0,0,True,Top 10,5
663,Harris,1,1,3,3,0,3,0,True,Top 10,5
664,Harris,0,0,0,0,0,0,0,True,Top 10,5
665,Harris,0,0,0,0,0,0,0,True,Top 10,5
666,Harris,0,0,0,0,0,0,0,True,Top 10,5
667,Harris,0,0,0,0,0,0,0,True,Top 10,5
668,Harris,0,0,0,0,0,0,0,True,Top 10,5
669,Harris,0,0,0,0,0,0,0,True,Top 10,5
670,Harris,0,0,0,0,0,0,0,True,Top 10,5
671,Harris,0,0,0,0,0,0,0,True,Top 10,5
672,Harris,0,0,0,0,0,0,0,True,Top 10,5
673,Harris,0,0,0,0,0,0,0,True,Top 10,5
674,Harris,0,0,0,0,0,0,0,True,Top 10,5
675,Harris,0,0,0,0,0,0,0,True,Top 10,5
676,Harris,0,0,0,0,0,0,0,True,Top 10,5
677,Harris,0,0,0,0,0,0,0,True,Top 10,5
678,Harris,0,0,0,0,0,0,0,True,Top 10,5
679,Harris,0,0,0,0,0,0,0,True,Top 10,5
680,Harris,0,0,0,0,0,0,0,True,Top 10,5
681,Harris,0,0,0,0,0,0,0,True,Top 10,5
682,Harris,0,0,0,0,0,0,0,True,Top 10,5
683,Harris,0,0,0,0,0,0,0,True,Top 10,5
684,Harris,0,0,0,0,0,0,0,True,Top 10,5
685,Harris,0,0,0,0,0,0,0,True,Top 10,5
686,Harris,0,0,0,0,0,0,0,True,Top 10,5
687,Harris,0,0,0,0,0,0,0,True,Top 10,5
688,Harris,0,0,0,0,0,0,0,True,Top 10,5
689,Harris,0,0,0,0,0,0,0,True,Top 10,5
690,Harris,0,0,0,0,0,0,0,True,Top 10,5
691,Harris,0,0,0,0,0,0,0,True,Top 10,5
692,Harris,0,0,0,0,0,0,0,True,Top 10,5
693,Harris,0,0,0,0,0,0,0,True,Top 10,5
694,Harris,0,0,0,0,0,0,0,True,Top 10,5
695,Harris,1,1,14,14,0,14,0,True,Top 10,5
696,Harris,0,0,0,0,0,0,0,True,Top 10,5
697,Harris,0,0,0,0,0,0,0,True,Top 10,5
698,Harris,0,0,0,0,0,0,0,True,Top 10,5
699,Harris,0,0,0,0,0,0,0,True,Top 10,5
700,Harris,0,0,0,0,0,0,0,True,Top 10,5
701,Harris,0,0,0,0,0,0,0,True,Top 10,5
702,Harris,0,0,0,0,0,0,0,True,Top 10,5
703,Harris,0,0,0,0,0,0,0,True,Top 10,5
704,Harris,0,0,0,0,0,0,0,True,Top 10,5
705,Harris,0,0,0,0,0,0,0,True,Top 10,5
706,Harris,0,0,0,0,0,0,0,True,Top 10,5
707,Harris,0,0,0,0,0,0,0,True,Top 10,5
708,Harris,0,0,0,0,0,0,0,True,Top 10,5
709,Harris,0,0,0,0,0,0,0,True,Top 10,5
710,Harris,0,0,0,0,0,0,0,True,Top 10,5
711,Harris,0,0,0,0,0,0,0,True,Top 10,5
712,Harris,0,0,0,0,0,0,0,True,Top 10,5
713,Harris,0,0,0,0,0,0,0,True,Top 10,5
714,Harris,0,0,0,0,0,0,0,True,Top 10,5
715,Harris,0,0,0,0,0,0,0,True,Top 10,5
716,Harris,0,0,0,0,0,0,0,True,Top 10,5
717,Harris,0,0,0,0,0,0,0,True,Top 10,5
718,Harris,0,0,0,0,0,0,0,True,Top 10,5
719,Harris,0,0,0,0,0,0,0,True,Top 10,5
720,Harris,0,0,0,0,0,0,0,True,Top 10,5
721,Harris,0,0,0,0,0,0,0,True,Top 10,5
722,Harris,0,0,0,0,0,0,0,True,Top 10,5
723,Harris,0,0,0,0,0,0,0,True,Top 10,5
724,Harris,1,1,14,14,0,14,0,True,Top 10,5
725,Harris,0,0,0,0,0,0,0,True,Top 10,5
726,Harris,0,0,0,0,0,0,0,True,Top 10,5
727,Harris,0,0,0,0,0,0,0,True,Top 10,5
728,Harris,0,0,0,0,0,0,0,True,Top 10,5
729,Harris,0,0,0,0,0,0,0,True,Top 10,5
730,Harris,0,0,0,0,0,0,0,True,Top 10,5
731,Harris,0,0,0,0,0,0,0,True,Top 10,5
732,Harris,0,0,0,0,0,0,0,True,Top 10,5
733,Harris,0,0,0,0,0,0,0,True,Top 10,5
734,Harris,0,0,0,0,0,0,0,True,Top 10,5
735,Harris,0,0,0,0,0,0,0,True,Top 10,5
736,Harris,1,1,2,2,0,2,0,True,Top 10,5
737,Harris,0,0,0,0,0,0,0,True,Top 10,5
738,Harris,0,0,0,0,0,0,0,True,Top 10,5
739,Harris,0,0,0,0,0,0,0,True,Top 10,5
740,Harris,0,0,0,0,0,0,0,True,Top 10,5
741,Harris,0,0,0,0,0,0,0,True,Top 10,5
742,Harris,0,0,0,0,0,0,0,True,Top 10,5
743,Harris,0,0,0,0,0,0,0,True,Top 10,5
744,Harris,0,0,0,0,0,0,0,True,Top 10,5
745,Harris,0,0,0,0,0,0,0,True,Top 10,5
746,Harris,0,0,0,0,0,0,0,True,Top 10,5
747,Harris,0,0,0,0,0,0,0,True,Top 10,5
748,Harris,0,0,0,0,0,0,0,True,Top 10,5
749,Harris,0,0,0,0,0,0,0,True,Top 10,5
750,Harris,0,0,0,0,0,0,0,True,Top 10,5
751,Harris,1,1,2,2,0,2,0,True,Top 10,5
752,Harris,0,0,0,0,0,0,0,True,Top 10,5
753,Harris,1,1,2,2,0,2,0,True,Top 10,5
754,Harris,0,0,0,0,0,0,0,True,Top 10,5
755,Harris,0,0,0,0,0,0,0,True,Top 10,5
756,Harris,0,0,0,0,0,0,0,True,Top 10,5
757,Harris,1,1,1,1,0,1,0,True,Top 10,5
758,Harris,0,0,0,0,0,0,0,True,Top 10,5
759,Harris,0,0,0,0,0,0,0,True,Top 10,5
760,Harris,0,0,0,0,0,0,0,True,Top 10,5
761,Harris,0,0,0,0,0,0,0,True,Top 10,5
762,Harris,0,0,0,0,0,0,0,True,Top 10,5
763,Harris,0,0,0,0,0,0,0,True,Top 10,5
764,Harris,0,0,0,0,0,0,0,True,Top 10,5
765,Harris,0,0,0,0,0,0,0,True,Top 10,5
766,Harris,1,1,14,14,0,14,0,True,Top 10,5
767,Harris,0,0,0,0,0,0,0,True,Top 10,5
768,Harris,0,0,0,0,0,0,0,True,Top 10,5
769,Harris,2,2,4,4,0,4,0,True,Top 10,5
770,Harris,0,0,0,0,0,0,0,True,Top 10,5
771,Harris,0,0,0,0,0,0,0,True,Top 10,5
772,Harris,2,2,4,4,0,4,0,True,Top 10,5
773,Harris,0,0,0,0,0,0,0,True,Top 10,5
774,Harris,0,0,0,0,0,0,0,True,Top 10,5
775,Harris,0,0,0,0,0,0,0,True,Top 10,5
776,Harris,0,0,0,0,0,0,0,True,Top 10,5
777,Harris,0,0,0,0,0,0,0,True,Top 10,5
778,Harris,0,0,0,0,0,0,0,True,Top 10,5
779,Harris,0,0,0,0,0,0,0,True,Top 10,5
780,Harris,0,0,0,0,0,0,0,True,Top 10,5
781,Harris,0,0,0,0,0,0,0,True,Top 10,5
782,Harris,0,0,0,0,0,0,0,True,Top 10,5
783,Harris,0,0,0,0,0,0,0,True,Top 10,5
784,Harris,0,0,0,0,0,0,0,True,Top 10,5
785,Harris,0,0,0,0,0,0,0,True,Top 10,5
786,Harris,0,0,0,0,0,0,0,True,Top 10,5
787,Harris,0,0,0,0,0,0,0,True,Top 10,5
788,Harris,0,0,0,0,0,0,0,True,Top 10,5
789,Harris,0,0,0,0,0,0,0,True,Top 10,5
790,Harris,0,0,0,0,0,0,0,True,Top 10,5
791,Harris,0,0,0,0,0,0,0,True,Top 10,5
792,Harris,0,0,0,0,0,0,0,True,Top 10,5
793,Harris,2,2,3,3,0,3,0,True,Top 10,5
794,Harris,0,0,0,0,0,0,0,True,Top 10,5
795,Harris,0,0,0,0,0,0,0,True,Top 10,5
796,Harris,0,0,0,0,0,0,0,True,Top 10,5
797,Harris,0,0,0,0,0,0,0,True,Top 10,5
798,Harris,0,0,0,0,0,0,0,True,Top 10,5
799,Harris,0,0,0,0,0,0,0,True,Top 10,5
800,Harris,1,1,2,2,0,2,0,True,Top 10,5
801,Harris,0,0,0,0,0,0,0,True,Top 10,5
802,Harris,0,0,0,0,0,0,0,True,Top 10,5
803,Harris,0,0,0,0,0,0,0,True,Top 10,5
804,Harris,0,0,0,0,0,0,0,True,Top 10,5
805,Harris,0,0,0,0,0,0,0,True,Top 10,5
806,Harris,0,0,0,0,0,0,0,True,Top 10,5
807,Harris,0,0,0,0,0,0,0,True,Top 10,5
808,Harris,0,0,0,0,0,0,0,True,Top 10,5
809,Harris,1,1,2,2,0,2,0,True,Top 10,5
810,Harris,0,0,0,0,0,0,0,True,Top 10,5
811,Harris,0,0,0,0,0,0,0,True,Top 10,5
812,Harris,0,0,0,0,0,0,0,True,Top 10,5
813,Harris,0,0,0,0,0,0,0,True,Top 10,5
814,Harris,0,0,0,0,0,0,0,True,Top 10,5
815,Harris,0,0,0,0,0,0,0,True,Top 10,5
816,Harris,0,0,0,0,0,0,0,True,Top 10,5
817,Harris,2,2,4,4,0,4,0,True,Top 10,5
818,Harris,0,0,0,0,0,0,0,True,Top 10,5
819,Harris,0,0,0,0,0,0,0,True,Top 10,5
820,Harris,0,0,0,0,0,0,0,True,Top 10,5
821,Harris,0,0,0,0,0,0,0,True,Top 10,5
822,Harris,0,0,0,0,0,0,0,True,Top 10,5
823,Harris,0,0,0,0,0,0,0,True,Top 10,5
824,Harris,0,0,0,0,0,0,0,True,Top 10,5
825,Harris,1,1,14,14,0,14,0,True,Top 10,5
826,Harris,0,0,0,0,0,0,0,True,Top 10,5
827,Harris,0,0,0,0,0,0,0,True,Top 10,5
828,Harris,0,0,0,0,0,0,0,True,Top 10,5
829,Harris,1,1,2,2,0,2,0,True,Top 10,5
830,Harris,0,0,0,0,0,0,0,True,Top 10,5
831,Harris,0,0,0,0,0,0,0,True,Top 10,5
832,Harris,1,1,2,2,0,2,0,True,Top 10,5
833,Harris,0,0,0,0,0,0,0,True,Top 10,5
834,Harris,0,0,0,0,0,0,0,True,Top 10,5
835,Harris,0,0,0,0,0,0,0,True,Top 10,5
836,Harris,0,0,0,0,0,0,0,True,Top 10,5
837,Harris,0,0,0,0,0,0,0,True,Top 10,5
838,Harris,0,0,0,0,0,0,0,True,Top 10,5
839,Harris,0,0,0,0,0,0,0,True,Top 10,5
840,Harris,0,0,0,0,0,0,0,True,Top 10,5
841,Harris,1,1,14,14,0,14,0,True,Top 10,5
842,Harris,0,0,0,0,0,0,0,True,Top 10,5
843,Harris,0,0,0,0,0,0,0,True,Top 10,5
844,Harris,0,0,0,0,0,0,0,True,Top 10,5
845,Harris,0,0,0,0,0,0,0,True,Top 10,5
846,Harris,0,0,0,0,0,0,0,True,Top 10,5
847,Harris,0,0,0,0,0,0,0,True,Top 10,5
848,Harris,0,0,0,0,0,0,0,True,Top 10,5
849,Harris,1,1,1,1,0,1,0,True,Top 10,5
850,Harris,0,0,0,0,0,0,0,True,Top 10,5
851,Harris,0,0,0,0,0,0,0,True,Top 10,5
852,Harris,0,0,0,0,0,0,0,True,Top 10,5
853,Harris,0,0,0,0,0,0,0,True,Top 10,5
854,Harris,1,1,2,2,0,2,0,True,Top 10,5
855,Harris,1,1,2,2,0,2,0,True,Top 10,5
856,Harris,1,1,3,3,0,3,0,True,Top 10,5
857,Harris,0,0,0,0,0,0,0,True,Top 10,5
858,Harris,2,2,4,4,0,4,0,True,Top 10,5
859,Harris,1,1,1,1,0,1,0,True,Top 10,5
860,Harris,0,0,0,0,0,0,0,True,Top 10,5
861,Harris,0,0,0,0,0,0,0,True,Top 10,5
862,Harris,1,1,2,2,0,2,0,True,Top 10,5
863,Harris,2,2,2,2,0,2,0,True,Top 10,5
864,Harris,0,0,0,0,0,0,0,True,Top 10,5
865,Harris,1,1,1,1,0,1,0,True,Top 10,5
866,Harris,1,1,2,2,0,2,0,True,Top 10,5
867,Harris,0,0,0,0,0,0,0,True,Top 10,5
868,Harris,2,2,5,5,0,5,0,True,Top 10,5
869,Harris,0,0,0,0,0,0,0,True,Top 10,5
870,Harris,0,0,0,0,0,0,0,True,Top 10,5
871,Harris,0,0,0,0,0,0,0,True,Top 10,5
872,Harris,0,0,0,0,0,0,0,True,Top 10,5
873,Harris,0,0,0,0,0,0,0,True,Top 10,5
874,Harris,0,0,0,0,0,0,0,True,Top 10,5
875,Harris,0,0,0,0,0,0,0,True,Top 10,5
876,Harris,0,0,0,0,0,0,0,True,Top 10,5
877,Harris,0,0,0,0,0,0,0,True,Top 10,5
878,Harris,0,0,0,0,0,0,0,True,Top 10,5
879,Harris,0,0,0,0,0,0,0,True,Top 10,5
880,Harris,0,0,0,0,0,0,0,True,Top 10,5
881,Harris,0,0,0,0,0,0,0,True,Top 10,5
882,Harris,1,1,4,4,0,4,0,True,Top 10,5
883,Harris,0,0,0,0,0,0,0,True,Top 10,5
884,Harris,0,0,0,0,0,0,0,True,Top 10,5
885,Harris,0,0,0,0,0,0,0,True,Top 10,5
886,Harris,0,0,0,0,0,0,0,True,Top 10,5
887,Harris,0,0,0,0,0,0,0,True,Top 10,5
888,Harris,0,0,0,0,0,0,0,True,Top 10,5
889,Harris,1,1,2,2,0,2,0,True,Top 10,5
0,Trump,1,4,10,5,5,10,0,True,Top 25,1
1,Trump,0,0,0,0,0,0,0,True,Top 25,1
2,Trump,1,1,1,1,0,1,0,True,Top 25,1
3,Trump,0,0,0,0,0,0,0,True,Top 25,1
4,Trump,0,0,0,0,0,0,0,True,Top 25,1
5,Trump,0,0,0,0,0,0,0,True,Top 25,1
6,Trump,1,1,1,1,0,1,0,True,Top 25,1
7,Trump,1,5,10,5,5,10,0,True,Top 25,1
8,Trump,0,0,0,0,0,0,0,True,Top 25,1
9,Trump,0,0,0,0,0,0,0,True,Top 25,1
10,Trump,0,0,0,0,0,0,0,True,Top 25,1
11,Trump,0,0,0,0,0,0,0,True,Top 25,1
12,Trump,0,0,0,0,0,0,0,True,Top 25,1
13,Trump,1,1,1,1,0,1,0,True,Top 25,1
14,Trump,1,1,1,1,0,1,0,True,Top 25,1
15,Trump,1,4,10,5,5,10,0,True,Top 25,1
16,Trump,1,4,10,5,5,10,0,True,Top 25,1
17,Trump,0,0,0,0,0,0,0,True,Top 25,1
18,Trump,1,1,1,1,0,1,0,True,Top 25,1
19,Trump,1,5,10,5,5,10,0,True,Top 25,1
20,Trump,0,0,0,0,0,0,0,True,Top 25,1
21,Trump,0,0,0,0,0,0,0,True,Top 25,1
22,Trump,1,1,1,1,0,1,0,True,Top 25,1
23,Trump,0,0,0,0,0,0,0,True,Top 25,1
24,Trump,0,0,0,0,0,0,0,True,Top 25,1
25,Trump,1,3,10,5,5,10,0,True,Top 25,1
26,Trump,0,0,0,0,0,0,0,True,Top 25,1
27,Trump,0,0,0,0,0,0,0,True,Top 25,1
28,Trump,0,0,0,0,0,0,0,True,Top 25,1
29,Trump,0,0,0,0,0,0,0,True,Top 25,1
30,Trump,0,0,0,0,0,0,0,True,Top 25,1
31,Trump,0,0,0,0,0,0,0,True,Top 25,1
32,Trump,1,1,1,1,0,1,0,True,Top 25,1
33,Trump,1,4,10,5,5,10,0,True,Top 25,1
34,Trump,1,1,1,1,0,1,0,True,Top 25,1
35,Trump,1,1,1,1,0,1,0,True,Top 25,1
36,Trump,1,1,1,1,0,1,0,True,Top 25,1
37,Trump,0,0,0,0,0,0,0,True,Top 25,1
38,Trump,0,0,0,0,0,0,0,True,Top 25,1
39,Trump,0,0,0,0,0,0,0,True,Top 25,1
40,Trump,0,0,0,0,0,0,0,True,Top 25,1
41,Trump,0,0,0,0,0,0,0,True,Top 25,1
42,Trump,1,1,1,1,0,1,0,True,Top 25,1
43,Trump,0,0,0,0,0,0,0,True,Top 25,1
44,Trump,0,0,0,0,0,0,0,True,Top 25,1
45,Trump,0,0,0,0,0,0,0,True,Top 25,1
46,Trump,0,0,0,0,0,0,0,True,Top 25,1
47,Trump,0,0,0,0,0,0,0,True,Top 25,1
48,Trump,2,2,5,5,0,5,0,True,Top 25,1
49,Trump,0,0,0,0,0,0,0,True,Top 25,1
50,Trump,0,0,0,0,0,0,0,True,Top 25,1
51,Trump,0,0,0,0,0,0,0,True,Top 25,1
52,Trump,1,1,1,1,0,1,0,True,Top 25,1
53,Trump,1,6,15,3,12,15,0,True,Top 25,1
54,Trump,1,1,4,4,0,4,0,True,Top 25,1
55,Trump,1,1,1,1,0,1,0,True,Top 25,1
56,Trump,0,0,0,0,0,0,0,True,Top 25,1
57,Trump,0,0,0,0,0,0,0,True,Top 25,1
58,Trump,1,3,10,5,5,10,0,True,Top 25,1
59,Trump,1,3,10,5,5,10,0,True,Top 25,1
60,Trump,0,0,0,0,0,0,0,True,Top 25,1
61,Trump,0,0,0,0,0,0,0,True,Top 25,1
62,Trump,0,0,0,0,0,0,0,True,Top 25,1
63,Trump,0,0,0,0,0,0,0,True,Top 25,1
64,Trump,0,0,0,0,0,0,0,True,Top 25,1
65,Trump,0,0,0,0,0,0,0,True,Top 25,1
66,Trump,0,0,0,0,0,0,0,True,Top 25,1
67,Trump,1,1,1,1,0,1,0,True,Top 25,1
68,Trump,1,5,10,5,5,10,0,True,Top 25,1
69,Trump,0,0,0,0,0,0,0,True,Top 25,1
70,Trump,0,0,0,0,0,0,0,True,Top 25,1
71,Trump,0,0,0,0,0,0,0,True,Top 25,1
72,Trump,0,0,0,0,0,0,0,True,Top 25,1
73,Trump,0,0,0,0,0,0,0,True,Top 25,1
74,Trump,0,0,0,0,0,0,0,True,Top 25,1
75,Trump,0,0,0,0,0,0,0,True,Top 25,1
76,Trump,1,1,1,1,0,1,0,True,Top 25,1
77,Trump,0,0,0,0,0,0,0,True,Top 25,1
78,Trump,1,1,4,4,0,4,0,True,Top 25,1
79,Trump,0,0,0,0,0,0,0,True,Top 25,1
80,Trump,0,0,0,0,0,0,0,True,Top 25,1
81,Trump,0,0,0,0,0,0,0,True,Top 25,1
82,Trump,1,1,1,1,0,1,0,True,Top 25,1
83,Trump,0,0,0,0,0,0,0,True,Top 25,1
84,Trump,1,1,1,1,0,1,0,True,Top 25,1
85,Trump,0,0,0,0,0,0,0,True,Top 25,1
86,Trump,1,6,10,5,5,10,0,True,Top 25,1
87,Trump,0,0,0,0,0,0,0,True,Top 25,1
88,Trump,1,1,2,2,0,2,0,True,Top 25,1
89,Trump,0,0,0,0,0,0,0,True,Top 25,1
90,Trump,0,0,0,0,0,0,0,True,Top 25,1
91,Trump,1,1,1,1,0,1,0,True,Top 25,1
92,Trump,0,0,0,0,0,0,0,True,Top 25,1
93,Trump,2,2,2,2,0,2,0,True,Top 25,1
94,Trump,0,0,0,0,0,0,0,True,Top 25,1
95,Trump,1,1,1,1,0,1,0,True,Top 25,1
96,Trump,0,0,0,0,0,0,0,True,Top 25,1
97,Trump,2,3,11,6,5,11,0,True,Top 25,1
98,Trump,1,5,10,5,5,10,0,True,Top 25,1
99,Trump,2,4,5,3,2,5,0,True,Top 25,1
100,Trump,0,0,0,0,0,0,0,True,Top 25,1
101,Trump,1,1,1,1,0,1,0,True,Top 25,1
102,Trump,0,0,0,0,0,0,0,True,Top 25,1
103,Trump,1,1,2,2,0,2,0,True,Top 25,1
104,Trump,1,3,10,5,5,10,0,True,Top 25,1
105,Trump,0,0,0,0,0,0,0,True,Top 25,1
106,Trump,1,1,1,1,0,1,0,True,Top 25,1
107,Trump,0,0,0,0,0,0,0,True,Top 25,1
108,Trump,2,2,3,3,0,3,0,True,Top 25,1
109,Trump,0,0,0,0,0,0,0,True,Top 25,1
110,Trump,0,0,0,0,0,0,0,True,Top 25,1
111,Trump,0,0,0,0,0,0,0,True,Top 25,1
112,Trump,2,2,3,3,0,3,0,True,Top 25,1
113,Trump,2,2,3,3,0,3,0,True,Top 25,1
114,Trump,1,4,9,3,6,9,0,True,Top 25,1
115,Trump,0,0,0,0,0,0,0,True,Top 25,1
116,Trump,1,1,1,1,0,1,0,True,Top 25,1
117,Trump,2,2,4,4,0,4,0,True,Top 25,1
118,Trump,0,0,0,0,0,0,0,True,Top 25,1
119,Trump,0,0,0,0,0,0,0,True,Top 25,1
120,Trump,3,3,9,9,0,9,0,True,Top 25,1
121,Trump,0,0,0,0,0,0,0,True,Top 25,1
122,Trump,0,0,0,0,0,0,0,True,Top 25,1
123,Trump,0,0,0,0,0,0,0,True,Top 25,1
124,Trump,1,1,1,1,0,1,0,True,Top 25,1
125,Trump,0,0,0,0,0,0,0,True,Top 25,1
126,Trump,2,2,2,2,0,2,0,True,Top 25,1
127,Trump,4,4,8,8,0,8,0,True,Top 25,1
128,Trump,0,0,0,0,0,0,0,True,Top 25,1
129,Trump,0,0,0,0,0,0,0,True,Top 25,1
130,Trump,0,0,0,0,0,0,0,True,Top 25,1
131,Trump,0,0,0,0,0,0,0,True,Top 25,1
132,Trump,0,0,0,0,0,0,0,True,Top 25,1
133,Trump,0,0,0,0,0,0,0,True,Top 25,1
134,Trump,2,2,2,2,0,2,0,True,Top 25,1
135,Trump,0,0,0,0,0,0,0,True,Top 25,1
136,Trump,0,0,0,0,0,0,0,True,Top 25,1
137,Trump,0,0,0,0,0,0,0,True,Top 25,1
138,Trump,0,0,0,0,0,0,0,True,Top 25,1
139,Trump,0,0,0,0,0,0,0,True,Top 25,1
140,Trump,2,2,3,3,0,3,0,True,Top 25,1
141,Trump,0,0,0,0,0,0,0,True,Top 25,1
142,Trump,1,1,1,1,0,1,0,True,Top 25,1
143,Trump,0,0,0,0,0,0,0,True,Top 25,1
144,Trump,1,1,1,1,0,1,0,True,Top 25,1
145,Trump,0,0,0,0,0,0,0,True,Top 25,1
146,Trump,0,0,0,0,0,0,0,True,Top 25,1
147,Trump,0,0,0,0,0,0,0,True,Top 25,1
148,Trump,0,0,0,0,0,0,0,True,Top 25,1
149,Trump,0,0,0,0,0,0,0,True,Top 25,1
150,Trump,1,1,2,2,0,2,0,True,Top 25,1
151,Trump,1,1,1,1,0,1,0,True,Top 25,1
152,Trump,1,1,1,1,0,1,0,True,Top 25,1
153,Trump,1,5,10,5,5,10,0,True,Top 25,1
154,Trump,1,1,2,2,0,2,0,True,Top 25,1
155,Trump,1,1,1,1,0,1,0,True,Top 25,1
156,Trump,0,0,0,0,0,0,0,True,Top 25,1
157,Trump,0,0,0,0,0,0,0,True,Top 25,1
158,Trump,0,0,0,0,0,0,0,True,Top 25,1
159,Trump,0,0,0,0,0,0,0,True,Top 25,1
160,Trump,0,0,0,0,0,0,0,True,Top 25,1
161,Trump,0,0,0,0,0,0,0,True,Top 25,1
162,Trump,1,4,9,3,6,9,0,True,Top 25,1
163,Trump,0,0,0,0,0,0,0,True,Top 25,1
164,Trump,0,0,0,0,0,0,0,True,Top 25,1
165,Trump,0,0,0,0,0,0,0,True,Top 25,1
166,Trump,0,0,0,0,0,0,0,True,Top 25,1
167,Trump,0,0,0,0,0,0,0,True,Top 25,1
168,Trump,0,0,0,0,0,0,0,True,Top 25,1
169,Trump,2,2,2,2,0,2,0,True,Top 25,1
170,Trump,1,1,2,2,0,2,0,True,Top 25,1
171,Trump,0,0,0,0,0,0,0,True,Top 25,1
172,Trump,0,0,0,0,0,0,0,True,Top 25,1
173,Trump,0,0,0,0,0,0,0,True,Top 25,1
174,Trump,0,0,0,0,0,0,0,True,Top 25,1
175,Trump,2,5,16,4,12,16,0,True,Top 25,1
176,Trump,1,1,1,1,0,1,0,True,Top 25,1
177,Trump,0,0,0,0,0,0,0,True,Top 25,1
178,Trump,0,0,0,0,0,0,0,True,Top 25,1
179,Trump,0,0,0,0,0,0,0,True,Top 25,1
180,Trump,0,0,0,0,0,0,0,True,Top 25,1
181,Trump,2,4,11,6,5,11,0,True,Top 25,1
182,Trump,1,5,10,5,5,10,0,True,Top 25,1
183,Trump,1,1,1,1,0,1,0,True,Top 25,1
184,Trump,0,0,0,0,0,0,0,True,Top 25,1
185,Trump,0,0,0,0,0,0,0,True,Top 25,1
186,Trump,0,0,0,0,0,0,0,True,Top 25,1
187,Trump,1,1,1,1,0,1,0,True,Top 25,1
188,Trump,0,0,0,0,0,0,0,True,Top 25,1
189,Trump,1,1,1,1,0,1,0,True,Top 25,1
190,Trump,1,1,1,1,0,1,0,True,Top 25,1
191,Trump,1,1,2,2,0,2,0,True,Top 25,1
192,Trump,0,0,0,0,0,0,0,True,Top 25,1
193,Trump,0,0,0,0,0,0,0,True,Top 25,1
194,Trump,1,1,2,2,0,2,0,True,Top 25,1
195,Trump,0,0,0,0,0,0,0,True,Top 25,1
196,Trump,1,1,1,1,0,1,0,True,Top 25,1
197,Trump,0,0,0,0,0,0,0,True,Top 25,1
198,Trump,0,0,0,0,0,0,0,True,Top 25,1
199,Trump,0,0,0,0,0,0,0,True,Top 25,1
200,Trump,0,0,0,0,0,0,0,True,Top 25,1
201,Trump,0,0,0,0,0,0,0,True,Top 25,1
202,Trump,0,0,0,0,0,0,0,True,Top 25,1
203,Trump,0,0,0,0,0,0,0,True,Top 25,1
204,Trump,0,0,0,0,0,0,0,True,Top 25,1
205,Trump,0,0,0,0,0,0,0,True,Top 25,1
206,Trump,2,2,5,5,0,5,0,True,Top 25,1
207,Trump,0,0,0,0,0,0,0,True,Top 25,1
208,Trump,0,0,0,0,0,0,0,True,Top 25,1
209,Trump,0,0,0,0,0,0,0,True,Top 25,1
210,Trump,1,1,1,1,0,1,0,True,Top 25,1
211,Trump,1,1,1,1,0,1,0,True,Top 25,1
212,Trump,0,0,0,0,0,0,0,True,Top 25,1
213,Trump,0,0,0,0,0,0,0,True,Top 25,1
214,Trump,0,0,0,0,0,0,0,True,Top 25,1
215,Trump,1,1,2,2,0,2,0,True,Top 25,1
216,Trump,1,1,1,1,0,1,0,True,Top 25,1
217,Trump,1,1,1,1,0,1,0,True,Top 25,1
218,Trump,0,0,0,0,0,0,0,True,Top 25,1
219,Trump,2,2,3,3,0,3,0,True,Top 25,1
220,Trump,0,0,0,0,0,0,0,True,Top 25,1
221,Trump,0,0,0,0,0,0,0,True,Top 25,1
222,Trump,0,0,0,0,0,0,0,True,Top 25,1
223,Trump,0,0,0,0,0,0,0,True,Top 25,1
224,Trump,2,3,5,4,1,5,0,True,Top 25,1
225,Trump,4,4,5,5,0,5,0,True,Top 25,1
226,Trump,1,5,10,5,5,10,0,True,Top 25,1
227,Trump,0,0,0,0,0,0,0,True,Top 25,1
228,Trump,0,0,0,0,0,0,0,True,Top 25,1
229,Trump,0,0,0,0,0,0,0,True,Top 25,1
230,Trump,0,0,0,0,0,0,0,True,Top 25,1
231,Trump,1,1,2,2,0,2,0,True,Top 25,1
232,Trump,1,1,1,1,0,1,0,True,Top 25,1
233,Trump,0,0,0,0,0,0,0,True,Top 25,1
234,Trump,0,0,0,0,0,0,0,True,Top 25,1
235,Trump,0,0,0,0,0,0,0,True,Top 25,1
236,Trump,0,0,0,0,0,0,0,True,Top 25,1
237,Trump,0,0,0,0,0,0,0,True,Top 25,1
238,Trump,0,0,0,0,0,0,0,True,Top 25,1
239,Trump,0,0,0,0,0,0,0,True,Top 25,1
240,Trump,1,1,2,2,0,2,0,True,Top 25,1
241,Trump,1,1,2,2,0,2,0,True,Top 25,1
242,Trump,2,5,15,10,5,15,0,True,Top 25,1
243,Trump,0,0,0,0,0,0,0,True,Top 25,1
244,Trump,2,2,2,2,0,2,0,True,Top 25,1
245,Trump,0,0,0,0,0,0,0,True,Top 25,1
246,Trump,1,4,9,3,6,9,0,True,Top 25,1
247,Trump,0,0,0,0,0,0,0,True,Top 25,1
248,Trump,0,0,0,0,0,0,0,True,Top 25,1
249,Trump,1,1,1,1,0,1,0,True,Top 25,1
250,Trump,1,1,1,1,0,1,0,True,Top 25,1
251,Trump,0,0,0,0,0,0,0,True,Top 25,1
252,Trump,0,0,0,0,0,0,0,True,Top 25,1
253,Trump,0,0,0,0,0,0,0,True,Top 25,1
254,Trump,1,3,10,5,5,10,0,True,Top 25,1
255,Trump,0,0,0,0,0,0,0,True,Top 25,1
256,Trump,2,5,11,6,5,11,0,True,Top 25,1
257,Trump,0,0,0,0,0,0,0,True,Top 25,1
258,Trump,1,8,15,3,12,15,0,True,Top 25,1
259,Trump,1,1,2,2,0,2,0,True,Top 25,1
260,Trump,0,0,0,0,0,0,0,True,Top 25,1
261,Trump,3,3,4,4,0,4,0,True,Top 25,1
262,Trump,0,0,0,0,0,0,0,True,Top 25,1
263,Trump,1,1,1,1,0,1,0,True,Top 25,1
264,Trump,1,4,9,3,6,9,0,True,Top 25,1
265,Trump,1,1,1,1,0,1,0,True,Top 25,1
266,Trump,0,0,0,0,0,0,0,True,Top 25,1
267,Trump,0,0,0,0,0,0,0,True,Top 25,1
268,Trump,0,0,0,0,0,0,0,True,Top 25,1
269,Trump,1,1,1,1,0,1,0,True,Top 25,1
270,Trump,1,1,2,2,0,2,0,True,Top 25,1
271,Trump,1,4,10,5,5,10,0,True,Top 25,1
272,Trump,1,1,1,1,0,1,0,True,Top 25,1
273,Trump,1,1,3,3,0,3,0,True,Top 25,1
274,Trump,1,4,10,5,5,10,0,True,Top 25,1
275,Trump,1,1,1,1,0,1,0,True,Top 25,1
276,Trump,1,1,2,2,0,2,0,True,Top 25,1
277,Trump,1,1,1,1,0,1,0,True,Top 25,1
278,Trump,0,0,0,0,0,0,0,True,Top 25,1
279,Trump,1,1,1,1,0,1,0,True,Top 25,1
280,Trump,0,0,0,0,0,0,0,True,Top 25,1
281,Trump,2,2,3,3,0,3,0,True,Top 25,1
282,Trump,0,0,0,0,0,0,0,True,Top 25,1
283,Trump,0,0,0,0,0,0,0,True,Top 25,1
284,Trump,0,0,0,0,0,0,0,True,Top 25,1
285,Trump,2,2,2,2,0,2,0,True,Top 25,1
286,Trump,0,0,0,0,0,0,0,True,Top 25,1
287,Trump,0,0,0,0,0,0,0,True,Top 25,1
288,Trump,1,7,9,3,6,9,0,True,Top 25,1
289,Trump,0,0,0,0,0,0,0,True,Top 25,1
290,Trump,1,1,1,1,0,1,0,True,Top 25,1
291,Trump,5,5,18,18,0,18,0,True,Top 25,1
292,Trump,7,7,17,17,0,17,0,True,Top 25,1
293,Trump,1,1,2,2,0,2,0,True,Top 25,1
294,Trump,1,4,10,5,5,10,0,True,Top 25,1
295,Trump,0,0,0,0,0,0,0,True,Top 25,1
296,Trump,1,1,1,1,0,1,0,True,Top 25,1
297,Trump,0,0,0,0,0,0,0,True,Top 25,1
298,Trump,0,0,0,0,0,0,0,True,Top 25,1
299,Trump,2,2,4,4,0,4,0,True,Top 25,1
300,Trump,1,1,2,2,0,2,0,True,Top 25,1
301,Trump,2,2,2,2,0,2,0,True,Top 25,1
302,Trump,0,0,0,0,0,0,0,True,Top 25,1
303,Trump,1,1,1,1,0,1,0,True,Top 25,1
304,Trump,1,1,2,2,0,2,0,True,Top 25,1
305,Trump,0,0,0,0,0,0,0,True,Top 25,1
306,Trump,2,2,3,3,0,3,0,True,Top 25,1
307,Trump,0,0,0,0,0,0,0,True,Top 25,1
308,Trump,1,1,1,1,0,1,0,True,Top 25,1
309,Trump,0,0,0,0,0,0,0,True,Top 25,1
310,Trump,0,0,0,0,0,0,0,True,Top 25,1
311,Trump,0,0,0,0,0,0,0,True,Top 25,1
312,Trump,1,1,1,1,0,1,0,True,Top 25,1
313,Trump,1,1,1,1,0,1,0,True,Top 25,1
314,Trump,0,0,0,0,0,0,0,True,Top 25,1
315,Trump,0,0,0,0,0,0,0,True,Top 25,1
316,Trump,1,1,1,1,0,1,0,True,Top 25,1
317,Trump,0,0,0,0,0,0,0,True,Top 25,1
318,Trump,0,0,0,0,0,0,0,True,Top 25,1
319,Trump,0,0,0,0,0,0,0,True,Top 25,1
320,Trump,0,0,0,0,0,0,0,True,Top 25,1
321,Trump,1,1,1,1,0,1,0,True,Top 25,1
322,Trump,1,1,2,2,0,2,0,True,Top 25,1
323,Trump,2,2,2,2,0,2,0,True,Top 25,1
324,Trump,0,0,0,0,0,0,0,True,Top 25,1
325,Trump,1,1,2,2,0,2,0,True,Top 25,1
326,Trump,0,0,0,0,0,0,0,True,Top 25,1
327,Trump,1,1,2,2,0,2,0,True,Top 25,1
328,Trump,0,0,0,0,0,0,0,True,Top 25,1
329,Trump,0,0,0,0,0,0,0,True,Top 25,1
330,Trump,0,0,0,0,0,0,0,True,Top 25,1
331,Trump,0,0,0,0,0,0,0,True,Top 25,1
332,Trump,0,0,0,0,0,0,0,True,Top 25,1
333,Trump,2,2,2,2,0,2,0,True,Top 25,1
334,Trump,2,2,3,3,0,3,0,True,Top 25,1
335,Trump,0,0,0,0,0,0,0,True,Top 25,1
336,Trump,1,1,1,1,0,1,0,True,Top 25,1
337,Trump,0,0,0,0,0,0,0,True,Top 25,1
338,Trump,1,1,1,1,0,1,0,True,Top 25,1
339,Trump,0,0,0,0,0,0,0,True,Top 25,1
340,Trump,1,1,1,1,0,1,0,True,Top 25,1
341,Trump,0,0,0,0,0,0,0,True,Top 25,1
342,Trump,0,0,0,0,0,0,0,True,Top 25,1
343,Trump,0,0,0,0,0,0,0,True,Top 25,1
344,Trump,2,2,5,5,0,5,0,True,Top 25,1
345,Trump,0,0,0,0,0,0,0,True,Top 25,1
346,Trump,2,2,3,3,0,3,0,True,Top 25,1
347,Trump,0,0,0,0,0,0,0,True,Top 25,1
348,Trump,4,4,7,7,0,7,0,True,Top 25,1
349,Trump,1,1,2,2,0,2,0,True,Top 25,1
350,Trump,0,0,0,0,0,0,0,True,Top 25,1
351,Trump,1,1,2,2,0,2,0,True,Top 25,1
352,Trump,0,0,0,0,0,0,0,True,Top 25,1
353,Trump,0,0,0,0,0,0,0,True,Top 25,1
354,Trump,0,0,0,0,0,0,0,True,Top 25,1
355,Trump,1,1,1,1,0,1,0,True,Top 25,1
356,Trump,0,0,0,0,0,0,0,True,Top 25,1
357,Trump,1,1,1,1,0,1,0,True,Top 25,1
358,Trump,1,1,1,1,0,1,0,True,Top 25,1
359,Trump,0,0,0,0,0,0,0,True,Top 25,1
360,Trump,0,0,0,0,0,0,0,True,Top 25,1
361,Trump,0,0,0,0,0,0,0,True,Top 25,1
362,Trump,1,1,1,1,0,1,0,True,Top 25,1
363,Trump,1,1,2,2,0,2,0,True,Top 25,1
364,Trump,0,0,0,0,0,0,0,True,Top 25,1
365,Trump,0,0,0,0,0,0,0,True,Top 25,1
366,Trump,0,0,0,0,0,0,0,True,Top 25,1
367,Trump,0,0,0,0,0,0,0,True,Top 25,1
368,Trump,1,1,2,2,0,2,0,True,Top 25,1
369,Trump,3,3,3,3,0,3,0,True,Top 25,1
370,Trump,0,0,0,0,0,0,0,True,Top 25,1
371,Trump,0,0,0,0,0,0,0,True,Top 25,1
372,Trump,2,2,2,2,0,2,0,True,Top 25,1
373,Trump,0,0,0,0,0,0,0,True,Top 25,1
374,Trump,0,0,0,0,0,0,0,True,Top 25,1
375,Trump,0,0,0,0,0,0,0,True,Top 25,1
376,Trump,0,0,0,0,0,0,0,True,Top 25,1
377,Trump,1,1,1,1,0,1,0,True,Top 25,1
378,Trump,1,1,1,1,0,1,0,True,Top 25,1
379,Trump,0,0,0,0,0,0,0,True,Top 25,1
380,Trump,2,5,10,4,6,10,0,True,Top 25,1
381,Trump,0,0,0,0,0,0,0,True,Top 25,1
382,Trump,2,2,3,3,0,3,0,True,Top 25,1
383,Trump,0,0,0,0,0,0,0,True,Top 25,1
384,Trump,2,2,2,2,0,2,0,True,Top 25,1
385,Trump,0,0,0,0,0,0,0,True,Top 25,1
386,Trump,1,1,1,1,0,1,0,True,Top 25,1
387,Trump,0,0,0,0,0,0,0,True,Top 25,1
388,Trump,0,0,0,0,0,0,0,True,Top 25,1
389,Trump,0,0,0,0,0,0,0,True,Top 25,1
390,Trump,0,0,0,0,0,0,0,True,Top 25,1
391,Trump,1,4,10,5,5,10,0,True,Top 25,1
392,Trump,0,0,0,0,0,0,0,True,Top 25,1
393,Trump,0,0,0,0,0,0,0,True,Top 25,1
394,Trump,0,0,0,0,0,0,0,True,Top 25,1
395,Trump,0,0,0,0,0,0,0,True,Top 25,1
396,Trump,2,2,3,3,0,3,0,True,Top 25,1
397,Trump,0,0,0,0,0,0,0,True,Top 25,1
398,Trump,1,1,1,1,0,1,0,True,Top 25,1
399,Trump,0,0,0,0,0,0,0,True,Top 25,1
400,Trump,2,2,2,2,0,2,0,True,Top 25,1
401,Trump,2,2,2,2,0,2,0,True,Top 25,1
402,Trump,1,1,1,1,0,1,0,True,Top 25,1
403,Trump,0,0,0,0,0,0,0,True,Top 25,1
404,Trump,1,1,1,1,0,1,0,True,Top 25,1
405,Trump,0,0,0,0,0,0,0,True,Top 25,1
406,Trump,1,2,2,1,1,2,0,True,Top 25,1
407,Trump,0,0,0,0,0,0,0,True,Top 25,1
408,Trump,2,2,3,3,0,3,0,True,Top 25,1
409,Trump,1,1,1,1,0,1,0,True,Top 25,1
410,Trump,4,4,5,5,0,5,0,True,Top 25,1
411,Trump,4,5,6,5,1,6,0,True,Top 25,1
412,Trump,2,2,3,3,0,3,0,True,Top 25,1
413,Trump,1,1,1,1,0,1,0,True,Top 25,1
414,Trump,1,2,2,1,1,2,0,True,Top 25,1
415,Trump,0,0,0,0,0,0,0,True,Top 25,1
416,Trump,0,0,0,0,0,0,0,True,Top 25,1
417,Trump,3,4,5,4,1,5,0,True,Top 25,1
418,Trump,2,3,3,2,1,3,0,True,Top 25,1
419,Trump,0,0,0,0,0,0,0,True,Top 25,1
420,Trump,1,1,2,2,0,2,0,True,Top 25,1
421,Trump,0,0,0,0,0,0,0,True,Top 25,1
422,Trump,1,1,1,1,0,1,0,True,Top 25,1
423,Trump,0,0,0,0,0,0,0,True,Top 25,1
424,Trump,1,1,4,4,0,4,0,True,Top 25,1
425,Trump,0,0,0,0,0,0,0,True,Top 25,1
426,Trump,1,1,1,1,0,1,0,True,Top 25,1
427,Trump,2,4,8,5,3,8,0,True,Top 25,1
428,Trump,1,1,1,1,0,1,0,True,Top 25,1
429,Trump,0,0,0,0,0,0,0,True,Top 25,1
430,Trump,1,2,4,2,2,4,0,True,Top 25,1
431,Trump,0,0,0,0,0,0,0,True,Top 25,1
432,Trump,1,1,1,1,0,1,0,True,Top 25,1
433,Trump,0,0,0,0,0,0,0,True,Top 25,1
434,Trump,0,0,0,0,0,0,0,True,Top 25,1
435,Trump,0,0,0,0,0,0,0,True,Top 25,1
436,Trump,0,0,0,0,0,0,0,True,Top 25,1
437,Trump,0,0,0,0,0,0,0,True,Top 25,1
438,Trump,1,1,1,1,0,1,0,True,Top 25,1
439,Trump,0,0,0,0,0,0,0,True,Top 25,1
440,Trump,0,0,0,0,0,0,0,True,Top 25,1
441,Trump,1,1,1,1,0,1,0,True,Top 25,1
442,Trump,0,0,0,0,0,0,0,True,Top 25,1
443,Trump,1,1,1,1,0,1,0,True,Top 25,1
444,Trump,2,2,2,2,0,2,0,True,Top 25,1
445,Harris,0,0,0,0,0,0,0,True,Top 25,1
446,Harris,2,2,2,2,0,2,0,True,Top 25,1
447,Harris,0,0,0,0,0,0,0,True,Top 25,1
448,Harris,0,0,0,0,0,0,0,True,Top 25,1
449,Harris,0,0,0,0,0,0,0,True,Top 25,1
450,Harris,0,0,0,0,0,0,0,True,Top 25,1
451,Harris,0,0,0,0,0,0,0,True,Top 25,1
452,Harris,1,1,14,14,0,14,0,True,Top 25,1
453,Harris,1,1,2,2,0,2,0,True,Top 25,1
454,Harris,0,0,0,0,0,0,0,True,Top 25,1
455,Harris,0,0,0,0,0,0,0,True,Top 25,1
456,Harris,0,0,0,0,0,0,0,True,Top 25,1
457,Harris,0,0,0,0,0,0,0,True,Top 25,1
458,Harris,0,0,0,0,0,0,0,True,Top 25,1
459,Harris,1,1,14,14,0,14,0,True,Top 25,1
460,Harris,0,0,0,0,0,0,0,True,Top 25,1
461,Harris,0,0,0,0,0,0,0,True,Top 25,1
462,Harris,0,0,0,0,0,0,0,True,Top 25,1
463,Harris,0,0,0,0,0,0,0,True,Top 25,1
464,Harris,0,0,0,0,0,0,0,True,Top 25,1
465,Harris,0,0,0,0,0,0,0,True,Top 25,1
466,Harris,0,0,0,0,0,0,0,True,Top 25,1
467,Harris,0,0,0,0,0,0,0,True,Top 25,1
468,Harris,0,0,0,0,0,0,0,True,Top 25,1
469,Harris,0,0,0,0,0,0,0,True,Top 25,1
470,Harris,1,1,14,14,0,14,0,True,Top 25,1
471,Harris,0,0,0,0,0,0,0,True,Top 25,1
472,Harris,0,0,0,0,0,0,0,True,Top 25,1
473,Harris,1,1,2,2,0,2,0,True,Top 25,1
474,Harris,0,0,0,0,0,0,0,True,Top 25,1
475,Harris,0,0,0,0,0,0,0,True,Top 25,1
476,Harris,0,0,0,0,0,0,0,True,Top 25,1
477,Harris,1,1,14,14,0,14,0,True,Top 25,1
478,Harris,2,2,4,4,0,4,0,True,Top 25,1
479,Harris,0,0,0,0,0,0,0,True,Top 25,1
480,Harris,0,0,0,0,0,0,0,True,Top 25,1
481,Harris,0,0,0,0,0,0,0,True,Top 25,1
482,Harris,0,0,0,0,0,0,0,True,Top 25,1
483,Harris,0,0,0,0,0,0,0,True,Top 25,1
484,Harris,0,0,0,0,0,0,0,True,Top 25,1
485,Harris,0,0,0,0,0,0,0,True,Top 25,1
486,Harris,0,0,0,0,0,0,0,True,Top 25,1
487,Harris,0,0,0,0,0,0,0,True,Top 25,1
488,Harris,1,1,14,14,0,14,0,True,Top 25,1
489,Harris,0,0,0,0,0,0,0,True,Top 25,1
490,Harris,0,0,0,0,0,0,0,True,Top 25,1
491,Harris,0,0,0,0,0,0,0,True,Top 25,1
492,Harris,0,0,0,0,0,0,0,True,Top 25,1
493,Harris,0,0,0,0,0,0,0,True,Top 25,1
494,Harris,0,0,0,0,0,0,0,True,Top 25,1
495,Harris,0,0,0,0,0,0,0,True,Top 25,1
496,Harris,0,0,0,0,0,0,0,True,Top 25,1
497,Harris,0,0,0,0,0,0,0,True,Top 25,1
498,Harris,0,0,0,0,0,0,0,True,Top 25,1
499,Harris,1,1,2,2,0,2,0,True,Top 25,1
500,Harris,1,1,14,14,0,14,0,True,Top 25,1
501,Harris,0,0,0,0,0,0,0,True,Top 25,1
502,Harris,0,0,0,0,0,0,0,True,Top 25,1
503,Harris,0,0,0,0,0,0,0,True,Top 25,1
504,Harris,0,0,0,0,0,0,0,True,Top 25,1
505,Harris,0,0,0,0,0,0,0,True,Top 25,1
506,Harris,0,0,0,0,0,0,0,True,Top 25,1
507,Harris,0,0,0,0,0,0,0,True,Top 25,1
508,Harris,0,0,0,0,0,0,0,True,Top 25,1
509,Harris,0,0,0,0,0,0,0,True,Top 25,1
510,Harris,0,0,0,0,0,0,0,True,Top 25,1
511,Harris,0,0,0,0,0,0,0,True,Top 25,1
512,Harris,0,0,0,0,0,0,0,True,Top 25,1
513,Harris,0,0,0,0,0,0,0,True,Top 25,1
514,Harris,0,0,0,0,0,0,0,True,Top 25,1
515,Harris,0,0,0,0,0,0,0,True,Top 25,1
516,Harris,0,0,0,0,0,0,0,True,Top 25,1
517,Harris,0,0,0,0,0,0,0,True,Top 25,1
518,Harris,0,0,0,0,0,0,0,True,Top 25,1
519,Harris,0,0,0,0,0,0,0,True,Top 25,1
520,Harris,0,0,0,0,0,0,0,True,Top 25,1
521,Harris,0,0,0,0,0,0,0,True,Top 25,1
522,Harris,0,0,0,0,0,0,0,True,Top 25,1
523,Harris,0,0,0,0,0,0,0,True,Top 25,1
524,Harris,0,0,0,0,0,0,0,True,Top 25,1
525,Harris,1,1,14,14,0,14,0,True,Top 25,1
526,Harris,0,0,0,0,0,0,0,True,Top 25,1
527,Harris,0,0,0,0,0,0,0,True,Top 25,1
528,Harris,0,0,0,0,0,0,0,True,Top 25,1
529,Harris,0,0,0,0,0,0,0,True,Top 25,1
530,Harris,0,0,0,0,0,0,0,True,Top 25,1
531,Harris,1,1,14,14,0,14,0,True,Top 25,1
532,Harris,1,1,2,2,0,2,0,True,Top 25,1
533,Harris,0,0,0,0,0,0,0,True,Top 25,1
534,Harris,1,1,2,2,0,2,0,True,Top 25,1
535,Harris,0,0,0,0,0,0,0,True,Top 25,1
536,Harris,0,0,0,0,0,0,0,True,Top 25,1
537,Harris,1,1,1,1,0,1,0,True,Top 25,1
538,Harris,0,0,0,0,0,0,0,True,Top 25,1
539,Harris,0,0,0,0,0,0,0,True,Top 25,1
540,Harris,0,0,0,0,0,0,0,True,Top 25,1
541,Harris,0,0,0,0,0,0,0,True,Top 25,1
542,Harris,1,1,2,2,0,2,0,True,Top 25,1
543,Harris,0,0,0,0,0,0,0,True,Top 25,1
544,Harris,0,0,0,0,0,0,0,True,Top 25,1
545,Harris,2,2,5,5,0,5,0,True,Top 25,1
546,Harris,2,2,16,16,0,16,0,True,Top 25,1
547,Harris,1,1,2,2,0,2,0,True,Top 25,1
548,Harris,0,0,0,0,0,0,0,True,Top 25,1
549,Harris,0,0,0,0,0,0,0,True,Top 25,1
550,Harris,0,0,0,0,0,0,0,True,Top 25,1
551,Harris,0,0,0,0,0,0,0,True,Top 25,1
552,Harris,0,0,0,0,0,0,0,True,Top 25,1
553,Harris,0,0,0,0,0,0,0,True,Top 25,1
554,Harris,0,0,0,0,0,0,0,True,Top 25,1
555,Harris,0,0,0,0,0,0,0,True,Top 25,1
556,Harris,0,0,0,0,0,0,0,True,Top 25,1
557,Harris,1,1,2,2,0,2,0,True,Top 25,1
558,Harris,0,0,0,0,0,0,0,True,Top 25,1
559,Harris,0,0,0,0,0,0,0,True,Top 25,1
560,Harris,0,0,0,0,0,0,0,True,Top 25,1
561,Harris,0,0,0,0,0,0,0,True,Top 25,1
562,Harris,0,0,0,0,0,0,0,True,Top 25,1
563,Harris,0,0,0,0,0,0,0,True,Top 25,1
564,Harris,0,0,0,0,0,0,0,True,Top 25,1
565,Harris,0,0,0,0,0,0,0,True,Top 25,1
566,Harris,0,0,0,0,0,0,0,True,Top 25,1
567,Harris,0,0,0,0,0,0,0,True,Top 25,1
568,Harris,0,0,0,0,0,0,0,True,Top 25,1
569,Harris,0,0,0,0,0,0,0,True,Top 25,1
570,Harris,0,0,0,0,0,0,0,True,Top 25,1
571,Harris,0,0,0,0,0,0,0,True,Top 25,1
572,Harris,0,0,0,0,0,0,0,True,Top 25,1
573,Harris,0,0,0,0,0,0,0,True,Top 25,1
574,Harris,0,0,0,0,0,0,0,True,Top 25,1
575,Harris,0,0,0,0,0,0,0,True,Top 25,1
576,Harris,0,0,0,0,0,0,0,True,Top 25,1
577,Harris,0,0,0,0,0,0,0,True,Top 25,1
578,Harris,0,0,0,0,0,0,0,True,Top 25,1
579,Harris,0,0,0,0,0,0,0,True,Top 25,1
580,Harris,0,0,0,0,0,0,0,True,Top 25,1
581,Harris,1,1,4,4,0,4,0,True,Top 25,1
582,Harris,0,0,0,0,0,0,0,True,Top 25,1
583,Harris,0,0,0,0,0,0,0,True,Top 25,1
584,Harris,0,0,0,0,0,0,0,True,Top 25,1
585,Harris,0,0,0,0,0,0,0,True,Top 25,1
586,Harris,1,1,14,14,0,14,0,True,Top 25,1
587,Harris,0,0,0,0,0,0,0,True,Top 25,1
588,Harris,0,0,0,0,0,0,0,True,Top 25,1
589,Harris,0,0,0,0,0,0,0,True,Top 25,1
590,Harris,1,1,2,2,0,2,0,True,Top 25,1
591,Harris,0,0,0,0,0,0,0,True,Top 25,1
592,Harris,1,1,2,2,0,2,0,True,Top 25,1
593,Harris,0,0,0,0,0,0,0,True,Top 25,1
594,Harris,0,0,0,0,0,0,0,True,Top 25,1
595,Harris,0,0,0,0,0,0,0,True,Top 25,1
596,Harris,0,0,0,0,0,0,0,True,Top 25,1
597,Harris,1,1,2,2,0,2,0,True,Top 25,1
598,Harris,0,0,0,0,0,0,0,True,Top 25,1
599,Harris,0,0,0,0,0,0,0,True,Top 25,1
600,Harris,0,0,0,0,0,0,0,True,Top 25,1
601,Harris,1,1,2,2,0,2,0,True,Top 25,1
602,Harris,0,0,0,0,0,0,0,True,Top 25,1
603,Harris,0,0,0,0,0,0,0,True,Top 25,1
604,Harris,0,0,0,0,0,0,0,True,Top 25,1
605,Harris,0,0,0,0,0,0,0,True,Top 25,1
606,Harris,1,1,2,2,0,2,0,True,Top 25,1
607,Harris,0,0,0,0,0,0,0,True,Top 25,1
608,Harris,0,0,0,0,0,0,0,True,Top 25,1
609,Harris,0,0,0,0,0,0,0,True,Top 25,1
610,Harris,0,0,0,0,0,0,0,True,Top 25,1
611,Harris,0,0,0,0,0,0,0,True,Top 25,1
612,Harris,0,0,0,0,0,0,0,True,Top 25,1
613,Harris,0,0,0,0,0,0,0,True,Top 25,1
614,Harris,0,0,0,0,0,0,0,True,Top 25,1
615,Harris,0,0,0,0,0,0,0,True,Top 25,1
616,Harris,0,0,0,0,0,0,0,True,Top 25,1
617,Harris,0,0,0,0,0,0,0,True,Top 25,1
618,Harris,0,0,0,0,0,0,0,True,Top 25,1
619,Harris,1,1,17,17,0,17,0,True,Top 25,1
620,Harris,0,0,0,0,0,0,0,True,Top 25,1
621,Harris,0,0,0,0,0,0,0,True,Top 25,1
622,Harris,0,0,0,0,0,0,0,True,Top 25,1
623,Harris,0,0,0,0,0,0,0,True,Top 25,1
624,Harris,1,1,2,2,0,2,0,True,Top 25,1
625,Harris,0,0,0,0,0,0,0,True,Top 25,1
626,Harris,0,0,0,0,0,0,0,True,Top 25,1
627,Harris,0,0,0,0,0,0,0,True,Top 25,1
628,Harris,0,0,0,0,0,0,0,True,Top 25,1
629,Harris,0,0,0,0,0,0,0,True,Top 25,1
630,Harris,0,0,0,0,0,0,0,True,Top 25,1
631,Harris,0,0,0,0,0,0,0,True,Top 25,1
632,Harris,0,0,0,0,0,0,0,True,Top 25,1
633,Harris,0,0,0,0,0,0,0,True,Top 25,1
634,Harris,0,0,0,0,0,0,0,True,Top 25,1
635,Harris,0,0,0,0,0,0,0,True,Top 25,1
636,Harris,0,0,0,0,0,0,0,True,Top 25,1
637,Harris,0,0,0,0,0,0,0,True,Top 25,1
638,Harris,0,0,0,0,0,0,0,True,Top 25,1
639,Harris,0,0,0,0,0,0,0,True,Top 25,1
640,Harris,0,0,0,0,0,0,0,True,Top 25,1
641,Harris,0,0,0,0,0,0,0,True,Top 25,1
642,Harris,0,0,0,0,0,0,0,True,Top 25,1
643,Harris,0,0,0,0,0,0,0,True,Top 25,1
644,Harris,0,0,0,0,0,0,0,True,Top 25,1
645,Harris,0,0,0,0,0,0,0,True,Top 25,1
646,Harris,0,0,0,0,0,0,0,True,Top 25,1
647,Harris,0,0,0,0,0,0,0,True,Top 25,1
648,Harris,0,0,0,0,0,0,0,True,Top 25,1
649,Harris,0,0,0,0,0,0,0,True,Top 25,1
650,Harris,0,0,0,0,0,0,0,True,Top 25,1
651,Harris,0,0,0,0,0,0,0,True,Top 25,1
652,Harris,0,0,0,0,0,0,0,True,Top 25,1
653,Harris,0,0,0,0,0,0,0,True,Top 25,1
654,Harris,0,0,0,0,0,0,0,True,Top 25,1
655,Harris,0,0,0,0,0,0,0,True,Top 25,1
656,Harris,1,1,14,14,0,14,0,True,Top 25,1
657,Harris,0,0,0,0,0,0,0,True,Top 25,1
658,Harris,0,0,0,0,0,0,0,True,Top 25,1
659,Harris,0,0,0,0,0,0,0,True,Top 25,1
660,Harris,0,0,0,0,0,0,0,True,Top 25,1
661,Harris,1,1,1,1,0,1,0,True,Top 25,1
662,Harris,0,0,0,0,0,0,0,True,Top 25,1
663,Harris,2,2,6,6,0,6,0,True,Top 25,1
664,Harris,0,0,0,0,0,0,0,True,Top 25,1
665,Harris,0,0,0,0,0,0,0,True,Top 25,1
666,Harris,0,0,0,0,0,0,0,True,Top 25,1
667,Harris,0,0,0,0,0,0,0,True,Top 25,1
668,Harris,0,0,0,0,0,0,0,True,Top 25,1
669,Harris,0,0,0,0,0,0,0,True,Top 25,1
670,Harris,0,0,0,0,0,0,0,True,Top 25,1
671,Harris,0,0,0,0,0,0,0,True,Top 25,1
672,Harris,0,0,0,0,0,0,0,True,Top 25,1
673,Harris,0,0,0,0,0,0,0,True,Top 25,1
674,Harris,0,0,0,0,0,0,0,True,Top 25,1
675,Harris,0,0,0,0,0,0,0,True,Top 25,1
676,Harris,0,0,0,0,0,0,0,True,Top 25,1
677,Harris,0,0,0,0,0,0,0,True,Top 25,1
678,Harris,0,0,0,0,0,0,0,True,Top 25,1
679,Harris,0,0,0,0,0,0,0,True,Top 25,1
680,Harris,0,0,0,0,0,0,0,True,Top 25,1
681,Harris,0,0,0,0,0,0,0,True,Top 25,1
682,Harris,0,0,0,0,0,0,0,True,Top 25,1
683,Harris,0,0,0,0,0,0,0,True,Top 25,1
684,Harris,0,0,0,0,0,0,0,True,Top 25,1
685,Harris,0,0,0,0,0,0,0,True,Top 25,1
686,Harris,0,0,0,0,0,0,0,True,Top 25,1
687,Harris,0,0,0,0,0,0,0,True,Top 25,1
688,Harris,0,0,0,0,0,0,0,True,Top 25,1
689,Harris,0,0,0,0,0,0,0,True,Top 25,1
690,Harris,0,0,0,0,0,0,0,True,Top 25,1
691,Harris,0,0,0,0,0,0,0,True,Top 25,1
692,Harris,0,0,0,0,0,0,0,True,Top 25,1
693,Harris,0,0,0,0,0,0,0,True,Top 25,1
694,Harris,0,0,0,0,0,0,0,True,Top 25,1
695,Harris,1,1,14,14,0,14,0,True,Top 25,1
696,Harris,0,0,0,0,0,0,0,True,Top 25,1
697,Harris,0,0,0,0,0,0,0,True,Top 25,1
698,Harris,0,0,0,0,0,0,0,True,Top 25,1
699,Harris,0,0,0,0,0,0,0,True,Top 25,1
700,Harris,0,0,0,0,0,0,0,True,Top 25,1
701,Harris,0,0,0,0,0,0,0,True,Top 25,1
702,Harris,0,0,0,0,0,0,0,True,Top 25,1
703,Harris,0,0,0,0,0,0,0,True,Top 25,1
704,Harris,0,0,0,0,0,0,0,True,Top 25,1
705,Harris,0,0,0,0,0,0,0,True,Top 25,1
706,Harris,0,0,0,0,0,0,0,True,Top 25,1
707,Harris,0,0,0,0,0,0,0,True,Top 25,1
708,Harris,0,0,0,0,0,0,0,True,Top 25,1
709,Harris,0,0,0,0,0,0,0,True,Top 25,1
710,Harris,0,0,0,0,0,0,0,True,Top 25,1
711,Harris,0,0,0,0,0,0,0,True,Top 25,1
712,Harris,0,0,0,0,0,0,0,True,Top 25,1
713,Harris,0,0,0,0,0,0,0,True,Top 25,1
714,Harris,0,0,0,0,0,0,0,True,Top 25,1
715,Harris,0,0,0,0,0,0,0,True,Top 25,1
716,Harris,0,0,0,0,0,0,0,True,Top 25,1
717,Harris,0,0,0,0,0,0,0,True,Top 25,1
718,Harris,0,0,0,0,0,0,0,True,Top 25,1
719,Harris,0,0,0,0,0,0,0,True,Top 25,1
720,Harris,0,0,0,0,0,0,0,True,Top 25,1
721,Harris,0,0,0,0,0,0,0,True,Top 25,1
722,Harris,0,0,0,0,0,0,0,True,Top 25,1
723,Harris,0,0,0,0,0,0,0,True,Top 25,1
724,Harris,1,1,14,14,0,14,0,True,Top 25,1
725,Harris,0,0,0,0,0,0,0,True,Top 25,1
726,Harris,0,0,0,0,0,0,0,True,Top 25,1
727,Harris,0,0,0,0,0,0,0,True,Top 25,1
728,Harris,0,0,0,0,0,0,0,True,Top 25,1
729,Harris,0,0,0,0,0,0,0,True,Top 25,1
730,Harris,0,0,0,0,0,0,0,True,Top 25,1
731,Harris,0,0,0,0,0,0,0,True,Top 25,1
732,Harris,0,0,0,0,0,0,0,True,Top 25,1
733,Harris,0,0,0,0,0,0,0,True,Top 25,1
734,Harris,0,0,0,0,0,0,0,True,Top 25,1
735,Harris,0,0,0,0,0,0,0,True,Top 25,1
736,Harris,1,1,2,2,0,2,0,True,Top 25,1
737,Harris,1,1,1,1,0,1,0,True,Top 25,1
738,Harris,0,0,0,0,0,0,0,True,Top 25,1
739,Harris,0,0,0,0,0,0,0,True,Top 25,1
740,Harris,0,0,0,0,0,0,0,True,Top 25,1
741,Harris,0,0,0,0,0,0,0,True,Top 25,1
742,Harris,0,0,0,0,0,0,0,True,Top 25,1
743,Harris,0,0,0,0,0,0,0,True,Top 25,1
744,Harris,0,0,0,0,0,0,0,True,Top 25,1
745,Harris,0,0,0,0,0,0,0,True,Top 25,1
746,Harris,0,0,0,0,0,0,0,True,Top 25,1
747,Harris,0,0,0,0,0,0,0,True,Top 25,1
748,Harris,0,0,0,0,0,0,0,True,Top 25,1
749,Harris,1,1,1,1,0,1,0,True,Top 25,1
750,Harris,0,0,0,0,0,0,0,True,Top 25,1
751,Harris,1,1,2,2,0,2,0,True,Top 25,1
752,Harris,0,0,0,0,0,0,0,True,Top 25,1
753,Harris,2,2,4,4,0,4,0,True,Top 25,1
754,Harris,0,0,0,0,0,0,0,True,Top 25,1
755,Harris,1,1,2,2,0,2,0,True,Top 25,1
756,Harris,0,0,0,0,0,0,0,True,Top 25,1
757,Harris,2,2,2,2,0,2,0,True,Top 25,1
758,Harris,1,1,1,1,0,1,0,True,Top 25,1
759,Harris,0,0,0,0,0,0,0,True,Top 25,1
760,Harris,0,0,0,0,0,0,0,True,Top 25,1
761,Harris,0,0,0,0,0,0,0,True,Top 25,1
762,Harris,0,0,0,0,0,0,0,True,Top 25,1
763,Harris,1,1,2,2,0,2,0,True,Top 25,1
764,Harris,0,0,0,0,0,0,0,True,Top 25,1
765,Harris,2,2,3,3,0,3,0,True,Top 25,1
766,Harris,1,1,14,14,0,14,0,True,Top 25,1
767,Harris,0,0,0,0,0,0,0,True,Top 25,1
768,Harris,0,0,0,0,0,0,0,True,Top 25,1
769,Harris,3,3,6,6,0,6,0,True,Top 25,1
770,Harris,0,0,0,0,0,0,0,True,Top 25,1
771,Harris,0,0,0,0,0,0,0,True,Top 25,1
772,Harris,2,2,11,11,0,11,0,True,Top 25,1
773,Harris,0,0,0,0,0,0,0,True,Top 25,1
774,Harris,1,1,1,1,0,1,0,True,Top 25,1
775,Harris,1,1,2,2,0,2,0,True,Top 25,1
776,Harris,0,0,0,0,0,0,0,True,Top 25,1
777,Harris,0,0,0,0,0,0,0,True,Top 25,1
778,Harris,0,0,0,0,0,0,0,True,Top 25,1
779,Harris,0,0,0,0,0,0,0,True,Top 25,1
780,Harris,0,0,0,0,0,0,0,True,Top 25,1
781,Harris,0,0,0,0,0,0,0,True,Top 25,1
782,Harris,0,0,0,0,0,0,0,True,Top 25,1
783,Harris,0,0,0,0,0,0,0,True,Top 25,1
784,Harris,0,0,0,0,0,0,0,True,Top 25,1
785,Harris,0,0,0,0,0,0,0,True,Top 25,1
786,Harris,0,0,0,0,0,0,0,True,Top 25,1
787,Harris,0,0,0,0,0,0,0,True,Top 25,1
788,Harris,0,0,0,0,0,0,0,True,Top 25,1
789,Harris,0,0,0,0,0,0,0,True,Top 25,1
790,Harris,0,0,0,0,0,0,0,True,Top 25,1
791,Harris,0,0,0,0,0,0,0,True,Top 25,1
792,Harris,0,0,0,0,0,0,0,True,Top 25,1
793,Harris,2,2,3,3,0,3,0,True,Top 25,1
794,Harris,0,0,0,0,0,0,0,True,Top 25,1
795,Harris,0,0,0,0,0,0,0,True,Top 25,1
796,Harris,0,0,0,0,0,0,0,True,Top 25,1
797,Harris,0,0,0,0,0,0,0,True,Top 25,1
798,Harris,0,0,0,0,0,0,0,True,Top 25,1
799,Harris,0,0,0,0,0,0,0,True,Top 25,1
800,Harris,1,1,2,2,0,2,0,True,Top 25,1
801,Harris,0,0,0,0,0,0,0,True,Top 25,1
802,Harris,0,0,0,0,0,0,0,True,Top 25,1
803,Harris,0,0,0,0,0,0,0,True,Top 25,1
804,Harris,0,0,0,0,0,0,0,True,Top 25,1
805,Harris,1,1,1,1,0,1,0,True,Top 25,1
806,Harris,0,0,0,0,0,0,0,True,Top 25,1
807,Harris,0,0,0,0,0,0,0,True,Top 25,1
808,Harris,0,0,0,0,0,0,0,True,Top 25,1
809,Harris,1,1,3,3,0,3,0,True,Top 25,1
810,Harris,0,0,0,0,0,0,0,True,Top 25,1
811,Harris,0,0,0,0,0,0,0,True,Top 25,1
812,Harris,0,0,0,0,0,0,0,True,Top 25,1
813,Harris,0,0,0,0,0,0,0,True,Top 25,1
814,Harris,0,0,0,0,0,0,0,True,Top 25,1
815,Harris,0,0,0,0,0,0,0,True,Top 25,1
816,Harris,0,0,0,0,0,0,0,True,Top 25,1
817,Harris,3,3,6,6,0,6,0,True,Top 25,1
818,Harris,0,0,0,0,0,0,0,True,Top 25,1
819,Harris,0,0,0,0,0,0,0,True,Top 25,1
820,Harris,0,0,0,0,0,0,0,True,Top 25,1
821,Harris,0,0,0,0,0,0,0,True,Top 25,1
822,Harris,1,1,2,2,0,2,0,True,Top 25,1
823,Harris,0,0,0,0,0,0,0,True,Top 25,1
824,Harris,0,0,0,0,0,0,0,True,Top 25,1
825,Harris,1,1,14,14,0,14,0,True,Top 25,1
826,Harris,0,0,0,0,0,0,0,True,Top 25,1
827,Harris,0,0,0,0,0,0,0,True,Top 25,1
828,Harris,1,1,1,1,0,1,0,True,Top 25,1
829,Harris,1,1,9,9,0,9,0,True,Top 25,1
830,Harris,0,0,0,0,0,0,0,True,Top 25,1
831,Harris,0,0,0,0,0,0,0,True,Top 25,1
832,Harris,1,1,2,2,0,2,0,True,Top 25,1
833,Harris,0,0,0,0,0,0,0,True,Top 25,1
834,Harris,0,0,0,0,0,0,0,True,Top 25,1
835,Harris,1,1,2,2,0,2,0,True,Top 25,1
836,Harris,0,0,0,0,0,0,0,True,Top 25,1
837,Harris,0,0,0,0,0,0,0,True,Top 25,1
838,Harris,0,0,0,0,0,0,0,True,Top 25,1
839,Harris,0,0,0,0,0,0,0,True,Top 25,1
840,Harris,1,1,2,2,0,2,0,True,Top 25,1
841,Harris,1,1,14,14,0,14,0,True,Top 25,1
842,Harris,0,0,0,0,0,0,0,True,Top 25,1
843,Harris,0,0,0,0,0,0,0,True,Top 25,1
844,Harris,0,0,0,0,0,0,0,True,Top 25,1
845,Harris,0,0,0,0,0,0,0,True,Top 25,1
846,Harris,1,1,1,1,0,1,0,True,Top 25,1
847,Harris,1,1,1,1,0,1,0,True,Top 25,1
848,Harris,2,2,2,2,0,2,0,True,Top 25,1
849,Harris,1,1,1,1,0,1,0,True,Top 25,1
850,Harris,0,0,0,0,0,0,0,True,Top 25,1
851,Harris,0,0,0,0,0,0,0,True,Top 25,1
852,Harris,2,2,4,4,0,4,0,True,Top 25,1
853,Harris,0,0,0,0,0,0,0,True,Top 25,1
854,Harris,1,1,4,4,0,4,0,True,Top 25,1
855,Harris,1,1,2,2,0,2,0,True,Top 25,1
856,Harris,1,1,5,5,0,5,0,True,Top 25,1
857,Harris,0,0,0,0,0,0,0,True,Top 25,1
858,Harris,2,2,4,4,0,4,0,True,Top 25,1
859,Harris,1,1,1,1,0,1,0,True,Top 25,1
860,Harris,2,2,4,4,0,4,0,True,Top 25,1
861,Harris,1,1,2,2,0,2,0,True,Top 25,1
862,Harris,2,2,3,3,0,3,0,True,Top 25,1
863,Harris,4,4,5,5,0,5,0,True,Top 25,1
864,Harris,2,2,2,2,0,2,0,True,Top 25,1
865,Harris,1,1,1,1,0,1,0,True,Top 25,1
866,Harris,1,1,2,2,0,2,0,True,Top 25,1
867,Harris,0,0,0,0,0,0,0,True,Top 25,1
868,Harris,2,2,7,7,0,7,0,True,Top 25,1
869,Harris,0,0,0,0,0,0,0,True,Top 25,1
870,Harris,0,0,0,0,0,0,0,True,Top 25,1
871,Harris,0,0,0,0,0,0,0,True,Top 25,1
872,Harris,0,0,0,0,0,0,0,True,Top 25,1
873,Harris,0,0,0,0,0,0,0,True,Top 25,1
874,Harris,0,0,0,0,0,0,0,True,Top 25,1
875,Harris,0,0,0,0,0,0,0,True,Top 25,1
876,Harris,0,0,0,0,0,0,0,True,Top 25,1
877,Harris,0,0,0,0,0,0,0,True,Top 25,1
878,Harris,0,0,0,0,0,0,0,True,Top 25,1
879,Harris,0,0,0,0,0,0,0,True,Top 25,1
880,Harris,0,0,0,0,0,0,0,True,Top 25,1
881,Harris,0,0,0,0,0,0,0,True,Top 25,1
882,Harris,1,1,4,4,0,4,0,True,Top 25,1
883,Harris,0,0,0,0,0,0,0,True,Top 25,1
884,Harris,0,0,0,0,0,0,0,True,Top 25,1
885,Harris,0,0,0,0,0,0,0,True,Top 25,1
886,Harris,0,0,0,0,0,0,0,True,Top 25,1
887,Harris,1,1,1,1,0,1,0,True,Top 25,1
888,Harris,0,0,0,0,0,0,0,True,Top 25,1
889,Harris,1,1,4,4,0,4,0,True,Top 25,1
0,Trump,1,4,10,5,5,10,0,True,Top 25,2
1,Trump,0,0,0,0,0,0,0,True,Top 25,2
2,Trump,1,1,1,1,0,1,0,True,Top 25,2
3,Trump,0,0,0,0,0,0,0,True,Top 25,2
4,Trump,0,0,0,0,0,0,0,True,Top 25,2
5,Trump,0,0,0,0,0,0,0,True,Top 25,2
6,Trump,1,1,1,1,0,1,0,True,Top 25,2
7,Trump,1,5,10,5,5,10,0,True,Top 25,2
8,Trump,0,0,0,0,0,0,0,True,Top 25,2
9,Trump,0,0,0,0,0,0,0,True,Top 25,2
10,Trump,0,0,0,0,0,0,0,True,Top 25,2
11,Trump,0,0,0,0,0,0,0,True,Top 25,2
12,Trump,0,0,0,0,0,0,0,True,Top 25,2
13,Trump,1,1,1,1,0,1,0,True,Top 25,2
14,Trump,1,1,1,1,0,1,0,True,Top 25,2
15,Trump,1,4,10,5,5,10,0,True,Top 25,2
16,Trump,1,4,10,5,5,10,0,True,Top 25,2
17,Trump,0,0,0,0,0,0,0,True,Top 25,2
18,Trump,1,1,1,1,0,1,0,True,Top 25,2
19,Trump,1,6,10,5,5,10,0,True,Top 25,2
20,Trump,0,0,0,0,0,0,0,True,Top 25,2
21,Trump,0,0,0,0,0,0,0,True,Top 25,2
22,Trump,1,1,1,1,0,1,0,True,Top 25,2
23,Trump,0,0,0,0,0,0,0,True,Top 25,2
24,Trump,0,0,0,0,0,0,0,True,Top 25,2
25,Trump,1,5,10,5,5,10,0,True,Top 25,2
26,Trump,0,0,0,0,0,0,0,True,Top 25,2
27,Trump,0,0,0,0,0,0,0,True,Top 25,2
28,Trump,0,0,0,0,0,0,0,True,Top 25,2
29,Trump,0,0,0,0,0,0,0,True,Top 25,2
30,Trump,0,0,0,0,0,0,0,True,Top 25,2
31,Trump,0,0,0,0,0,0,0,True,Top 25,2
32,Trump,1,1,1,1,0,1,0,True,Top 25,2
33,Trump,1,4,10,5,5,10,0,True,Top 25,2
34,Trump,1,1,1,1,0,1,0,True,Top 25,2
35,Trump,1,1,1,1,0,1,0,True,Top 25,2
36,Trump,1,1,1,1,0,1,0,True,Top 25,2
37,Trump,0,0,0,0,0,0,0,True,Top 25,2
38,Trump,0,0,0,0,0,0,0,True,Top 25,2
39,Trump,0,0,0,0,0,0,0,True,Top 25,2
40,Trump,0,0,0,0,0,0,0,True,Top 25,2
41,Trump,0,0,0,0,0,0,0,True,Top 25,2
42,Trump,1,1,1,1,0,1,0,True,Top 25,2
43,Trump,0,0,0,0,0,0,0,True,Top 25,2
44,Trump,0,0,0,0,0,0,0,True,Top 25,2
45,Trump,0,0,0,0,0,0,0,True,Top 25,2
46,Trump,0,0,0,0,0,0,0,True,Top 25,2
47,Trump,0,0,0,0,0,0,0,True,Top 25,2
48,Trump,2,2,5,5,0,5,0,True,Top 25,2
49,Trump,0,0,0,0,0,0,0,True,Top 25,2
50,Trump,0,0,0,0,0,0,0,True,Top 25,2
51,Trump,0,0,0,0,0,0,0,True,Top 25,2
52,Trump,1,1,1,1,0,1,0,True,Top 25,2
53,Trump,1,6,15,3,12,15,0,True,Top 25,2
54,Trump,1,1,4,4,0,4,0,True,Top 25,2
55,Trump,1,1,1,1,0,1,0,True,Top 25,2
56,Trump,0,0,0,0,0,0,0,True,Top 25,2
57,Trump,0,0,0,0,0,0,0,True,Top 25,2
58,Trump,1,3,10,5,5,10,0,True,Top 25,2
59,Trump,1,4,10,5,5,10,0,True,Top 25,2
60,Trump,0,0,0,0,0,0,0,True,Top 25,2
61,Trump,0,0,0,0,0,0,0,True,Top 25,2
62,Trump,0,0,0,0,0,0,0,True,Top 25,2
63,Trump,0,0,0,0,0,0,0,True,Top 25,2
64,Trump,0,0,0,0,0,0,0,True,Top 25,2
65,Trump,0,0,0,0,0,0,0,True,Top 25,2
66,Trump,0,0,0,0,0,0,0,True,Top 25,2
67,Trump,1,1,1,1,0,1,0,True,Top 25,2
68,Trump,1,5,10,5,5,10,0,True,Top 25,2
69,Trump,0,0,0,0,0,0,0,True,Top 25,2
70,Trump,0,0,0,0,0,0,0,True,Top 25,2
71,Trump,0,0,0,0,0,0,0,True,Top 25,2
72,Trump,0,0,0,0,0,0,0,True,Top 25,2
73,Trump,0,0,0,0,0,0,0,True,Top 25,2
74,Trump,0,0,0,0,0,0,0,True,Top 25,2
75,Trump,0,0,0,0,0,0,0,True,Top 25,2
76,Trump,1,1,1,1,0,1,0,True,Top 25,2
77,Trump,0,0,0,0,0,0,0,True,Top 25,2
78,Trump,1,1,4,4,0,4,0,True,Top 25,2
79,Trump,0,0,0,0,0,0,0,True,Top 25,2
80,Trump,0,0,0,0,0,0,0,True,Top 25,2
81,Trump,0,0,0,0,0,0,0,True,Top 25,2
82,Trump,1,1,1,1,0,1,0,True,Top 25,2
83,Trump,0,0,0,0,0,0,0,True,Top 25,2
84,Trump,1,1,1,1,0,1,0,True,Top 25,2
85,Trump,0,0,0,0,0,0,0,True,Top 25,2
86,Trump,1,4,10,5,5,10,0,True,Top 25,2
87,Trump,0,0,0,0,0,0,0,True,Top 25,2
88,Trump,1,1,2,2,0,2,0,True,Top 25,2
89,Trump,0,0,0,0,0,0,0,True,Top 25,2
90,Trump,0,0,0,0,0,0,0,True,Top 25,2
91,Trump,1,1,1,1,0,1,0,True,Top 25,2
92,Trump,0,0,0,0,0,0,0,True,Top 25,2
93,Trump,2,2,2,2,0,2,0,True,Top 25,2
94,Trump,0,0,0,0,0,0,0,True,Top 25,2
95,Trump,1,1,1,1,0,1,0,True,Top 25,2
96,Trump,0,0,0,0,0,0,0,True,Top 25,2
97,Trump,2,4,11,6,5,11,0,True,Top 25,2
98,Trump,1,3,10,5,5,10,0,True,Top 25,2
99,Trump,2,4,5,3,2,5,0,True,Top 25,2
100,Trump,0,0,0,0,0,0,0,True,Top 25,2
101,Trump,1,1,1,1,0,1,0,True,Top 25,2
102,Trump,0,0,0,0,0,0,0,True,Top 25,2
103,Trump,1,1,2,2,0,2,0,True,Top 25,2
104,Trump,1,2,10,5,5,10,0,True,Top 25,2
105,Trump,0,0,0,0,0,0,0,True,Top 25,2
106,Trump,1,1,1,1,0,1,0,True,Top 25,2
107,Trump,0,0,0,0,0,0,0,True,Top 25,2
108,Trump,2,2,3,3,0,3,0,True,Top 25,2
109,Trump,0,0,0,0,0,0,0,True,Top 25,2
110,Trump,0,0,0,0,0,0,0,True,Top 25,2
111,Trump,0,0,0,0,0,0,0,True,Top 25,2
112,Trump,2,2,3,3,0,3,0,True,Top 25,2
113,Trump,2,2,3,3,0,3,0,True,Top 25,2
114,Trump,1,5,9,3,6,9,0,True,Top 25,2
115,Trump,0,0,0,0,0,0,0,True,Top 25,2
116,Trump,1,1,1,1,0,1,0,True,Top 25,2
117,Trump,2,2,4,4,0,4,0,True,Top 25,2
118,Trump,0,0,0,0,0,0,0,True,Top 25,2
119,Trump,0,0,0,0,0,0,0,True,Top 25,2
120,Trump,3,3,9,9,0,9,0,True,Top 25,2
121,Trump,0,0,0,0,0,0,0,True,Top 25,2
122,Trump,0,0,0,0,0,0,0,True,Top 25,2
123,Trump,0,0,0,0,0,0,0,True,Top 25,2
124,Trump,1,1,1,1,0,1,0,True,Top 25,2
125,Trump,0,0,0,0,0,0,0,True,Top 25,2
126,Trump,2,2,2,2,0,2,0,True,Top 25,2
127,Trump,4,4,8,8,0,8,0,True,Top 25,2
128,Trump,0,0,0,0,0,0,0,True,Top 25,2
129,Trump,0,0,0,0,0,0,0,True,Top 25,2
130,Trump,0,0,0,0,0,0,0,True,Top 25,2
131,Trump,0,0,0,0,0,0,0,True,Top 25,2
132,Trump,0,0,0,0,0,0,0,True,Top 25,2
133,Trump,0,0,0,0,0,0,0,True,Top 25,2
134,Trump,2,2,2,2,0,2,0,True,Top 25,2
135,Trump,0,0,0,0,0,0,0,True,Top 25,2
136,Trump,0,0,0,0,0,0,0,True,Top 25,2
137,Trump,0,0,0,0,0,0,0,True,Top 25,2
138,Trump,0,0,0,0,0,0,0,True,Top 25,2
139,Trump,0,0,0,0,0,0,0,True,Top 25,2
140,Trump,2,2,3,3,0,3,0,True,Top 25,2
141,Trump,0,0,0,0,0,0,0,True,Top 25,2
142,Trump,1,1,1,1,0,1,0,True,Top 25,2
143,Trump,0,0,0,0,0,0,0,True,Top 25,2
144,Trump,1,1,1,1,0,1,0,True,Top 25,2
145,Trump,0,0,0,0,0,0,0,True,Top 25,2
146,Trump,0,0,0,0,0,0,0,True,Top 25,2
147,Trump,0,0,0,0,0,0,0,True,Top 25,2
148,Trump,0,0,0,0,0,0,0,True,Top 25,2
149,Trump,0,0,0,0,0,0,0,True,Top 25,2
150,Trump,1,1,2,2,0,2,0,True,Top 25,2
151,Trump,1,1,1,1,0,1,0,True,Top 25,2
152,Trump,1,1,1,1,0,1,0,True,Top 25,2
153,Trump,1,4,10,5,5,10,0,True,Top 25,2
154,Trump,1,1,2,2,0,2,0,True,Top 25,2
155,Trump,1,1,1,1,0,1,0,True,Top 25,2
156,Trump,0,0,0,0,0,0,0,True,Top 25,2
157,Trump,0,0,0,0,0,0,0,True,Top 25,2
158,Trump,0,0,0,0,0,0,0,True,Top 25,2
159,Trump,0,0,0,0,0,0,0,True,Top 25,2
160,Trump,0,0,0,0,0,0,0,True,Top 25,2
161,Trump,0,0,0,0,0,0,0,True,Top 25,2
162,Trump,1,4,9,3,6,9,0,True,Top 25,2
163,Trump,0,0,0,0,0,0,0,True,Top 25,2
164,Trump,0,0,0,0,0,0,0,True,Top 25,2
165,Trump,0,0,0,0,0,0,0,True,Top 25,2
166,Trump,0,0,0,0,0,0,0,True,Top 25,2
167,Trump,0,0,0,0,0,0,0,True,Top 25,2
168,Trump,0,0,0,0,0,0,0,True,Top 25,2
169,Trump,2,2,2,2,0,2,0,True,Top 25,2
170,Trump,1,1,2,2,0,2,0,True,Top 25,2
171,Trump,0,0,0,0,0,0,0,True,Top 25,2
172,Trump,0,0,0,0,0,0,0,True,Top 25,2
173,Trump,0,0,0,0,0,0,0,True,Top 25,2
174,Trump,0,0,0,0,0,0,0,True,Top 25,2
175,Trump,2,4,16,4,12,16,0,True,Top 25,2
176,Trump,1,1,1,1,0,1,0,True,Top 25,2
177,Trump,0,0,0,0,0,0,0,True,Top 25,2
178,Trump,0,0,0,0,0,0,0,True,Top 25,2
179,Trump,0,0,0,0,0,0,0,True,Top 25,2
180,Trump,0,0,0,0,0,0,0,True,Top 25,2
181,Trump,2,5,11,6,5,11,0,True,Top 25,2
182,Trump,1,4,10,5,5,10,0,True,Top 25,2
183,Trump,1,1,1,1,0,1,0,True,Top 25,2
184,Trump,0,0,0,0,0,0,0,True,Top 25,2
185,Trump,0,0,0,0,0,0,0,True,Top 25,2
186,Trump,0,0,0,0,0,0,0,True,Top 25,2
187,Trump,1,1,1,1,0,1,0,True,Top 25,2
188,Trump,0,0,0,0,0,0,0,True,Top 25,2
189,Trump,1,1,1,1,0,1,0,True,Top 25,2
190,Trump,1,1,1,1,0,1,0,True,Top 25,2
191,Trump,1,1,2,2,0,2,0,True,Top 25,2
192,Trump,0,0,0,0,0,0,0,True,Top 25,2
193,Trump,0,0,0,0,0,0,0,True,Top 25,2
194,Trump,1,1,2,2,0,2,0,True,Top 25,2
195,Trump,0,0,0,0,0,0,0,True,Top 25,2
196,Trump,1,1,1,1,0,1,0,True,Top 25,2
197,Trump,0,0,0,0,0,0,0,True,Top 25,2
198,Trump,0,0,0,0,0,0,0,True,Top 25,2
199,Trump,0,0,0,0,0,0,0,True,Top 25,2
200,Trump,0,0,0,0,0,0,0,True,Top 25,2
201,Trump,0,0,0,0,0,0,0,True,Top 25,2
202,Trump,0,0,0,0,0,0,0,True,Top 25,2
203,Trump,0,0,0,0,0,0,0,True,Top 25,2
204,Trump,0,0,0,0,0,0,0,True,Top 25,2
205,Trump,0,0,0,0,0,0,0,True,Top 25,2
206,Trump,2,2,5,5,0,5,0,True,Top 25,2
207,Trump,0,0,0,0,0,0,0,True,Top 25,2
208,Trump,0,0,0,0,0,0,0,True,Top 25,2
209,Trump,0,0,0,0,0,0,0,True,Top 25,2
210,Trump,1,1,1,1,0,1,0,True,Top 25,2
211,Trump,1,1,1,1,0,1,0,True,Top 25,2
212,Trump,0,0,0,0,0,0,0,True,Top 25,2
213,Trump,0,0,0,0,0,0,0,True,Top 25,2
214,Trump,0,0,0,0,0,0,0,True,Top 25,2
215,Trump,1,1,2,2,0,2,0,True,Top 25,2
216,Trump,1,1,1,1,0,1,0,True,Top 25,2
217,Trump,1,1,1,1,0,1,0,True,Top 25,2
218,Trump,0,0,0,0,0,0,0,True,Top 25,2
219,Trump,2,2,3,3,0,3,0,True,Top 25,2
220,Trump,0,0,0,0,0,0,0,True,Top 25,2
221,Trump,0,0,0,0,0,0,0,True,Top 25,2
222,Trump,0,0,0,0,0,0,0,True,Top 25,2
223,Trump,0,0,0,0,0,0,0,True,Top 25,2
224,Trump,2,3,5,4,1,5,0,True,Top 25,2
225,Trump,4,4,5,5,0,5,0,True,Top 25,2
226,Trump,1,4,10,5,5,10,0,True,Top 25,2
227,Trump,0,0,0,0,0,0,0,True,Top 25,2
228,Trump,0,0,0,0,0,0,0,True,Top 25,2
229,Trump,0,0,0,0,0,0,0,True,Top 25,2
230,Trump,0,0,0,0,0,0,0,True,Top 25,2
231,Trump,1,1,2,2,0,2,0,True,Top 25,2
232,Trump,1,1,1,1,0,1,0,True,Top 25,2
233,Trump,0,0,0,0,0,0,0,True,Top 25,2
234,Trump,0,0,0,0,0,0,0,True,Top 25,2
235,Trump,0,0,0,0,0,0,0,True,Top 25,2
236,Trump,0,0,0,0,0,0,0,True,Top 25,2
237,Trump,0,0,0,0,0,0,0,True,Top 25,2
238,Trump,0,0,0,0,0,0,0,True,Top 25,2
239,Trump,0,0,0,0,0,0,0,True,Top 25,2
240,Trump,1,1,2,2,0,2,0,True,Top 25,2
241,Trump,1,1,2,2,0,2,0,True,Top 25,2
242,Trump,2,5,15,10,5,15,0,True,Top 25,2
243,Trump,0,0,0,0,0,0,0,True,Top 25,2
244,Trump,2,2,2,2,0,2,0,True,Top 25,2
245,Trump,0,0,0,0,0,0,0,True,Top 25,2
246,Trump,1,4,9,3,6,9,0,True,Top 25,2
247,Trump,0,0,0,0,0,0,0,True,Top 25,2
248,Trump,0,0,0,0,0,0,0,True,Top 25,2
249,Trump,1,1,1,1,0,1,0,True,Top 25,2
250,Trump,1,1,1,1,0,1,0,True,Top 25,2
251,Trump,0,0,0,0,0,0,0,True,Top 25,2
252,Trump,0,0,0,0,0,0,0,True,Top 25,2
253,Trump,0,0,0,0,0,0,0,True,Top 25,2
254,Trump,1,2,10,5,5,10,0,True,Top 25,2
255,Trump,0,0,0,0,0,0,0,True,Top 25,2
256,Trump,2,4,11,6,5,11,0,True,Top 25,2
257,Trump,0,0,0,0,0,0,0,True,Top 25,2
258,Trump,1,7,15,3,12,15,0,True,Top 25,2
259,Trump,1,1,2,2,0,2,0,True,Top 25,2
260,Trump,0,0,0,0,0,0,0,True,Top 25,2
261,Trump,3,3,4,4,0,4,0,True,Top 25,2
262,Trump,0,0,0,0,0,0,0,True,Top 25,2
263,Trump,1,1,1,1,0,1,0,True,Top 25,2
264,Trump,1,4,9,3,6,9,0,True,Top 25,2
265,Trump,1,1,1,1,0,1,0,True,Top 25,2
266,Trump,0,0,0,0,0,0,0,True,Top 25,2
267,Trump,0,0,0,0,0,0,0,True,Top 25,2
268,Trump,0,0,0,0,0,0,0,True,Top 25,2
269,Trump,1,1,1,1,0,1,0,True,Top 25,2
270,Trump,1,1,2,2,0,2,0,True,Top 25,2
271,Trump,1,3,10,5,5,10,0,True,Top 25,2
272,Trump,1,1,1,1,0,1,0,True,Top 25,2
273,Trump,1,1,3,3,0,3,0,True,Top 25,2
274,Trump,1,4,10,5,5,10,0,True,Top 25,2
275,Trump,1,1,1,1,0,1,0,True,Top 25,2
276,Trump,1,1,2,2,0,2,0,True,Top 25,2
277,Trump,1,1,1,1,0,1,0,True,Top 25,2
278,Trump,0,0,0,0,0,0,0,True,Top 25,2
279,Trump,1,1,1,1,0,1,0,True,Top 25,2
280,Trump,0,0,0,0,0,0,0,True,Top 25,2
281,Trump,2,2,3,3,0,3,0,True,Top 25,2
282,Trump,0,0,0,0,0,0,0,True,Top 25,2
283,Trump,0,0,0,0,0,0,0,True,Top 25,2
284,Trump,0,0,0,0,0,0,0,True,Top 25,2
285,Trump,2,2,2,2,0,2,0,True,Top 25,2
286,Trump,0,0,0,0,0,0,0,True,Top 25,2
287,Trump,0,0,0,0,0,0,0,True,Top 25,2
288,Trump,1,6,9,3,6,9,0,True,Top 25,2
289,Trump,0,0,0,0,0,0,0,True,Top 25,2
290,Trump,1,1,1,1,0,1,0,True,Top 25,2
291,Trump,5,5,18,18,0,18,0,True,Top 25,2
292,Trump,7,7,17,17,0,17,0,True,Top 25,2
293,Trump,1,1,2,2,0,2,0,True,Top 25,2
294,Trump,1,5,10,5,5,10,0,True,Top 25,2
295,Trump,0,0,0,0,0,0,0,True,Top 25,2
296,Trump,1,1,1,1,0,1,0,True,Top 25,2
297,Trump,0,0,0,0,0,0,0,True,Top 25,2
298,Trump,0,0,0,0,0,0,0,True,Top 25,2
299,Trump,2,2,4,4,0,4,0,True,Top 25,2
300,Trump,1,1,2,2,0,2,0,True,Top 25,2
301,Trump,2,2,2,2,0,2,0,True,Top 25,2
302,Trump,0,0,0,0,0,0,0,True,Top 25,2
303,Trump,1,1,1,1,0,1,0,True,Top 25,2
304,Trump,1,1,2,2,0,2,0,True,Top 25,2
305,Trump,0,0,0,0,0,0,0,True,Top 25,2
306,Trump,2,2,3,3,0,3,0,True,Top 25,2
307,Trump,0,0,0,0,0,0,0,True,Top 25,2
308,Trump,1,1,1,1,0,1,0,True,Top 25,2
309,Trump,0,0,0,0,0,0,0,True,Top 25,2
310,Trump,0,0,0,0,0,0,0,True,Top 25,2
311,Trump,0,0,0,0,0,0,0,True,Top 25,2
312,Trump,1,1,1,1,0,1,0,True,Top 25,2
313,Trump,1,1,1,1,0,1,0,True,Top 25,2
314,Trump,0,0,0,0,0,0,0,True,Top 25,2
315,Trump,0,0,0,0,0,0,0,True,Top 25,2
316,Trump,1,1,1,1,0,1,0,True,Top 25,2
317,Trump,0,0,0,0,0,0,0,True,Top 25,2
318,Trump,0,0,0,0,0,0,0,True,Top 25,2
319,Trump,0,0,0,0,0,0,0,True,Top 25,2
320,Trump,0,0,0,0,0,0,0,True,Top 25,2
321,Trump,1,1,1,1,0,1,0,True,Top 25,2
322,Trump,1,1,2,2,0,2,0,True,Top 25,2
323,Trump,2,2,2,2,0,2,0,True,Top 25,2
324,Trump,0,0,0,0,0,0,0,True,Top 25,2
325,Trump,1,1,2,2,0,2,0,True,Top 25,2
326,Trump,0,0,0,0,0,0,0,True,Top 25,2
327,Trump,1,1,2,2,0,2,0,True,Top 25,2
328,Trump,0,0,0,0,0,0,0,True,Top 25,2
329,Trump,0,0,0,0,0,0,0,True,Top 25,2
330,Trump,0,0,0,0,0,0,0,True,Top 25,2
331,Trump,0,0,0,0,0,0,0,True,Top 25,2
332,Trump,0,0,0,0,0,0,0,True,Top 25,2
333,Trump,2,2,2,2,0,2,0,True,Top 25,2
334,Trump,2,2,3,3,0,3,0,True,Top 25,2
335,Trump,0,0,0,0,0,0,0,True,Top 25,2
336,Trump,1,1,1,1,0,1,0,True,Top 25,2
337,Trump,0,0,0,0,0,0,0,True,Top 25,2
338,Trump,1,1,1,1,0,1,0,True,Top 25,2
339,Trump,0,0,0,0,0,0,0,True,Top 25,2
340,Trump,1,1,1,1,0,1,0,True,Top 25,2
341,Trump,0,0,0,0,0,0,0,True,Top 25,2
342,Trump,0,0,0,0,0,0,0,True,Top 25,2
343,Trump,0,0,0,0,0,0,0,True,Top 25,2
344,Trump,2,2,5,5,0,5,0,True,Top 25,2
345,Trump,0,0,0,0,0,0,0,True,Top 25,2
346,Trump,2,2,3,3,0,3,0,True,Top 25,2
347,Trump,0,0,0,0,0,0,0,True,Top 25,2
348,Trump,4,4,7,7,0,7,0,True,Top 25,2
349,Trump,1,1,2,2,0,2,0,True,Top 25,2
350,Trump,0,0,0,0,0,0,0,True,Top 25,2
351,Trump,1,1,2,2,0,2,0,True,Top 25,2
352,Trump,0,0,0,0,0,0,0,True,Top 25,2
353,Trump,0,0,0,0,0,0,0,True,Top 25,2
354,Trump,0,0,0,0,0,0,0,True,Top 25,2
355,Trump,1,1,1,1,0,1,0,True,Top 25,2
356,Trump,0,0,0,0,0,0,0,True,Top 25,2
357,Trump,1,1,1,1,0,1,0,True,Top 25,2
358,Trump,1,1,1,1,0,1,0,True,Top 25,2
359,Trump,0,0,0,0,0,0,0,True,Top 25,2
360,Trump,0,0,0,0,0,0,0,True,Top 25,2
361,Trump,0,0,0,0,0,0,0,True,Top 25,2
362,Trump,1,1,1,1,0,1,0,True,Top 25,2
363,Trump,1,1,2,2,0,2,0,True,Top 25,2
364,Trump,0,0,0,0,0,0,0,True,Top 25,2
365,Trump,0,0,0,0,0,0,0,True,Top 25,2
366,Trump,0,0,0,0,0,0,0,True,Top 25,2
367,Trump,0,0,0,0,0,0,0,True,Top 25,2
368,Trump,1,1,2,2,0,2,0,True,Top 25,2
369,Trump,3,3,3,3,0,3,0,True,Top 25,2
370,Trump,0,0,0,0,0,0,0,True,Top 25,2
371,Trump,0,0,0,0,0,0,0,True,Top 25,2
372,Trump,2,2,2,2,0,2,0,True,Top 25,2
373,Trump,0,0,0,0,0,0,0,True,Top 25,2
374,Trump,0,0,0,0,0,0,0,True,Top 25,2
375,Trump,0,0,0,0,0,0,0,True,Top 25,2
376,Trump,0,0,0,0,0,0,0,True,Top 25,2
377,Trump,1,1,1,1,0,1,0,True,Top 25,2
378,Trump,1,1,1,1,0,1,0,True,Top 25,2
379,Trump,0,0,0,0,0,0,0,True,Top 25,2
380,Trump,2,3,10,4,6,10,0,True,Top 25,2
381,Trump,0,0,0,0,0,0,0,True,Top 25,2
382,Trump,2,2,3,3,0,3,0,True,Top 25,2
383,Trump,0,0,0,0,0,0,0,True,Top 25,2
384,Trump,2,2,2,2,0,2,0,True,Top 25,2
385,Trump,0,0,0,0,0,0,0,True,Top 25,2
386,Trump,1,1,1,1,0,1,0,True,Top 25,2
387,Trump,0,0,0,0,0,0,0,True,Top 25,2
388,Trump,0,0,0,0,0,0,0,True,Top 25,2
389,Trump,0,0,0,0,0,0,0,True,Top 25,2
390,Trump,0,0,0,0,0,0,0,True,Top 25,2
391,Trump,1,4,10,5,5,10,0,True,Top 25,2
392,Trump,0,0,0,0,0,0,0,True,Top 25,2
393,Trump,0,0,0,0,0,0,0,True,Top 25,2
394,Trump,0,0,0,0,0,0,0,True,Top 25,2
395,Trump,0,0,0,0,0,0,0,True,Top 25,2
396,Trump,2,2,3,3,0,3,0,True,Top 25,2
397,Trump,0,0,0,0,0,0,0,True,Top 25,2
398,Trump,1,1,1,1,0,1,0,True,Top 25,2
399,Trump,0,0,0,0,0,0,0,True,Top 25,2
400,Trump,2,2,2,2,0,2,0,True,Top 25,2
401,Trump,2,2,2,2,0,2,0,True,Top 25,2
402,Trump,1,1,1,1,0,1,0,True,Top 25,2
403,Trump,0,0,0,0,0,0,0,True,Top 25,2
404,Trump,1,1,1,1,0,1,0,True,Top 25,2
405,Trump,0,0,0,0,0,0,0,True,Top 25,2
406,Trump,1,2,2,1,1,2,0,True,Top 25,2
407,Trump,0,0,0,0,0,0,0,True,Top 25,2
408,Trump,2,2,3,3,0,3,0,True,Top 25,2
409,Trump,1,1,1,1,0,1,0,True,Top 25,2
410,Trump,4,4,5,5,0,5,0,True,Top 25,2
411,Trump,4,5,6,5,1,6,0,True,Top 25,2
412,Trump,2,2,3,3,0,3,0,True,Top 25,2
413,Trump,1,1,1,1,0,1,0,True,Top 25,2
414,Trump,1,2,2,1,1,2,0,True,Top 25,2
415,Trump,0,0,0,0,0,0,0,True,Top 25,2
416,Trump,0,0,0,0,0,0,0,True,Top 25,2
417,Trump,3,4,5,4,1,5,0,True,Top 25,2
418,Trump,2,3,3,2,1,3,0,True,Top 25,2
419,Trump,0,0,0,0,0,0,0,True,Top 25,2
420,Trump,1,1,2,2,0,2,0,True,Top 25,2
421,Trump,0,0,0,0,0,0,0,True,Top 25,2
422,Trump,1,1,1,1,0,1,0,True,Top 25,2
423,Trump,0,0,0,0,0,0,0,True,Top 25,2
424,Trump,1,1,4,4,0,4,0,True,Top 25,2
425,Trump,0,0,0,0,0,0,0,True,Top 25,2
426,Trump,1,1,1,1,0,1,0,True,Top 25,2
427,Trump,2,5,8,5,3,8,0,True,Top 25,2
428,Trump,1,1,1,1,0,1,0,True,Top 25,2
429,Trump,0,0,0,0,0,0,0,True,Top 25,2
430,Trump,1,3,4,2,2,4,0,True,Top 25,2
431,Trump,0,0,0,0,0,0,0,True,Top 25,2
432,Trump,1,1,1,1,0,1,0,True,Top 25,2
433,Trump,0,0,0,0,0,0,0,True,Top 25,2
434,Trump,0,0,0,0,0,0,0,True,Top 25,2
435,Trump,0,0,0,0,0,0,0,True,Top 25,2
436,Trump,0,0,0,0,0,0,0,True,Top 25,2
437,Trump,0,0,0,0,0,0,0,True,Top 25,2
438,Trump,1,1,1,1,0,1,0,True,Top 25,2
439,Trump,0,0,0,0,0,0,0,True,Top 25,2
440,Trump,0,0,0,0,0,0,0,True,Top 25,2
441,Trump,1,1,1,1,0,1,0,True,Top 25,2
442,Trump,0,0,0,0,0,0,0,True,Top 25,2
443,Trump,1,1,1,1,0,1,0,True,Top 25,2
444,Trump,2,2,2,2,0,2,0,True,Top 25,2
445,Harris,0,0,0,0,0,0,0,True,Top 25,2
446,Harris,2,2,2,2,0,2,0,True,Top 25,2
447,Harris,0,0,0,0,0,0,0,True,Top 25,2
448,Harris,0,0,0,0,0,0,0,True,Top 25,2
449,Harris,0,0,0,0,0,0,0,True,Top 25,2
450,Harris,0,0,0,0,0,0,0,True,Top 25,2
451,Harris,0,0,0,0,0,0,0,True,Top 25,2
452,Harris,1,1,14,14,0,14,0,True,Top 25,2
453,Harris,1,1,2,2,0,2,0,True,Top 25,2
454,Harris,0,0,0,0,0,0,0,True,Top 25,2
455,Harris,0,0,0,0,0,0,0,True,Top 25,2
456,Harris,0,0,0,0,0,0,0,True,Top 25,2
457,Harris,0,0,0,0,0,0,0,True,Top 25,2
458,Harris,0,0,0,0,0,0,0,True,Top 25,2
459,Harris,1,1,14,14,0,14,0,True,Top 25,2
460,Harris,0,0,0,0,0,0,0,True,Top 25,2
461,Harris,0,0,0,0,0,0,0,True,Top 25,2
462,Harris,0,0,0,0,0,0,0,True,Top 25,2
463,Harris,0,0,0,0,0,0,0,True,Top 25,2
464,Harris,0,0,0,0,0,0,0,True,Top 25,2
465,Harris,0,0,0,0,0,0,0,True,Top 25,2
466,Harris,0,0,0,0,0,0,0,True,Top 25,2
467,Harris,0,0,0,0,0,0,0,True,Top 25,2
468,Harris,0,0,0,0,0,0,0,True,Top 25,2
469,Harris,0,0,0,0,0,0,0,True,Top 25,2
470,Harris,1,1,14,14,0,14,0,True,Top 25,2
471,Harris,0,0,0,0,0,0,0,True,Top 25,2
472,Harris,0,0,0,0,0,0,0,True,Top 25,2
473,Harris,1,1,2,2,0,2,0,True,Top 25,2
474,Harris,0,0,0,0,0,0,0,True,Top 25,2
475,Harris,0,0,0,0,0,0,0,True,Top 25,2
476,Harris,0,0,0,0,0,0,0,True,Top 25,2
477,Harris,1,1,14,14,0,14,0,True,Top 25,2
478,Harris,2,2,4,4,0,4,0,True,Top 25,2
479,Harris,0,0,0,0,0,0,0,True,Top 25,2
480,Harris,0,0,0,0,0,0,0,True,Top 25,2
481,Harris,0,0,0,0,0,0,0,True,Top 25,2
482,Harris,0,0,0,0,0,0,0,True,Top 25,2
483,Harris,0,0,0,0,0,0,0,True,Top 25,2
484,Harris,0,0,0,0,0,0,0,True,Top 25,2
485,Harris,0,0,0,0,0,0,0,True,Top 25,2
486,Harris,0,0,0,0,0,0,0,True,Top 25,2
487,Harris,0,0,0,0,0,0,0,True,Top 25,2
488,Harris,1,1,14,14,0,14,0,True,Top 25,2
489,Harris,0,0,0,0,0,0,0,True,Top 25,2
490,Harris,0,0,0,0,0,0,0,True,Top 25,2
491,Harris,0,0,0,0,0,0,0,True,Top 25,2
492,Harris,0,0,0,0,0,0,0,True,Top 25,2
493,Harris,0,0,0,0,0,0,0,True,Top 25,2
494,Harris,0,0,0,0,0,0,0,True,Top 25,2
495,Harris,0,0,0,0,0,0,0,True,Top 25,2
496,Harris,0,0,0,0,0,0,0,True,Top 25,2
497,Harris,0,0,0,0,0,0,0,True,Top 25,2
498,Harris,0,0,0,0,0,0,0,True,Top 25,2
499,Harris,1,1,2,2,0,2,0,True,Top 25,2
500,Harris,1,1,14,14,0,14,0,True,Top 25,2
501,Harris,0,0,0,0,0,0,0,True,Top 25,2
502,Harris,0,0,0,0,0,0,0,True,Top 25,2
503,Harris,0,0,0,0,0,0,0,True,Top 25,2
504,Harris,0,0,0,0,0,0,0,True,Top 25,2
505,Harris,0,0,0,0,0,0,0,True,Top 25,2
506,Harris,0,0,0,0,0,0,0,True,Top 25,2
507,Harris,0,0,0,0,0,0,0,True,Top 25,2
508,Harris,0,0,0,0,0,0,0,True,Top 25,2
509,Harris,0,0,0,0,0,0,0,True,Top 25,2
510,Harris,0,0,0,0,0,0,0,True,Top 25,2
511,Harris,0,0,0,0,0,0,0,True,Top 25,2
512,Harris,0,0,0,0,0,0,0,True,Top 25,2
513,Harris,0,0,0,0,0,0,0,True,Top 25,2
514,Harris,0,0,0,0,0,0,0,True,Top 25,2
515,Harris,0,0,0,0,0,0,0,True,Top 25,2
516,Harris,0,0,0,0,0,0,0,True,Top 25,2
517,Harris,0,0,0,0,0,0,0,True,Top 25,2
518,Harris,0,0,0,0,0,0,0,True,Top 25,2
519,Harris,0,0,0,0,0,0,0,True,Top 25,2
520,Harris,0,0,0,0,0,0,0,True,Top 25,2
521,Harris,0,0,0,0,0,0,0,True,Top 25,2
522,Harris,0,0,0,0,0,0,0,True,Top 25,2
523,Harris,0,0,0,0,0,0,0,True,Top 25,2
524,Harris,0,0,0,0,0,0,0,True,Top 25,2
525,Harris,1,1,14,14,0,14,0,True,Top 25,2
526,Harris,0,0,0,0,0,0,0,True,Top 25,2
527,Harris,0,0,0,0,0,0,0,True,Top 25,2
528,Harris,0,0,0,0,0,0,0,True,Top 25,2
529,Harris,0,0,0,0,0,0,0,True,Top 25,2
530,Harris,0,0,0,0,0,0,0,True,Top 25,2
531,Harris,1,1,14,14,0,14,0,True,Top 25,2
532,Harris,1,1,2,2,0,2,0,True,Top 25,2
533,Harris,0,0,0,0,0,0,0,True,Top 25,2
534,Harris,1,1,2,2,0,2,0,True,Top 25,2
535,Harris,0,0,0,0,0,0,0,True,Top 25,2
536,Harris,0,0,0,0,0,0,0,True,Top 25,2
537,Harris,1,1,1,1,0,1,0,True,Top 25,2
538,Harris,0,0,0,0,0,0,0,True,Top 25,2
539,Harris,0,0,0,0,0,0,0,True,Top 25,2
540,Harris,0,0,0,0,0,0,0,True,Top 25,2
541,Harris,0,0,0,0,0,0,0,True,Top 25,2
542,Harris,1,1,2,2,0,2,0,True,Top 25,2
543,Harris,0,0,0,0,0,0,0,True,Top 25,2
544,Harris,0,0,0,0,0,0,0,True,Top 25,2
545,Harris,2,2,5,5,0,5,0,True,Top 25,2
546,Harris,2,2,16,16,0,16,0,True,Top 25,2
547,Harris,1,1,2,2,0,2,0,True,Top 25,2
548,Harris,0,0,0,0,0,0,0,True,Top 25,2
549,Harris,0,0,0,0,0,0,0,True,Top 25,2
550,Harris,0,0,0,0,0,0,0,True,Top 25,2
551,Harris,0,0,0,0,0,0,0,True,Top 25,2
552,Harris,0,0,0,0,0,0,0,True,Top 25,2
553,Harris,0,0,0,0,0,0,0,True,Top 25,2
554,Harris,0,0,0,0,0,0,0,True,Top 25,2
555,Harris,0,0,0,0,0,0,0,True,Top 25,2
556,Harris,0,0,0,0,0,0,0,True,Top 25,2
557,Harris,1,1,2,2,0,2,0,True,Top 25,2
558,Harris,0,0,0,0,0,0,0,True,Top 25,2
559,Harris,0,0,0,0,0,0,0,True,Top 25,2
560,Harris,0,0,0,0,0,0,0,True,Top 25,2
561,Harris,0,0,0,0,0,0,0,True,Top 25,2
562,Harris,0,0,0,0,0,0,0,True,Top 25,2
563,Harris,0,0,0,0,0,0,0,True,Top 25,2
564,Harris,0,0,0,0,0,0,0,True,Top 25,2
565,Harris,0,0,0,0,0,0,0,True,Top 25,2
566,Harris,0,0,0,0,0,0,0,True,Top 25,2
567,Harris,0,0,0,0,0,0,0,True,Top 25,2
568,Harris,0,0,0,0,0,0,0,True,Top 25,2
569,Harris,0,0,0,0,0,0,0,True,Top 25,2
570,Harris,0,0,0,0,0,0,0,True,Top 25,2
571,Harris,0,0,0,0,0,0,0,True,Top 25,2
572,Harris,0,0,0,0,0,0,0,True,Top 25,2
573,Harris,0,0,0,0,0,0,0,True,Top 25,2
574,Harris,0,0,0,0,0,0,0,True,Top 25,2
575,Harris,0,0,0,0,0,0,0,True,Top 25,2
576,Harris,0,0,0,0,0,0,0,True,Top 25,2
577,Harris,0,0,0,0,0,0,0,True,Top 25,2
578,Harris,0,0,0,0,0,0,0,True,Top 25,2
579,Harris,0,0,0,0,0,0,0,True,Top 25,2
580,Harris,0,0,0,0,0,0,0,True,Top 25,2
581,Harris,1,1,4,4,0,4,0,True,Top 25,2
582,Harris,0,0,0,0,0,0,0,True,Top 25,2
583,Harris,0,0,0,0,0,0,0,True,Top 25,2
584,Harris,0,0,0,0,0,0,0,True,Top 25,2
585,Harris,0,0,0,0,0,0,0,True,Top 25,2
586,Harris,1,1,14,14,0,14,0,True,Top 25,2
587,Harris,0,0,0,0,0,0,0,True,Top 25,2
588,Harris,0,0,0,0,0,0,0,True,Top 25,2
589,Harris,0,0,0,0,0,0,0,True,Top 25,2
590,Harris,1,1,2,2,0,2,0,True,Top 25,2
591,Harris,0,0,0,0,0,0,0,True,Top 25,2
592,Harris,1,1,2,2,0,2,0,True,Top 25,2
593,Harris,0,0,0,0,0,0,0,True,Top 25,2
594,Harris,0,0,0,0,0,0,0,True,Top 25,2
595,Harris,0,0,0,0,0,0,0,True,Top 25,2
596,Harris,0,0,0,0,0,0,0,True,Top 25,2
597,Harris,1,1,2,2,0,2,0,True,Top 25,2
598,Harris,0,0,0,0,0,0,0,True,Top 25,2
599,Harris,0,0,0,0,0,0,0,True,Top 25,2
600,Harris,0,0,0,0,0,0,0,True,Top 25,2
601,Harris,1,1,2,2,0,2,0,True,Top 25,2
602,Harris,0,0,0,0,0,0,0,True,Top 25,2
603,Harris,0,0,0,0,0,0,0,True,Top 25,2
604,Harris,0,0,0,0,0,0,0,True,Top 25,2
605,Harris,0,0,0,0,0,0,0,True,Top 25,2
606,Harris,1,1,2,2,0,2,0,True,Top 25,2
607,Harris,0,0,0,0,0,0,0,True,Top 25,2
608,Harris,0,0,0,0,0,0,0,True,Top 25,2
609,Harris,0,0,0,0,0,0,0,True,Top 25,2
610,Harris,0,0,0,0,0,0,0,True,Top 25,2
611,Harris,0,0,0,0,0,0,0,True,Top 25,2
612,Harris,0,0,0,0,0,0,0,True,Top 25,2
613,Harris,0,0,0,0,0,0,0,True,Top 25,2
614,Harris,0,0,0,0,0,0,0,True,Top 25,2
615,Harris,0,0,0,0,0,0,0,True,Top 25,2
616,Harris,0,0,0,0,0,0,0,True,Top 25,2
617,Harris,0,0,0,0,0,0,0,True,Top 25,2
618,Harris,0,0,0,0,0,0,0,True,Top 25,2
619,Harris,1,1,17,17,0,17,0,True,Top 25,2
620,Harris,0,0,0,0,0,0,0,True,Top 25,2
621,Harris,0,0,0,0,0,0,0,True,Top 25,2
622,Harris,0,0,0,0,0,0,0,True,Top 25,2
623,Harris,0,0,0,0,0,0,0,True,Top 25,2
624,Harris,1,1,2,2,0,2,0,True,Top 25,2
625,Harris,0,0,0,0,0,0,0,True,Top 25,2
626,Harris,0,0,0,0,0,0,0,True,Top 25,2
627,Harris,0,0,0,0,0,0,0,True,Top 25,2
628,Harris,0,0,0,0,0,0,0,True,Top 25,2
629,Harris,0,0,0,0,0,0,0,True,Top 25,2
630,Harris,0,0,0,0,0,0,0,True,Top 25,2
631,Harris,0,0,0,0,0,0,0,True,Top 25,2
632,Harris,0,0,0,0,0,0,0,True,Top 25,2
633,Harris,0,0,0,0,0,0,0,True,Top 25,2
634,Harris,0,0,0,0,0,0,0,True,Top 25,2
635,Harris,0,0,0,0,0,0,0,True,Top 25,2
636,Harris,0,0,0,0,0,0,0,True,Top 25,2
637,Harris,0,0,0,0,0,0,0,True,Top 25,2
638,Harris,0,0,0,0,0,0,0,True,Top 25,2
639,Harris,0,0,0,0,0,0,0,True,Top 25,2
640,Harris,0,0,0,0,0,0,0,True,Top 25,2
641,Harris,0,0,0,0,0,0,0,True,Top 25,2
642,Harris,0,0,0,0,0,0,0,True,Top 25,2
643,Harris,0,0,0,0,0,0,0,True,Top 25,2
644,Harris,0,0,0,0,0,0,0,True,Top 25,2
645,Harris,0,0,0,0,0,0,0,True,Top 25,2
646,Harris,0,0,0,0,0,0,0,True,Top 25,2
647,Harris,0,0,0,0,0,0,0,True,Top 25,2
648,Harris,0,0,0,0,0,0,0,True,Top 25,2
649,Harris,0,0,0,0,0,0,0,True,Top 25,2
650,Harris,0,0,0,0,0,0,0,True,Top 25,2
651,Harris,0,0,0,0,0,0,0,True,Top 25,2
652,Harris,0,0,0,0,0,0,0,True,Top 25,2
653,Harris,0,0,0,0,0,0,0,True,Top 25,2
654,Harris,0,0,0,0,0,0,0,True,Top 25,2
655,Harris,0,0,0,0,0,0,0,True,Top 25,2
656,Harris,1,1,14,14,0,14,0,True,Top 25,2
657,Harris,0,0,0,0,0,0,0,True,Top 25,2
658,Harris,0,0,0,0,0,0,0,True,Top 25,2
659,Harris,0,0,0,0,0,0,0,True,Top 25,2
660,Harris,0,0,0,0,0,0,0,True,Top 25,2
661,Harris,1,1,1,1,0,1,0,True,Top 25,2
662,Harris,0,0,0,0,0,0,0,True,Top 25,2
663,Harris,2,2,6,6,0,6,0,True,Top 25,2
664,Harris,0,0,0,0,0,0,0,True,Top 25,2
665,Harris,0,0,0,0,0,0,0,True,Top 25,2
666,Harris,0,0,0,0,0,0,0,True,Top 25,2
667,Harris,0,0,0,0,0,0,0,True,Top 25,2
668,Harris,0,0,0,0,0,0,0,True,Top 25,2
669,Harris,0,0,0,0,0,0,0,True,Top 25,2
670,Harris,0,0,0,0,0,0,0,True,Top 25,2
671,Harris,0,0,0,0,0,0,0,True,Top 25,2
672,Harris,0,0,0,0,0,0,0,True,Top 25,2
673,Harris,0,0,0,0,0,0,0,True,Top 25,2
674,Harris,0,0,0,0,0,0,0,True,Top 25,2
675,Harris,0,0,0,0,0,0,0,True,Top 25,2
676,Harris,0,0,0,0,0,0,0,True,Top 25,2
677,Harris,0,0,0,0,0,0,0,True,Top 25,2
678,Harris,0,0,0,0,0,0,0,True,Top 25,2
679,Harris,0,0,0,0,0,0,0,True,Top 25,2
680,Harris,0,0,0,0,0,0,0,True,Top 25,2
681,Harris,0,0,0,0,0,0,0,True,Top 25,2
682,Harris,0,0,0,0,0,0,0,True,Top 25,2
683,Harris,0,0,0,0,0,0,0,True,Top 25,2
684,Harris,0,0,0,0,0,0,0,True,Top 25,2
685,Harris,0,0,0,0,0,0,0,True,Top 25,2
686,Harris,0,0,0,0,0,0,0,True,Top 25,2
687,Harris,0,0,0,0,0,0,0,True,Top 25,2
688,Harris,0,0,0,0,0,0,0,True,Top 25,2
689,Harris,0,0,0,0,0,0,0,True,Top 25,2
690,Harris,0,0,0,0,0,0,0,True,Top 25,2
691,Harris,0,0,0,0,0,0,0,True,Top 25,2
692,Harris,0,0,0,0,0,0,0,True,Top 25,2
693,Harris,0,0,0,0,0,0,0,True,Top 25,2
694,Harris,0,0,0,0,0,0,0,True,Top 25,2
695,Harris,1,1,14,14,0,14,0,True,Top 25,2
696,Harris,0,0,0,0,0,0,0,True,Top 25,2
697,Harris,0,0,0,0,0,0,0,True,Top 25,2
698,Harris,0,0,0,0,0,0,0,True,Top 25,2
699,Harris,0,0,0,0,0,0,0,True,Top 25,2
700,Harris,0,0,0,0,0,0,0,True,Top 25,2
701,Harris,0,0,0,0,0,0,0,True,Top 25,2
702,Harris,0,0,0,0,0,0,0,True,Top 25,2
703,Harris,0,0,0,0,0,0,0,True,Top 25,2
704,Harris,0,0,0,0,0,0,0,True,Top 25,2
705,Harris,0,0,0,0,0,0,0,True,Top 25,2
706,Harris,0,0,0,0,0,0,0,True,Top 25,2
707,Harris,0,0,0,0,0,0,0,True,Top 25,2
708,Harris,0,0,0,0,0,0,0,True,Top 25,2
709,Harris,0,0,0,0,0,0,0,True,Top 25,2
710,Harris,0,0,0,0,0,0,0,True,Top 25,2
711,Harris,0,0,0,0,0,0,0,True,Top 25,2
712,Harris,0,0,0,0,0,0,0,True,Top 25,2
713,Harris,0,0,0,0,0,0,0,True,Top 25,2
714,Harris,0,0,0,0,0,0,0,True,Top 25,2
715,Harris,0,0,0,0,0,0,0,True,Top 25,2
716,Harris,0,0,0,0,0,0,0,True,Top 25,2
717,Harris,0,0,0,0,0,0,0,True,Top 25,2
718,Harris,0,0,0,0,0,0,0,True,Top 25,2
719,Harris,0,0,0,0,0,0,0,True,Top 25,2
720,Harris,0,0,0,0,0,0,0,True,Top 25,2
721,Harris,0,0,0,0,0,0,0,True,Top 25,2
722,Harris,0,0,0,0,0,0,0,True,Top 25,2
723,Harris,0,0,0,0,0,0,0,True,Top 25,2
724,Harris,1,1,14,14,0,14,0,True,Top 25,2
725,Harris,0,0,0,0,0,0,0,True,Top 25,2
726,Harris,0,0,0,0,0,0,0,True,Top 25,2
727,Harris,0,0,0,0,0,0,0,True,Top 25,2
728,Harris,0,0,0,0,0,0,0,True,Top 25,2
729,Harris,0,0,0,0,0,0,0,True,Top 25,2
730,Harris,0,0,0,0,0,0,0,True,Top 25,2
731,Harris,0,0,0,0,0,0,0,True,Top 25,2
732,Harris,0,0,0,0,0,0,0,True,Top 25,2
733,Harris,0,0,0,0,0,0,0,True,Top 25,2
734,Harris,0,0,0,0,0,0,0,True,Top 25,2
735,Harris,0,0,0,0,0,0,0,True,Top 25,2
736,Harris,1,1,2,2,0,2,0,True,Top 25,2
737,Harris,1,1,1,1,0,1,0,True,Top 25,2
738,Harris,0,0,0,0,0,0,0,True,Top 25,2
739,Harris,0,0,0,0,0,0,0,True,Top 25,2
740,Harris,0,0,0,0,0,0,0,True,Top 25,2
741,Harris,0,0,0,0,0,0,0,True,Top 25,2
742,Harris,0,0,0,0,0,0,0,True,Top 25,2
743,Harris,0,0,0,0,0,0,0,True,Top 25,2
744,Harris,0,0,0,0,0,0,0,True,Top 25,2
745,Harris,0,0,0,0,0,0,0,True,Top 25,2
746,Harris,0,0,0,0,0,0,0,True,Top 25,2
747,Harris,0,0,0,0,0,0,0,True,Top 25,2
748,Harris,0,0,0,0,0,0,0,True,Top 25,2
749,Harris,1,1,1,1,0,1,0,True,Top 25,2
750,Harris,0,0,0,0,0,0,0,True,Top 25,2
751,Harris,1,1,2,2,0,2,0,True,Top 25,2
752,Harris,0,0,0,0,0,0,0,True,Top 25,2
753,Harris,2,2,4,4,0,4,0,True,Top 25,2
754,Harris,0,0,0,0,0,0,0,True,Top 25,2
755,Harris,1,1,2,2,0,2,0,True,Top 25,2
756,Harris,0,0,0,0,0,0,0,True,Top 25,2
757,Harris,2,2,2,2,0,2,0,True,Top 25,2
758,Harris,1,1,1,1,0,1,0,True,Top 25,2
759,Harris,0,0,0,0,0,0,0,True,Top 25,2
760,Harris,0,0,0,0,0,0,0,True,Top 25,2
761,Harris,0,0,0,0,0,0,0,True,Top 25,2
762,Harris,0,0,0,0,0,0,0,True,Top 25,2
763,Harris,1,1,2,2,0,2,0,True,Top 25,2
764,Harris,0,0,0,0,0,0,0,True,Top 25,2
765,Harris,2,2,3,3,0,3,0,True,Top 25,2
766,Harris,1,1,14,14,0,14,0,True,Top 25,2
767,Harris,0,0,0,0,0,0,0,True,Top 25,2
768,Harris,0,0,0,0,0,0,0,True,Top 25,2
769,Harris,3,3,6,6,0,6,0,True,Top 25,2
770,Harris,0,0,0,0,0,0,0,True,Top 25,2
771,Harris,0,0,0,0,0,0,0,True,Top 25,2
772,Harris,2,2,11,11,0,11,0,True,Top 25,2
773,Harris,0,0,0,0,0,0,0,True,Top 25,2
774,Harris,1,1,1,1,0,1,0,True,Top 25,2
775,Harris,1,1,2,2,0,2,0,True,Top 25,2
776,Harris,0,0,0,0,0,0,0,True,Top 25,2
777,Harris,0,0,0,0,0,0,0,True,Top 25,2
778,Harris,0,0,0,0,0,0,0,True,Top 25,2
779,Harris,0,0,0,0,0,0,0,True,Top 25,2
780,Harris,0,0,0,0,0,0,0,True,Top 25,2
781,Harris,0,0,0,0,0,0,0,True,Top 25,2
782,Harris,0,0,0,0,0,0,0,True,Top 25,2
783,Harris,0,0,0,0,0,0,0,True,Top 25,2
784,Harris,0,0,0,0,0,0,0,True,Top 25,2
785,Harris,0,0,0,0,0,0,0,True,Top 25,2
786,Harris,0,0,0,0,0,0,0,True,Top 25,2
787,Harris,0,0,0,0,0,0,0,True,Top 25,2
788,Harris,0,0,0,0,0,0,0,True,Top 25,2
789,Harris,0,0,0,0,0,0,0,True,Top 25,2
790,Harris,0,0,0,0,0,0,0,True,Top 25,2
791,Harris,0,0,0,0,0,0,0,True,Top 25,2
792,Harris,0,0,0,0,0,0,0,True,Top 25,2
793,Harris,2,2,3,3,0,3,0,True,Top 25,2
794,Harris,0,0,0,0,0,0,0,True,Top 25,2
795,Harris,0,0,0,0,0,0,0,True,Top 25,2
796,Harris,0,0,0,0,0,0,0,True,Top 25,2
797,Harris,0,0,0,0,0,0,0,True,Top 25,2
798,Harris,0,0,0,0,0,0,0,True,Top 25,2
799,Harris,0,0,0,0,0,0,0,True,Top 25,2
800,Harris,1,1,2,2,0,2,0,True,Top 25,2
801,Harris,0,0,0,0,0,0,0,True,Top 25,2
802,Harris,0,0,0,0,0,0,0,True,Top 25,2
803,Harris,0,0,0,0,0,0,0,True,Top 25,2
804,Harris,0,0,0,0,0,0,0,True,Top 25,2
805,Harris,1,1,1,1,0,1,0,True,Top 25,2
806,Harris,0,0,0,0,0,0,0,True,Top 25,2
807,Harris,0,0,0,0,0,0,0,True,Top 25,2
808,Harris,0,0,0,0,0,0,0,True,Top 25,2
809,Harris,1,1,3,3,0,3,0,True,Top 25,2
810,Harris,0,0,0,0,0,0,0,True,Top 25,2
811,Harris,0,0,0,0,0,0,0,True,Top 25,2
812,Harris,0,0,0,0,0,0,0,True,Top 25,2
813,Harris,0,0,0,0,0,0,0,True,Top 25,2
814,Harris,0,0,0,0,0,0,0,True,Top 25,2
815,Harris,0,0,0,0,0,0,0,True,Top 25,2
816,Harris,0,0,0,0,0,0,0,True,Top 25,2
817,Harris,3,3,6,6,0,6,0,True,Top 25,2
818,Harris,0,0,0,0,0,0,0,True,Top 25,2
819,Harris,0,0,0,0,0,0,0,True,Top 25,2
820,Harris,0,0,0,0,0,0,0,True,Top 25,2
821,Harris,0,0,0,0,0,0,0,True,Top 25,2
822,Harris,1,1,2,2,0,2,0,True,Top 25,2
823,Harris,0,0,0,0,0,0,0,True,Top 25,2
824,Harris,0,0,0,0,0,0,0,True,Top 25,2
825,Harris,1,1,14,14,0,14,0,True,Top 25,2
826,Harris,0,0,0,0,0,0,0,True,Top 25,2
827,Harris,0,0,0,0,0,0,0,True,Top 25,2
828,Harris,1,1,1,1,0,1,0,True,Top 25,2
829,Harris,1,1,9,9,0,9,0,True,Top 25,2
830,Harris,0,0,0,0,0,0,0,True,Top 25,2
831,Harris,0,0,0,0,0,0,0,True,Top 25,2
832,Harris,1,1,2,2,0,2,0,True,Top 25,2
833,Harris,0,0,0,0,0,0,0,True,Top 25,2
834,Harris,0,0,0,0,0,0,0,True,Top 25,2
835,Harris,1,1,2,2,0,2,0,True,Top 25,2
836,Harris,0,0,0,0,0,0,0,True,Top 25,2
837,Harris,0,0,0,0,0,0,0,True,Top 25,2
838,Harris,0,0,0,0,0,0,0,True,Top 25,2
839,Harris,0,0,0,0,0,0,0,True,Top 25,2
840,Harris,1,1,2,2,0,2,0,True,Top 25,2
841,Harris,1,1,14,14,0,14,0,True,Top 25,2
842,Harris,0,0,0,0,0,0,0,True,Top 25,2
843,Harris,0,0,0,0,0,0,0,True,Top 25,2
844,Harris,0,0,0,0,0,0,0,True,Top 25,2
845,Harris,0,0,0,0,0,0,0,True,Top 25,2
846,Harris,1,1,1,1,0,1,0,True,Top 25,2
847,Harris,1,1,1,1,0,1,0,True,Top 25,2
848,Harris,2,2,2,2,0,2,0,True,Top 25,2
849,Harris,1,1,1,1,0,1,0,True,Top 25,2
850,Harris,0,0,0,0,0,0,0,True,Top 25,2
851,Harris,0,0,0,0,0,0,0,True,Top 25,2
852,Harris,2,2,4,4,0,4,0,True,Top 25,2
853,Harris,0,0,0,0,0,0,0,True,Top 25,2
854,Harris,1,1,4,4,0,4,0,True,Top 25,2
855,Harris,1,1,2,2,0,2,0,True,Top 25,2
856,Harris,1,1,5,5,0,5,0,True,Top 25,2
857,Harris,0,0,0,0,0,0,0,True,Top 25,2
858,Harris,2,2,4,4,0,4,0,True,Top 25,2
859,Harris,1,1,1,1,0,1,0,True,Top 25,2
860,Harris,2,2,4,4,0,4,0,True,Top 25,2
861,Harris,1,1,2,2,0,2,0,True,Top 25,2
862,Harris,2,2,3,3,0,3,0,True,Top 25,2
863,Harris,4,4,5,5,0,5,0,True,Top 25,2
864,Harris,2,2,2,2,0,2,0,True,Top 25,2
865,Harris,1,1,1,1,0,1,0,True,Top 25,2
866,Harris,1,1,2,2,0,2,0,True,Top 25,2
867,Harris,0,0,0,0,0,0,0,True,Top 25,2
868,Harris,2,2,7,7,0,7,0,True,Top 25,2
869,Harris,0,0,0,0,0,0,0,True,Top 25,2
870,Harris,0,0,0,0,0,0,0,True,Top 25,2
871,Harris,0,0,0,0,0,0,0,True,Top 25,2
872,Harris,0,0,0,0,0,0,0,True,Top 25,2
873,Harris,0,0,0,0,0,0,0,True,Top 25,2
874,Harris,0,0,0,0,0,0,0,True,Top 25,2
875,Harris,0,0,0,0,0,0,0,True,Top 25,2
876,Harris,0,0,0,0,0,0,0,True,Top 25,2
877,Harris,0,0,0,0,0,0,0,True,Top 25,2
878,Harris,0,0,0,0,0,0,0,True,Top 25,2
879,Harris,0,0,0,0,0,0,0,True,Top 25,2
880,Harris,0,0,0,0,0,0,0,True,Top 25,2
881,Harris,0,0,0,0,0,0,0,True,Top 25,2
882,Harris,1,1,4,4,0,4,0,True,Top 25,2
883,Harris,0,0,0,0,0,0,0,True,Top 25,2
884,Harris,0,0,0,0,0,0,0,True,Top 25,2
885,Harris,0,0,0,0,0,0,0,True,Top 25,2
886,Harris,0,0,0,0,0,0,0,True,Top 25,2
887,Harris,1,1,1,1,0,1,0,True,Top 25,2
888,Harris,0,0,0,0,0,0,0,True,Top 25,2
889,Harris,1,1,4,4,0,4,0,True,Top 25,2
0,Trump,1,5,10,5,5,10,0,True,Top 25,3
1,Trump,0,0,0,0,0,0,0,True,Top 25,3
2,Trump,1,1,1,1,0,1,0,True,Top 25,3
3,Trump,0,0,0,0,0,0,0,True,Top 25,3
4,Trump,0,0,0,0,0,0,0,True,Top 25,3
5,Trump,0,0,0,0,0,0,0,True,Top 25,3
6,Trump,1,1,1,1,0,1,0,True,Top 25,3
7,Trump,1,5,10,5,5,10,0,True,Top 25,3
8,Trump,0,0,0,0,0,0,0,True,Top 25,3
9,Trump,0,0,0,0,0,0,0,True,Top 25,3
10,Trump,0,0,0,0,0,0,0,True,Top 25,3
11,Trump,0,0,0,0,0,0,0,True,Top 25,3
12,Trump,0,0,0,0,0,0,0,True,Top 25,3
13,Trump,1,1,1,1,0,1,0,True,Top 25,3
14,Trump,1,1,1,1,0,1,0,True,Top 25,3
15,Trump,1,5,10,5,5,10,0,True,Top 25,3
16,Trump,1,5,10,5,5,10,0,True,Top 25,3
17,Trump,0,0,0,0,0,0,0,True,Top 25,3
18,Trump,1,1,1,1,0,1,0,True,Top 25,3
19,Trump,1,4,10,5,5,10,0,True,Top 25,3
20,Trump,0,0,0,0,0,0,0,True,Top 25,3
21,Trump,0,0,0,0,0,0,0,True,Top 25,3
22,Trump,1,1,1,1,0,1,0,True,Top 25,3
23,Trump,0,0,0,0,0,0,0,True,Top 25,3
24,Trump,0,0,0,0,0,0,0,True,Top 25,3
25,Trump,1,5,10,5,5,10,0,True,Top 25,3
26,Trump,0,0,0,0,0,0,0,True,Top 25,3
27,Trump,0,0,0,0,0,0,0,True,Top 25,3
28,Trump,0,0,0,0,0,0,0,True,Top 25,3
29,Trump,0,0,0,0,0,0,0,True,Top 25,3
30,Trump,0,0,0,0,0,0,0,True,Top 25,3
31,Trump,0,0,0,0,0,0,0,True,Top 25,3
32,Trump,1,1,1,1,0,1,0,True,Top 25,3
33,Trump,1,4,10,5,5,10,0,True,Top 25,3
34,Trump,1,1,1,1,0,1,0,True,Top 25,3
35,Trump,1,1,1,1,0,1,0,True,Top 25,3
36,Trump,1,1,1,1,0,1,0,True,Top 25,3
37,Trump,0,0,0,0,0,0,0,True,Top 25,3
38,Trump,0,0,0,0,0,0,0,True,Top 25,3
39,Trump,0,0,0,0,0,0,0,True,Top 25,3
40,Trump,0,0,0,0,0,0,0,True,Top 25,3
41,Trump,0,0,0,0,0,0,0,True,Top 25,3
42,Trump,1,1,1,1,0,1,0,True,Top 25,3
43,Trump,0,0,0,0,0,0,0,True,Top 25,3
44,Trump,0,0,0,0,0,0,0,True,Top 25,3
45,Trump,0,0,0,0,0,0,0,True,Top 25,3
46,Trump,0,0,0,0,0,0,0,True,Top 25,3
47,Trump,0,0,0,0,0,0,0,True,Top 25,3
48,Trump,2,2,5,5,0,5,0,True,Top 25,3
49,Trump,0,0,0,0,0,0,0,True,Top 25,3
50,Trump,0,0,0,0,0,0,0,True,Top 25,3
51,Trump,0,0,0,0,0,0,0,True,Top 25,3
52,Trump,1,1,1,1,0,1,0,True,Top 25,3
53,Trump,1,5,15,3,12,15,0,True,Top 25,3
54,Trump,1,1,4,4,0,4,0,True,Top 25,3
55,Trump,1,1,1,1,0,1,0,True,Top 25,3
56,Trump,0,0,0,0,0,0,0,True,Top 25,3
57,Trump,0,0,0,0,0,0,0,True,Top 25,3
58,Trump,1,4,10,5,5,10,0,True,Top 25,3
59,Trump,1,4,10,5,5,10,0,True,Top 25,3
60,Trump,0,0,0,0,0,0,0,True,Top 25,3
61,Trump,0,0,0,0,0,0,0,True,Top 25,3
62,Trump,0,0,0,0,0,0,0,True,Top 25,3
63,Trump,0,0,0,0,0,0,0,True,Top 25,3
64,Trump,0,0,0,0,0,0,0,True,Top 25,3
65,Trump,0,0,0,0,0,0,0,True,Top 25,3
66,Trump,0,0,0,0,0,0,0,True,Top 25,3
67,Trump,1,1,1,1,0,1,0,True,Top 25,3
68,Trump,1,3,10,5,5,10,0,True,Top 25,3
69,Trump,0,0,0,0,0,0,0,True,Top 25,3
70,Trump,0,0,0,0,0,0,0,True,Top 25,3
71,Trump,0,0,0,0,0,0,0,True,Top 25,3
72,Trump,0,0,0,0,0,0,0,True,Top 25,3
73,Trump,0,0,0,0,0,0,0,True,Top 25,3
74,Trump,0,0,0,0,0,0,0,True,Top 25,3
75,Trump,0,0,0,0,0,0,0,True,Top 25,3
76,Trump,1,1,1,1,0,1,0,True,Top 25,3
77,Trump,0,0,0,0,0,0,0,True,Top 25,3
78,Trump,1,1,4,4,0,4,0,True,Top 25,3
79,Trump,0,0,0,0,0,0,0,True,Top 25,3
80,Trump,0,0,0,0,0,0,0,True,Top 25,3
81,Trump,0,0,0,0,0,0,0,True,Top 25,3
82,Trump,1,1,1,1,0,1,0,True,Top 25,3
83,Trump,0,0,0,0,0,0,0,True,Top 25,3
84,Trump,1,1,1,1,0,1,0,True,Top 25,3
85,Trump,0,0,0,0,0,0,0,True,Top 25,3
86,Trump,1,3,10,5,5,10,0,True,Top 25,3
87,Trump,0,0,0,0,0,0,0,True,Top 25,3
88,Trump,1,1,2,2,0,2,0,True,Top 25,3
89,Trump,0,0,0,0,0,0,0,True,Top 25,3
90,Trump,0,0,0,0,0,0,0,True,Top 25,3
91,Trump,1,1,1,1,0,1,0,True,Top 25,3
92,Trump,0,0,0,0,0,0,0,True,Top 25,3
93,Trump,2,2,2,2,0,2,0,True,Top 25,3
94,Trump,0,0,0,0,0,0,0,True,Top 25,3
95,Trump,1,1,1,1,0,1,0,True,Top 25,3
96,Trump,0,0,0,0,0,0,0,True,Top 25,3
97,Trump,2,5,11,6,5,11,0,True,Top 25,3
98,Trump,1,4,10,5,5,10,0,True,Top 25,3
99,Trump,2,3,5,3,2,5,0,True,Top 25,3
100,Trump,0,0,0,0,0,0,0,True,Top 25,3
101,Trump,1,1,1,1,0,1,0,True,Top 25,3
102,Trump,0,0,0,0,0,0,0,True,Top 25,3
103,Trump,1,1,2,2,0,2,0,True,Top 25,3
104,Trump,1,3,10,5,5,10,0,True,Top 25,3
105,Trump,0,0,0,0,0,0,0,True,Top 25,3
106,Trump,1,1,1,1,0,1,0,True,Top 25,3
107,Trump,0,0,0,0,0,0,0,True,Top 25,3
108,Trump,2,2,3,3,0,3,0,True,Top 25,3
109,Trump,0,0,0,0,0,0,0,True,Top 25,3
110,Trump,0,0,0,0,0,0,0,True,Top 25,3
111,Trump,0,0,0,0,0,0,0,True,Top 25,3
112,Trump,2,2,3,3,0,3,0,True,Top 25,3
113,Trump,2,2,3,3,0,3,0,True,Top 25,3
114,Trump,1,5,9,3,6,9,0,True,Top 25,3
115,Trump,0,0,0,0,0,0,0,True,Top 25,3
116,Trump,1,1,1,1,0,1,0,True,Top 25,3
117,Trump,2,2,4,4,0,4,0,True,Top 25,3
118,Trump,0,0,0,0,0,0,0,True,Top 25,3
119,Trump,0,0,0,0,0,0,0,True,Top 25,3
120,Trump,3,3,9,9,0,9,0,True,Top 25,3
121,Trump,0,0,0,0,0,0,0,True,Top 25,3
122,Trump,0,0,0,0,0,0,0,True,Top 25,3
123,Trump,0,0,0,0,0,0,0,True,Top 25,3
124,Trump,1,1,1,1,0,1,0,True,Top 25,3
125,Trump,0,0,0,0,0,0,0,True,Top 25,3
126,Trump,2,2,2,2,0,2,0,True,Top 25,3
127,Trump,4,4,8,8,0,8,0,True,Top 25,3
128,Trump,0,0,0,0,0,0,0,True,Top 25,3
129,Trump,0,0,0,0,0,0,0,True,Top 25,3
130,Trump,0,0,0,0,0,0,0,True,Top 25,3
131,Trump,0,0,0,0,0,0,0,True,Top 25,3
132,Trump,0,0,0,0,0,0,0,True,Top 25,3
133,Trump,0,0,0,0,0,0,0,True,Top 25,3
134,Trump,2,2,2,2,0,2,0,True,Top 25,3
135,Trump,0,0,0,0,0,0,0,True,Top 25,3
136,Trump,0,0,0,0,0,0,0,True,Top 25,3
137,Trump,0,0,0,0,0,0,0,True,Top 25,3
138,Trump,0,0,0,0,0,0,0,True,Top 25,3
139,Trump,0,0,0,0,0,0,0,True,Top 25,3
140,Trump,2,2,3,3,0,3,0,True,Top 25,3
141,Trump,0,0,0,0,0,0,0,True,Top 25,3
142,Trump,1,1,1,1,0,1,0,True,Top 25,3
143,Trump,0,0,0,0,0,0,0,True,Top 25,3
144,Trump,1,1,1,1,0,1,0,True,Top 25,3
145,Trump,0,0,0,0,0,0,0,True,Top 25,3
146,Trump,0,0,0,0,0,0,0,True,Top 25,3
147,Trump,0,0,0,0,0,0,0,True,Top 25,3
148,Trump,0,0,0,0,0,0,0,True,Top 25,3
149,Trump,0,0,0,0,0,0,0,True,Top 25,3
150,Trump,1,1,2,2,0,2,0,True,Top 25,3
151,Trump,1,1,1,1,0,1,0,True,Top 25,3
152,Trump,1,1,1,1,0,1,0,True,Top 25,3
153,Trump,1,5,10,5,5,10,0,True,Top 25,3
154,Trump,1,1,2,2,0,2,0,True,Top 25,3
155,Trump,1,1,1,1,0,1,0,True,Top 25,3
156,Trump,0,0,0,0,0,0,0,True,Top 25,3
157,Trump,0,0,0,0,0,0,0,True,Top 25,3
158,Trump,0,0,0,0,0,0,0,True,Top 25,3
159,Trump,0,0,0,0,0,0,0,True,Top 25,3
160,Trump,0,0,0,0,0,0,0,True,Top 25,3
161,Trump,0,0,0,0,0,0,0,True,Top 25,3
162,Trump,1,5,9,3,6,9,0,True,Top 25,3
163,Trump,0,0,0,0,0,0,0,True,Top 25,3
164,Trump,0,0,0,0,0,0,0,True,Top 25,3
165,Trump,0,0,0,0,0,0,0,True,Top 25,3
166,Trump,0,0,0,0,0,0,0,True,Top 25,3
167,Trump,0,0,0,0,0,0,0,True,Top 25,3
168,Trump,0,0,0,0,0,0,0,True,Top 25,3
169,Trump,2,2,2,2,0,2,0,True,Top 25,3
170,Trump,1,1,2,2,0,2,0,True,Top 25,3
171,Trump,0,0,0,0,0,0,0,True,Top 25,3
172,Trump,0,0,0,0,0,0,0,True,Top 25,3
173,Trump,0,0,0,0,0,0,0,True,Top 25,3
174,Trump,0,0,0,0,0,0,0,True,Top 25,3
175,Trump,2,5,16,4,12,16,0,True,Top 25,3
176,Trump,1,1,1,1,0,1,0,True,Top 25,3
177,Trump,0,0,0,0,0,0,0,True,Top 25,3
178,Trump,0,0,0,0,0,0,0,True,Top 25,3
179,Trump,0,0,0,0,0,0,0,True,Top 25,3
180,Trump,0,0,0,0,0,0,0,True,Top 25,3
181,Trump,2,7,11,6,5,11,0,True,Top 25,3
182,Trump,1,4,10,5,5,10,0,True,Top 25,3
183,Trump,1,1,1,1,0,1,0,True,Top 25,3
184,Trump,0,0,0,0,0,0,0,True,Top 25,3
185,Trump,0,0,0,0,0,0,0,True,Top 25,3
186,Trump,0,0,0,0,0,0,0,True,Top 25,3
187,Trump,1,1,1,1,0,1,0,True,Top 25,3
188,Trump,0,0,0,0,0,0,0,True,Top 25,3
189,Trump,1,1,1,1,0,1,0,True,Top 25,3
190,Trump,1,1,1,1,0,1,0,True,Top 25,3
191,Trump,1,1,2,2,0,2,0,True,Top 25,3
192,Trump,0,0,0,0,0,0,0,True,Top 25,3
193,Trump,0,0,0,0,0,0,0,True,Top 25,3
194,Trump,1,1,2,2,0,2,0,True,Top 25,3
195,Trump,0,0,0,0,0,0,0,True,Top 25,3
196,Trump,1,1,1,1,0,1,0,True,Top 25,3
197,Trump,0,0,0,0,0,0,0,True,Top 25,3
198,Trump,0,0,0,0,0,0,0,True,Top 25,3
199,Trump,0,0,0,0,0,0,0,True,Top 25,3
200,Trump,0,0,0,0,0,0,0,True,Top 25,3
201,Trump,0,0,0,0,0,0,0,True,Top 25,3
202,Trump,0,0,0,0,0,0,0,True,Top 25,3
203,Trump,0,0,0,0,0,0,0,True,Top 25,3
204,Trump,0,0,0,0,0,0,0,True,Top 25,3
205,Trump,0,0,0,0,0,0,0,True,Top 25,3
206,Trump,2,2,5,5,0,5,0,True,Top 25,3
207,Trump,0,0,0,0,0,0,0,True,Top 25,3
208,Trump,0,0,0,0,0,0,0,True,Top 25,3
209,Trump,0,0,0,0,0,0,0,True,Top 25,3
210,Trump,1,1,1,1,0,1,0,True,Top 25,3
211,Trump,1,1,1,1,0,1,0,True,Top 25,3
212,Trump,0,0,0,0,0,0,0,True,Top 25,3
213,Trump,0,0,0,0,0,0,0,True,Top 25,3
214,Trump,0,0,0,0,0,0,0,True,Top 25,3
215,Trump,1,1,2,2,0,2,0,True,Top 25,3
216,Trump,1,1,1,1,0,1,0,True,Top 25,3
217,Trump,1,1,1,1,0,1,0,True,Top 25,3
218,Trump,0,0,0,0,0,0,0,True,Top 25,3
219,Trump,2,2,3,3,0,3,0,True,Top 25,3
220,Trump,0,0,0,0,0,0,0,True,Top 25,3
221,Trump,0,0,0,0,0,0,0,True,Top 25,3
222,Trump,0,0,0,0,0,0,0,True,Top 25,3
223,Trump,0,0,0,0,0,0,0,True,Top 25,3
224,Trump,2,3,5,4,1,5,0,True,Top 25,3
225,Trump,4,4,5,5,0,5,0,True,Top 25,3
226,Trump,1,4,10,5,5,10,0,True,Top 25,3
227,Trump,0,0,0,0,0,0,0,True,Top 25,3
228,Trump,0,0,0,0,0,0,0,True,Top 25,3
229,Trump,0,0,0,0,0,0,0,True,Top 25,3
230,Trump,0,0,0,0,0,0,0,True,Top 25,3
231,Trump,1,1,2,2,0,2,0,True,Top 25,3
232,Trump,1,1,1,1,0,1,0,True,Top 25,3
233,Trump,0,0,0,0,0,0,0,True,Top 25,3
234,Trump,0,0,0,0,0,0,0,True,Top 25,3
235,Trump,0,0,0,0,0,0,0,True,Top 25,3
236,Trump,0,0,0,0,0,0,0,True,Top 25,3
237,Trump,0,0,0,0,0,0,0,True,Top 25,3
238,Trump,0,0,0,0,0,0,0,True,Top 25,3
239,Trump,0,0,0,0,0,0,0,True,Top 25,3
240,Trump,1,1,2,2,0,2,0,True,Top 25,3
241,Trump,1,1,2,2,0,2,0,True,Top 25,3
242,Trump,2,5,15,10,5,15,0,True,Top 25,3
243,Trump,0,0,0,0,0,0,0,True,Top 25,3
244,Trump,2,2,2,2,0,2,0,True,Top 25,3
245,Trump,0,0,0,0,0,0,0,True,Top 25,3
246,Trump,1,5,9,3,6,9,0,True,Top 25,3
247,Trump,0,0,0,0,0,0,0,True,Top 25,3
248,Trump,0,0,0,0,0,0,0,True,Top 25,3
249,Trump,1,1,1,1,0,1,0,True,Top 25,3
250,Trump,1,1,1,1,0,1,0,True,Top 25,3
251,Trump,0,0,0,0,0,0,0,True,Top 25,3
252,Trump,0,0,0,0,0,0,0,True,Top 25,3
253,Trump,0,0,0,0,0,0,0,True,Top 25,3
254,Trump,1,4,10,5,5,10,0,True,Top 25,3
255,Trump,0,0,0,0,0,0,0,True,Top 25,3
256,Trump,2,6,11,6,5,11,0,True,Top 25,3
257,Trump,0,0,0,0,0,0,0,True,Top 25,3
258,Trump,1,8,15,3,12,15,0,True,Top 25,3
259,Trump,1,1,2,2,0,2,0,True,Top 25,3
260,Trump,0,0,0,0,0,0,0,True,Top 25,3
261,Trump,3,3,4,4,0,4,0,True,Top 25,3
262,Trump,0,0,0,0,0,0,0,True,Top 25,3
263,Trump,1,1,1,1,0,1,0,True,Top 25,3
264,Trump,1,4,9,3,6,9,0,True,Top 25,3
265,Trump,1,1,1,1,0,1,0,True,Top 25,3
266,Trump,0,0,0,0,0,0,0,True,Top 25,3
267,Trump,0,0,0,0,0,0,0,True,Top 25,3
268,Trump,0,0,0,0,0,0,0,True,Top 25,3
269,Trump,1,1,1,1,0,1,0,True,Top 25,3
270,Trump,1,1,2,2,0,2,0,True,Top 25,3
271,Trump,1,5,10,5,5,10,0,True,Top 25,3
272,Trump,1,1,1,1,0,1,0,True,Top 25,3
273,Trump,1,1,3,3,0,3,0,True,Top 25,3
274,Trump,1,5,10,5,5,10,0,True,Top 25,3
275,Trump,1,1,1,1,0,1,0,True,Top 25,3
276,Trump,1,1,2,2,0,2,0,True,Top 25,3
277,Trump,1,1,1,1,0,1,0,True,Top 25,3
278,Trump,0,0,0,0,0,0,0,True,Top 25,3
279,Trump,1,1,1,1,0,1,0,True,Top 25,3
280,Trump,0,0,0,0,0,0,0,True,Top 25,3
281,Trump,2,2,3,3,0,3,0,True,Top 25,3
282,Trump,0,0,0,0,0,0,0,True,Top 25,3
283,Trump,0,0,0,0,0,0,0,True,Top 25,3
284,Trump,0,0,0,0,0,0,0,True,Top 25,3
285,Trump,2,2,2,2,0,2,0,True,Top 25,3
286,Trump,0,0,0,0,0,0,0,True,Top 25,3
287,Trump,0,0,0,0,0,0,0,True,Top 25,3
288,Trump,1,5,9,3,6,9,0,True,Top 25,3
289,Trump,0,0,0,0,0,0,0,True,Top 25,3
290,Trump,1,1,1,1,0,1,0,True,Top 25,3
291,Trump,5,5,18,18,0,18,0,True,Top 25,3
292,Trump,7,7,17,17,0,17,0,True,Top 25,3
293,Trump,1,1,2,2,0,2,0,True,Top 25,3
294,Trump,1,4,10,5,5,10,0,True,Top 25,3
295,Trump,0,0,0,0,0,0,0,True,Top 25,3
296,Trump,1,1,1,1,0,1,0,True,Top 25,3
297,Trump,0,0,0,0,0,0,0,True,Top 25,3
298,Trump,0,0,0,0,0,0,0,True,Top 25,3
299,Trump,2,2,4,4,0,4,0,True,Top 25,3
300,Trump,1,1,2,2,0,2,0,True,Top 25,3
301,Trump,2,2,2,2,0,2,0,True,Top 25,3
302,Trump,0,0,0,0,0,0,0,True,Top 25,3
303,Trump,1,1,1,1,0,1,0,True,Top 25,3
304,Trump,1,1,2,2,0,2,0,True,Top 25,3
305,Trump,0,0,0,0,0,0,0,True,Top 25,3
306,Trump,2,2,3,3,0,3,0,True,Top 25,3
307,Trump,0,0,0,0,0,0,0,True,Top 25,3
308,Trump,1,1,1,1,0,1,0,True,Top 25,3
309,Trump,0,0,0,0,0,0,0,True,Top 25,3
310,Trump,0,0,0,0,0,0,0,True,Top 25,3
311,Trump,0,0,0,0,0,0,0,True,Top 25,3
312,Trump,1,1,1,1,0,1,0,True,Top 25,3
313,Trump,1,1,1,1,0,1,0,True,Top 25,3
314,Trump,0,0,0,0,0,0,0,True,Top 25,3
315,Trump,0,0,0,0,0,0,0,True,Top 25,3
316,Trump,1,1,1,1,0,1,0,True,Top 25,3
317,Trump,0,0,0,0,0,0,0,True,Top 25,3
318,Trump,0,0,0,0,0,0,0,True,Top 25,3
319,Trump,0,0,0,0,0,0,0,True,Top 25,3
320,Trump,0,0,0,0,0,0,0,True,Top 25,3
321,Trump,1,1,1,1,0,1,0,True,Top 25,3
322,Trump,1,1,2,2,0,2,0,True,Top 25,3
323,Trump,2,2,2,2,0,2,0,True,Top 25,3
324,Trump,0,0,0,0,0,0,0,True,Top 25,3
325,Trump,1,1,2,2,0,2,0,True,Top 25,3
326,Trump,0,0,0,0,0,0,0,True,Top 25,3
327,Trump,1,1,2,2,0,2,0,True,Top 25,3
328,Trump,0,0,0,0,0,0,0,True,Top 25,3
329,Trump,0,0,0,0,0,0,0,True,Top 25,3
330,Trump,0,0,0,0,0,0,0,True,Top 25,3
331,Trump,0,0,0,0,0,0,0,True,Top 25,3
332,Trump,0,0,0,0,0,0,0,True,Top 25,3
333,Trump,2,2,2,2,0,2,0,True,Top 25,3
334,Trump,2,2,3,3,0,3,0,True,Top 25,3
335,Trump,0,0,0,0,0,0,0,True,Top 25,3
336,Trump,1,1,1,1,0,1,0,True,Top 25,3
337,Trump,0,0,0,0,0,0,0,True,Top 25,3
338,Trump,1,1,1,1,0,1,0,True,Top 25,3
339,Trump,0,0,0,0,0,0,0,True,Top 25,3
340,Trump,1,1,1,1,0,1,0,True,Top 25,3
341,Trump,0,0,0,0,0,0,0,True,Top 25,3
342,Trump,0,0,0,0,0,0,0,True,Top 25,3
343,Trump,0,0,0,0,0,0,0,True,Top 25,3
344,Trump,2,2,5,5,0,5,0,True,Top 25,3
345,Trump,0,0,0,0,0,0,0,True,Top 25,3
346,Trump,2,2,3,3,0,3,0,True,Top 25,3
347,Trump,0,0,0,0,0,0,0,True,Top 25,3
348,Trump,4,4,7,7,0,7,0,True,Top 25,3
349,Trump,1,1,2,2,0,2,0,True,Top 25,3
350,Trump,0,0,0,0,0,0,0,True,Top 25,3
351,Trump,1,1,2,2,0,2,0,True,Top 25,3
352,Trump,0,0,0,0,0,0,0,True,Top 25,3
353,Trump,0,0,0,0,0,0,0,True,Top 25,3
354,Trump,0,0,0,0,0,0,0,True,Top 25,3
355,Trump,1,1,1,1,0,1,0,True,Top 25,3
356,Trump,0,0,0,0,0,0,0,True,Top 25,3
357,Trump,1,1,1,1,0,1,0,True,Top 25,3
358,Trump,1,1,1,1,0,1,0,True,Top 25,3
359,Trump,0,0,0,0,0,0,0,True,Top 25,3
360,Trump,0,0,0,0,0,0,0,True,Top 25,3
361,Trump,0,0,0,0,0,0,0,True,Top 25,3
362,Trump,1,1,1,1,0,1,0,True,Top 25,3
363,Trump,1,1,2,2,0,2,0,True,Top 25,3
364,Trump,0,0,0,0,0,0,0,True,Top 25,3
365,Trump,0,0,0,0,0,0,0,True,Top 25,3
366,Trump,0,0,0,0,0,0,0,True,Top 25,3
367,Trump,0,0,0,0,0,0,0,True,Top 25,3
368,Trump,1,1,2,2,0,2,0,True,Top 25,3
369,Trump,3,3,3,3,0,3,0,True,Top 25,3
370,Trump,0,0,0,0,0,0,0,True,Top 25,3
371,Trump,0,0,0,0,0,0,0,True,Top 25,3
372,Trump,2,2,2,2,0,2,0,True,Top 25,3
373,Trump,0,0,0,0,0,0,0,True,Top 25,3
374,Trump,0,0,0,0,0,0,0,True,Top 25,3
375,Trump,0,0,0,0,0,0,0,True,Top 25,3
376,Trump,0,0,0,0,0,0,0,True,Top 25,3
377,Trump,1,1,1,1,0,1,0,True,Top 25,3
378,Trump,1,1,1,1,0,1,0,True,Top 25,3
379,Trump,0,0,0,0,0,0,0,True,Top 25,3
380,Trump,2,7,10,4,6,10,0,True,Top 25,3
381,Trump,0,0,0,0,0,0,0,True,Top 25,3
382,Trump,2,2,3,3,0,3,0,True,Top 25,3
383,Trump,0,0,0,0,0,0,0,True,Top 25,3
384,Trump,2,2,2,2,0,2,0,True,Top 25,3
385,Trump,0,0,0,0,0,0,0,True,Top 25,3
386,Trump,1,1,1,1,0,1,0,True,Top 25,3
387,Trump,0,0,0,0,0,0,0,True,Top 25,3
388,Trump,0,0,0,0,0,0,0,True,Top 25,3
389,Trump,0,0,0,0,0,0,0,True,Top 25,3
390,Trump,0,0,0,0,0,0,0,True,Top 25,3
391,Trump,1,4,10,5,5,10,0,True,Top 25,3
392,Trump,0,0,0,0,0,0,0,True,Top 25,3
393,Trump,0,0,0,0,0,0,0,True,Top 25,3
394,Trump,0,0,0,0,0,0,0,True,Top 25,3
395,Trump,0,0,0,0,0,0,0,True,Top 25,3
396,Trump,2,2,3,3,0,3,0,True,Top 25,3
397,Trump,0,0,0,0,0,0,0,True,Top 25,3
398,Trump,1,1,1,1,0,1,0,True,Top 25,3
399,Trump,0,0,0,0,0,0,0,True,Top 25,3
400,Trump,2,2,2,2,0,2,0,True,Top 25,3
401,Trump,2,2,2,2,0,2,0,True,Top 25,3
402,Trump,1,1,1,1,0,1,0,True,Top 25,3
403,Trump,0,0,0,0,0,0,0,True,Top 25,3
404,Trump,1,1,1,1,0,1,0,True,Top 25,3
405,Trump,0,0,0,0,0,0,0,True,Top 25,3
406,Trump,1,2,2,1,1,2,0,True,Top 25,3
407,Trump,0,0,0,0,0,0,0,True,Top 25,3
408,Trump,2,2,3,3,0,3,0,True,Top 25,3
409,Trump,1,1,1,1,0,1,0,True,Top 25,3
410,Trump,4,4,5,5,0,5,0,True,Top 25,3
411,Trump,4,4,6,5,1,6,0,True,Top 25,3
412,Trump,2,2,3,3,0,3,0,True,Top 25,3
413,Trump,1,1,1,1,0,1,0,True,Top 25,3
414,Trump,1,2,2,1,1,2,0,True,Top 25,3
415,Trump,0,0,0,0,0,0,0,True,Top 25,3
416,Trump,0,0,0,0,0,0,0,True,Top 25,3
417,Trump,3,4,5,4,1,5,0,True,Top 25,3
418,Trump,2,3,3,2,1,3,0,True,Top 25,3
419,Trump,0,0,0,0,0,0,0,True,Top 25,3
420,Trump,1,1,2,2,0,2,0,True,Top 25,3
421,Trump,0,0,0,0,0,0,0,True,Top 25,3
422,Trump,1,1,1,1,0,1,0,True,Top 25,3
423,Trump,0,0,0,0,0,0,0,True,Top 25,3
424,Trump,1,1,4,4,0,4,0,True,Top 25,3
425,Trump,0,0,0,0,0,0,0,True,Top 25,3
426,Trump,1,1,1,1,0,1,0,True,Top 25,3
427,Trump,2,5,8,5,3,8,0,True,Top 25,3
428,Trump,1,1,1,1,0,1,0,True,Top 25,3
429,Trump,0,0,0,0,0,0,0,True,Top 25,3
430,Trump,1,3,4,2,2,4,0,True,Top 25,3
431,Trump,0,0,0,0,0,0,0,True,Top 25,3
432,Trump,1,1,1,1,0,1,0,True,Top 25,3
433,Trump,0,0,0,0,0,0,0,True,Top 25,3
434,Trump,0,0,0,0,0,0,0,True,Top 25,3
435,Trump,0,0,0,0,0,0,0,True,Top 25,3
436,Trump,0,0,0,0,0,0,0,True,Top 25,3
437,Trump,0,0,0,0,0,0,0,True,Top 25,3
438,Trump,1,1,1,1,0,1,0,True,Top 25,3
439,Trump,0,0,0,0,0,0,0,True,Top 25,3
440,Trump,0,0,0,0,0,0,0,True,Top 25,3
441,Trump,1,1,1,1,0,1,0,True,Top 25,3
442,Trump,0,0,0,0,0,0,0,True,Top 25,3
443,Trump,1,1,1,1,0,1,0,True,Top 25,3
444,Trump,2,2,2,2,0,2,0,True,Top 25,3
445,Harris,0,0,0,0,0,0,0,True,Top 25,3
446,Harris,2,2,2,2,0,2,0,True,Top 25,3
447,Harris,0,0,0,0,0,0,0,True,Top 25,3
448,Harris,0,0,0,0,0,0,0,True,Top 25,3
449,Harris,0,0,0,0,0,0,0,True,Top 25,3
450,Harris,0,0,0,0,0,0,0,True,Top 25,3
451,Harris,0,0,0,0,0,0,0,True,Top 25,3
452,Harris,1,1,14,14,0,14,0,True,Top 25,3
453,Harris,1,1,2,2,0,2,0,True,Top 25,3
454,Harris,0,0,0,0,0,0,0,True,Top 25,3
455,Harris,0,0,0,0,0,0,0,True,Top 25,3
456,Harris,0,0,0,0,0,0,0,True,Top 25,3
457,Harris,0,0,0,0,0,0,0,True,Top 25,3
458,Harris,0,0,0,0,0,0,0,True,Top 25,3
459,Harris,1,1,14,14,0,14,0,True,Top 25,3
460,Harris,0,0,0,0,0,0,0,True,Top 25,3
461,Harris,0,0,0,0,0,0,0,True,Top 25,3
462,Harris,0,0,0,0,0,0,0,True,Top 25,3
463,Harris,0,0,0,0,0,0,0,True,Top 25,3
464,Harris,0,0,0,0,0,0,0,True,Top 25,3
465,Harris,0,0,0,0,0,0,0,True,Top 25,3
466,Harris,0,0,0,0,0,0,0,True,Top 25,3
467,Harris,0,0,0,0,0,0,0,True,Top 25,3
468,Harris,0,0,0,0,0,0,0,True,Top 25,3
469,Harris,0,0,0,0,0,0,0,True,Top 25,3
470,Harris,1,1,14,14,0,14,0,True,Top 25,3
471,Harris,0,0,0,0,0,0,0,True,Top 25,3
472,Harris,0,0,0,0,0,0,0,True,Top 25,3
473,Harris,1,1,2,2,0,2,0,True,Top 25,3
474,Harris,0,0,0,0,0,0,0,True,Top 25,3
475,Harris,0,0,0,0,0,0,0,True,Top 25,3
476,Harris,0,0,0,0,0,0,0,True,Top 25,3
477,Harris,1,1,14,14,0,14,0,True,Top 25,3
478,Harris,2,2,4,4,0,4,0,True,Top 25,3
479,Harris,0,0,0,0,0,0,0,True,Top 25,3
480,Harris,0,0,0,0,0,0,0,True,Top 25,3
481,Harris,0,0,0,0,0,0,0,True,Top 25,3
482,Harris,0,0,0,0,0,0,0,True,Top 25,3
483,Harris,0,0,0,0,0,0,0,True,Top 25,3
484,Harris,0,0,0,0,0,0,0,True,Top 25,3
485,Harris,0,0,0,0,0,0,0,True,Top 25,3
486,Harris,0,0,0,0,0,0,0,True,Top 25,3
487,Harris,0,0,0,0,0,0,0,True,Top 25,3
488,Harris,1,1,14,14,0,14,0,True,Top 25,3
489,Harris,0,0,0,0,0,0,0,True,Top 25,3
490,Harris,0,0,0,0,0,0,0,True,Top 25,3
491,Harris,0,0,0,0,0,0,0,True,Top 25,3
492,Harris,0,0,0,0,0,0,0,True,Top 25,3
493,Harris,0,0,0,0,0,0,0,True,Top 25,3
494,Harris,0,0,0,0,0,0,0,True,Top 25,3
495,Harris,0,0,0,0,0,0,0,True,Top 25,3
496,Harris,0,0,0,0,0,0,0,True,Top 25,3
497,Harris,0,0,0,0,0,0,0,True,Top 25,3
498,Harris,0,0,0,0,0,0,0,True,Top 25,3
499,Harris,1,1,2,2,0,2,0,True,Top 25,3
500,Harris,1,1,14,14,0,14,0,True,Top 25,3
501,Harris,0,0,0,0,0,0,0,True,Top 25,3
502,Harris,0,0,0,0,0,0,0,True,Top 25,3
503,Harris,0,0,0,0,0,0,0,True,Top 25,3
504,Harris,0,0,0,0,0,0,0,True,Top 25,3
505,Harris,0,0,0,0,0,0,0,True,Top 25,3
506,Harris,0,0,0,0,0,0,0,True,Top 25,3
507,Harris,0,0,0,0,0,0,0,True,Top 25,3
508,Harris,0,0,0,0,0,0,0,True,Top 25,3
509,Harris,0,0,0,0,0,0,0,True,Top 25,3
510,Harris,0,0,0,0,0,0,0,True,Top 25,3
511,Harris,0,0,0,0,0,0,0,True,Top 25,3
512,Harris,0,0,0,0,0,0,0,True,Top 25,3
513,Harris,0,0,0,0,0,0,0,True,Top 25,3
514,Harris,0,0,0,0,0,0,0,True,Top 25,3
515,Harris,0,0,0,0,0,0,0,True,Top 25,3
516,Harris,0,0,0,0,0,0,0,True,Top 25,3
517,Harris,0,0,0,0,0,0,0,True,Top 25,3
518,Harris,0,0,0,0,0,0,0,True,Top 25,3
519,Harris,0,0,0,0,0,0,0,True,Top 25,3
520,Harris,0,0,0,0,0,0,0,True,Top 25,3
521,Harris,0,0,0,0,0,0,0,True,Top 25,3
522,Harris,0,0,0,0,0,0,0,True,Top 25,3
523,Harris,0,0,0,0,0,0,0,True,Top 25,3
524,Harris,0,0,0,0,0,0,0,True,Top 25,3
525,Harris,1,1,14,14,0,14,0,True,Top 25,3
526,Harris,0,0,0,0,0,0,0,True,Top 25,3
527,Harris,0,0,0,0,0,0,0,True,Top 25,3
528,Harris,0,0,0,0,0,0,0,True,Top 25,3
529,Harris,0,0,0,0,0,0,0,True,Top 25,3
530,Harris,0,0,0,0,0,0,0,True,Top 25,3
531,Harris,1,1,14,14,0,14,0,True,Top 25,3
532,Harris,1,1,2,2,0,2,0,True,Top 25,3
533,Harris,0,0,0,0,0,0,0,True,Top 25,3
534,Harris,1,1,2,2,0,2,0,True,Top 25,3
535,Harris,0,0,0,0,0,0,0,True,Top 25,3
536,Harris,0,0,0,0,0,0,0,True,Top 25,3
537,Harris,1,1,1,1,0,1,0,True,Top 25,3
538,Harris,0,0,0,0,0,0,0,True,Top 25,3
539,Harris,0,0,0,0,0,0,0,True,Top 25,3
540,Harris,0,0,0,0,0,0,0,True,Top 25,3
541,Harris,0,0,0,0,0,0,0,True,Top 25,3
542,Harris,1,1,2,2,0,2,0,True,Top 25,3
543,Harris,0,0,0,0,0,0,0,True,Top 25,3
544,Harris,0,0,0,0,0,0,0,True,Top 25,3
545,Harris,2,2,5,5,0,5,0,True,Top 25,3
546,Harris,2,2,16,16,0,16,0,True,Top 25,3
547,Harris,1,1,2,2,0,2,0,True,Top 25,3
548,Harris,0,0,0,0,0,0,0,True,Top 25,3
549,Harris,0,0,0,0,0,0,0,True,Top 25,3
550,Harris,0,0,0,0,0,0,0,True,Top 25,3
551,Harris,0,0,0,0,0,0,0,True,Top 25,3
552,Harris,0,0,0,0,0,0,0,True,Top 25,3
553,Harris,0,0,0,0,0,0,0,True,Top 25,3
554,Harris,0,0,0,0,0,0,0,True,Top 25,3
555,Harris,0,0,0,0,0,0,0,True,Top 25,3
556,Harris,0,0,0,0,0,0,0,True,Top 25,3
557,Harris,1,1,2,2,0,2,0,True,Top 25,3
558,Harris,0,0,0,0,0,0,0,True,Top 25,3
559,Harris,0,0,0,0,0,0,0,True,Top 25,3
560,Harris,0,0,0,0,0,0,0,True,Top 25,3
561,Harris,0,0,0,0,0,0,0,True,Top 25,3
562,Harris,0,0,0,0,0,0,0,True,Top 25,3
563,Harris,0,0,0,0,0,0,0,True,Top 25,3
564,Harris,0,0,0,0,0,0,0,True,Top 25,3
565,Harris,0,0,0,0,0,0,0,True,Top 25,3
566,Harris,0,0,0,0,0,0,0,True,Top 25,3
567,Harris,0,0,0,0,0,0,0,True,Top 25,3
568,Harris,0,0,0,0,0,0,0,True,Top 25,3
569,Harris,0,0,0,0,0,0,0,True,Top 25,3
570,Harris,0,0,0,0,0,0,0,True,Top 25,3
571,Harris,0,0,0,0,0,0,0,True,Top 25,3
572,Harris,0,0,0,0,0,0,0,True,Top 25,3
573,Harris,0,0,0,0,0,0,0,True,Top 25,3
574,Harris,0,0,0,0,0,0,0,True,Top 25,3
575,Harris,0,0,0,0,0,0,0,True,Top 25,3
576,Harris,0,0,0,0,0,0,0,True,Top 25,3
577,Harris,0,0,0,0,0,0,0,True,Top 25,3
578,Harris,0,0,0,0,0,0,0,True,Top 25,3
579,Harris,0,0,0,0,0,0,0,True,Top 25,3
580,Harris,0,0,0,0,0,0,0,True,Top 25,3
581,Harris,1,1,4,4,0,4,0,True,Top 25,3
582,Harris,0,0,0,0,0,0,0,True,Top 25,3
583,Harris,0,0,0,0,0,0,0,True,Top 25,3
584,Harris,0,0,0,0,0,0,0,True,Top 25,3
585,Harris,0,0,0,0,0,0,0,True,Top 25,3
586,Harris,1,1,14,14,0,14,0,True,Top 25,3
587,Harris,0,0,0,0,0,0,0,True,Top 25,3
588,Harris,0,0,0,0,0,0,0,True,Top 25,3
589,Harris,0,0,0,0,0,0,0,True,Top 25,3
590,Harris,1,1,2,2,0,2,0,True,Top 25,3
591,Harris,0,0,0,0,0,0,0,True,Top 25,3
592,Harris,1,1,2,2,0,2,0,True,Top 25,3
593,Harris,0,0,0,0,0,0,0,True,Top 25,3
594,Harris,0,0,0,0,0,0,0,True,Top 25,3
595,Harris,0,0,0,0,0,0,0,True,Top 25,3
596,Harris,0,0,0,0,0,0,0,True,Top 25,3
597,Harris,1,1,2,2,0,2,0,True,Top 25,3
598,Harris,0,0,0,0,0,0,0,True,Top 25,3
599,Harris,0,0,0,0,0,0,0,True,Top 25,3
600,Harris,0,0,0,0,0,0,0,True,Top 25,3
601,Harris,1,1,2,2,0,2,0,True,Top 25,3
602,Harris,0,0,0,0,0,0,0,True,Top 25,3
603,Harris,0,0,0,0,0,0,0,True,Top 25,3
604,Harris,0,0,0,0,0,0,0,True,Top 25,3
605,Harris,0,0,0,0,0,0,0,True,Top 25,3
606,Harris,1,1,2,2,0,2,0,True,Top 25,3
607,Harris,0,0,0,0,0,0,0,True,Top 25,3
608,Harris,0,0,0,0,0,0,0,True,Top 25,3
609,Harris,0,0,0,0,0,0,0,True,Top 25,3
610,Harris,0,0,0,0,0,0,0,True,Top 25,3
611,Harris,0,0,0,0,0,0,0,True,Top 25,3
612,Harris,0,0,0,0,0,0,0,True,Top 25,3
613,Harris,0,0,0,0,0,0,0,True,Top 25,3
614,Harris,0,0,0,0,0,0,0,True,Top 25,3
615,Harris,0,0,0,0,0,0,0,True,Top 25,3
616,Harris,0,0,0,0,0,0,0,True,Top 25,3
617,Harris,0,0,0,0,0,0,0,True,Top 25,3
618,Harris,0,0,0,0,0,0,0,True,Top 25,3
619,Harris,1,1,17,17,0,17,0,True,Top 25,3
620,Harris,0,0,0,0,0,0,0,True,Top 25,3
621,Harris,0,0,0,0,0,0,0,True,Top 25,3
622,Harris,0,0,0,0,0,0,0,True,Top 25,3
623,Harris,0,0,0,0,0,0,0,True,Top 25,3
624,Harris,1,1,2,2,0,2,0,True,Top 25,3
625,Harris,0,0,0,0,0,0,0,True,Top 25,3
626,Harris,0,0,0,0,0,0,0,True,Top 25,3
627,Harris,0,0,0,0,0,0,0,True,Top 25,3
628,Harris,0,0,0,0,0,0,0,True,Top 25,3
629,Harris,0,0,0,0,0,0,0,True,Top 25,3
630,Harris,0,0,0,0,0,0,0,True,Top 25,3
631,Harris,0,0,0,0,0,0,0,True,Top 25,3
632,Harris,0,0,0,0,0,0,0,True,Top 25,3
633,Harris,0,0,0,0,0,0,0,True,Top 25,3
634,Harris,0,0,0,0,0,0,0,True,Top 25,3
635,Harris,0,0,0,0,0,0,0,True,Top 25,3
636,Harris,0,0,0,0,0,0,0,True,Top 25,3
637,Harris,0,0,0,0,0,0,0,True,Top 25,3
638,Harris,0,0,0,0,0,0,0,True,Top 25,3
639,Harris,0,0,0,0,0,0,0,True,Top 25,3
640,Harris,0,0,0,0,0,0,0,True,Top 25,3
641,Harris,0,0,0,0,0,0,0,True,Top 25,3
642,Harris,0,0,0,0,0,0,0,True,Top 25,3
643,Harris,0,0,0,0,0,0,0,True,Top 25,3
644,Harris,0,0,0,0,0,0,0,True,Top 25,3
645,Harris,0,0,0,0,0,0,0,True,Top 25,3
646,Harris,0,0,0,0,0,0,0,True,Top 25,3
647,Harris,0,0,0,0,0,0,0,True,Top 25,3
648,Harris,0,0,0,0,0,0,0,True,Top 25,3
649,Harris,0,0,0,0,0,0,0,True,Top 25,3
650,Harris,0,0,0,0,0,0,0,True,Top 25,3
651,Harris,0,0,0,0,0,0,0,True,Top 25,3
652,Harris,0,0,0,0,0,0,0,True,Top 25,3
653,Harris,0,0,0,0,0,0,0,True,Top 25,3
654,Harris,0,0,0,0,0,0,0,True,Top 25,3
655,Harris,0,0,0,0,0,0,0,True,Top 25,3
656,Harris,1,1,14,14,0,14,0,True,Top 25,3
657,Harris,0,0,0,0,0,0,0,True,Top 25,3
658,Harris,0,0,0,0,0,0,0,True,Top 25,3
659,Harris,0,0,0,0,0,0,0,True,Top 25,3
660,Harris,0,0,0,0,0,0,0,True,Top 25,3
661,Harris,1,1,1,1,0,1,0,True,Top 25,3
662,Harris,0,0,0,0,0,0,0,True,Top 25,3
663,Harris,2,2,6,6,0,6,0,True,Top 25,3
664,Harris,0,0,0,0,0,0,0,True,Top 25,3
665,Harris,0,0,0,0,0,0,0,True,Top 25,3
666,Harris,0,0,0,0,0,0,0,True,Top 25,3
667,Harris,0,0,0,0,0,0,0,True,Top 25,3
668,Harris,0,0,0,0,0,0,0,True,Top 25,3
669,Harris,0,0,0,0,0,0,0,True,Top 25,3
670,Harris,0,0,0,0,0,0,0,True,Top 25,3
671,Harris,0,0,0,0,0,0,0,True,Top 25,3
672,Harris,0,0,0,0,0,0,0,True,Top 25,3
673,Harris,0,0,0,0,0,0,0,True,Top 25,3
674,Harris,0,0,0,0,0,0,0,True,Top 25,3
675,Harris,0,0,0,0,0,0,0,True,Top 25,3
676,Harris,0,0,0,0,0,0,0,True,Top 25,3
677,Harris,0,0,0,0,0,0,0,True,Top 25,3
678,Harris,0,0,0,0,0,0,0,True,Top 25,3
679,Harris,0,0,0,0,0,0,0,True,Top 25,3
680,Harris,0,0,0,0,0,0,0,True,Top 25,3
681,Harris,0,0,0,0,0,0,0,True,Top 25,3
682,Harris,0,0,0,0,0,0,0,True,Top 25,3
683,Harris,0,0,0,0,0,0,0,True,Top 25,3
684,Harris,0,0,0,0,0,0,0,True,Top 25,3
685,Harris,0,0,0,0,0,0,0,True,Top 25,3
686,Harris,0,0,0,0,0,0,0,True,Top 25,3
687,Harris,0,0,0,0,0,0,0,True,Top 25,3
688,Harris,0,0,0,0,0,0,0,True,Top 25,3
689,Harris,0,0,0,0,0,0,0,True,Top 25,3
690,Harris,0,0,0,0,0,0,0,True,Top 25,3
691,Harris,0,0,0,0,0,0,0,True,Top 25,3
692,Harris,0,0,0,0,0,0,0,True,Top 25,3
693,Harris,0,0,0,0,0,0,0,True,Top 25,3
694,Harris,0,0,0,0,0,0,0,True,Top 25,3
695,Harris,1,1,14,14,0,14,0,True,Top 25,3
696,Harris,0,0,0,0,0,0,0,True,Top 25,3
697,Harris,0,0,0,0,0,0,0,True,Top 25,3
698,Harris,0,0,0,0,0,0,0,True,Top 25,3
699,Harris,0,0,0,0,0,0,0,True,Top 25,3
700,Harris,0,0,0,0,0,0,0,True,Top 25,3
701,Harris,0,0,0,0,0,0,0,True,Top 25,3
702,Harris,0,0,0,0,0,0,0,True,Top 25,3
703,Harris,0,0,0,0,0,0,0,True,Top 25,3
704,Harris,0,0,0,0,0,0,0,True,Top 25,3
705,Harris,0,0,0,0,0,0,0,True,Top 25,3
706,Harris,0,0,0,0,0,0,0,True,Top 25,3
707,Harris,0,0,0,0,0,0,0,True,Top 25,3
708,Harris,0,0,0,0,0,0,0,True,Top 25,3
709,Harris,0,0,0,0,0,0,0,True,Top 25,3
710,Harris,0,0,0,0,0,0,0,True,Top 25,3
711,Harris,0,0,0,0,0,0,0,True,Top 25,3
712,Harris,0,0,0,0,0,0,0,True,Top 25,3
713,Harris,0,0,0,0,0,0,0,True,Top 25,3
714,Harris,0,0,0,0,0,0,0,True,Top 25,3
715,Harris,0,0,0,0,0,0,0,True,Top 25,3
716,Harris,0,0,0,0,0,0,0,True,Top 25,3
717,Harris,0,0,0,0,0,0,0,True,Top 25,3
718,Harris,0,0,0,0,0,0,0,True,Top 25,3
719,Harris,0,0,0,0,0,0,0,True,Top 25,3
720,Harris,0,0,0,0,0,0,0,True,Top 25,3
721,Harris,0,0,0,0,0,0,0,True,Top 25,3
722,Harris,0,0,0,0,0,0,0,True,Top 25,3
723,Harris,0,0,0,0,0,0,0,True,Top 25,3
724,Harris,1,1,14,14,0,14,0,True,Top 25,3
725,Harris,0,0,0,0,0,0,0,True,Top 25,3
726,Harris,0,0,0,0,0,0,0,True,Top 25,3
727,Harris,0,0,0,0,0,0,0,True,Top 25,3
728,Harris,0,0,0,0,0,0,0,True,Top 25,3
729,Harris,0,0,0,0,0,0,0,True,Top 25,3
730,Harris,0,0,0,0,0,0,0,True,Top 25,3
731,Harris,0,0,0,0,0,0,0,True,Top 25,3
732,Harris,0,0,0,0,0,0,0,True,Top 25,3
733,Harris,0,0,0,0,0,0,0,True,Top 25,3
734,Harris,0,0,0,0,0,0,0,True,Top 25,3
735,Harris,0,0,0,0,0,0,0,True,Top 25,3
736,Harris,1,1,2,2,0,2,0,True,Top 25,3
737,Harris,1,1,1,1,0,1,0,True,Top 25,3
738,Harris,0,0,0,0,0,0,0,True,Top 25,3
739,Harris,0,0,0,0,0,0,0,True,Top 25,3
740,Harris,0,0,0,0,0,0,0,True,Top 25,3
741,Harris,0,0,0,0,0,0,0,True,Top 25,3
742,Harris,0,0,0,0,0,0,0,True,Top 25,3
743,Harris,0,0,0,0,0,0,0,True,Top 25,3
744,Harris,0,0,0,0,0,0,0,True,Top 25,3
745,Harris,0,0,0,0,0,0,0,True,Top 25,3
746,Harris,0,0,0,0,0,0,0,True,Top 25,3
747,Harris,0,0,0,0,0,0,0,True,Top 25,3
748,Harris,0,0,0,0,0,0,0,True,Top 25,3
749,Harris,1,1,1,1,0,1,0,True,Top 25,3
750,Harris,0,0,0,0,0,0,0,True,Top 25,3
751,Harris,1,1,2,2,0,2,0,True,Top 25,3
752,Harris,0,0,0,0,0,0,0,True,Top 25,3
753,Harris,2,2,4,4,0,4,0,True,Top 25,3
754,Harris,0,0,0,0,0,0,0,True,Top 25,3
755,Harris,1,1,2,2,0,2,0,True,Top 25,3
756,Harris,0,0,0,0,0,0,0,True,Top 25,3
757,Harris,2,2,2,2,0,2,0,True,Top 25,3
758,Harris,1,1,1,1,0,1,0,True,Top 25,3
759,Harris,0,0,0,0,0,0,0,True,Top 25,3
760,Harris,0,0,0,0,0,0,0,True,Top 25,3
761,Harris,0,0,0,0,0,0,0,True,Top 25,3
762,Harris,0,0,0,0,0,0,0,True,Top 25,3
763,Harris,1,1,2,2,0,2,0,True,Top 25,3
764,Harris,0,0,0,0,0,0,0,True,Top 25,3
765,Harris,2,2,3,3,0,3,0,True,Top 25,3
766,Harris,1,1,14,14,0,14,0,True,Top 25,3
767,Harris,0,0,0,0,0,0,0,True,Top 25,3
768,Harris,0,0,0,0,0,0,0,True,Top 25,3
769,Harris,3,3,6,6,0,6,0,True,Top 25,3
770,Harris,0,0,0,0,0,0,0,True,Top 25,3
771,Harris,0,0,0,0,0,0,0,True,Top 25,3
772,Harris,2,2,11,11,0,11,0,True,Top 25,3
773,Harris,0,0,0,0,0,0,0,True,Top 25,3
774,Harris,1,1,1,1,0,1,0,True,Top 25,3
775,Harris,1,1,2,2,0,2,0,True,Top 25,3
776,Harris,0,0,0,0,0,0,0,True,Top 25,3
777,Harris,0,0,0,0,0,0,0,True,Top 25,3
778,Harris,0,0,0,0,0,0,0,True,Top 25,3
779,Harris,0,0,0,0,0,0,0,True,Top 25,3
780,Harris,0,0,0,0,0,0,0,True,Top 25,3
781,Harris,0,0,0,0,0,0,0,True,Top 25,3
782,Harris,0,0,0,0,0,0,0,True,Top 25,3
783,Harris,0,0,0,0,0,0,0,True,Top 25,3
784,Harris,0,0,0,0,0,0,0,True,Top 25,3
785,Harris,0,0,0,0,0,0,0,True,Top 25,3
786,Harris,0,0,0,0,0,0,0,True,Top 25,3
787,Harris,0,0,0,0,0,0,0,True,Top 25,3
788,Harris,0,0,0,0,0,0,0,True,Top 25,3
789,Harris,0,0,0,0,0,0,0,True,Top 25,3
790,Harris,0,0,0,0,0,0,0,True,Top 25,3
791,Harris,0,0,0,0,0,0,0,True,Top 25,3
792,Harris,0,0,0,0,0,0,0,True,Top 25,3
793,Harris,2,2,3,3,0,3,0,True,Top 25,3
794,Harris,0,0,0,0,0,0,0,True,Top 25,3
795,Harris,0,0,0,0,0,0,0,True,Top 25,3
796,Harris,0,0,0,0,0,0,0,True,Top 25,3
797,Harris,0,0,0,0,0,0,0,True,Top 25,3
798,Harris,0,0,0,0,0,0,0,True,Top 25,3
799,Harris,0,0,0,0,0,0,0,True,Top 25,3
800,Harris,1,1,2,2,0,2,0,True,Top 25,3
801,Harris,0,0,0,0,0,0,0,True,Top 25,3
802,Harris,0,0,0,0,0,0,0,True,Top 25,3
803,Harris,0,0,0,0,0,0,0,True,Top 25,3
804,Harris,0,0,0,0,0,0,0,True,Top 25,3
805,Harris,1,1,1,1,0,1,0,True,Top 25,3
806,Harris,0,0,0,0,0,0,0,True,Top 25,3
807,Harris,0,0,0,0,0,0,0,True,Top 25,3
808,Harris,0,0,0,0,0,0,0,True,Top 25,3
809,Harris,1,1,3,3,0,3,0,True,Top 25,3
810,Harris,0,0,0,0,0,0,0,True,Top 25,3
811,Harris,0,0,0,0,0,0,0,True,Top 25,3
812,Harris,0,0,0,0,0,0,0,True,Top 25,3
813,Harris,0,0,0,0,0,0,0,True,Top 25,3
814,Harris,0,0,0,0,0,0,0,True,Top 25,3
815,Harris,0,0,0,0,0,0,0,True,Top 25,3
816,Harris,0,0,0,0,0,0,0,True,Top 25,3
817,Harris,3,3,6,6,0,6,0,True,Top 25,3
818,Harris,0,0,0,0,0,0,0,True,Top 25,3
819,Harris,0,0,0,0,0,0,0,True,Top 25,3
820,Harris,0,0,0,0,0,0,0,True,Top 25,3
821,Harris,0,0,0,0,0,0,0,True,Top 25,3
822,Harris,1,1,2,2,0,2,0,True,Top 25,3
823,Harris,0,0,0,0,0,0,0,True,Top 25,3
824,Harris,0,0,0,0,0,0,0,True,Top 25,3
825,Harris,1,1,14,14,0,14,0,True,Top 25,3
826,Harris,0,0,0,0,0,0,0,True,Top 25,3
827,Harris,0,0,0,0,0,0,0,True,Top 25,3
828,Harris,1,1,1,1,0,1,0,True,Top 25,3
829,Harris,1,1,9,9,0,9,0,True,Top 25,3
830,Harris,0,0,0,0,0,0,0,True,Top 25,3
831,Harris,0,0,0,0,0,0,0,True,Top 25,3
832,Harris,1,1,2,2,0,2,0,True,Top 25,3
833,Harris,0,0,0,0,0,0,0,True,Top 25,3
834,Harris,0,0,0,0,0,0,0,True,Top 25,3
835,Harris,1,1,2,2,0,2,0,True,Top 25,3
836,Harris,0,0,0,0,0,0,0,True,Top 25,3
837,Harris,0,0,0,0,0,0,0,True,Top 25,3
838,Harris,0,0,0,0,0,0,0,True,Top 25,3
839,Harris,0,0,0,0,0,0,0,True,Top 25,3
840,Harris,1,1,2,2,0,2,0,True,Top 25,3
841,Harris,1,1,14,14,0,14,0,True,Top 25,3
842,Harris,0,0,0,0,0,0,0,True,Top 25,3
843,Harris,0,0,0,0,0,0,0,True,Top 25,3
844,Harris,0,0,0,0,0,0,0,True,Top 25,3
845,Harris,0,0,0,0,0,0,0,True,Top 25,3
846,Harris,1,1,1,1,0,1,0,True,Top 25,3
847,Harris,1,1,1,1,0,1,0,True,Top 25,3
848,Harris,2,2,2,2,0,2,0,True,Top 25,3
849,Harris,1,1,1,1,0,1,0,True,Top 25,3
850,Harris,0,0,0,0,0,0,0,True,Top 25,3
851,Harris,0,0,0,0,0,0,0,True,Top 25,3
852,Harris,2,2,4,4,0,4,0,True,Top 25,3
853,Harris,0,0,0,0,0,0,0,True,Top 25,3
854,Harris,1,1,4,4,0,4,0,True,Top 25,3
855,Harris,1,1,2,2,0,2,0,True,Top 25,3
856,Harris,1,1,5,5,0,5,0,True,Top 25,3
857,Harris,0,0,0,0,0,0,0,True,Top 25,3
858,Harris,2,2,4,4,0,4,0,True,Top 25,3
859,Harris,1,1,1,1,0,1,0,True,Top 25,3
860,Harris,2,2,4,4,0,4,0,True,Top 25,3
861,Harris,1,1,2,2,0,2,0,True,Top 25,3
862,Harris,2,2,3,3,0,3,0,True,Top 25,3
863,Harris,4,4,5,5,0,5,0,True,Top 25,3
864,Harris,2,2,2,2,0,2,0,True,Top 25,3
865,Harris,1,1,1,1,0,1,0,True,Top 25,3
866,Harris,1,1,2,2,0,2,0,True,Top 25,3
867,Harris,0,0,0,0,0,0,0,True,Top 25,3
868,Harris,2,2,7,7,0,7,0,True,Top 25,3
869,Harris,0,0,0,0,0,0,0,True,Top 25,3
870,Harris,0,0,0,0,0,0,0,True,Top 25,3
871,Harris,0,0,0,0,0,0,0,True,Top 25,3
872,Harris,0,0,0,0,0,0,0,True,Top 25,3
873,Harris,0,0,0,0,0,0,0,True,Top 25,3
874,Harris,0,0,0,0,0,0,0,True,Top 25,3
875,Harris,0,0,0,0,0,0,0,True,Top 25,3
876,Harris,0,0,0,0,0,0,0,True,Top 25,3
877,Harris,0,0,0,0,0,0,0,True,Top 25,3
878,Harris,0,0,0,0,0,0,0,True,Top 25,3
879,Harris,0,0,0,0,0,0,0,True,Top 25,3
880,Harris,0,0,0,0,0,0,0,True,Top 25,3
881,Harris,0,0,0,0,0,0,0,True,Top 25,3
882,Harris,1,1,4,4,0,4,0,True,Top 25,3
883,Harris,0,0,0,0,0,0,0,True,Top 25,3
884,Harris,0,0,0,0,0,0,0,True,Top 25,3
885,Harris,0,0,0,0,0,0,0,True,Top 25,3
886,Harris,0,0,0,0,0,0,0,True,Top 25,3
887,Harris,1,1,1,1,0,1,0,True,Top 25,3
888,Harris,0,0,0,0,0,0,0,True,Top 25,3
889,Harris,1,1,4,4,0,4,0,True,Top 25,3
0,Trump,1,4,10,5,5,10,0,True,Top 25,4
1,Trump,0,0,0,0,0,0,0,True,Top 25,4
2,Trump,1,1,1,1,0,1,0,True,Top 25,4
3,Trump,0,0,0,0,0,0,0,True,Top 25,4
4,Trump,0,0,0,0,0,0,0,True,Top 25,4
5,Trump,0,0,0,0,0,0,0,True,Top 25,4
6,Trump,1,1,1,1,0,1,0,True,Top 25,4
7,Trump,1,4,10,5,5,10,0,True,Top 25,4
8,Trump,0,0,0,0,0,0,0,True,Top 25,4
9,Trump,0,0,0,0,0,0,0,True,Top 25,4
10,Trump,0,0,0,0,0,0,0,True,Top 25,4
11,Trump,0,0,0,0,0,0,0,True,Top 25,4
12,Trump,0,0,0,0,0,0,0,True,Top 25,4
13,Trump,1,1,1,1,0,1,0,True,Top 25,4
14,Trump,1,1,1,1,0,1,0,True,Top 25,4
15,Trump,1,5,10,5,5,10,0,True,Top 25,4
16,Trump,1,4,10,5,5,10,0,True,Top 25,4
17,Trump,0,0,0,0,0,0,0,True,Top 25,4
18,Trump,1,1,1,1,0,1,0,True,Top 25,4
19,Trump,1,6,10,5,5,10,0,True,Top 25,4
20,Trump,0,0,0,0,0,0,0,True,Top 25,4
21,Trump,0,0,0,0,0,0,0,True,Top 25,4
22,Trump,1,1,1,1,0,1,0,True,Top 25,4
23,Trump,0,0,0,0,0,0,0,True,Top 25,4
24,Trump,0,0,0,0,0,0,0,True,Top 25,4
25,Trump,1,5,10,5,5,10,0,True,Top 25,4
26,Trump,0,0,0,0,0,0,0,True,Top 25,4
27,Trump,0,0,0,0,0,0,0,True,Top 25,4
28,Trump,0,0,0,0,0,0,0,True,Top 25,4
29,Trump,0,0,0,0,0,0,0,True,Top 25,4
30,Trump,0,0,0,0,0,0,0,True,Top 25,4
31,Trump,0,0,0,0,0,0,0,True,Top 25,4
32,Trump,1,1,1,1,0,1,0,True,Top 25,4
33,Trump,1,5,10,5,5,10,0,True,Top 25,4
34,Trump,1,1,1,1,0,1,0,True,Top 25,4
35,Trump,1,1,1,1,0,1,0,True,Top 25,4
36,Trump,1,1,1,1,0,1,0,True,Top 25,4
37,Trump,0,0,0,0,0,0,0,True,Top 25,4
38,Trump,0,0,0,0,0,0,0,True,Top 25,4
39,Trump,0,0,0,0,0,0,0,True,Top 25,4
40,Trump,0,0,0,0,0,0,0,True,Top 25,4
41,Trump,0,0,0,0,0,0,0,True,Top 25,4
42,Trump,1,1,1,1,0,1,0,True,Top 25,4
43,Trump,0,0,0,0,0,0,0,True,Top 25,4
44,Trump,0,0,0,0,0,0,0,True,Top 25,4
45,Trump,0,0,0,0,0,0,0,True,Top 25,4
46,Trump,0,0,0,0,0,0,0,True,Top 25,4
47,Trump,0,0,0,0,0,0,0,True,Top 25,4
48,Trump,2,2,5,5,0,5,0,True,Top 25,4
49,Trump,0,0,0,0,0,0,0,True,Top 25,4
50,Trump,0,0,0,0,0,0,0,True,Top 25,4
51,Trump,0,0,0,0,0,0,0,True,Top 25,4
52,Trump,1,1,1,1,0,1,0,True,Top 25,4
53,Trump,1,5,15,3,12,15,0,True,Top 25,4
54,Trump,1,1,4,4,0,4,0,True,Top 25,4
55,Trump,1,1,1,1,0,1,0,True,Top 25,4
56,Trump,0,0,0,0,0,0,0,True,Top 25,4
57,Trump,0,0,0,0,0,0,0,True,Top 25,4
58,Trump,1,4,10,5,5,10,0,True,Top 25,4
59,Trump,1,4,10,5,5,10,0,True,Top 25,4
60,Trump,0,0,0,0,0,0,0,True,Top 25,4
61,Trump,0,0,0,0,0,0,0,True,Top 25,4
62,Trump,0,0,0,0,0,0,0,True,Top 25,4
63,Trump,0,0,0,0,0,0,0,True,Top 25,4
64,Trump,0,0,0,0,0,0,0,True,Top 25,4
65,Trump,0,0,0,0,0,0,0,True,Top 25,4
66,Trump,0,0,0,0,0,0,0,True,Top 25,4
67,Trump,1,1,1,1,0,1,0,True,Top 25,4
68,Trump,1,4,10,5,5,10,0,True,Top 25,4
69,Trump,0,0,0,0,0,0,0,True,Top 25,4
70,Trump,0,0,0,0,0,0,0,True,Top 25,4
71,Trump,0,0,0,0,0,0,0,True,Top 25,4
72,Trump,0,0,0,0,0,0,0,True,Top 25,4
73,Trump,0,0,0,0,0,0,0,True,Top 25,4
74,Trump,0,0,0,0,0,0,0,True,Top 25,4
75,Trump,0,0,0,0,0,0,0,True,Top 25,4
76,Trump,1,1,1,1,0,1,0,True,Top 25,4
77,Trump,0,0,0,0,0,0,0,True,Top 25,4
78,Trump,1,1,4,4,0,4,0,True,Top 25,4
79,Trump,0,0,0,0,0,0,0,True,Top 25,4
80,Trump,0,0,0,0,0,0,0,True,Top 25,4
81,Trump,0,0,0,0,0,0,0,True,Top 25,4
82,Trump,1,1,1,1,0,1,0,True,Top 25,4
83,Trump,0,0,0,0,0,0,0,True,Top 25,4
84,Trump,1,1,1,1,0,1,0,True,Top 25,4
85,Trump,0,0,0,0,0,0,0,True,Top 25,4
86,Trump,1,4,10,5,5,10,0,True,Top 25,4
87,Trump,0,0,0,0,0,0,0,True,Top 25,4
88,Trump,1,1,2,2,0,2,0,True,Top 25,4
89,Trump,0,0,0,0,0,0,0,True,Top 25,4
90,Trump,0,0,0,0,0,0,0,True,Top 25,4
91,Trump,1,1,1,1,0,1,0,True,Top 25,4
92,Trump,0,0,0,0,0,0,0,True,Top 25,4
93,Trump,2,2,2,2,0,2,0,True,Top 25,4
94,Trump,0,0,0,0,0,0,0,True,Top 25,4
95,Trump,1,1,1,1,0,1,0,True,Top 25,4
96,Trump,0,0,0,0,0,0,0,True,Top 25,4
97,Trump,2,5,11,6,5,11,0,True,Top 25,4
98,Trump,1,4,10,5,5,10,0,True,Top 25,4
99,Trump,2,4,5,3,2,5,0,True,Top 25,4
100,Trump,0,0,0,0,0,0,0,True,Top 25,4
101,Trump,1,1,1,1,0,1,0,True,Top 25,4
102,Trump,0,0,0,0,0,0,0,True,Top 25,4
103,Trump,1,1,2,2,0,2,0,True,Top 25,4
104,Trump,1,3,10,5,5,10,0,True,Top 25,4
105,Trump,0,0,0,0,0,0,0,True,Top 25,4
106,Trump,1,1,1,1,0,1,0,True,Top 25,4
107,Trump,0,0,0,0,0,0,0,True,Top 25,4
108,Trump,2,2,3,3,0,3,0,True,Top 25,4
109,Trump,0,0,0,0,0,0,0,True,Top 25,4
110,Trump,0,0,0,0,0,0,0,True,Top 25,4
111,Trump,0,0,0,0,0,0,0,True,Top 25,4
112,Trump,2,2,3,3,0,3,0,True,Top 25,4
113,Trump,2,2,3,3,0,3,0,True,Top 25,4
114,Trump,1,5,9,3,6,9,0,True,Top 25,4
115,Trump,0,0,0,0,0,0,0,True,Top 25,4
116,Trump,1,1,1,1,0,1,0,True,Top 25,4
117,Trump,2,2,4,4,0,4,0,True,Top 25,4
118,Trump,0,0,0,0,0,0,0,True,Top 25,4
119,Trump,0,0,0,0,0,0,0,True,Top 25,4
120,Trump,3,3,9,9,0,9,0,True,Top 25,4
121,Trump,0,0,0,0,0,0,0,True,Top 25,4
122,Trump,0,0,0,0,0,0,0,True,Top 25,4
123,Trump,0,0,0,0,0,0,0,True,Top 25,4
124,Trump,1,1,1,1,0,1,0,True,Top 25,4
125,Trump,0,0,0,0,0,0,0,True,Top 25,4
126,Trump,2,2,2,2,0,2,0,True,Top 25,4
127,Trump,4,4,8,8,0,8,0,True,Top 25,4
128,Trump,0,0,0,0,0,0,0,True,Top 25,4
129,Trump,0,0,0,0,0,0,0,True,Top 25,4
130,Trump,0,0,0,0,0,0,0,True,Top 25,4
131,Trump,0,0,0,0,0,0,0,True,Top 25,4
132,Trump,0,0,0,0,0,0,0,True,Top 25,4
133,Trump,0,0,0,0,0,0,0,True,Top 25,4
134,Trump,2,2,2,2,0,2,0,True,Top 25,4
135,Trump,0,0,0,0,0,0,0,True,Top 25,4
136,Trump,0,0,0,0,0,0,0,True,Top 25,4
137,Trump,0,0,0,0,0,0,0,True,Top 25,4
138,Trump,0,0,0,0,0,0,0,True,Top 25,4
139,Trump,0,0,0,0,0,0,0,True,Top 25,4
140,Trump,2,2,3,3,0,3,0,True,Top 25,4
141,Trump,0,0,0,0,0,0,0,True,Top 25,4
142,Trump,1,1,1,1,0,1,0,True,Top 25,4
143,Trump,0,0,0,0,0,0,0,True,Top 25,4
144,Trump,1,1,1,1,0,1,0,True,Top 25,4
145,Trump,0,0,0,0,0,0,0,True,Top 25,4
146,Trump,0,0,0,0,0,0,0,True,Top 25,4
147,Trump,0,0,0,0,0,0,0,True,Top 25,4
148,Trump,0,0,0,0,0,0,0,True,Top 25,4
149,Trump,0,0,0,0,0,0,0,True,Top 25,4
150,Trump,1,1,2,2,0,2,0,True,Top 25,4
151,Trump,1,1,1,1,0,1,0,True,Top 25,4
152,Trump,1,1,1,1,0,1,0,True,Top 25,4
153,Trump,1,4,10,5,5,10,0,True,Top 25,4
154,Trump,1,1,2,2,0,2,0,True,Top 25,4
155,Trump,1,1,1,1,0,1,0,True,Top 25,4
156,Trump,0,0,0,0,0,0,0,True,Top 25,4
157,Trump,0,0,0,0,0,0,0,True,Top 25,4
158,Trump,0,0,0,0,0,0,0,True,Top 25,4
159,Trump,0,0,0,0,0,0,0,True,Top 25,4
160,Trump,0,0,0,0,0,0,0,True,Top 25,4
161,Trump,0,0,0,0,0,0,0,True,Top 25,4
162,Trump,1,4,9,3,6,9,0,True,Top 25,4
163,Trump,0,0,0,0,0,0,0,True,Top 25,4
164,Trump,0,0,0,0,0,0,0,True,Top 25,4
165,Trump,0,0,0,0,0,0,0,True,Top 25,4
166,Trump,0,0,0,0,0,0,0,True,Top 25,4
167,Trump,0,0,0,0,0,0,0,True,Top 25,4
168,Trump,0,0,0,0,0,0,0,True,Top 25,4
169,Trump,2,2,2,2,0,2,0,True,Top 25,4
170,Trump,1,1,2,2,0,2,0,True,Top 25,4
171,Trump,0,0,0,0,0,0,0,True,Top 25,4
172,Trump,0,0,0,0,0,0,0,True,Top 25,4
173,Trump,0,0,0,0,0,0,0,True,Top 25,4
174,Trump,0,0,0,0,0,0,0,True,Top 25,4
175,Trump,2,6,16,4,12,16,0,True,Top 25,4
176,Trump,1,1,1,1,0,1,0,True,Top 25,4
177,Trump,0,0,0,0,0,0,0,True,Top 25,4
178,Trump,0,0,0,0,0,0,0,True,Top 25,4
179,Trump,0,0,0,0,0,0,0,True,Top 25,4
180,Trump,0,0,0,0,0,0,0,True,Top 25,4
181,Trump,2,6,11,6,5,11,0,True,Top 25,4
182,Trump,1,4,10,5,5,10,0,True,Top 25,4
183,Trump,1,1,1,1,0,1,0,True,Top 25,4
184,Trump,0,0,0,0,0,0,0,True,Top 25,4
185,Trump,0,0,0,0,0,0,0,True,Top 25,4
186,Trump,0,0,0,0,0,0,0,True,Top 25,4
187,Trump,1,1,1,1,0,1,0,True,Top 25,4
188,Trump,0,0,0,0,0,0,0,True,Top 25,4
189,Trump,1,1,1,1,0,1,0,True,Top 25,4
190,Trump,1,1,1,1,0,1,0,True,Top 25,4
191,Trump,1,1,2,2,0,2,0,True,Top 25,4
192,Trump,0,0,0,0,0,0,0,True,Top 25,4
193,Trump,0,0,0,0,0,0,0,True,Top 25,4
194,Trump,1,1,2,2,0,2,0,True,Top 25,4
195,Trump,0,0,0,0,0,0,0,True,Top 25,4
196,Trump,1,1,1,1,0,1,0,True,Top 25,4
197,Trump,0,0,0,0,0,0,0,True,Top 25,4
198,Trump,0,0,0,0,0,0,0,True,Top 25,4
199,Trump,0,0,0,0,0,0,0,True,Top 25,4
200,Trump,0,0,0,0,0,0,0,True,Top 25,4
201,Trump,0,0,0,0,0,0,0,True,Top 25,4
202,Trump,0,0,0,0,0,0,0,True,Top 25,4
203,Trump,0,0,0,0,0,0,0,True,Top 25,4
204,Trump,0,0,0,0,0,0,0,True,Top 25,4
205,Trump,0,0,0,0,0,0,0,True,Top 25,4
206,Trump,2,2,5,5,0,5,0,True,Top 25,4
207,Trump,0,0,0,0,0,0,0,True,Top 25,4
208,Trump,0,0,0,0,0,0,0,True,Top 25,4
209,Trump,0,0,0,0,0,0,0,True,Top 25,4
210,Trump,1,1,1,1,0,1,0,True,Top 25,4
211,Trump,1,1,1,1,0,1,0,True,Top 25,4
212,Trump,0,0,0,0,0,0,0,True,Top 25,4
213,Trump,0,0,0,0,0,0,0,True,Top 25,4
214,Trump,0,0,0,0,0,0,0,True,Top 25,4
215,Trump,1,1,2,2,0,2,0,True,Top 25,4
216,Trump,1,1,1,1,0,1,0,True,Top 25,4
217,Trump,1,1,1,1,0,1,0,True,Top 25,4
218,Trump,0,0,0,0,0,0,0,True,Top 25,4
219,Trump,2,2,3,3,0,3,0,True,Top 25,4
220,Trump,0,0,0,0,0,0,0,True,Top 25,4
221,Trump,0,0,0,0,0,0,0,True,Top 25,4
222,Trump,0,0,0,0,0,0,0,True,Top 25,4
223,Trump,0,0,0,0,0,0,0,True,Top 25,4
224,Trump,2,2,5,4,1,5,0,True,Top 25,4
225,Trump,4,4,5,5,0,5,0,True,Top 25,4
226,Trump,1,4,10,5,5,10,0,True,Top 25,4
227,Trump,0,0,0,0,0,0,0,True,Top 25,4
228,Trump,0,0,0,0,0,0,0,True,Top 25,4
229,Trump,0,0,0,0,0,0,0,True,Top 25,4
230,Trump,0,0,0,0,0,0,0,True,Top 25,4
231,Trump,1,1,2,2,0,2,0,True,Top 25,4
232,Trump,1,1,1,1,0,1,0,True,Top 25,4
233,Trump,0,0,0,0,0,0,0,True,Top 25,4
234,Trump,0,0,0,0,0,0,0,True,Top 25,4
235,Trump,0,0,0,0,0,0,0,True,Top 25,4
236,Trump,0,0,0,0,0,0,0,True,Top 25,4
237,Trump,0,0,0,0,0,0,0,True,Top 25,4
238,Trump,0,0,0,0,0,0,0,True,Top 25,4
239,Trump,0,0,0,0,0,0,0,True,Top 25,4
240,Trump,1,1,2,2,0,2,0,True,Top 25,4
241,Trump,1,1,2,2,0,2,0,True,Top 25,4
242,Trump,2,5,15,10,5,15,0,True,Top 25,4
243,Trump,0,0,0,0,0,0,0,True,Top 25,4
244,Trump,2,2,2,2,0,2,0,True,Top 25,4
245,Trump,0,0,0,0,0,0,0,True,Top 25,4
246,Trump,1,6,9,3,6,9,0,True,Top 25,4
247,Trump,0,0,0,0,0,0,0,True,Top 25,4
248,Trump,0,0,0,0,0,0,0,True,Top 25,4
249,Trump,1,1,1,1,0,1,0,True,Top 25,4
250,Trump,1,1,1,1,0,1,0,True,Top 25,4
251,Trump,0,0,0,0,0,0,0,True,Top 25,4
252,Trump,0,0,0,0,0,0,0,True,Top 25,4
253,Trump,0,0,0,0,0,0,0,True,Top 25,4
254,Trump,1,3,10,5,5,10,0,True,Top 25,4
255,Trump,0,0,0,0,0,0,0,True,Top 25,4
256,Trump,2,4,11,6,5,11,0,True,Top 25,4
257,Trump,0,0,0,0,0,0,0,True,Top 25,4
258,Trump,1,7,15,3,12,15,0,True,Top 25,4
259,Trump,1,1,2,2,0,2,0,True,Top 25,4
260,Trump,0,0,0,0,0,0,0,True,Top 25,4
261,Trump,3,3,4,4,0,4,0,True,Top 25,4
262,Trump,0,0,0,0,0,0,0,True,Top 25,4
263,Trump,1,1,1,1,0,1,0,True,Top 25,4
264,Trump,1,4,9,3,6,9,0,True,Top 25,4
265,Trump,1,1,1,1,0,1,0,True,Top 25,4
266,Trump,0,0,0,0,0,0,0,True,Top 25,4
267,Trump,0,0,0,0,0,0,0,True,Top 25,4
268,Trump,0,0,0,0,0,0,0,True,Top 25,4
269,Trump,1,1,1,1,0,1,0,True,Top 25,4
270,Trump,1,1,2,2,0,2,0,True,Top 25,4
271,Trump,1,5,10,5,5,10,0,True,Top 25,4
272,Trump,1,1,1,1,0,1,0,True,Top 25,4
273,Trump,1,1,3,3,0,3,0,True,Top 25,4
274,Trump,1,6,10,5,5,10,0,True,Top 25,4
275,Trump,1,1,1,1,0,1,0,True,Top 25,4
276,Trump,1,1,2,2,0,2,0,True,Top 25,4
277,Trump,1,1,1,1,0,1,0,True,Top 25,4
278,Trump,0,0,0,0,0,0,0,True,Top 25,4
279,Trump,1,1,1,1,0,1,0,True,Top 25,4
280,Trump,0,0,0,0,0,0,0,True,Top 25,4
281,Trump,2,2,3,3,0,3,0,True,Top 25,4
282,Trump,0,0,0,0,0,0,0,True,Top 25,4
283,Trump,0,0,0,0,0,0,0,True,Top 25,4
284,Trump,0,0,0,0,0,0,0,True,Top 25,4
285,Trump,2,2,2,2,0,2,0,True,Top 25,4
286,Trump,0,0,0,0,0,0,0,True,Top 25,4
287,Trump,0,0,0,0,0,0,0,True,Top 25,4
288,Trump,1,3,9,3,6,9,0,True,Top 25,4
289,Trump,0,0,0,0,0,0,0,True,Top 25,4
290,Trump,1,1,1,1,0,1,0,True,Top 25,4
291,Trump,5,5,18,18,0,18,0,True,Top 25,4
292,Trump,7,7,17,17,0,17,0,True,Top 25,4
293,Trump,1,1,2,2,0,2,0,True,Top 25,4
294,Trump,1,5,10,5,5,10,0,True,Top 25,4
295,Trump,0,0,0,0,0,0,0,True,Top 25,4
296,Trump,1,1,1,1,0,1,0,True,Top 25,4
297,Trump,0,0,0,0,0,0,0,True,Top 25,4
298,Trump,0,0,0,0,0,0,0,True,Top 25,4
299,Trump,2,2,4,4,0,4,0,True,Top 25,4
300,Trump,1,1,2,2,0,2,0,True,Top 25,4
301,Trump,2,2,2,2,0,2,0,True,Top 25,4
302,Trump,0,0,0,0,0,0,0,True,Top 25,4
303,Trump,1,1,1,1,0,1,0,True,Top 25,4
304,Trump,1,1,2,2,0,2,0,True,Top 25,4
305,Trump,0,0,0,0,0,0,0,True,Top 25,4
306,Trump,2,2,3,3,0,3,0,True,Top 25,4
307,Trump,0,0,0,0,0,0,0,True,Top 25,4
308,Trump,1,1,1,1,0,1,0,True,Top 25,4
309,Trump,0,0,0,0,0,0,0,True,Top 25,4
310,Trump,0,0,0,0,0,0,0,True,Top 25,4
311,Trump,0,0,0,0,0,0,0,True,Top 25,4
312,Trump,1,1,1,1,0,1,0,True,Top 25,4
313,Trump,1,1,1,1,0,1,0,True,Top 25,4
314,Trump,0,0,0,0,0,0,0,True,Top 25,4
315,Trump,0,0,0,0,0,0,0,True,Top 25,4
316,Trump,1,1,1,1,0,1,0,True,Top 25,4
317,Trump,0,0,0,0,0,0,0,True,Top 25,4
318,Trump,0,0,0,0,0,0,0,True,Top 25,4
319,Trump,0,0,0,0,0,0,0,True,Top 25,4
320,Trump,0,0,0,0,0,0,0,True,Top 25,4
321,Trump,1,1,1,1,0,1,0,True,Top 25,4
322,Trump,1,1,2,2,0,2,0,True,Top 25,4
323,Trump,2,2,2,2,0,2,0,True,Top 25,4
324,Trump,0,0,0,0,0,0,0,True,Top 25,4
325,Trump,1,1,2,2,0,2,0,True,Top 25,4
326,Trump,0,0,0,0,0,0,0,True,Top 25,4
327,Trump,1,1,2,2,0,2,0,True,Top 25,4
328,Trump,0,0,0,0,0,0,0,True,Top 25,4
329,Trump,0,0,0,0,0,0,0,True,Top 25,4
330,Trump,0,0,0,0,0,0,0,True,Top 25,4
331,Trump,0,0,0,0,0,0,0,True,Top 25,4
332,Trump,0,0,0,0,0,0,0,True,Top 25,4
333,Trump,2,2,2,2,0,2,0,True,Top 25,4
334,Trump,2,2,3,3,0,3,0,True,Top 25,4
335,Trump,0,0,0,0,0,0,0,True,Top 25,4
336,Trump,1,1,1,1,0,1,0,True,Top 25,4
337,Trump,0,0,0,0,0,0,0,True,Top 25,4
338,Trump,1,1,1,1,0,1,0,True,Top 25,4
339,Trump,0,0,0,0,0,0,0,True,Top 25,4
340,Trump,1,1,1,1,0,1,0,True,Top 25,4
341,Trump,0,0,0,0,0,0,0,True,Top 25,4
342,Trump,0,0,0,0,0,0,0,True,Top 25,4
343,Trump,0,0,0,0,0,0,0,True,Top 25,4
344,Trump,2,2,5,5,0,5,0,True,Top 25,4
345,Trump,0,0,0,0,0,0,0,True,Top 25,4
346,Trump,2,2,3,3,0,3,0,True,Top 25,4
347,Trump,0,0,0,0,0,0,0,True,Top 25,4
348,Trump,4,4,7,7,0,7,0,True,Top 25,4
349,Trump,1,1,2,2,0,2,0,True,Top 25,4
350,Trump,0,0,0,0,0,0,0,True,Top 25,4
351,Trump,1,1,2,2,0,2,0,True,Top 25,4
352,Trump,0,0,0,0,0,0,0,True,Top 25,4
353,Trump,0,0,0,0,0,0,0,True,Top 25,4
354,Trump,0,0,0,0,0,0,0,True,Top 25,4
355,Trump,1,1,1,1,0,1,0,True,Top 25,4
356,Trump,0,0,0,0,0,0,0,True,Top 25,4
357,Trump,1,1,1,1,0,1,0,True,Top 25,4
358,Trump,1,1,1,1,0,1,0,True,Top 25,4
359,Trump,0,0,0,0,0,0,0,True,Top 25,4
360,Trump,0,0,0,0,0,0,0,True,Top 25,4
361,Trump,0,0,0,0,0,0,0,True,Top 25,4
362,Trump,1,1,1,1,0,1,0,True,Top 25,4
363,Trump,1,1,2,2,0,2,0,True,Top 25,4
364,Trump,0,0,0,0,0,0,0,True,Top 25,4
365,Trump,0,0,0,0,0,0,0,True,Top 25,4
366,Trump,0,0,0,0,0,0,0,True,Top 25,4
367,Trump,0,0,0,0,0,0,0,True,Top 25,4
368,Trump,1,1,2,2,0,2,0,True,Top 25,4
369,Trump,3,3,3,3,0,3,0,True,Top 25,4
370,Trump,0,0,0,0,0,0,0,True,Top 25,4
371,Trump,0,0,0,0,0,0,0,True,Top 25,4
372,Trump,2,2,2,2,0,2,0,True,Top 25,4
373,Trump,0,0,0,0,0,0,0,True,Top 25,4
374,Trump,0,0,0,0,0,0,0,True,Top 25,4
375,Trump,0,0,0,0,0,0,0,True,Top 25,4
376,Trump,0,0,0,0,0,0,0,True,Top 25,4
377,Trump,1,1,1,1,0,1,0,True,Top 25,4
378,Trump,1,1,1,1,0,1,0,True,Top 25,4
379,Trump,0,0,0,0,0,0,0,True,Top 25,4
380,Trump,2,6,10,4,6,10,0,True,Top 25,4
381,Trump,0,0,0,0,0,0,0,True,Top 25,4
382,Trump,2,2,3,3,0,3,0,True,Top 25,4
383,Trump,0,0,0,0,0,0,0,True,Top 25,4
384,Trump,2,2,2,2,0,2,0,True,Top 25,4
385,Trump,0,0,0,0,0,0,0,True,Top 25,4
386,Trump,1,1,1,1,0,1,0,True,Top 25,4
387,Trump,0,0,0,0,0,0,0,True,Top 25,4
388,Trump,0,0,0,0,0,0,0,True,Top 25,4
389,Trump,0,0,0,0,0,0,0,True,Top 25,4
390,Trump,0,0,0,0,0,0,0,True,Top 25,4
391,Trump,1,3,10,5,5,10,0,True,Top 25,4
392,Trump,0,0,0,0,0,0,0,True,Top 25,4
393,Trump,0,0,0,0,0,0,0,True,Top 25,4
394,Trump,0,0,0,0,0,0,0,True,Top 25,4
395,Trump,0,0,0,0,0,0,0,True,Top 25,4
396,Trump,2,2,3,3,0,3,0,True,Top 25,4
397,Trump,0,0,0,0,0,0,0,True,Top 25,4
398,Trump,1,1,1,1,0,1,0,True,Top 25,4
399,Trump,0,0,0,0,0,0,0,True,Top 25,4
400,Trump,2,2,2,2,0,2,0,True,Top 25,4
401,Trump,2,2,2,2,0,2,0,True,Top 25,4
402,Trump,1,1,1,1,0,1,0,True,Top 25,4
403,Trump,0,0,0,0,0,0,0,True,Top 25,4
404,Trump,1,1,1,1,0,1,0,True,Top 25,4
405,Trump,0,0,0,0,0,0,0,True,Top 25,4
406,Trump,1,2,2,1,1,2,0,True,Top 25,4
407,Trump,0,0,0,0,0,0,0,True,Top 25,4
408,Trump,2,2,3,3,0,3,0,True,Top 25,4
409,Trump,1,1,1,1,0,1,0,True,Top 25,4
410,Trump,4,4,5,5,0,5,0,True,Top 25,4
411,Trump,4,4,6,5,1,6,0,True,Top 25,4
412,Trump,2,2,3,3,0,3,0,True,Top 25,4
413,Trump,1,1,1,1,0,1,0,True,Top 25,4
414,Trump,1,2,2,1,1,2,0,True,Top 25,4
415,Trump,0,0,0,0,0,0,0,True,Top 25,4
416,Trump,0,0,0,0,0,0,0,True,Top 25,4
417,Trump,3,4,5,4,1,5,0,True,Top 25,4
418,Trump,2,3,3,2,1,3,0,True,Top 25,4
419,Trump,0,0,0,0,0,0,0,True,Top 25,4
420,Trump,1,1,2,2,0,2,0,True,Top 25,4
421,Trump,0,0,0,0,0,0,0,True,Top 25,4
422,Trump,1,1,1,1,0,1,0,True,Top 25,4
423,Trump,0,0,0,0,0,0,0,True,Top 25,4
424,Trump,1,1,4,4,0,4,0,True,Top 25,4
425,Trump,0,0,0,0,0,0,0,True,Top 25,4
426,Trump,1,1,1,1,0,1,0,True,Top 25,4
427,Trump,2,4,8,5,3,8,0,True,Top 25,4
428,Trump,1,1,1,1,0,1,0,True,Top 25,4
429,Trump,0,0,0,0,0,0,0,True,Top 25,4
430,Trump,1,3,4,2,2,4,0,True,Top 25,4
431,Trump,0,0,0,0,0,0,0,True,Top 25,4
432,Trump,1,1,1,1,0,1,0,True,Top 25,4
433,Trump,0,0,0,0,0,0,0,True,Top 25,4
434,Trump,0,0,0,0,0,0,0,True,Top 25,4
435,Trump,0,0,0,0,0,0,0,True,Top 25,4
436,Trump,0,0,0,0,0,0,0,True,Top 25,4
437,Trump,0,0,0,0,0,0,0,True,Top 25,4
438,Trump,1,1,1,1,0,1,0,True,Top 25,4
439,Trump,0,0,0,0,0,0,0,True,Top 25,4
440,Trump,0,0,0,0,0,0,0,True,Top 25,4
441,Trump,1,1,1,1,0,1,0,True,Top 25,4
442,Trump,0,0,0,0,0,0,0,True,Top 25,4
443,Trump,1,1,1,1,0,1,0,True,Top 25,4
444,Trump,2,2,2,2,0,2,0,True,Top 25,4
445,Harris,0,0,0,0,0,0,0,True,Top 25,4
446,Harris,2,2,2,2,0,2,0,True,Top 25,4
447,Harris,0,0,0,0,0,0,0,True,Top 25,4
448,Harris,0,0,0,0,0,0,0,True,Top 25,4
449,Harris,0,0,0,0,0,0,0,True,Top 25,4
450,Harris,0,0,0,0,0,0,0,True,Top 25,4
451,Harris,0,0,0,0,0,0,0,True,Top 25,4
452,Harris,1,1,14,14,0,14,0,True,Top 25,4
453,Harris,1,1,2,2,0,2,0,True,Top 25,4
454,Harris,0,0,0,0,0,0,0,True,Top 25,4
455,Harris,0,0,0,0,0,0,0,True,Top 25,4
456,Harris,0,0,0,0,0,0,0,True,Top 25,4
457,Harris,0,0,0,0,0,0,0,True,Top 25,4
458,Harris,0,0,0,0,0,0,0,True,Top 25,4
459,Harris,1,1,14,14,0,14,0,True,Top 25,4
460,Harris,0,0,0,0,0,0,0,True,Top 25,4
461,Harris,0,0,0,0,0,0,0,True,Top 25,4
462,Harris,0,0,0,0,0,0,0,True,Top 25,4
463,Harris,0,0,0,0,0,0,0,True,Top 25,4
464,Harris,0,0,0,0,0,0,0,True,Top 25,4
465,Harris,0,0,0,0,0,0,0,True,Top 25,4
466,Harris,0,0,0,0,0,0,0,True,Top 25,4
467,Harris,0,0,0,0,0,0,0,True,Top 25,4
468,Harris,0,0,0,0,0,0,0,True,Top 25,4
469,Harris,0,0,0,0,0,0,0,True,Top 25,4
470,Harris,1,1,14,14,0,14,0,True,Top 25,4
471,Harris,0,0,0,0,0,0,0,True,Top 25,4
472,Harris,0,0,0,0,0,0,0,True,Top 25,4
473,Harris,1,1,2,2,0,2,0,True,Top 25,4
474,Harris,0,0,0,0,0,0,0,True,Top 25,4
475,Harris,0,0,0,0,0,0,0,True,Top 25,4
476,Harris,0,0,0,0,0,0,0,True,Top 25,4
477,Harris,1,1,14,14,0,14,0,True,Top 25,4
478,Harris,2,2,4,4,0,4,0,True,Top 25,4
479,Harris,0,0,0,0,0,0,0,True,Top 25,4
480,Harris,0,0,0,0,0,0,0,True,Top 25,4
481,Harris,0,0,0,0,0,0,0,True,Top 25,4
482,Harris,0,0,0,0,0,0,0,True,Top 25,4
483,Harris,0,0,0,0,0,0,0,True,Top 25,4
484,Harris,0,0,0,0,0,0,0,True,Top 25,4
485,Harris,0,0,0,0,0,0,0,True,Top 25,4
486,Harris,0,0,0,0,0,0,0,True,Top 25,4
487,Harris,0,0,0,0,0,0,0,True,Top 25,4
488,Harris,1,1,14,14,0,14,0,True,Top 25,4
489,Harris,0,0,0,0,0,0,0,True,Top 25,4
490,Harris,0,0,0,0,0,0,0,True,Top 25,4
491,Harris,0,0,0,0,0,0,0,True,Top 25,4
492,Harris,0,0,0,0,0,0,0,True,Top 25,4
493,Harris,0,0,0,0,0,0,0,True,Top 25,4
494,Harris,0,0,0,0,0,0,0,True,Top 25,4
495,Harris,0,0,0,0,0,0,0,True,Top 25,4
496,Harris,0,0,0,0,0,0,0,True,Top 25,4
497,Harris,0,0,0,0,0,0,0,True,Top 25,4
498,Harris,0,0,0,0,0,0,0,True,Top 25,4
499,Harris,1,1,2,2,0,2,0,True,Top 25,4
500,Harris,1,1,14,14,0,14,0,True,Top 25,4
501,Harris,0,0,0,0,0,0,0,True,Top 25,4
502,Harris,0,0,0,0,0,0,0,True,Top 25,4
503,Harris,0,0,0,0,0,0,0,True,Top 25,4
504,Harris,0,0,0,0,0,0,0,True,Top 25,4
505,Harris,0,0,0,0,0,0,0,True,Top 25,4
506,Harris,0,0,0,0,0,0,0,True,Top 25,4
507,Harris,0,0,0,0,0,0,0,True,Top 25,4
508,Harris,0,0,0,0,0,0,0,True,Top 25,4
509,Harris,0,0,0,0,0,0,0,True,Top 25,4
510,Harris,0,0,0,0,0,0,0,True,Top 25,4
511,Harris,0,0,0,0,0,0,0,True,Top 25,4
512,Harris,0,0,0,0,0,0,0,True,Top 25,4
513,Harris,0,0,0,0,0,0,0,True,Top 25,4
514,Harris,0,0,0,0,0,0,0,True,Top 25,4
515,Harris,0,0,0,0,0,0,0,True,Top 25,4
516,Harris,0,0,0,0,0,0,0,True,Top 25,4
517,Harris,0,0,0,0,0,0,0,True,Top 25,4
518,Harris,0,0,0,0,0,0,0,True,Top 25,4
519,Harris,0,0,0,0,0,0,0,True,Top 25,4
520,Harris,0,0,0,0,0,0,0,True,Top 25,4
521,Harris,0,0,0,0,0,0,0,True,Top 25,4
522,Harris,0,0,0,0,0,0,0,True,Top 25,4
523,Harris,0,0,0,0,0,0,0,True,Top 25,4
524,Harris,0,0,0,0,0,0,0,True,Top 25,4
525,Harris,1,1,14,14,0,14,0,True,Top 25,4
526,Harris,0,0,0,0,0,0,0,True,Top 25,4
527,Harris,0,0,0,0,0,0,0,True,Top 25,4
528,Harris,0,0,0,0,0,0,0,True,Top 25,4
529,Harris,0,0,0,0,0,0,0,True,Top 25,4
530,Harris,0,0,0,0,0,0,0,True,Top 25,4
531,Harris,1,1,14,14,0,14,0,True,Top 25,4
532,Harris,1,1,2,2,0,2,0,True,Top 25,4
533,Harris,0,0,0,0,0,0,0,True,Top 25,4
534,Harris,1,1,2,2,0,2,0,True,Top 25,4
535,Harris,0,0,0,0,0,0,0,True,Top 25,4
536,Harris,0,0,0,0,0,0,0,True,Top 25,4
537,Harris,1,1,1,1,0,1,0,True,Top 25,4
538,Harris,0,0,0,0,0,0,0,True,Top 25,4
539,Harris,0,0,0,0,0,0,0,True,Top 25,4
540,Harris,0,0,0,0,0,0,0,True,Top 25,4
541,Harris,0,0,0,0,0,0,0,True,Top 25,4
542,Harris,1,1,2,2,0,2,0,True,Top 25,4
543,Harris,0,0,0,0,0,0,0,True,Top 25,4
544,Harris,0,0,0,0,0,0,0,True,Top 25,4
545,Harris,2,2,5,5,0,5,0,True,Top 25,4
546,Harris,2,2,16,16,0,16,0,True,Top 25,4
547,Harris,1,1,2,2,0,2,0,True,Top 25,4
548,Harris,0,0,0,0,0,0,0,True,Top 25,4
549,Harris,0,0,0,0,0,0,0,True,Top 25,4
550,Harris,0,0,0,0,0,0,0,True,Top 25,4
551,Harris,0,0,0,0,0,0,0,True,Top 25,4
552,Harris,0,0,0,0,0,0,0,True,Top 25,4
553,Harris,0,0,0,0,0,0,0,True,Top 25,4
554,Harris,0,0,0,0,0,0,0,True,Top 25,4
555,Harris,0,0,0,0,0,0,0,True,Top 25,4
556,Harris,0,0,0,0,0,0,0,True,Top 25,4
557,Harris,1,1,2,2,0,2,0,True,Top 25,4
558,Harris,0,0,0,0,0,0,0,True,Top 25,4
559,Harris,0,0,0,0,0,0,0,True,Top 25,4
560,Harris,0,0,0,0,0,0,0,True,Top 25,4
561,Harris,0,0,0,0,0,0,0,True,Top 25,4
562,Harris,0,0,0,0,0,0,0,True,Top 25,4
563,Harris,0,0,0,0,0,0,0,True,Top 25,4
564,Harris,0,0,0,0,0,0,0,True,Top 25,4
565,Harris,0,0,0,0,0,0,0,True,Top 25,4
566,Harris,0,0,0,0,0,0,0,True,Top 25,4
567,Harris,0,0,0,0,0,0,0,True,Top 25,4
568,Harris,0,0,0,0,0,0,0,True,Top 25,4
569,Harris,0,0,0,0,0,0,0,True,Top 25,4
570,Harris,0,0,0,0,0,0,0,True,Top 25,4
571,Harris,0,0,0,0,0,0,0,True,Top 25,4
572,Harris,0,0,0,0,0,0,0,True,Top 25,4
573,Harris,0,0,0,0,0,0,0,True,Top 25,4
574,Harris,0,0,0,0,0,0,0,True,Top 25,4
575,Harris,0,0,0,0,0,0,0,True,Top 25,4
576,Harris,0,0,0,0,0,0,0,True,Top 25,4
577,Harris,0,0,0,0,0,0,0,True,Top 25,4
578,Harris,0,0,0,0,0,0,0,True,Top 25,4
579,Harris,0,0,0,0,0,0,0,True,Top 25,4
580,Harris,0,0,0,0,0,0,0,True,Top 25,4
581,Harris,1,1,4,4,0,4,0,True,Top 25,4
582,Harris,0,0,0,0,0,0,0,True,Top 25,4
583,Harris,0,0,0,0,0,0,0,True,Top 25,4
584,Harris,0,0,0,0,0,0,0,True,Top 25,4
585,Harris,0,0,0,0,0,0,0,True,Top 25,4
586,Harris,1,1,14,14,0,14,0,True,Top 25,4
587,Harris,0,0,0,0,0,0,0,True,Top 25,4
588,Harris,0,0,0,0,0,0,0,True,Top 25,4
589,Harris,0,0,0,0,0,0,0,True,Top 25,4
590,Harris,1,1,2,2,0,2,0,True,Top 25,4
591,Harris,0,0,0,0,0,0,0,True,Top 25,4
592,Harris,1,1,2,2,0,2,0,True,Top 25,4
593,Harris,0,0,0,0,0,0,0,True,Top 25,4
594,Harris,0,0,0,0,0,0,0,True,Top 25,4
595,Harris,0,0,0,0,0,0,0,True,Top 25,4
596,Harris,0,0,0,0,0,0,0,True,Top 25,4
597,Harris,1,1,2,2,0,2,0,True,Top 25,4
598,Harris,0,0,0,0,0,0,0,True,Top 25,4
599,Harris,0,0,0,0,0,0,0,True,Top 25,4
600,Harris,0,0,0,0,0,0,0,True,Top 25,4
601,Harris,1,1,2,2,0,2,0,True,Top 25,4
602,Harris,0,0,0,0,0,0,0,True,Top 25,4
603,Harris,0,0,0,0,0,0,0,True,Top 25,4
604,Harris,0,0,0,0,0,0,0,True,Top 25,4
605,Harris,0,0,0,0,0,0,0,True,Top 25,4
606,Harris,1,1,2,2,0,2,0,True,Top 25,4
607,Harris,0,0,0,0,0,0,0,True,Top 25,4
608,Harris,0,0,0,0,0,0,0,True,Top 25,4
609,Harris,0,0,0,0,0,0,0,True,Top 25,4
610,Harris,0,0,0,0,0,0,0,True,Top 25,4
611,Harris,0,0,0,0,0,0,0,True,Top 25,4
612,Harris,0,0,0,0,0,0,0,True,Top 25,4
613,Harris,0,0,0,0,0,0,0,True,Top 25,4
614,Harris,0,0,0,0,0,0,0,True,Top 25,4
615,Harris,0,0,0,0,0,0,0,True,Top 25,4
616,Harris,0,0,0,0,0,0,0,True,Top 25,4
617,Harris,0,0,0,0,0,0,0,True,Top 25,4
618,Harris,0,0,0,0,0,0,0,True,Top 25,4
619,Harris,1,1,17,17,0,17,0,True,Top 25,4
620,Harris,0,0,0,0,0,0,0,True,Top 25,4
621,Harris,0,0,0,0,0,0,0,True,Top 25,4
622,Harris,0,0,0,0,0,0,0,True,Top 25,4
623,Harris,0,0,0,0,0,0,0,True,Top 25,4
624,Harris,1,1,2,2,0,2,0,True,Top 25,4
625,Harris,0,0,0,0,0,0,0,True,Top 25,4
626,Harris,0,0,0,0,0,0,0,True,Top 25,4
627,Harris,0,0,0,0,0,0,0,True,Top 25,4
628,Harris,0,0,0,0,0,0,0,True,Top 25,4
629,Harris,0,0,0,0,0,0,0,True,Top 25,4
630,Harris,0,0,0,0,0,0,0,True,Top 25,4
631,Harris,0,0,0,0,0,0,0,True,Top 25,4
632,Harris,0,0,0,0,0,0,0,True,Top 25,4
633,Harris,0,0,0,0,0,0,0,True,Top 25,4
634,Harris,0,0,0,0,0,0,0,True,Top 25,4
635,Harris,0,0,0,0,0,0,0,True,Top 25,4
636,Harris,0,0,0,0,0,0,0,True,Top 25,4
637,Harris,0,0,0,0,0,0,0,True,Top 25,4
638,Harris,0,0,0,0,0,0,0,True,Top 25,4
639,Harris,0,0,0,0,0,0,0,True,Top 25,4
640,Harris,0,0,0,0,0,0,0,True,Top 25,4
641,Harris,0,0,0,0,0,0,0,True,Top 25,4
642,Harris,0,0,0,0,0,0,0,True,Top 25,4
643,Harris,0,0,0,0,0,0,0,True,Top 25,4
644,Harris,0,0,0,0,0,0,0,True,Top 25,4
645,Harris,0,0,0,0,0,0,0,True,Top 25,4
646,Harris,0,0,0,0,0,0,0,True,Top 25,4
647,Harris,0,0,0,0,0,0,0,True,Top 25,4
648,Harris,0,0,0,0,0,0,0,True,Top 25,4
649,Harris,0,0,0,0,0,0,0,True,Top 25,4
650,Harris,0,0,0,0,0,0,0,True,Top 25,4
651,Harris,0,0,0,0,0,0,0,True,Top 25,4
652,Harris,0,0,0,0,0,0,0,True,Top 25,4
653,Harris,0,0,0,0,0,0,0,True,Top 25,4
654,Harris,0,0,0,0,0,0,0,True,Top 25,4
655,Harris,0,0,0,0,0,0,0,True,Top 25,4
656,Harris,1,1,14,14,0,14,0,True,Top 25,4
657,Harris,0,0,0,0,0,0,0,True,Top 25,4
658,Harris,0,0,0,0,0,0,0,True,Top 25,4
659,Harris,0,0,0,0,0,0,0,True,Top 25,4
660,Harris,0,0,0,0,0,0,0,True,Top 25,4
661,Harris,1,1,1,1,0,1,0,True,Top 25,4
662,Harris,0,0,0,0,0,0,0,True,Top 25,4
663,Harris,2,2,6,6,0,6,0,True,Top 25,4
664,Harris,0,0,0,0,0,0,0,True,Top 25,4
665,Harris,0,0,0,0,0,0,0,True,Top 25,4
666,Harris,0,0,0,0,0,0,0,True,Top 25,4
667,Harris,0,0,0,0,0,0,0,True,Top 25,4
668,Harris,0,0,0,0,0,0,0,True,Top 25,4
669,Harris,0,0,0,0,0,0,0,True,Top 25,4
670,Harris,0,0,0,0,0,0,0,True,Top 25,4
671,Harris,0,0,0,0,0,0,0,True,Top 25,4
672,Harris,0,0,0,0,0,0,0,True,Top 25,4
673,Harris,0,0,0,0,0,0,0,True,Top 25,4
674,Harris,0,0,0,0,0,0,0,True,Top 25,4
675,Harris,0,0,0,0,0,0,0,True,Top 25,4
676,Harris,0,0,0,0,0,0,0,True,Top 25,4
677,Harris,0,0,0,0,0,0,0,True,Top 25,4
678,Harris,0,0,0,0,0,0,0,True,Top 25,4
679,Harris,0,0,0,0,0,0,0,True,Top 25,4
680,Harris,0,0,0,0,0,0,0,True,Top 25,4
681,Harris,0,0,0,0,0,0,0,True,Top 25,4
682,Harris,0,0,0,0,0,0,0,True,Top 25,4
683,Harris,0,0,0,0,0,0,0,True,Top 25,4
684,Harris,0,0,0,0,0,0,0,True,Top 25,4
685,Harris,0,0,0,0,0,0,0,True,Top 25,4
686,Harris,0,0,0,0,0,0,0,True,Top 25,4
687,Harris,0,0,0,0,0,0,0,True,Top 25,4
688,Harris,0,0,0,0,0,0,0,True,Top 25,4
689,Harris,0,0,0,0,0,0,0,True,Top 25,4
690,Harris,0,0,0,0,0,0,0,True,Top 25,4
691,Harris,0,0,0,0,0,0,0,True,Top 25,4
692,Harris,0,0,0,0,0,0,0,True,Top 25,4
693,Harris,0,0,0,0,0,0,0,True,Top 25,4
694,Harris,0,0,0,0,0,0,0,True,Top 25,4
695,Harris,1,1,14,14,0,14,0,True,Top 25,4
696,Harris,0,0,0,0,0,0,0,True,Top 25,4
697,Harris,0,0,0,0,0,0,0,True,Top 25,4
698,Harris,0,0,0,0,0,0,0,True,Top 25,4
699,Harris,0,0,0,0,0,0,0,True,Top 25,4
700,Harris,0,0,0,0,0,0,0,True,Top 25,4
701,Harris,0,0,0,0,0,0,0,True,Top 25,4
702,Harris,0,0,0,0,0,0,0,True,Top 25,4
703,Harris,0,0,0,0,0,0,0,True,Top 25,4
704,Harris,0,0,0,0,0,0,0,True,Top 25,4
705,Harris,0,0,0,0,0,0,0,True,Top 25,4
706,Harris,0,0,0,0,0,0,0,True,Top 25,4
707,Harris,0,0,0,0,0,0,0,True,Top 25,4
708,Harris,0,0,0,0,0,0,0,True,Top 25,4
709,Harris,0,0,0,0,0,0,0,True,Top 25,4
710,Harris,0,0,0,0,0,0,0,True,Top 25,4
711,Harris,0,0,0,0,0,0,0,True,Top 25,4
712,Harris,0,0,0,0,0,0,0,True,Top 25,4
713,Harris,0,0,0,0,0,0,0,True,Top 25,4
714,Harris,0,0,0,0,0,0,0,True,Top 25,4
715,Harris,0,0,0,0,0,0,0,True,Top 25,4
716,Harris,0,0,0,0,0,0,0,True,Top 25,4
717,Harris,0,0,0,0,0,0,0,True,Top 25,4
718,Harris,0,0,0,0,0,0,0,True,Top 25,4
719,Harris,0,0,0,0,0,0,0,True,Top 25,4
720,Harris,0,0,0,0,0,0,0,True,Top 25,4
721,Harris,0,0,0,0,0,0,0,True,Top 25,4
722,Harris,0,0,0,0,0,0,0,True,Top 25,4
723,Harris,0,0,0,0,0,0,0,True,Top 25,4
724,Harris,1,1,14,14,0,14,0,True,Top 25,4
725,Harris,0,0,0,0,0,0,0,True,Top 25,4
726,Harris,0,0,0,0,0,0,0,True,Top 25,4
727,Harris,0,0,0,0,0,0,0,True,Top 25,4
728,Harris,0,0,0,0,0,0,0,True,Top 25,4
729,Harris,0,0,0,0,0,0,0,True,Top 25,4
730,Harris,0,0,0,0,0,0,0,True,Top 25,4
731,Harris,0,0,0,0,0,0,0,True,Top 25,4
732,Harris,0,0,0,0,0,0,0,True,Top 25,4
733,Harris,0,0,0,0,0,0,0,True,Top 25,4
734,Harris,0,0,0,0,0,0,0,True,Top 25,4
735,Harris,0,0,0,0,0,0,0,True,Top 25,4
736,Harris,1,1,2,2,0,2,0,True,Top 25,4
737,Harris,1,1,1,1,0,1,0,True,Top 25,4
738,Harris,0,0,0,0,0,0,0,True,Top 25,4
739,Harris,0,0,0,0,0,0,0,True,Top 25,4
740,Harris,0,0,0,0,0,0,0,True,Top 25,4
741,Harris,0,0,0,0,0,0,0,True,Top 25,4
742,Harris,0,0,0,0,0,0,0,True,Top 25,4
743,Harris,0,0,0,0,0,0,0,True,Top 25,4
744,Harris,0,0,0,0,0,0,0,True,Top 25,4
745,Harris,0,0,0,0,0,0,0,True,Top 25,4
746,Harris,0,0,0,0,0,0,0,True,Top 25,4
747,Harris,0,0,0,0,0,0,0,True,Top 25,4
748,Harris,0,0,0,0,0,0,0,True,Top 25,4
749,Harris,1,1,1,1,0,1,0,True,Top 25,4
750,Harris,0,0,0,0,0,0,0,True,Top 25,4
751,Harris,1,1,2,2,0,2,0,True,Top 25,4
752,Harris,0,0,0,0,0,0,0,True,Top 25,4
753,Harris,2,2,4,4,0,4,0,True,Top 25,4
754,Harris,0,0,0,0,0,0,0,True,Top 25,4
755,Harris,1,1,2,2,0,2,0,True,Top 25,4
756,Harris,0,0,0,0,0,0,0,True,Top 25,4
757,Harris,2,2,2,2,0,2,0,True,Top 25,4
758,Harris,1,1,1,1,0,1,0,True,Top 25,4
759,Harris,0,0,0,0,0,0,0,True,Top 25,4
760,Harris,0,0,0,0,0,0,0,True,Top 25,4
761,Harris,0,0,0,0,0,0,0,True,Top 25,4
762,Harris,0,0,0,0,0,0,0,True,Top 25,4
763,Harris,1,1,2,2,0,2,0,True,Top 25,4
764,Harris,0,0,0,0,0,0,0,True,Top 25,4
765,Harris,2,2,3,3,0,3,0,True,Top 25,4
766,Harris,1,1,14,14,0,14,0,True,Top 25,4
767,Harris,0,0,0,0,0,0,0,True,Top 25,4
768,Harris,0,0,0,0,0,0,0,True,Top 25,4
769,Harris,3,3,6,6,0,6,0,True,Top 25,4
770,Harris,0,0,0,0,0,0,0,True,Top 25,4
771,Harris,0,0,0,0,0,0,0,True,Top 25,4
772,Harris,2,2,11,11,0,11,0,True,Top 25,4
773,Harris,0,0,0,0,0,0,0,True,Top 25,4
774,Harris,1,1,1,1,0,1,0,True,Top 25,4
775,Harris,1,1,2,2,0,2,0,True,Top 25,4
776,Harris,0,0,0,0,0,0,0,True,Top 25,4
777,Harris,0,0,0,0,0,0,0,True,Top 25,4
778,Harris,0,0,0,0,0,0,0,True,Top 25,4
779,Harris,0,0,0,0,0,0,0,True,Top 25,4
780,Harris,0,0,0,0,0,0,0,True,Top 25,4
781,Harris,0,0,0,0,0,0,0,True,Top 25,4
782,Harris,0,0,0,0,0,0,0,True,Top 25,4
783,Harris,0,0,0,0,0,0,0,True,Top 25,4
784,Harris,0,0,0,0,0,0,0,True,Top 25,4
785,Harris,0,0,0,0,0,0,0,True,Top 25,4
786,Harris,0,0,0,0,0,0,0,True,Top 25,4
787,Harris,0,0,0,0,0,0,0,True,Top 25,4
788,Harris,0,0,0,0,0,0,0,True,Top 25,4
789,Harris,0,0,0,0,0,0,0,True,Top 25,4
790,Harris,0,0,0,0,0,0,0,True,Top 25,4
791,Harris,0,0,0,0,0,0,0,True,Top 25,4
792,Harris,0,0,0,0,0,0,0,True,Top 25,4
793,Harris,2,2,3,3,0,3,0,True,Top 25,4
794,Harris,0,0,0,0,0,0,0,True,Top 25,4
795,Harris,0,0,0,0,0,0,0,True,Top 25,4
796,Harris,0,0,0,0,0,0,0,True,Top 25,4
797,Harris,0,0,0,0,0,0,0,True,Top 25,4
798,Harris,0,0,0,0,0,0,0,True,Top 25,4
799,Harris,0,0,0,0,0,0,0,True,Top 25,4
800,Harris,1,1,2,2,0,2,0,True,Top 25,4
801,Harris,0,0,0,0,0,0,0,True,Top 25,4
802,Harris,0,0,0,0,0,0,0,True,Top 25,4
803,Harris,0,0,0,0,0,0,0,True,Top 25,4
804,Harris,0,0,0,0,0,0,0,True,Top 25,4
805,Harris,1,1,1,1,0,1,0,True,Top 25,4
806,Harris,0,0,0,0,0,0,0,True,Top 25,4
807,Harris,0,0,0,0,0,0,0,True,Top 25,4
808,Harris,0,0,0,0,0,0,0,True,Top 25,4
809,Harris,1,1,3,3,0,3,0,True,Top 25,4
810,Harris,0,0,0,0,0,0,0,True,Top 25,4
811,Harris,0,0,0,0,0,0,0,True,Top 25,4
812,Harris,0,0,0,0,0,0,0,True,Top 25,4
813,Harris,0,0,0,0,0,0,0,True,Top 25,4
814,Harris,0,0,0,0,0,0,0,True,Top 25,4
815,Harris,0,0,0,0,0,0,0,True,Top 25,4
816,Harris,0,0,0,0,0,0,0,True,Top 25,4
817,Harris,3,3,6,6,0,6,0,True,Top 25,4
818,Harris,0,0,0,0,0,0,0,True,Top 25,4
819,Harris,0,0,0,0,0,0,0,True,Top 25,4
820,Harris,0,0,0,0,0,0,0,True,Top 25,4
821,Harris,0,0,0,0,0,0,0,True,Top 25,4
822,Harris,1,1,2,2,0,2,0,True,Top 25,4
823,Harris,0,0,0,0,0,0,0,True,Top 25,4
824,Harris,0,0,0,0,0,0,0,True,Top 25,4
825,Harris,1,1,14,14,0,14,0,True,Top 25,4
826,Harris,0,0,0,0,0,0,0,True,Top 25,4
827,Harris,0,0,0,0,0,0,0,True,Top 25,4
828,Harris,1,1,1,1,0,1,0,True,Top 25,4
829,Harris,1,1,9,9,0,9,0,True,Top 25,4
830,Harris,0,0,0,0,0,0,0,True,Top 25,4
831,Harris,0,0,0,0,0,0,0,True,Top 25,4
832,Harris,1,1,2,2,0,2,0,True,Top 25,4
833,Harris,0,0,0,0,0,0,0,True,Top 25,4
834,Harris,0,0,0,0,0,0,0,True,Top 25,4
835,Harris,1,1,2,2,0,2,0,True,Top 25,4
836,Harris,0,0,0,0,0,0,0,True,Top 25,4
837,Harris,0,0,0,0,0,0,0,True,Top 25,4
838,Harris,0,0,0,0,0,0,0,True,Top 25,4
839,Harris,0,0,0,0,0,0,0,True,Top 25,4
840,Harris,1,1,2,2,0,2,0,True,Top 25,4
841,Harris,1,1,14,14,0,14,0,True,Top 25,4
842,Harris,0,0,0,0,0,0,0,True,Top 25,4
843,Harris,0,0,0,0,0,0,0,True,Top 25,4
844,Harris,0,0,0,0,0,0,0,True,Top 25,4
845,Harris,0,0,0,0,0,0,0,True,Top 25,4
846,Harris,1,1,1,1,0,1,0,True,Top 25,4
847,Harris,1,1,1,1,0,1,0,True,Top 25,4
848,Harris,2,2,2,2,0,2,0,True,Top 25,4
849,Harris,1,1,1,1,0,1,0,True,Top 25,4
850,Harris,0,0,0,0,0,0,0,True,Top 25,4
851,Harris,0,0,0,0,0,0,0,True,Top 25,4
852,Harris,2,2,4,4,0,4,0,True,Top 25,4
853,Harris,0,0,0,0,0,0,0,True,Top 25,4
854,Harris,1,1,4,4,0,4,0,True,Top 25,4
855,Harris,1,1,2,2,0,2,0,True,Top 25,4
856,Harris,1,1,5,5,0,5,0,True,Top 25,4
857,Harris,0,0,0,0,0,0,0,True,Top 25,4
858,Harris,2,2,4,4,0,4,0,True,Top 25,4
859,Harris,1,1,1,1,0,1,0,True,Top 25,4
860,Harris,2,2,4,4,0,4,0,True,Top 25,4
861,Harris,1,1,2,2,0,2,0,True,Top 25,4
862,Harris,2,2,3,3,0,3,0,True,Top 25,4
863,Harris,4,4,5,5,0,5,0,True,Top 25,4
864,Harris,2,2,2,2,0,2,0,True,Top 25,4
865,Harris,1,1,1,1,0,1,0,True,Top 25,4
866,Harris,1,1,2,2,0,2,0,True,Top 25,4
867,Harris,0,0,0,0,0,0,0,True,Top 25,4
868,Harris,2,2,7,7,0,7,0,True,Top 25,4
869,Harris,0,0,0,0,0,0,0,True,Top 25,4
870,Harris,0,0,0,0,0,0,0,True,Top 25,4
871,Harris,0,0,0,0,0,0,0,True,Top 25,4
872,Harris,0,0,0,0,0,0,0,True,Top 25,4
873,Harris,0,0,0,0,0,0,0,True,Top 25,4
874,Harris,0,0,0,0,0,0,0,True,Top 25,4
875,Harris,0,0,0,0,0,0,0,True,Top 25,4
876,Harris,0,0,0,0,0,0,0,True,Top 25,4
877,Harris,0,0,0,0,0,0,0,True,Top 25,4
878,Harris,0,0,0,0,0,0,0,True,Top 25,4
879,Harris,0,0,0,0,0,0,0,True,Top 25,4
880,Harris,0,0,0,0,0,0,0,True,Top 25,4
881,Harris,0,0,0,0,0,0,0,True,Top 25,4
882,Harris,1,1,4,4,0,4,0,True,Top 25,4
883,Harris,0,0,0,0,0,0,0,True,Top 25,4
884,Harris,0,0,0,0,0,0,0,True,Top 25,4
885,Harris,0,0,0,0,0,0,0,True,Top 25,4
886,Harris,0,0,0,0,0,0,0,True,Top 25,4
887,Harris,1,1,1,1,0,1,0,True,Top 25,4
888,Harris,0,0,0,0,0,0,0,True,Top 25,4
889,Harris,1,1,4,4,0,4,0,True,Top 25,4
0,Trump,1,5,10,5,5,10,0,True,Top 25,5
1,Trump,0,0,0,0,0,0,0,True,Top 25,5
2,Trump,1,1,1,1,0,1,0,True,Top 25,5
3,Trump,0,0,0,0,0,0,0,True,Top 25,5
4,Trump,0,0,0,0,0,0,0,True,Top 25,5
5,Trump,0,0,0,0,0,0,0,True,Top 25,5
6,Trump,1,1,1,1,0,1,0,True,Top 25,5
7,Trump,1,4,10,5,5,10,0,True,Top 25,5
8,Trump,0,0,0,0,0,0,0,True,Top 25,5
9,Trump,0,0,0,0,0,0,0,True,Top 25,5
10,Trump,0,0,0,0,0,0,0,True,Top 25,5
11,Trump,0,0,0,0,0,0,0,True,Top 25,5
12,Trump,0,0,0,0,0,0,0,True,Top 25,5
13,Trump,1,1,1,1,0,1,0,True,Top 25,5
14,Trump,1,1,1,1,0,1,0,True,Top 25,5
15,Trump,1,4,10,5,5,10,0,True,Top 25,5
16,Trump,1,4,10,5,5,10,0,True,Top 25,5
17,Trump,0,0,0,0,0,0,0,True,Top 25,5
18,Trump,1,1,1,1,0,1,0,True,Top 25,5
19,Trump,1,5,10,5,5,10,0,True,Top 25,5
20,Trump,0,0,0,0,0,0,0,True,Top 25,5
21,Trump,0,0,0,0,0,0,0,True,Top 25,5
22,Trump,1,1,1,1,0,1,0,True,Top 25,5
23,Trump,0,0,0,0,0,0,0,True,Top 25,5
24,Trump,0,0,0,0,0,0,0,True,Top 25,5
25,Trump,1,4,10,5,5,10,0,True,Top 25,5
26,Trump,0,0,0,0,0,0,0,True,Top 25,5
27,Trump,0,0,0,0,0,0,0,True,Top 25,5
28,Trump,0,0,0,0,0,0,0,True,Top 25,5
29,Trump,0,0,0,0,0,0,0,True,Top 25,5
30,Trump,0,0,0,0,0,0,0,True,Top 25,5
31,Trump,0,0,0,0,0,0,0,True,Top 25,5
32,Trump,1,1,1,1,0,1,0,True,Top 25,5
33,Trump,1,4,10,5,5,10,0,True,Top 25,5
34,Trump,1,1,1,1,0,1,0,True,Top 25,5
35,Trump,1,1,1,1,0,1,0,True,Top 25,5
36,Trump,1,1,1,1,0,1,0,True,Top 25,5
37,Trump,0,0,0,0,0,0,0,True,Top 25,5
38,Trump,0,0,0,0,0,0,0,True,Top 25,5
39,Trump,0,0,0,0,0,0,0,True,Top 25,5
40,Trump,0,0,0,0,0,0,0,True,Top 25,5
41,Trump,0,0,0,0,0,0,0,True,Top 25,5
42,Trump,1,1,1,1,0,1,0,True,Top 25,5
43,Trump,0,0,0,0,0,0,0,True,Top 25,5
44,Trump,0,0,0,0,0,0,0,True,Top 25,5
45,Trump,0,0,0,0,0,0,0,True,Top 25,5
46,Trump,0,0,0,0,0,0,0,True,Top 25,5
47,Trump,0,0,0,0,0,0,0,True,Top 25,5
48,Trump,2,2,5,5,0,5,0,True,Top 25,5
49,Trump,0,0,0,0,0,0,0,True,Top 25,5
50,Trump,0,0,0,0,0,0,0,True,Top 25,5
51,Trump,0,0,0,0,0,0,0,True,Top 25,5
52,Trump,1,1,1,1,0,1,0,True,Top 25,5
53,Trump,1,7,15,3,12,15,0,True,Top 25,5
54,Trump,1,1,4,4,0,4,0,True,Top 25,5
55,Trump,1,1,1,1,0,1,0,True,Top 25,5
56,Trump,0,0,0,0,0,0,0,True,Top 25,5
57,Trump,0,0,0,0,0,0,0,True,Top 25,5
58,Trump,1,3,10,5,5,10,0,True,Top 25,5
59,Trump,1,3,10,5,5,10,0,True,Top 25,5
60,Trump,0,0,0,0,0,0,0,True,Top 25,5
61,Trump,0,0,0,0,0,0,0,True,Top 25,5
62,Trump,0,0,0,0,0,0,0,True,Top 25,5
63,Trump,0,0,0,0,0,0,0,True,Top 25,5
64,Trump,0,0,0,0,0,0,0,True,Top 25,5
65,Trump,0,0,0,0,0,0,0,True,Top 25,5
66,Trump,0,0,0,0,0,0,0,True,Top 25,5
67,Trump,1,1,1,1,0,1,0,True,Top 25,5
68,Trump,1,4,10,5,5,10,0,True,Top 25,5
69,Trump,0,0,0,0,0,0,0,True,Top 25,5
70,Trump,0,0,0,0,0,0,0,True,Top 25,5
71,Trump,0,0,0,0,0,0,0,True,Top 25,5
72,Trump,0,0,0,0,0,0,0,True,Top 25,5
73,Trump,0,0,0,0,0,0,0,True,Top 25,5
74,Trump,0,0,0,0,0,0,0,True,Top 25,5
75,Trump,0,0,0,0,0,0,0,True,Top 25,5
76,Trump,1,1,1,1,0,1,0,True,Top 25,5
77,Trump,0,0,0,0,0,0,0,True,Top 25,5
78,Trump,1,1,4,4,0,4,0,True,Top 25,5
79,Trump,0,0,0,0,0,0,0,True,Top 25,5
80,Trump,0,0,0,0,0,0,0,True,Top 25,5
81,Trump,0,0,0,0,0,0,0,True,Top 25,5
82,Trump,1,1,1,1,0,1,0,True,Top 25,5
83,Trump,0,0,0,0,0,0,0,True,Top 25,5
84,Trump,1,1,1,1,0,1,0,True,Top 25,5
85,Trump,0,0,0,0,0,0,0,True,Top 25,5
86,Trump,1,5,10,5,5,10,0,True,Top 25,5
87,Trump,0,0,0,0,0,0,0,True,Top 25,5
88,Trump,1,1,2,2,0,2,0,True,Top 25,5
89,Trump,0,0,0,0,0,0,0,True,Top 25,5
90,Trump,0,0,0,0,0,0,0,True,Top 25,5
91,Trump,1,1,1,1,0,1,0,True,Top 25,5
92,Trump,0,0,0,0,0,0,0,True,Top 25,5
93,Trump,2,2,2,2,0,2,0,True,Top 25,5
94,Trump,0,0,0,0,0,0,0,True,Top 25,5
95,Trump,1,1,1,1,0,1,0,True,Top 25,5
96,Trump,0,0,0,0,0,0,0,True,Top 25,5
97,Trump,2,5,11,6,5,11,0,True,Top 25,5
98,Trump,1,5,10,5,5,10,0,True,Top 25,5
99,Trump,2,4,5,3,2,5,0,True,Top 25,5
100,Trump,0,0,0,0,0,0,0,True,Top 25,5
101,Trump,1,1,1,1,0,1,0,True,Top 25,5
102,Trump,0,0,0,0,0,0,0,True,Top 25,5
103,Trump,1,1,2,2,0,2,0,True,Top 25,5
104,Trump,1,3,10,5,5,10,0,True,Top 25,5
105,Trump,0,0,0,0,0,0,0,True,Top 25,5
106,Trump,1,1,1,1,0,1,0,True,Top 25,5
107,Trump,0,0,0,0,0,0,0,True,Top 25,5
108,Trump,2,2,3,3,0,3,0,True,Top 25,5
109,Trump,0,0,0,0,0,0,0,True,Top 25,5
110,Trump,0,0,0,0,0,0,0,True,Top 25,5
111,Trump,0,0,0,0,0,0,0,True,Top 25,5
112,Trump,2,2,3,3,0,3,0,True,Top 25,5
113,Trump,2,2,3,3,0,3,0,True,Top 25,5
114,Trump,1,5,9,3,6,9,0,True,Top 25,5
115,Trump,0,0,0,0,0,0,0,True,Top 25,5
116,Trump,1,1,1,1,0,1,0,True,Top 25,5
117,Trump,2,2,4,4,0,4,0,True,Top 25,5
118,Trump,0,0,0,0,0,0,0,True,Top 25,5
119,Trump,0,0,0,0,0,0,0,True,Top 25,5
120,Trump,3,3,9,9,0,9,0,True,Top 25,5
121,Trump,0,0,0,0,0,0,0,True,Top 25,5
122,Trump,0,0,0,0,0,0,0,True,Top 25,5
123,Trump,0,0,0,0,0,0,0,True,Top 25,5
124,Trump,1,1,1,1,0,1,0,True,Top 25,5
125,Trump,0,0,0,0,0,0,0,True,Top 25,5
126,Trump,2,2,2,2,0,2,0,True,Top 25,5
127,Trump,4,4,8,8,0,8,0,True,Top 25,5
128,Trump,0,0,0,0,0,0,0,True,Top 25,5
129,Trump,0,0,0,0,0,0,0,True,Top 25,5
130,Trump,0,0,0,0,0,0,0,True,Top 25,5
131,Trump,0,0,0,0,0,0,0,True,Top 25,5
132,Trump,0,0,0,0,0,0,0,True,Top 25,5
133,Trump,0,0,0,0,0,0,0,True,Top 25,5
134,Trump,2,2,2,2,0,2,0,True,Top 25,5
135,Trump,0,0,0,0,0,0,0,True,Top 25,5
136,Trump,0,0,0,0,0,0,0,True,Top 25,5
137,Trump,0,0,0,0,0,0,0,True,Top 25,5
138,Trump,0,0,0,0,0,0,0,True,Top 25,5
139,Trump,0,0,0,0,0,0,0,True,Top 25,5
140,Trump,2,2,3,3,0,3,0,True,Top 25,5
141,Trump,0,0,0,0,0,0,0,True,Top 25,5
142,Trump,1,1,1,1,0,1,0,True,Top 25,5
143,Trump,0,0,0,0,0,0,0,True,Top 25,5
144,Trump,1,1,1,1,0,1,0,True,Top 25,5
145,Trump,0,0,0,0,0,0,0,True,Top 25,5
146,Trump,0,0,0,0,0,0,0,True,Top 25,5
147,Trump,0,0,0,0,0,0,0,True,Top 25,5
148,Trump,0,0,0,0,0,0,0,True,Top 25,5
149,Trump,0,0,0,0,0,0,0,True,Top 25,5
150,Trump,1,1,2,2,0,2,0,True,Top 25,5
151,Trump,1,1,1,1,0,1,0,True,Top 25,5
152,Trump,1,1,1,1,0,1,0,True,Top 25,5
153,Trump,1,5,10,5,5,10,0,True,Top 25,5
154,Trump,1,1,2,2,0,2,0,True,Top 25,5
155,Trump,1,1,1,1,0,1,0,True,Top 25,5
156,Trump,0,0,0,0,0,0,0,True,Top 25,5
157,Trump,0,0,0,0,0,0,0,True,Top 25,5
158,Trump,0,0,0,0,0,0,0,True,Top 25,5
159,Trump,0,0,0,0,0,0,0,True,Top 25,5
160,Trump,0,0,0,0,0,0,0,True,Top 25,5
161,Trump,0,0,0,0,0,0,0,True,Top 25,5
162,Trump,1,5,9,3,6,9,0,True,Top 25,5
163,Trump,0,0,0,0,0,0,0,True,Top 25,5
164,Trump,0,0,0,0,0,0,0,True,Top 25,5
165,Trump,0,0,0,0,0,0,0,True,Top 25,5
166,Trump,0,0,0,0,0,0,0,True,Top 25,5
167,Trump,0,0,0,0,0,0,0,True,Top 25,5
168,Trump,0,0,0,0,0,0,0,True,Top 25,5
169,Trump,2,2,2,2,0,2,0,True,Top 25,5
170,Trump,1,1,2,2,0,2,0,True,Top 25,5
171,Trump,0,0,0,0,0,0,0,True,Top 25,5
172,Trump,0,0,0,0,0,0,0,True,Top 25,5
173,Trump,0,0,0,0,0,0,0,True,Top 25,5
174,Trump,0,0,0,0,0,0,0,True,Top 25,5
175,Trump,2,5,16,4,12,16,0,True,Top 25,5
176,Trump,1,1,1,1,0,1,0,True,Top 25,5
177,Trump,0,0,0,0,0,0,0,True,Top 25,5
178,Trump,0,0,0,0,0,0,0,True,Top 25,5
179,Trump,0,0,0,0,0,0,0,True,Top 25,5
180,Trump,0,0,0,0,0,0,0,True,Top 25,5
181,Trump,2,5,11,6,5,11,0,True,Top 25,5
182,Trump,1,4,10,5,5,10,0,True,Top 25,5
183,Trump,1,1,1,1,0,1,0,True,Top 25,5
184,Trump,0,0,0,0,0,0,0,True,Top 25,5
185,Trump,0,0,0,0,0,0,0,True,Top 25,5
186,Trump,0,0,0,0,0,0,0,True,Top 25,5
187,Trump,1,1,1,1,0,1,0,True,Top 25,5
188,Trump,0,0,0,0,0,0,0,True,Top 25,5
189,Trump,1,1,1,1,0,1,0,True,Top 25,5
190,Trump,1,1,1,1,0,1,0,True,Top 25,5
191,Trump,1,1,2,2,0,2,0,True,Top 25,5
192,Trump,0,0,0,0,0,0,0,True,Top 25,5
193,Trump,0,0,0,0,0,0,0,True,Top 25,5
194,Trump,1,1,2,2,0,2,0,True,Top 25,5
195,Trump,0,0,0,0,0,0,0,True,Top 25,5
196,Trump,1,1,1,1,0,1,0,True,Top 25,5
197,Trump,0,0,0,0,0,0,0,True,Top 25,5
198,Trump,0,0,0,0,0,0,0,True,Top 25,5
199,Trump,0,0,0,0,0,0,0,True,Top 25,5
200,Trump,0,0,0,0,0,0,0,True,Top 25,5
201,Trump,0,0,0,0,0,0,0,True,Top 25,5
202,Trump,0,0,0,0,0,0,0,True,Top 25,5
203,Trump,0,0,0,0,0,0,0,True,Top 25,5
204,Trump,0,0,0,0,0,0,0,True,Top 25,5
205,Trump,0,0,0,0,0,0,0,True,Top 25,5
206,Trump,2,2,5,5,0,5,0,True,Top 25,5
207,Trump,0,0,0,0,0,0,0,True,Top 25,5
208,Trump,0,0,0,0,0,0,0,True,Top 25,5
209,Trump,0,0,0,0,0,0,0,True,Top 25,5
210,Trump,1,1,1,1,0,1,0,True,Top 25,5
211,Trump,1,1,1,1,0,1,0,True,Top 25,5
212,Trump,0,0,0,0,0,0,0,True,Top 25,5
213,Trump,0,0,0,0,0,0,0,True,Top 25,5
214,Trump,0,0,0,0,0,0,0,True,Top 25,5
215,Trump,1,1,2,2,0,2,0,True,Top 25,5
216,Trump,1,1,1,1,0,1,0,True,Top 25,5
217,Trump,1,1,1,1,0,1,0,True,Top 25,5
218,Trump,0,0,0,0,0,0,0,True,Top 25,5
219,Trump,2,2,3,3,0,3,0,True,Top 25,5
220,Trump,0,0,0,0,0,0,0,True,Top 25,5
221,Trump,0,0,0,0,0,0,0,True,Top 25,5
222,Trump,0,0,0,0,0,0,0,True,Top 25,5
223,Trump,0,0,0,0,0,0,0,True,Top 25,5
224,Trump,2,3,5,4,1,5,0,True,Top 25,5
225,Trump,4,4,5,5,0,5,0,True,Top 25,5
226,Trump,1,6,10,5,5,10,0,True,Top 25,5
227,Trump,0,0,0,0,0,0,0,True,Top 25,5
228,Trump,0,0,0,0,0,0,0,True,Top 25,5
229,Trump,0,0,0,0,0,0,0,True,Top 25,5
230,Trump,0,0,0,0,0,0,0,True,Top 25,5
231,Trump,1,1,2,2,0,2,0,True,Top 25,5
232,Trump,1,1,1,1,0,1,0,True,Top 25,5
233,Trump,0,0,0,0,0,0,0,True,Top 25,5
234,Trump,0,0,0,0,0,0,0,True,Top 25,5
235,Trump,0,0,0,0,0,0,0,True,Top 25,5
236,Trump,0,0,0,0,0,0,0,True,Top 25,5
237,Trump,0,0,0,0,0,0,0,True,Top 25,5
238,Trump,0,0,0,0,0,0,0,True,Top 25,5
239,Trump,0,0,0,0,0,0,0,True,Top 25,5
240,Trump,1,1,2,2,0,2,0,True,Top 25,5
241,Trump,1,1,2,2,0,2,0,True,Top 25,5
242,Trump,2,6,15,10,5,15,0,True,Top 25,5
243,Trump,0,0,0,0,0,0,0,True,Top 25,5
244,Trump,2,2,2,2,0,2,0,True,Top 25,5
245,Trump,0,0,0,0,0,0,0,True,Top 25,5
246,Trump,1,5,9,3,6,9,0,True,Top 25,5
247,Trump,0,0,0,0,0,0,0,True,Top 25,5
248,Trump,0,0,0,0,0,0,0,True,Top 25,5
249,Trump,1,1,1,1,0,1,0,True,Top 25,5
250,Trump,1,1,1,1,0,1,0,True,Top 25,5
251,Trump,0,0,0,0,0,0,0,True,Top 25,5
252,Trump,0,0,0,0,0,0,0,True,Top 25,5
253,Trump,0,0,0,0,0,0,0,True,Top 25,5
254,Trump,1,3,10,5,5,10,0,True,Top 25,5
255,Trump,0,0,0,0,0,0,0,True,Top 25,5
256,Trump,2,5,11,6,5,11,0,True,Top 25,5
257,Trump,0,0,0,0,0,0,0,True,Top 25,5
258,Trump,1,5,15,3,12,15,0,True,Top 25,5
259,Trump,1,1,2,2,0,2,0,True,Top 25,5
260,Trump,0,0,0,0,0,0,0,True,Top 25,5
261,Trump,3,3,4,4,0,4,0,True,Top 25,5
262,Trump,0,0,0,0,0,0,0,True,Top 25,5
263,Trump,1,1,1,1,0,1,0,True,Top 25,5
264,Trump,1,5,9,3,6,9,0,True,Top 25,5
265,Trump,1,1,1,1,0,1,0,True,Top 25,5
266,Trump,0,0,0,0,0,0,0,True,Top 25,5
267,Trump,0,0,0,0,0,0,0,True,Top 25,5
268,Trump,0,0,0,0,0,0,0,True,Top 25,5
269,Trump,1,1,1,1,0,1,0,True,Top 25,5
270,Trump,1,1,2,2,0,2,0,True,Top 25,5
271,Trump,1,5,10,5,5,10,0,True,Top 25,5
272,Trump,1,1,1,1,0,1,0,True,Top 25,5
273,Trump,1,1,3,3,0,3,0,True,Top 25,5
274,Trump,1,3,10,5,5,10,0,True,Top 25,5
275,Trump,1,1,1,1,0,1,0,True,Top 25,5
276,Trump,1,1,2,2,0,2,0,True,Top 25,5
277,Trump,1,1,1,1,0,1,0,True,Top 25,5
278,Trump,0,0,0,0,0,0,0,True,Top 25,5
279,Trump,1,1,1,1,0,1,0,True,Top 25,5
280,Trump,0,0,0,0,0,0,0,True,Top 25,5
281,Trump,2,2,3,3,0,3,0,True,Top 25,5
282,Trump,0,0,0,0,0,0,0,True,Top 25,5
283,Trump,0,0,0,0,0,0,0,True,Top 25,5
284,Trump,0,0,0,0,0,0,0,True,Top 25,5
285,Trump,2,2,2,2,0,2,0,True,Top 25,5
286,Trump,0,0,0,0,0,0,0,True,Top 25,5
287,Trump,0,0,0,0,0,0,0,True,Top 25,5
288,Trump,1,5,9,3,6,9,0,True,Top 25,5
289,Trump,0,0,0,0,0,0,0,True,Top 25,5
290,Trump,1,1,1,1,0,1,0,True,Top 25,5
291,Trump,5,5,18,18,0,18,0,True,Top 25,5
292,Trump,7,7,17,17,0,17,0,True,Top 25,5
293,Trump,1,1,2,2,0,2,0,True,Top 25,5
294,Trump,1,5,10,5,5,10,0,True,Top 25,5
295,Trump,0,0,0,0,0,0,0,True,Top 25,5
296,Trump,1,1,1,1,0,1,0,True,Top 25,5
297,Trump,0,0,0,0,0,0,0,True,Top 25,5
298,Trump,0,0,0,0,0,0,0,True,Top 25,5
299,Trump,2,2,4,4,0,4,0,True,Top 25,5
300,Trump,1,1,2,2,0,2,0,True,Top 25,5
301,Trump,2,2,2,2,0,2,0,True,Top 25,5
302,Trump,0,0,0,0,0,0,0,True,Top 25,5
303,Trump,1,1,1,1,0,1,0,True,Top 25,5
304,Trump,1,1,2,2,0,2,0,True,Top 25,5
305,Trump,0,0,0,0,0,0,0,True,Top 25,5
306,Trump,2,2,3,3,0,3,0,True,Top 25,5
307,Trump,0,0,0,0,0,0,0,True,Top 25,5
308,Trump,1,1,1,1,0,1,0,True,Top 25,5
309,Trump,0,0,0,0,0,0,0,True,Top 25,5
310,Trump,0,0,0,0,0,0,0,True,Top 25,5
311,Trump,0,0,0,0,0,0,0,True,Top 25,5
312,Trump,1,1,1,1,0,1,0,True,Top 25,5
313,Trump,1,1,1,1,0,1,0,True,Top 25,5
314,Trump,0,0,0,0,0,0,0,True,Top 25,5
315,Trump,0,0,0,0,0,0,0,True,Top 25,5
316,Trump,1,1,1,1,0,1,0,True,Top 25,5
317,Trump,0,0,0,0,0,0,0,True,Top 25,5
318,Trump,0,0,0,0,0,0,0,True,Top 25,5
319,Trump,0,0,0,0,0,0,0,True,Top 25,5
320,Trump,0,0,0,0,0,0,0,True,Top 25,5
321,Trump,1,1,1,1,0,1,0,True,Top 25,5
322,Trump,1,1,2,2,0,2,0,True,Top 25,5
323,Trump,2,2,2,2,0,2,0,True,Top 25,5
324,Trump,0,0,0,0,0,0,0,True,Top 25,5
325,Trump,1,1,2,2,0,2,0,True,Top 25,5
326,Trump,0,0,0,0,0,0,0,True,Top 25,5
327,Trump,1,1,2,2,0,2,0,True,Top 25,5
328,Trump,0,0,0,0,0,0,0,True,Top 25,5
329,Trump,0,0,0,0,0,0,0,True,Top 25,5
330,Trump,0,0,0,0,0,0,0,True,Top 25,5
331,Trump,0,0,0,0,0,0,0,True,Top 25,5
332,Trump,0,0,0,0,0,0,0,True,Top 25,5
333,Trump,2,2,2,2,0,2,0,True,Top 25,5
334,Trump,2,2,3,3,0,3,0,True,Top 25,5
335,Trump,0,0,0,0,0,0,0,True,Top 25,5
336,Trump,1,1,1,1,0,1,0,True,Top 25,5
337,Trump,0,0,0,0,0,0,0,True,Top 25,5
338,Trump,1,1,1,1,0,1,0,True,Top 25,5
339,Trump,0,0,0,0,0,0,0,True,Top 25,5
340,Trump,1,1,1,1,0,1,0,True,Top 25,5
341,Trump,0,0,0,0,0,0,0,True,Top 25,5
342,Trump,0,0,0,0,0,0,0,True,Top 25,5
343,Trump,0,0,0,0,0,0,0,True,Top 25,5
344,Trump,2,2,5,5,0,5,0,True,Top 25,5
345,Trump,0,0,0,0,0,0,0,True,Top 25,5
346,Trump,2,2,3,3,0,3,0,True,Top 25,5
347,Trump,0,0,0,0,0,0,0,True,Top 25,5
348,Trump,4,4,7,7,0,7,0,True,Top 25,5
349,Trump,1,1,2,2,0,2,0,True,Top 25,5
350,Trump,0,0,0,0,0,0,0,True,Top 25,5
351,Trump,1,1,2,2,0,2,0,True,Top 25,5
352,Trump,0,0,0,0,0,0,0,True,Top 25,5
353,Trump,0,0,0,0,0,0,0,True,Top 25,5
354,Trump,0,0,0,0,0,0,0,True,Top 25,5
355,Trump,1,1,1,1,0,1,0,True,Top 25,5
356,Trump,0,0,0,0,0,0,0,True,Top 25,5
357,Trump,1,1,1,1,0,1,0,True,Top 25,5
358,Trump,1,1,1,1,0,1,0,True,Top 25,5
359,Trump,0,0,0,0,0,0,0,True,Top 25,5
360,Trump,0,0,0,0,0,0,0,True,Top 25,5
361,Trump,0,0,0,0,0,0,0,True,Top 25,5
362,Trump,1,1,1,1,0,1,0,True,Top 25,5
363,Trump,1,1,2,2,0,2,0,True,Top 25,5
364,Trump,0,0,0,0,0,0,0,True,Top 25,5
365,Trump,0,0,0,0,0,0,0,True,Top 25,5
366,Trump,0,0,0,0,0,0,0,True,Top 25,5
367,Trump,0,0,0,0,0,0,0,True,Top 25,5
368,Trump,1,1,2,2,0,2,0,True,Top 25,5
369,Trump,3,3,3,3,0,3,0,True,Top 25,5
370,Trump,0,0,0,0,0,0,0,True,Top 25,5
371,Trump,0,0,0,0,0,0,0,True,Top 25,5
372,Trump,2,2,2,2,0,2,0,True,Top 25,5
373,Trump,0,0,0,0,0,0,0,True,Top 25,5
374,Trump,0,0,0,0,0,0,0,True,Top 25,5
375,Trump,0,0,0,0,0,0,0,True,Top 25,5
376,Trump,0,0,0,0,0,0,0,True,Top 25,5
377,Trump,1,1,1,1,0,1,0,True,Top 25,5
378,Trump,1,1,1,1,0,1,0,True,Top 25,5
379,Trump,0,0,0,0,0,0,0,True,Top 25,5
380,Trump,2,5,10,4,6,10,0,True,Top 25,5
381,Trump,0,0,0,0,0,0,0,True,Top 25,5
382,Trump,2,2,3,3,0,3,0,True,Top 25,5
383,Trump,0,0,0,0,0,0,0,True,Top 25,5
384,Trump,2,2,2,2,0,2,0,True,Top 25,5
385,Trump,0,0,0,0,0,0,0,True,Top 25,5
386,Trump,1,1,1,1,0,1,0,True,Top 25,5
387,Trump,0,0,0,0,0,0,0,True,Top 25,5
388,Trump,0,0,0,0,0,0,0,True,Top 25,5
389,Trump,0,0,0,0,0,0,0,True,Top 25,5
390,Trump,0,0,0,0,0,0,0,True,Top 25,5
391,Trump,1,5,10,5,5,10,0,True,Top 25,5
392,Trump,0,0,0,0,0,0,0,True,Top 25,5
393,Trump,0,0,0,0,0,0,0,True,Top 25,5
394,Trump,0,0,0,0,0,0,0,True,Top 25,5
395,Trump,0,0,0,0,0,0,0,True,Top 25,5
396,Trump,2,2,3,3,0,3,0,True,Top 25,5
397,Trump,0,0,0,0,0,0,0,True,Top 25,5
398,Trump,1,1,1,1,0,1,0,True,Top 25,5
399,Trump,0,0,0,0,0,0,0,True,Top 25,5
400,Trump,2,2,2,2,0,2,0,True,Top 25,5
401,Trump,2,2,2,2,0,2,0,True,Top 25,5
402,Trump,1,1,1,1,0,1,0,True,Top 25,5
403,Trump,0,0,0,0,0,0,0,True,Top 25,5
404,Trump,1,1,1,1,0,1,0,True,Top 25,5
405,Trump,0,0,0,0,0,0,0,True,Top 25,5
406,Trump,1,2,2,1,1,2,0,True,Top 25,5
407,Trump,0,0,0,0,0,0,0,True,Top 25,5
408,Trump,2,2,3,3,0,3,0,True,Top 25,5
409,Trump,1,1,1,1,0,1,0,True,Top 25,5
410,Trump,4,4,5,5,0,5,0,True,Top 25,5
411,Trump,4,4,6,5,1,6,0,True,Top 25,5
412,Trump,2,2,3,3,0,3,0,True,Top 25,5
413,Trump,1,1,1,1,0,1,0,True,Top 25,5
414,Trump,1,2,2,1,1,2,0,True,Top 25,5
415,Trump,0,0,0,0,0,0,0,True,Top 25,5
416,Trump,0,0,0,0,0,0,0,True,Top 25,5
417,Trump,3,3,5,4,1,5,0,True,Top 25,5
418,Trump,2,3,3,2,1,3,0,True,Top 25,5
419,Trump,0,0,0,0,0,0,0,True,Top 25,5
420,Trump,1,1,2,2,0,2,0,True,Top 25,5
421,Trump,0,0,0,0,0,0,0,True,Top 25,5
422,Trump,1,1,1,1,0,1,0,True,Top 25,5
423,Trump,0,0,0,0,0,0,0,True,Top 25,5
424,Trump,1,1,4,4,0,4,0,True,Top 25,5
425,Trump,0,0,0,0,0,0,0,True,Top 25,5
426,Trump,1,1,1,1,0,1,0,True,Top 25,5
427,Trump,2,4,8,5,3,8,0,True,Top 25,5
428,Trump,1,1,1,1,0,1,0,True,Top 25,5
429,Trump,0,0,0,0,0,0,0,True,Top 25,5
430,Trump,1,3,4,2,2,4,0,True,Top 25,5
431,Trump,0,0,0,0,0,0,0,True,Top 25,5
432,Trump,1,1,1,1,0,1,0,True,Top 25,5
433,Trump,0,0,0,0,0,0,0,True,Top 25,5
434,Trump,0,0,0,0,0,0,0,True,Top 25,5
435,Trump,0,0,0,0,0,0,0,True,Top 25,5
436,Trump,0,0,0,0,0,0,0,True,Top 25,5
437,Trump,0,0,0,0,0,0,0,True,Top 25,5
438,Trump,1,1,1,1,0,1,0,True,Top 25,5
439,Trump,0,0,0,0,0,0,0,True,Top 25,5
440,Trump,0,0,0,0,0,0,0,True,Top 25,5
441,Trump,1,1,1,1,0,1,0,True,Top 25,5
442,Trump,0,0,0,0,0,0,0,True,Top 25,5
443,Trump,1,1,1,1,0,1,0,True,Top 25,5
444,Trump,2,2,2,2,0,2,0,True,Top 25,5
445,Harris,0,0,0,0,0,0,0,True,Top 25,5
446,Harris,2,2,2,2,0,2,0,True,Top 25,5
447,Harris,0,0,0,0,0,0,0,True,Top 25,5
448,Harris,0,0,0,0,0,0,0,True,Top 25,5
449,Harris,0,0,0,0,0,0,0,True,Top 25,5
450,Harris,0,0,0,0,0,0,0,True,Top 25,5
451,Harris,0,0,0,0,0,0,0,True,Top 25,5
452,Harris,1,1,14,14,0,14,0,True,Top 25,5
453,Harris,1,1,2,2,0,2,0,True,Top 25,5
454,Harris,0,0,0,0,0,0,0,True,Top 25,5
455,Harris,0,0,0,0,0,0,0,True,Top 25,5
456,Harris,0,0,0,0,0,0,0,True,Top 25,5
457,Harris,0,0,0,0,0,0,0,True,Top 25,5
458,Harris,0,0,0,0,0,0,0,True,Top 25,5
459,Harris,1,1,14,14,0,14,0,True,Top 25,5
460,Harris,0,0,0,0,0,0,0,True,Top 25,5
461,Harris,0,0,0,0,0,0,0,True,Top 25,5
462,Harris,0,0,0,0,0,0,0,True,Top 25,5
463,Harris,0,0,0,0,0,0,0,True,Top 25,5
464,Harris,0,0,0,0,0,0,0,True,Top 25,5
465,Harris,0,0,0,0,0,0,0,True,Top 25,5
466,Harris,0,0,0,0,0,0,0,True,Top 25,5
467,Harris,0,0,0,0,0,0,0,True,Top 25,5
468,Harris,0,0,0,0,0,0,0,True,Top 25,5
469,Harris,0,0,0,0,0,0,0,True,Top 25,5
470,Harris,1,1,14,14,0,14,0,True,Top 25,5
471,Harris,0,0,0,0,0,0,0,True,Top 25,5
472,Harris,0,0,0,0,0,0,0,True,Top 25,5
473,Harris,1,1,2,2,0,2,0,True,Top 25,5
474,Harris,0,0,0,0,0,0,0,True,Top 25,5
475,Harris,0,0,0,0,0,0,0,True,Top 25,5
476,Harris,0,0,0,0,0,0,0,True,Top 25,5
477,Harris,1,1,14,14,0,14,0,True,Top 25,5
478,Harris,2,2,4,4,0,4,0,True,Top 25,5
479,Harris,0,0,0,0,0,0,0,True,Top 25,5
480,Harris,0,0,0,0,0,0,0,True,Top 25,5
481,Harris,0,0,0,0,0,0,0,True,Top 25,5
482,Harris,0,0,0,0,0,0,0,True,Top 25,5
483,Harris,0,0,0,0,0,0,0,True,Top 25,5
484,Harris,0,0,0,0,0,0,0,True,Top 25,5
485,Harris,0,0,0,0,0,0,0,True,Top 25,5
486,Harris,0,0,0,0,0,0,0,True,Top 25,5
487,Harris,0,0,0,0,0,0,0,True,Top 25,5
488,Harris,1,1,14,14,0,14,0,True,Top 25,5
489,Harris,0,0,0,0,0,0,0,True,Top 25,5
490,Harris,0,0,0,0,0,0,0,True,Top 25,5
491,Harris,0,0,0,0,0,0,0,True,Top 25,5
492,Harris,0,0,0,0,0,0,0,True,Top 25,5
493,Harris,0,0,0,0,0,0,0,True,Top 25,5
494,Harris,0,0,0,0,0,0,0,True,Top 25,5
495,Harris,0,0,0,0,0,0,0,True,Top 25,5
496,Harris,0,0,0,0,0,0,0,True,Top 25,5
497,Harris,0,0,0,0,0,0,0,True,Top 25,5
498,Harris,0,0,0,0,0,0,0,True,Top 25,5
499,Harris,1,1,2,2,0,2,0,True,Top 25,5
500,Harris,1,1,14,14,0,14,0,True,Top 25,5
501,Harris,0,0,0,0,0,0,0,True,Top 25,5
502,Harris,0,0,0,0,0,0,0,True,Top 25,5
503,Harris,0,0,0,0,0,0,0,True,Top 25,5
504,Harris,0,0,0,0,0,0,0,True,Top 25,5
505,Harris,0,0,0,0,0,0,0,True,Top 25,5
506,Harris,0,0,0,0,0,0,0,True,Top 25,5
507,Harris,0,0,0,0,0,0,0,True,Top 25,5
508,Harris,0,0,0,0,0,0,0,True,Top 25,5
509,Harris,0,0,0,0,0,0,0,True,Top 25,5
510,Harris,0,0,0,0,0,0,0,True,Top 25,5
511,Harris,0,0,0,0,0,0,0,True,Top 25,5
512,Harris,0,0,0,0,0,0,0,True,Top 25,5
513,Harris,0,0,0,0,0,0,0,True,Top 25,5
514,Harris,0,0,0,0,0,0,0,True,Top 25,5
515,Harris,0,0,0,0,0,0,0,True,Top 25,5
516,Harris,0,0,0,0,0,0,0,True,Top 25,5
517,Harris,0,0,0,0,0,0,0,True,Top 25,5
518,Harris,0,0,0,0,0,0,0,True,Top 25,5
519,Harris,0,0,0,0,0,0,0,True,Top 25,5
520,Harris,0,0,0,0,0,0,0,True,Top 25,5
521,Harris,0,0,0,0,0,0,0,True,Top 25,5
522,Harris,0,0,0,0,0,0,0,True,Top 25,5
523,Harris,0,0,0,0,0,0,0,True,Top 25,5
524,Harris,0,0,0,0,0,0,0,True,Top 25,5
525,Harris,1,1,14,14,0,14,0,True,Top 25,5
526,Harris,0,0,0,0,0,0,0,True,Top 25,5
527,Harris,0,0,0,0,0,0,0,True,Top 25,5
528,Harris,0,0,0,0,0,0,0,True,Top 25,5
529,Harris,0,0,0,0,0,0,0,True,Top 25,5
530,Harris,0,0,0,0,0,0,0,True,Top 25,5
531,Harris,1,1,14,14,0,14,0,True,Top 25,5
532,Harris,1,1,2,2,0,2,0,True,Top 25,5
533,Harris,0,0,0,0,0,0,0,True,Top 25,5
534,Harris,1,1,2,2,0,2,0,True,Top 25,5
535,Harris,0,0,0,0,0,0,0,True,Top 25,5
536,Harris,0,0,0,0,0,0,0,True,Top 25,5
537,Harris,1,1,1,1,0,1,0,True,Top 25,5
538,Harris,0,0,0,0,0,0,0,True,Top 25,5
539,Harris,0,0,0,0,0,0,0,True,Top 25,5
540,Harris,0,0,0,0,0,0,0,True,Top 25,5
541,Harris,0,0,0,0,0,0,0,True,Top 25,5
542,Harris,1,1,2,2,0,2,0,True,Top 25,5
543,Harris,0,0,0,0,0,0,0,True,Top 25,5
544,Harris,0,0,0,0,0,0,0,True,Top 25,5
545,Harris,2,2,5,5,0,5,0,True,Top 25,5
546,Harris,2,2,16,16,0,16,0,True,Top 25,5
547,Harris,1,1,2,2,0,2,0,True,Top 25,5
548,Harris,0,0,0,0,0,0,0,True,Top 25,5
549,Harris,0,0,0,0,0,0,0,True,Top 25,5
550,Harris,0,0,0,0,0,0,0,True,Top 25,5
551,Harris,0,0,0,0,0,0,0,True,Top 25,5
552,Harris,0,0,0,0,0,0,0,True,Top 25,5
553,Harris,0,0,0,0,0,0,0,True,Top 25,5
554,Harris,0,0,0,0,0,0,0,True,Top 25,5
555,Harris,0,0,0,0,0,0,0,True,Top 25,5
556,Harris,0,0,0,0,0,0,0,True,Top 25,5
557,Harris,1,1,2,2,0,2,0,True,Top 25,5
558,Harris,0,0,0,0,0,0,0,True,Top 25,5
559,Harris,0,0,0,0,0,0,0,True,Top 25,5
560,Harris,0,0,0,0,0,0,0,True,Top 25,5
561,Harris,0,0,0,0,0,0,0,True,Top 25,5
562,Harris,0,0,0,0,0,0,0,True,Top 25,5
563,Harris,0,0,0,0,0,0,0,True,Top 25,5
564,Harris,0,0,0,0,0,0,0,True,Top 25,5
565,Harris,0,0,0,0,0,0,0,True,Top 25,5
566,Harris,0,0,0,0,0,0,0,True,Top 25,5
567,Harris,0,0,0,0,0,0,0,True,Top 25,5
568,Harris,0,0,0,0,0,0,0,True,Top 25,5
569,Harris,0,0,0,0,0,0,0,True,Top 25,5
570,Harris,0,0,0,0,0,0,0,True,Top 25,5
571,Harris,0,0,0,0,0,0,0,True,Top 25,5
572,Harris,0,0,0,0,0,0,0,True,Top 25,5
573,Harris,0,0,0,0,0,0,0,True,Top 25,5
574,Harris,0,0,0,0,0,0,0,True,Top 25,5
575,Harris,0,0,0,0,0,0,0,True,Top 25,5
576,Harris,0,0,0,0,0,0,0,True,Top 25,5
577,Harris,0,0,0,0,0,0,0,True,Top 25,5
578,Harris,0,0,0,0,0,0,0,True,Top 25,5
579,Harris,0,0,0,0,0,0,0,True,Top 25,5
580,Harris,0,0,0,0,0,0,0,True,Top 25,5
581,Harris,1,1,4,4,0,4,0,True,Top 25,5
582,Harris,0,0,0,0,0,0,0,True,Top 25,5
583,Harris,0,0,0,0,0,0,0,True,Top 25,5
584,Harris,0,0,0,0,0,0,0,True,Top 25,5
585,Harris,0,0,0,0,0,0,0,True,Top 25,5
586,Harris,1,1,14,14,0,14,0,True,Top 25,5
587,Harris,0,0,0,0,0,0,0,True,Top 25,5
588,Harris,0,0,0,0,0,0,0,True,Top 25,5
589,Harris,0,0,0,0,0,0,0,True,Top 25,5
590,Harris,1,1,2,2,0,2,0,True,Top 25,5
591,Harris,0,0,0,0,0,0,0,True,Top 25,5
592,Harris,1,1,2,2,0,2,0,True,Top 25,5
593,Harris,0,0,0,0,0,0,0,True,Top 25,5
594,Harris,0,0,0,0,0,0,0,True,Top 25,5
595,Harris,0,0,0,0,0,0,0,True,Top 25,5
596,Harris,0,0,0,0,0,0,0,True,Top 25,5
597,Harris,1,1,2,2,0,2,0,True,Top 25,5
598,Harris,0,0,0,0,0,0,0,True,Top 25,5
599,Harris,0,0,0,0,0,0,0,True,Top 25,5
600,Harris,0,0,0,0,0,0,0,True,Top 25,5
601,Harris,1,1,2,2,0,2,0,True,Top 25,5
602,Harris,0,0,0,0,0,0,0,True,Top 25,5
603,Harris,0,0,0,0,0,0,0,True,Top 25,5
604,Harris,0,0,0,0,0,0,0,True,Top 25,5
605,Harris,0,0,0,0,0,0,0,True,Top 25,5
606,Harris,1,1,2,2,0,2,0,True,Top 25,5
607,Harris,0,0,0,0,0,0,0,True,Top 25,5
608,Harris,0,0,0,0,0,0,0,True,Top 25,5
609,Harris,0,0,0,0,0,0,0,True,Top 25,5
610,Harris,0,0,0,0,0,0,0,True,Top 25,5
611,Harris,0,0,0,0,0,0,0,True,Top 25,5
612,Harris,0,0,0,0,0,0,0,True,Top 25,5
613,Harris,0,0,0,0,0,0,0,True,Top 25,5
614,Harris,0,0,0,0,0,0,0,True,Top 25,5
615,Harris,0,0,0,0,0,0,0,True,Top 25,5
616,Harris,0,0,0,0,0,0,0,True,Top 25,5
617,Harris,0,0,0,0,0,0,0,True,Top 25,5
618,Harris,0,0,0,0,0,0,0,True,Top 25,5
619,Harris,1,1,17,17,0,17,0,True,Top 25,5
620,Harris,0,0,0,0,0,0,0,True,Top 25,5
621,Harris,0,0,0,0,0,0,0,True,Top 25,5
622,Harris,0,0,0,0,0,0,0,True,Top 25,5
623,Harris,0,0,0,0,0,0,0,True,Top 25,5
624,Harris,1,1,2,2,0,2,0,True,Top 25,5
625,Harris,0,0,0,0,0,0,0,True,Top 25,5
626,Harris,0,0,0,0,0,0,0,True,Top 25,5
627,Harris,0,0,0,0,0,0,0,True,Top 25,5
628,Harris,0,0,0,0,0,0,0,True,Top 25,5
629,Harris,0,0,0,0,0,0,0,True,Top 25,5
630,Harris,0,0,0,0,0,0,0,True,Top 25,5
631,Harris,0,0,0,0,0,0,0,True,Top 25,5
632,Harris,0,0,0,0,0,0,0,True,Top 25,5
633,Harris,0,0,0,0,0,0,0,True,Top 25,5
634,Harris,0,0,0,0,0,0,0,True,Top 25,5
635,Harris,0,0,0,0,0,0,0,True,Top 25,5
636,Harris,0,0,0,0,0,0,0,True,Top 25,5
637,Harris,0,0,0,0,0,0,0,True,Top 25,5
638,Harris,0,0,0,0,0,0,0,True,Top 25,5
639,Harris,0,0,0,0,0,0,0,True,Top 25,5
640,Harris,0,0,0,0,0,0,0,True,Top 25,5
641,Harris,0,0,0,0,0,0,0,True,Top 25,5
642,Harris,0,0,0,0,0,0,0,True,Top 25,5
643,Harris,0,0,0,0,0,0,0,True,Top 25,5
644,Harris,0,0,0,0,0,0,0,True,Top 25,5
645,Harris,0,0,0,0,0,0,0,True,Top 25,5
646,Harris,0,0,0,0,0,0,0,True,Top 25,5
647,Harris,0,0,0,0,0,0,0,True,Top 25,5
648,Harris,0,0,0,0,0,0,0,True,Top 25,5
649,Harris,0,0,0,0,0,0,0,True,Top 25,5
650,Harris,0,0,0,0,0,0,0,True,Top 25,5
651,Harris,0,0,0,0,0,0,0,True,Top 25,5
652,Harris,0,0,0,0,0,0,0,True,Top 25,5
653,Harris,0,0,0,0,0,0,0,True,Top 25,5
654,Harris,0,0,0,0,0,0,0,True,Top 25,5
655,Harris,0,0,0,0,0,0,0,True,Top 25,5
656,Harris,1,1,14,14,0,14,0,True,Top 25,5
657,Harris,0,0,0,0,0,0,0,True,Top 25,5
658,Harris,0,0,0,0,0,0,0,True,Top 25,5
659,Harris,0,0,0,0,0,0,0,True,Top 25,5
660,Harris,0,0,0,0,0,0,0,True,Top 25,5
661,Harris,1,1,1,1,0,1,0,True,Top 25,5
662,Harris,0,0,0,0,0,0,0,True,Top 25,5
663,Harris,2,2,6,6,0,6,0,True,Top 25,5
664,Harris,0,0,0,0,0,0,0,True,Top 25,5
665,Harris,0,0,0,0,0,0,0,True,Top 25,5
666,Harris,0,0,0,0,0,0,0,True,Top 25,5
667,Harris,0,0,0,0,0,0,0,True,Top 25,5
668,Harris,0,0,0,0,0,0,0,True,Top 25,5
669,Harris,0,0,0,0,0,0,0,True,Top 25,5
670,Harris,0,0,0,0,0,0,0,True,Top 25,5
671,Harris,0,0,0,0,0,0,0,True,Top 25,5
672,Harris,0,0,0,0,0,0,0,True,Top 25,5
673,Harris,0,0,0,0,0,0,0,True,Top 25,5
674,Harris,0,0,0,0,0,0,0,True,Top 25,5
675,Harris,0,0,0,0,0,0,0,True,Top 25,5
676,Harris,0,0,0,0,0,0,0,True,Top 25,5
677,Harris,0,0,0,0,0,0,0,True,Top 25,5
678,Harris,0,0,0,0,0,0,0,True,Top 25,5
679,Harris,0,0,0,0,0,0,0,True,Top 25,5
680,Harris,0,0,0,0,0,0,0,True,Top 25,5
681,Harris,0,0,0,0,0,0,0,True,Top 25,5
682,Harris,0,0,0,0,0,0,0,True,Top 25,5
683,Harris,0,0,0,0,0,0,0,True,Top 25,5
684,Harris,0,0,0,0,0,0,0,True,Top 25,5
685,Harris,0,0,0,0,0,0,0,True,Top 25,5
686,Harris,0,0,0,0,0,0,0,True,Top 25,5
687,Harris,0,0,0,0,0,0,0,True,Top 25,5
688,Harris,0,0,0,0,0,0,0,True,Top 25,5
689,Harris,0,0,0,0,0,0,0,True,Top 25,5
690,Harris,0,0,0,0,0,0,0,True,Top 25,5
691,Harris,0,0,0,0,0,0,0,True,Top 25,5
692,Harris,0,0,0,0,0,0,0,True,Top 25,5
693,Harris,0,0,0,0,0,0,0,True,Top 25,5
694,Harris,0,0,0,0,0,0,0,True,Top 25,5
695,Harris,1,1,14,14,0,14,0,True,Top 25,5
696,Harris,0,0,0,0,0,0,0,True,Top 25,5
697,Harris,0,0,0,0,0,0,0,True,Top 25,5
698,Harris,0,0,0,0,0,0,0,True,Top 25,5
699,Harris,0,0,0,0,0,0,0,True,Top 25,5
700,Harris,0,0,0,0,0,0,0,True,Top 25,5
701,Harris,0,0,0,0,0,0,0,True,Top 25,5
702,Harris,0,0,0,0,0,0,0,True,Top 25,5
703,Harris,0,0,0,0,0,0,0,True,Top 25,5
704,Harris,0,0,0,0,0,0,0,True,Top 25,5
705,Harris,0,0,0,0,0,0,0,True,Top 25,5
706,Harris,0,0,0,0,0,0,0,True,Top 25,5
707,Harris,0,0,0,0,0,0,0,True,Top 25,5
708,Harris,0,0,0,0,0,0,0,True,Top 25,5
709,Harris,0,0,0,0,0,0,0,True,Top 25,5
710,Harris,0,0,0,0,0,0,0,True,Top 25,5
711,Harris,0,0,0,0,0,0,0,True,Top 25,5
712,Harris,0,0,0,0,0,0,0,True,Top 25,5
713,Harris,0,0,0,0,0,0,0,True,Top 25,5
714,Harris,0,0,0,0,0,0,0,True,Top 25,5
715,Harris,0,0,0,0,0,0,0,True,Top 25,5
716,Harris,0,0,0,0,0,0,0,True,Top 25,5
717,Harris,0,0,0,0,0,0,0,True,Top 25,5
718,Harris,0,0,0,0,0,0,0,True,Top 25,5
719,Harris,0,0,0,0,0,0,0,True,Top 25,5
720,Harris,0,0,0,0,0,0,0,True,Top 25,5
721,Harris,0,0,0,0,0,0,0,True,Top 25,5
722,Harris,0,0,0,0,0,0,0,True,Top 25,5
723,Harris,0,0,0,0,0,0,0,True,Top 25,5
724,Harris,1,1,14,14,0,14,0,True,Top 25,5
725,Harris,0,0,0,0,0,0,0,True,Top 25,5
726,Harris,0,0,0,0,0,0,0,True,Top 25,5
727,Harris,0,0,0,0,0,0,0,True,Top 25,5
728,Harris,0,0,0,0,0,0,0,True,Top 25,5
729,Harris,0,0,0,0,0,0,0,True,Top 25,5
730,Harris,0,0,0,0,0,0,0,True,Top 25,5
731,Harris,0,0,0,0,0,0,0,True,Top 25,5
732,Harris,0,0,0,0,0,0,0,True,Top 25,5
733,Harris,0,0,0,0,0,0,0,True,Top 25,5
734,Harris,0,0,0,0,0,0,0,True,Top 25,5
735,Harris,0,0,0,0,0,0,0,True,Top 25,5
736,Harris,1,1,2,2,0,2,0,True,Top 25,5
737,Harris,1,1,1,1,0,1,0,True,Top 25,5
738,Harris,0,0,0,0,0,0,0,True,Top 25,5
739,Harris,0,0,0,0,0,0,0,True,Top 25,5
740,Harris,0,0,0,0,0,0,0,True,Top 25,5
741,Harris,0,0,0,0,0,0,0,True,Top 25,5
742,Harris,0,0,0,0,0,0,0,True,Top 25,5
743,Harris,0,0,0,0,0,0,0,True,Top 25,5
744,Harris,0,0,0,0,0,0,0,True,Top 25,5
745,Harris,0,0,0,0,0,0,0,True,Top 25,5
746,Harris,0,0,0,0,0,0,0,True,Top 25,5
747,Harris,0,0,0,0,0,0,0,True,Top 25,5
748,Harris,0,0,0,0,0,0,0,True,Top 25,5
749,Harris,1,1,1,1,0,1,0,True,Top 25,5
750,Harris,0,0,0,0,0,0,0,True,Top 25,5
751,Harris,1,1,2,2,0,2,0,True,Top 25,5
752,Harris,0,0,0,0,0,0,0,True,Top 25,5
753,Harris,2,2,4,4,0,4,0,True,Top 25,5
754,Harris,0,0,0,0,0,0,0,True,Top 25,5
755,Harris,1,1,2,2,0,2,0,True,Top 25,5
756,Harris,0,0,0,0,0,0,0,True,Top 25,5
757,Harris,2,2,2,2,0,2,0,True,Top 25,5
758,Harris,1,1,1,1,0,1,0,True,Top 25,5
759,Harris,0,0,0,0,0,0,0,True,Top 25,5
760,Harris,0,0,0,0,0,0,0,True,Top 25,5
761,Harris,0,0,0,0,0,0,0,True,Top 25,5
762,Harris,0,0,0,0,0,0,0,True,Top 25,5
763,Harris,1,1,2,2,0,2,0,True,Top 25,5
764,Harris,0,0,0,0,0,0,0,True,Top 25,5
765,Harris,2,2,3,3,0,3,0,True,Top 25,5
766,Harris,1,1,14,14,0,14,0,True,Top 25,5
767,Harris,0,0,0,0,0,0,0,True,Top 25,5
768,Harris,0,0,0,0,0,0,0,True,Top 25,5
769,Harris,3,3,6,6,0,6,0,True,Top 25,5
770,Harris,0,0,0,0,0,0,0,True,Top 25,5
771,Harris,0,0,0,0,0,0,0,True,Top 25,5
772,Harris,2,2,11,11,0,11,0,True,Top 25,5
773,Harris,0,0,0,0,0,0,0,True,Top 25,5
774,Harris,1,1,1,1,0,1,0,True,Top 25,5
775,Harris,1,1,2,2,0,2,0,True,Top 25,5
776,Harris,0,0,0,0,0,0,0,True,Top 25,5
777,Harris,0,0,0,0,0,0,0,True,Top 25,5
778,Harris,0,0,0,0,0,0,0,True,Top 25,5
779,Harris,0,0,0,0,0,0,0,True,Top 25,5
780,Harris,0,0,0,0,0,0,0,True,Top 25,5
781,Harris,0,0,0,0,0,0,0,True,Top 25,5
782,Harris,0,0,0,0,0,0,0,True,Top 25,5
783,Harris,0,0,0,0,0,0,0,True,Top 25,5
784,Harris,0,0,0,0,0,0,0,True,Top 25,5
785,Harris,0,0,0,0,0,0,0,True,Top 25,5
786,Harris,0,0,0,0,0,0,0,True,Top 25,5
787,Harris,0,0,0,0,0,0,0,True,Top 25,5
788,Harris,0,0,0,0,0,0,0,True,Top 25,5
789,Harris,0,0,0,0,0,0,0,True,Top 25,5
790,Harris,0,0,0,0,0,0,0,True,Top 25,5
791,Harris,0,0,0,0,0,0,0,True,Top 25,5
792,Harris,0,0,0,0,0,0,0,True,Top 25,5
793,Harris,2,2,3,3,0,3,0,True,Top 25,5
794,Harris,0,0,0,0,0,0,0,True,Top 25,5
795,Harris,0,0,0,0,0,0,0,True,Top 25,5
796,Harris,0,0,0,0,0,0,0,True,Top 25,5
797,Harris,0,0,0,0,0,0,0,True,Top 25,5
798,Harris,0,0,0,0,0,0,0,True,Top 25,5
799,Harris,0,0,0,0,0,0,0,True,Top 25,5
800,Harris,1,1,2,2,0,2,0,True,Top 25,5
801,Harris,0,0,0,0,0,0,0,True,Top 25,5
802,Harris,0,0,0,0,0,0,0,True,Top 25,5
803,Harris,0,0,0,0,0,0,0,True,Top 25,5
804,Harris,0,0,0,0,0,0,0,True,Top 25,5
805,Harris,1,1,1,1,0,1,0,True,Top 25,5
806,Harris,0,0,0,0,0,0,0,True,Top 25,5
807,Harris,0,0,0,0,0,0,0,True,Top 25,5
808,Harris,0,0,0,0,0,0,0,True,Top 25,5
809,Harris,1,1,3,3,0,3,0,True,Top 25,5
810,Harris,0,0,0,0,0,0,0,True,Top 25,5
811,Harris,0,0,0,0,0,0,0,True,Top 25,5
812,Harris,0,0,0,0,0,0,0,True,Top 25,5
813,Harris,0,0,0,0,0,0,0,True,Top 25,5
814,Harris,0,0,0,0,0,0,0,True,Top 25,5
815,Harris,0,0,0,0,0,0,0,True,Top 25,5
816,Harris,0,0,0,0,0,0,0,True,Top 25,5
817,Harris,3,3,6,6,0,6,0,True,Top 25,5
818,Harris,0,0,0,0,0,0,0,True,Top 25,5
819,Harris,0,0,0,0,0,0,0,True,Top 25,5
820,Harris,0,0,0,0,0,0,0,True,Top 25,5
821,Harris,0,0,0,0,0,0,0,True,Top 25,5
822,Harris,1,1,2,2,0,2,0,True,Top 25,5
823,Harris,0,0,0,0,0,0,0,True,Top 25,5
824,Harris,0,0,0,0,0,0,0,True,Top 25,5
825,Harris,1,1,14,14,0,14,0,True,Top 25,5
826,Harris,0,0,0,0,0,0,0,True,Top 25,5
827,Harris,0,0,0,0,0,0,0,True,Top 25,5
828,Harris,1,1,1,1,0,1,0,True,Top 25,5
829,Harris,1,1,9,9,0,9,0,True,Top 25,5
830,Harris,0,0,0,0,0,0,0,True,Top 25,5
831,Harris,0,0,0,0,0,0,0,True,Top 25,5
832,Harris,1,1,2,2,0,2,0,True,Top 25,5
833,Harris,0,0,0,0,0,0,0,True,Top 25,5
834,Harris,0,0,0,0,0,0,0,True,Top 25,5
835,Harris,1,1,2,2,0,2,0,True,Top 25,5
836,Harris,0,0,0,0,0,0,0,True,Top 25,5
837,Harris,0,0,0,0,0,0,0,True,Top 25,5
838,Harris,0,0,0,0,0,0,0,True,Top 25,5
839,Harris,0,0,0,0,0,0,0,True,Top 25,5
840,Harris,1,1,2,2,0,2,0,True,Top 25,5
841,Harris,1,1,14,14,0,14,0,True,Top 25,5
842,Harris,0,0,0,0,0,0,0,True,Top 25,5
843,Harris,0,0,0,0,0,0,0,True,Top 25,5
844,Harris,0,0,0,0,0,0,0,True,Top 25,5
845,Harris,0,0,0,0,0,0,0,True,Top 25,5
846,Harris,1,1,1,1,0,1,0,True,Top 25,5
847,Harris,1,1,1,1,0,1,0,True,Top 25,5
848,Harris,2,2,2,2,0,2,0,True,Top 25,5
849,Harris,1,1,1,1,0,1,0,True,Top 25,5
850,Harris,0,0,0,0,0,0,0,True,Top 25,5
851,Harris,0,0,0,0,0,0,0,True,Top 25,5
852,Harris,2,2,4,4,0,4,0,True,Top 25,5
853,Harris,0,0,0,0,0,0,0,True,Top 25,5
854,Harris,1,1,4,4,0,4,0,True,Top 25,5
855,Harris,1,1,2,2,0,2,0,True,Top 25,5
856,Harris,1,1,5,5,0,5,0,True,Top 25,5
857,Harris,0,0,0,0,0,0,0,True,Top 25,5
858,Harris,2,2,4,4,0,4,0,True,Top 25,5
859,Harris,1,1,1,1,0,1,0,True,Top 25,5
860,Harris,2,2,4,4,0,4,0,True,Top 25,5
861,Harris,1,1,2,2,0,2,0,True,Top 25,5
862,Harris,2,2,3,3,0,3,0,True,Top 25,5
863,Harris,4,4,5,5,0,5,0,True,Top 25,5
864,Harris,2,2,2,2,0,2,0,True,Top 25,5
865,Harris,1,1,1,1,0,1,0,True,Top 25,5
866,Harris,1,1,2,2,0,2,0,True,Top 25,5
867,Harris,0,0,0,0,0,0,0,True,Top 25,5
868,Harris,2,2,7,7,0,7,0,True,Top 25,5
869,Harris,0,0,0,0,0,0,0,True,Top 25,5
870,Harris,0,0,0,0,0,0,0,True,Top 25,5
871,Harris,0,0,0,0,0,0,0,True,Top 25,5
872,Harris,0,0,0,0,0,0,0,True,Top 25,5
873,Harris,0,0,0,0,0,0,0,True,Top 25,5
874,Harris,0,0,0,0,0,0,0,True,Top 25,5
875,Harris,0,0,0,0,0,0,0,True,Top 25,5
876,Harris,0,0,0,0,0,0,0,True,Top 25,5
877,Harris,0,0,0,0,0,0,0,True,Top 25,5
878,Harris,0,0,0,0,0,0,0,True,Top 25,5
879,Harris,0,0,0,0,0,0,0,True,Top 25,5
880,Harris,0,0,0,0,0,0,0,True,Top 25,5
881,Harris,0,0,0,0,0,0,0,True,Top 25,5
882,Harris,1,1,4,4,0,4,0,True,Top 25,5
883,Harris,0,0,0,0,0,0,0,True,Top 25,5
884,Harris,0,0,0,0,0,0,0,True,Top 25,5
885,Harris,0,0,0,0,0,0,0,True,Top 25,5
886,Harris,0,0,0,0,0,0,0,True,Top 25,5
887,Harris,1,1,1,1,0,1,0,True,Top 25,5
888,Harris,0,0,0,0,0,0,0,True,Top 25,5
889,Harris,1,1,4,4,0,4,0,True,Top 25,5
